Rank,Last2 (1字+譜),Last3 (2字+譜),Last4 (3字+譜),Last5 (4字+譜),Last6 (5字+譜),Last7 (6字+譜),Last8 (7字+譜),Last9 (8字+譜)
1,系譜 (1369),諸家譜 (689),修諸家譜 (682),重修諸家譜 (682),政重修諸家譜 (682),寛政重修諸家譜 (682),歴代帝王姓系統譜 (115),卷歴代帝王姓系統譜 (92)
2,画譜 (1278),家系譜 (404),諸士系譜 (364),王姓系統譜 (115),帝王姓系統譜 (115),代帝王姓系統譜 (115),越州山陰高氏家譜 (31),0歴代帝王姓系統譜 (23)
3,家譜 (1196),士系譜 (367),本草図譜 (260),如亭群芳譜 (59),二如亭群芳譜 (59),博愛堂集古印譜 (47),改正増補諸家知譜 (29),宋淳煕敕編古玉圖譜 (18)
4,図譜 (610),草図譜 (261),諸家系譜 (179),錦窠禾本譜 (51),愛堂集古印譜 (47),州山陰高氏家譜 (31),八旗滿洲氏族通譜 (25),2卷附寒松老人年譜 (15)
5,印譜 (501),藩翰譜 (153),姓系統譜 (115),堂集古印譜 (47),絵本問屋印譜 (43),正増補諸家知譜 (29),本草綱目啓蒙図譜 (23),集卷下外集2卷年譜 (10)
6,年譜 (432),氏宗譜 (129),花鳥画譜 (77),本問屋印譜 (43),梅園草木花譜 (38),旗滿洲氏族通譜 (25),淳煕敕編古玉圖譜 (18),全城章氏南徐派宗譜 (9)
7,魚譜 (244),系統譜 (116),諸家知譜 (67),園草木花譜 (38),蕭山傅氏宗譜 (38),草綱目啓蒙図譜 (23),卷附寒松老人年譜 (15),巻補遺1巻救荒野譜 (9)
8,曲譜 (181),斎画譜 (111),錦窠魚譜 (65),山傅氏宗譜 (38),楳嶺花鳥画譜 (33),煕敕編古玉圖譜 (18),前田土佐守家家譜 (15),占風園四時勝概画譜 (7)
9,翰譜 (155),鳥画譜 (92),亭群芳譜 (60),嶺花鳥画譜 (34),八旗氏族通譜 (32),附寒松老人年譜 (15),草木花実写真図譜 (13),陽汪氏九十一世支譜 (6)
10,禽譜 (153),御系譜 (90),氏族通譜 (57),旗氏族通譜 (32),江都卞氏族譜 (31),田土佐守家家譜 (15),水戸威義二公年譜 (11),氏説文解字五音韻譜 (6)
11,琴譜 (153),氏系譜 (86),黒田家譜 (56),都卞氏族譜 (31),山陰高氏家譜 (31),木花実写真図譜 (13),伝神開手一筆画譜 (11),竜宝山大徳禅寺世譜 (6)
12,統譜 (151),平曲譜 (79),集古印譜 (53),陰高氏家譜 (31),増補諸家知譜 (30),戸威義二公年譜 (11),卷下外集2卷年譜 (10),三拾六歌仙貝合画譜 (5)
13,宗譜 (144),田家譜 (74),窠禾本譜 (51),補諸家知譜 (30),花壇叢木画譜 (28),大日本美術図譜 (11),城章氏南徐派宗譜 (9),府歸安縣市鎭氏宗譜 (5)
14,楽譜 (143),古印譜 (68),錦窠禽譜 (47),六調子曲譜 (29),滿洲氏族通譜 (25),神開手一筆画譜 (11),新鐫六言唐詩畫譜 (9),似顔大全中村家系譜 (4)
15,畫譜 (135),家知譜 (67),将軍家譜 (47),壇叢木画譜 (28),綱目啓蒙図譜 (23),下外集2卷年譜 (10),張白雲選名公扇譜 (9),似顔大全高島家系譜 (4)
16,花譜 (120),御年譜 (66),先生年譜 (46),錦窠羊歯譜 (27),古今萬姓統譜 (23),新鐫草本花詩譜 (10),新鐫梅竹蘭菊四譜 (9),顔大全小佐川家系譜 (4)
17,名譜 (107),窠魚譜 (65),日東魚譜 (46),洲氏族通譜 (25),佩文斎書画譜 (21),新鐫木本花鳥譜 (10),補遺1巻救荒野譜 (9),似顔大全吾妻家系譜 (4)
18,虫譜 (101),氏族譜 (64),傅氏宗譜 (44),言唐詩畫譜 (25),京都将軍家譜 (20),章氏南徐派宗譜 (9),新鐫七言唐詩畫譜 (8),似顔大全中島家系譜 (4)
19,略譜 (100),軍家譜 (61),問屋印譜 (43),倭人物画譜 (23),鎌倉将軍家譜 (19),藤垣内翁略年譜 (9),唐解元倣古今畫譜 (8),源秀康卿行状並系譜 (4)
20,菌譜 (87),群芳譜 (60),北越雪譜 (42),目啓蒙図譜 (23),万物雛形画譜 (18),鐫六言唐詩畫譜 (9),新鐫五言唐詩畫譜 (8),紫川館蔵書画落款譜 (4)
21,竹譜 (86),氏家譜 (58),撫箏雅譜 (40),今萬姓統譜 (23),敕編古玉圖譜 (18),白雲選名公扇譜 (9),本草鳥獣魚貝図譜 (7),州太守大慈院君年譜 (4)
22,芳譜 (81),族通譜 (57),救荒野譜 (39),文斎書画譜 (21),洪洞劉氏宗譜 (17),鐫梅竹蘭菊四譜 (9),風園四時勝概画譜 (7),具組合会釈器物名譜 (3)
23,族譜 (77),山画譜 (54),北斎画譜 (38),寒葉斎画譜 (20),北斎道中画譜 (16),遺1巻救荒野譜 (9),蕭山漁臨華氏宗譜 (7),旧儀装飾十六式図譜 (3)
24,押譜 (73),禾本譜 (51),草木花譜 (38),家金銀銭譜 (20),国家金銀銭譜 (15),伊達家世臣家譜 (8),宝山大徳禅寺世譜 (7),陽軍鑑合戦之巻畧譜 (3)
25,銭譜 (73),仮名譜 (50),一蝶画譜 (34),都将軍家譜 (20),寒松老人年譜 (15),鐫七言唐詩畫譜 (8),把而翕湮解剖図譜 (6),沖縄県下先島草木譜 (3)
26,笛譜 (70),窠禽譜 (47),人物画譜 (34),白香山年譜 (20),土佐守家家譜 (15),解元倣古今畫譜 (8),蕭山馬湖傅氏宗譜 (6),圖本朝尊卑分脉系譜 (3)
27,知譜 (67),生年譜 (46),栗氏魚譜 (32),物雛形画譜 (19),藤樹先生年譜 (14),鐫五言唐詩畫譜 (8),汪氏九十一世支譜 (6),優似顔大全嵐家系譜 (2)
28,圖譜 (66),東魚譜 (46),山水画譜 (31),宋紫石画譜 (19),江都金工名譜 (13),草鳥獣魚貝図譜 (7),説文解字五音韻譜 (6),優似顔大全実川系譜 (2)
29,通譜 (61),鳳笙譜 (45),有職図譜 (31),織田信長譜 (19),花実写真図譜 (13),園四時勝概画譜 (7),銅脈先生狂詩画譜 (5),似顔大全惣領家系譜 (2)
30,笙譜 (60),屋印譜 (44),卞氏族譜 (31),豊臣秀吉譜 (19),蕭山何氏宗譜 (13),山漁臨華氏宗譜 (7),拾六歌仙貝合画譜 (5),似顔大全山下家系譜 (2)
31,本譜 (59),筆画譜 (43),高氏家譜 (31),倉将軍家譜 (19),花卉介虫図譜 (11),山大徳禅寺世譜 (7),歸安縣市鎭氏宗譜 (5),似顔大全藤川家系譜 (2)
32,箏譜 (57),越雪譜 (42),名家画譜 (30),池田氏系譜 (19),月旦衆評泉譜 (11),大日本撰釋迦譜 (6),休寧西門汪氏族譜 (5),伊勢国朝明郡内菌譜 (2)
33,雅譜 (54),千虫譜 (40),調子曲譜 (29),博物館魚譜 (19),威義二公年譜 (11),而翕湮解剖図譜 (6),定興鹿氏續修家譜 (5),吉田平九郎先生介譜 (2)
34,世譜 (48),箏雅譜 (40),名数画譜 (28),編古玉圖譜 (18),陽川孫氏宗譜 (11),山馬湖傅氏宗譜 (6),潤州曹氏重修宗譜 (5),類鰈鮫類漁貝類図譜 (2)
35,雪譜 (47),物画譜 (39),金生樹譜 (28),洞劉氏宗譜 (17),鈴屋翁略年譜 (11),氏九十一世支譜 (6),天瓢斎書画落款譜 (5),日光産木類写生図譜 (2)
36,秘譜 (46),荒野譜 (39),叢木画譜 (28),斎道中画譜 (16),名人蘭竹画譜 (11),無間鐘梅枝伝譜 (6),顔大全中村家系譜 (4),井光村伊藤起立系譜 (2)
37,蘭譜 (46),公年譜 (39),八雲琴譜 (28),竜笛仮名譜 (16),弘法大師年譜 (11),文解字五音韻譜 (6),顔大全高島家系譜 (4),林谷山人帰去来印譜 (2)
38,之譜 (46),木花譜 (38),公御年譜 (28),松老人年譜 (15),梅竹蘭菊四譜 (11),弘法大師弟子譜 (6),大全小佐川家系譜 (4),譜並大嘗会田舞歌譜 (2)
39,泉譜 (45),花押譜 (36),道中画譜 (27),竜笛要録譜 (15),日本美術図譜 (11),六調子曲仮名譜 (6),顔大全吾妻家系譜 (4),蘇合香万秋楽仮名譜 (2)
40,野譜 (44),木画譜 (35),錦窠菌譜 (27),佐守家家譜 (15),開手一筆画譜 (11),脈先生狂詩画譜 (5),顔大全中島家系譜 (4),下只拍子譜并三皷譜 (2)
41,八譜 (37),蝶画譜 (34),窠羊歯譜 (27),樹先生年譜 (14),玄対先生画譜 (10),六歌仙貝合画譜 (5),中村天王寺家系譜 (4),万歳楽鳥破只拍子譜 (2)
42,菊譜 (36),目八譜 (34),田氏系譜 (27),茶人大系譜 (14),省亭花鳥画譜 (10),一白圃艸木画譜 (5),武口王氏統宗世譜 (4),調々子譜及催馬楽譜 (2)
43,算譜 (36),鳳画譜 (33),和尚年譜 (26),都金工名譜 (13),外集2卷年譜 (10),安縣市鎭氏宗譜 (5),秀康卿行状並系譜 (4),万秋楽春鶯囀皇麞譜 (2)
44,歌譜 (35),家画譜 (33),水谷禽譜 (26),実写真図譜 (13),和漢稀世泉譜 (10),寧西門汪氏族譜 (5),大坂新町遊女名譜 (4),応僧正泊如和尚年譜 (2)
45,案譜 (33),御家譜 (32),金銀銭譜 (26),山何氏宗譜 (13),鐫草本花詩譜 (10),興鹿氏續修家譜 (5),川館蔵書画落款譜 (4),陽軍鑑合戦之巻略譜 (2)
46,鳥譜 (30),氏魚譜 (32),桂園竹譜 (26),雲公御年譜 (13),鐫木本花鳥譜 (10),州曹氏重修宗譜 (5),支那画家落款印譜 (4),家忠公孫花山院系譜 (2)
47,石譜 (29),師年譜 (32),考古画譜 (25),黒田續家譜 (12),氏南徐派宗譜 (9),瓢斎書画落款譜 (5),明清名家巾箱画譜 (4),劇作家玉城朝薫家譜 (2)
48,物譜 (29),水画譜 (31),唐詩畫譜 (25),順天堂算譜 (12),一休和尚年譜 (9),大坪本流善御譜 (5),太守大慈院君年譜 (4),香及黄鐘調盤渉調譜 (2)
49,瓦譜 (29),職図譜 (31),文鳳画譜 (24),栗氏千虫譜 (11),垣内翁略年譜 (9),大全中村家系譜 (4),組合会釈器物名譜 (3),文音對捷要真伝琴譜 (2)
50,舞譜 (29),中画譜 (29),草木性譜 (24),卉介虫図譜 (11),増補考古画譜 (9),大和家坂東系譜 (4),儀装飾十六式図譜 (3),内蔵頭治政以来系譜 (2)
51,篥譜 (28),雅楽譜 (29),斎書画譜 (23),旦衆評泉譜 (11),六言唐詩畫譜 (9),三河屋市川系譜 (4),太師徽國文公年譜 (3),楽祝詞之次第笛之譜 (2)
52,樹譜 (28),子曲譜 (29),啓蒙図譜 (23),大窪動物譜 (11),元倣古今畫譜 (9),大全高島家系譜 (4),軍鑑合戦之巻畧譜 (3),新田徳川世良田家譜 (2)
53,歯譜 (27),数画譜 (28),東皐琴譜 (23),義二公年譜 (11),雲選名公扇譜 (9),全小佐川家系譜 (4),柳瀬合戦前後略譜 (3),西独度涅烏斯草木譜 (2)
54,琶譜 (27),古瓦譜 (28),春山魚譜 (23),川孫氏宗譜 (11),伊達世臣家譜 (9),大全吾妻家系譜 (4),尾治宿禰田島系譜 (3),滿國師雲居和尚年譜 (2)
55,性譜 (24),生樹譜 (28),萬姓統譜 (23),神君御年譜 (11),1巻救荒野譜 (9),大全中島家系譜 (4),蘇合香三帖破急譜 (3),日本全圖暗射指南譜 (2)
56,躅譜 (23),雲琴譜 (28),社盟算譜 (23),屋翁略年譜 (11),卍翁艸筆画譜 (8),村天王寺家系譜 (4),六調子及高麗曲譜 (3),福開山聖一國師年譜 (2)
57,茶譜 (22),詩畫譜 (28),井伊年譜 (22),人蘭竹画譜 (11),万象写真図譜 (8),口王氏統宗世譜 (4),僧正泊如和尚年譜 (3),初学天文指南並雪譜 (2)
58,鼓譜 (22),堂画譜 (27),劉氏宗譜 (22),法大師年譜 (11),救荒草品図譜 (8),紫巌印章花押譜 (4),祝詞之次第笛之譜 (3),新製五七言狂詩画譜 (2)
59,子譜 (22),石画譜 (27),写真図譜 (21),森寺藩臣譜 (11),達家世臣家譜 (8),康卿行状並系譜 (4),独度涅烏斯草木譜 (3),類聚助語二百義字譜 (2)
60,工譜 (22),古画譜 (27),川家系譜 (21),竹蘭菊四譜 (11),護国公御年譜 (8),蘇合香万秋楽譜 (4),縄県下先島草木譜 (3),眞公大坂御陳御年譜 (1)
61,俳譜 (22),窠菌譜 (27),臣秀吉譜 (21),本美術図譜 (11),泰雲公御年譜 (8),坂新町遊女名譜 (4),本朝尊卑分脉系譜 (3),寛政度御書上御系譜 (1)
62,長譜 (21),羊歯譜 (27),翁略年譜 (21),手一筆画譜 (11),七言唐詩畫譜 (8),館蔵書画落款譜 (4),本草綱目啓蒙圖譜 (3),寛政四年子七月系譜 (1)
63,吉譜 (21),略年譜 (27),葉斎画譜 (20),対先生画譜 (10),五言唐詩畫譜 (8),那画家落款印譜 (4),公大坂御陳御年譜 (2),軽家一門并六家系譜 (1)
64,御譜 (20),琵琶譜 (27),雛形画譜 (20),亭花鳥画譜 (10),北斎写真画譜 (7),清名家巾箱画譜 (4),似顔大全嵐家系譜 (2),大雅堂山水樹石画譜 (1)
65,介譜 (20),尚年譜 (26),香山年譜 (20),英一蝶画譜 (10),鳥獣魚貝図譜 (7),守大慈院君年譜 (4),似顔大全実川系譜 (2),根対山先生山水画譜 (1)
66,録譜 (20),谷禽譜 (26),楠亭画譜 (19),集2卷年譜 (10),坂本浩然菌譜 (7),合会釈器物名譜 (3),顔大全惣領家系譜 (2),竹園草木図譜海草譜 (1)
67,木譜 (19),銀銭譜 (26),紫石画譜 (19),暗射指南譜 (10),翕湮解剖図譜 (7),蘇合香一具訳譜 (3),顔大全山下家系譜 (2),囀万秋楽口伝仮名譜 (1)
68,墨譜 (19),園竹譜 (26),田信長譜 (19),漢稀世泉譜 (10),四時勝概画譜 (7),装飾十六式図譜 (3),顔大全藤川家系譜 (2),破陣楽団乱旋復訳譜 (1)
69,書譜 (19),篳篥譜 (24),田家系譜 (19),草本花詩譜 (10),漁臨華氏宗譜 (7),師徽國文公年譜 (3),森野桂叢草木葉譜 (2),破陣楽団乱旋国字譜 (1)
70,音譜 (19),木性譜 (24),金工名譜 (19),木本花鳥譜 (10),毘陵沙氏族譜 (7),鑑合戦之巻畧譜 (3),勢国朝明郡内菌譜 (2),破陣楽団乱旋竜笛譜 (1)
71,樂譜 (18),家家譜 (23),物館魚譜 (19),北詞広正譜 (10),古呉朱氏宗譜 (7),歴代帝王世統譜 (3),田平九郎先生介譜 (2),破陣楽団乱旋篳篥譜 (1)
72,公譜 (17),書画譜 (23),辺氏画譜 (18),福善斎画譜 (9),大徳禅寺世譜 (7),浄土伝燈総系譜 (3),不断花園牽牛花譜 (2),ほしとんち早席画譜 (1)
73,古譜 (17),蒙図譜 (23),公長画譜 (18),浪華擷芳譜 (9),清書画人名譜 (7),瀬合戦前後略譜 (3),鰈鮫類漁貝類図譜 (2),照浄印翊聖国師年譜 (1)
74,款譜 (17),躑躅譜 (23),一筆画譜 (18),南徐派宗譜 (9),尾形流略印譜 (7),治宿禰田島系譜 (3),英勝寺歴代御系譜 (2),禅師栄尊大和尚年譜 (1)
75,扇譜 (16),皐琴譜 (23),北樹画譜 (18),休和尚年譜 (9),日本撰釋迦譜 (6),合香三帖破急譜 (3),大曲蘇合香竜笛譜 (2),磨国竜野城主歴代譜 (1)
76,参譜 (16),山魚譜 (23),古玉圖譜 (18),古梅園墨譜 (9),蜂須賀氏系譜 (6),調子及高麗曲譜 (3),光産木類写生図譜 (2),今伝師資相承当統譜 (1)
77,面譜 (16),姓統譜 (23),半山画譜 (18),内翁略年譜 (9),素絢山水画譜 (6),竜笛延只拍子譜 (3),森田流外能楽笛譜 (2),馬楽歌曲相伝書並譜 (1)
78,南譜 (16),盟算譜 (23),家御系譜 (17),書画落款譜 (9),鮮斎永濯画譜 (6),楽春鶯囀皇麞譜 (3),光村伊藤起立系譜 (2),伝正統血脈道統之譜 (1)
79,嶋譜 (16),氏画譜 (22),八種画譜 (17),補考古画譜 (9),歴代名公画譜 (6),正泊如和尚年譜 (3),姉川合戦前後略譜 (2),井深溝松平同姓系譜 (1)
80,韻譜 (16),古押譜 (22),光琳画譜 (17),倣古今畫譜 (9),聖一国師年譜 (6),狂詩五七言画譜 (3),谷山人帰去来印譜 (2),政二年書上候御系譜 (1)
81,迦譜 (15),伊年譜 (22),蘭竹画譜 (17),選名公扇譜 (9),馬湖傅氏宗譜 (6),やまとまひ歌譜 (3),有俊卿催馬楽秘譜 (2),春秋経伝長暦指掌譜 (1)
82,研譜 (15),人年譜 (22),錦窠竹譜 (17),達世臣家譜 (9),九十一世支譜 (6),詞之次第笛之譜 (3),並大嘗会田舞歌譜 (2),湫柳瀬合戦前後略譜 (1)
83,紙譜 (15),諧家譜 (22),笛要録譜 (17),巻救荒野譜 (9),間鐘梅枝伝譜 (6),度涅烏斯草木譜 (3),蘇合香一具仮名譜 (2),上原石上流泉啄木譜 (1)
84,梅譜 (14),鏨工譜 (22),笛仮名譜 (17),翁艸筆画譜 (8),十竹齋書畫譜 (6),県下先島草木譜 (3),合香万秋楽仮名譜 (2),孝道朝臣自筆琵琶譜 (1)
85,菜譜 (14),山印譜 (22),世臣家譜 (17),象写真図譜 (8),万国旗章図譜 (6),朝尊卑分脉系譜 (3),只拍子譜并三皷譜 (2),家代々公事参仕年譜 (1)
86,蟹譜 (14),真図譜 (21),浮世画譜 (16),荒草品図譜 (8),解字五音韻譜 (6),師雲居和尚年譜 (3),歳楽鳥破只拍子譜 (2),書画輯録并年譜印譜 (1)
87,棋譜 (14),工名譜 (21),誹諧家譜 (16),公私古印譜 (8),増訂撫箏雅譜 (6),布施家親戚系譜 (3),々子譜及催馬楽譜 (2),殿百拍子以下秘説譜 (1)
88,按譜 (14),秀吉譜 (21),蘭斎画譜 (15),斎先生年譜 (8),法大師弟子譜 (6),草綱目啓蒙圖譜 (3),秋楽春鶯囀皇麞譜 (2),神楽催馬楽和琴古譜 (1)
89,人譜 (13),山年譜 (21),更紗図譜 (15),家世臣家譜 (8),合戦前後略譜 (6),大坂御陳御年譜 (2),軍鑑合戦之巻略譜 (2),開祖法皇禅師略年譜 (1)
90,新譜 (13),亭画譜 (20),茶人系譜 (15),家落款印譜 (8),調子曲仮名譜 (6),阿淡御両国御譜 (2),忠公孫花山院系譜 (2),合香万秋楽宗明楽譜 (1)
91,支譜 (12),形画譜 (20),老人年譜 (15),国公御年譜 (8),本化高祖年譜 (6),竹洞四君子画譜 (2),作家玉城朝薫家譜 (2),承和楽打球楽仮名譜 (1)
92,医譜 (12),詩画譜 (20),守家家譜 (15),江増写真譜 (8),画家落款印譜 (6),梅園海石榴花譜 (2),雙調曲及延喜楽譜 (2),曲及催馬楽高麗楽譜 (1)
93,詩譜 (12),信長譜 (20),松葉蘭譜 (14),黒田続家譜 (7),楳嶺百鳥画譜 (5),三枡京枡家系譜 (2),及黄鐘調盤渉調譜 (2),序三台破西王楽破譜 (1)
94,筒譜 (11),家印譜 (20),村家系譜 (14),李用雲竹譜 (7),先生狂詩画譜 (5),顔大全嵐家系譜 (2),音對捷要真伝琴譜 (2),楽塩承和楽十天楽譜 (1)
95,蟲譜 (11),百菊譜 (20),人大系譜 (14),嶺百鳥画譜 (7),名家百扇画譜 (5),顔大全実川系譜 (2),鳳笙五十五曲之譜 (2),越調平調盤渉調曲譜 (1)
96,史譜 (11),要録譜 (20),西洋銭譜 (14),代名公画譜 (7),歌仙貝合画譜 (5),大全惣領家系譜 (2),蔵頭治政以来系譜 (2),高麗曲並六調子曲譜 (1)
97,畧譜 (11),堂印譜 (20),催馬楽譜 (14),斎写真画譜 (7),古今金銀銭譜 (5),大全山下家系譜 (2),集師資相承血脈譜 (2),破陣楽春鶯囀皇麞譜 (1)
98,濟譜 (11),文禽譜 (19),將軍家譜 (14),都名所画譜 (7),白圃艸木画譜 (5),大全藤川家系譜 (2),守山侯宍戸侯印譜 (2),楽団乱旋陵王荒序譜 (1)
99,皷譜 (11),館魚譜 (19),何氏宗譜 (13),獣魚貝図譜 (7),縣市鎭氏宗譜 (5),物印満本草図譜 (2),琵琶弾法口伝秘譜 (2),調盤渉調大食調曲譜 (1)
100,臣譜 (11),長画譜 (18),朱氏宗譜 (13),梅山種茶譜 (7),秦郵居氏家譜 (5),戸田松平家系譜 (2),万国暗射図指南譜 (2),内証仏法相承血脈譜 (1)
101,四譜 (11),花図譜 (18),大師年譜 (13),韻勝園梅譜 (7),芝陽王氏族譜 (5),野桂叢草木葉譜 (2),田徳川世良田家譜 (2),外記先祖并武功之譜 (1)
102,正譜 (11),樹画譜 (18),吾嬬箏譜 (13),本浩然菌譜 (7),西門汪氏族譜 (5),国朝明郡内菌譜 (2),國師雲居和尚年譜 (2),全図并各国舶旗図譜 (1)
103,艶譜 (10),玉圖譜 (18),田續家譜 (12),湮解剖図譜 (7),鹿氏續修家譜 (5),平九郎先生介譜 (2),萬國暗射圖指南譜 (2),軒川本幸民先生年譜 (1)
104,橘譜 (10),調曲譜 (18),狂詩画譜 (12),五知齋琴譜 (7),曹氏重修宗譜 (5),断花園牽牛花譜 (2),本全圖暗射指南譜 (2),御手伝諸大名衆名譜 (1)
105,貝譜 (10),種画譜 (17),国師年譜 (12),時勝概画譜 (7),闇斎先生年譜 (5),鮫類漁貝類図譜 (2),宮城縣全圖暗射譜 (2),山王府相卿傳職年譜 (1)
106,字譜 (10),琳画譜 (17),栗氏虫譜 (12),臨華氏宗譜 (7),斎書画落款譜 (5),勝寺歴代御系譜 (2),本朝畫家落款印譜 (2),山王府相郷伝職年譜 (1)
107,調譜 (10),竹画譜 (17),二公年譜 (12),陵沙氏族譜 (7),海陸道中画譜 (5),錦窠穀精草科譜 (2),本朝尊卑分脈系譜 (2),之内宮内正祝権祝譜 (1)
108,勝譜 (10),老画譜 (17),稀世泉譜 (12),呉朱氏宗譜 (7),國家金銀銭譜 (5),曲蘇合香竜笛譜 (2),開山聖一國師年譜 (2),至桜町院皇子女略譜 (1)
109,真譜 (10),人系譜 (17),扶桑画譜 (12),竹朱氏族譜 (7),坪本流善御譜 (5),産木類写生図譜 (2),学天文指南並雪譜 (2),刊正文対音捷要琴譜 (1)
110,埜譜 (10),窠竹譜 (17),天堂算譜 (12),米庵蔵筆譜 (7),鎌倉將軍家譜 (5),親王家門室系譜 (2),製五七言狂詩画譜 (2),遊神樂催馬楽風俗譜 (1)
111,尺譜 (10),臣家譜 (17),本庄家譜 (12),徳禅寺世譜 (7),京都將軍家譜 (5),島原松平家系譜 (2),小金原御狩太鼓譜 (2),蘇合香萬秋楽假名譜 (1)
112,硯譜 (9),世画譜 (16),先生画譜 (11),書画人名譜 (7),新撰寛永泉譜 (5),地本錦絵問屋譜 (2),聚助語二百義字譜 (2),常楽台存覚上人年譜 (1)
113,獣譜 (9),川画譜 (16),融斎画譜 (11),形流略印譜 (7),明治新撰泉譜 (5),尭恭法親王年譜 (2),政度御書上御系譜 (1),聖書院合薬房略方譜 (1)
114,管譜 (9),人参譜 (16),百鳥画譜 (11),盤渉調曲譜 (7),松雲公御年譜 (5),田流外能楽笛譜 (2),政四年子七月系譜 (1),十三次北斎道中画譜 (1)
115,筆譜 (9),粟嶋譜 (16),文川画譜 (11),催馬楽略譜 (7),文鳳山水画譜 (4),村伊藤起立系譜 (2),家一門并六家系譜 (1),靄隆近世四大家画譜 (1)
116,小譜 (9),大系譜 (16),氏千虫譜 (11),本撰釋迦譜 (6),全中村家系譜 (4),川合戦前後略譜 (2),雅堂山水樹石画譜 (1),幡鳥取池田忠継家譜 (1)
117,巌譜 (9),和琴譜 (16),玉堂琴譜 (11),須賀氏系譜 (6),和家坂東系譜 (4),四親王家御系譜 (2),袖珍必携諸職画譜 (1),信濃守政言ヨリ系譜 (1)
118,香譜 (9),紗図譜 (15),介虫図譜 (11),潜竜堂画譜 (6),河屋市川系譜 (4),山人帰去来印譜 (2),新鐫七言唐詩画譜 (1),千石被仰蒙御残御譜 (1)
119,方譜 (9),仮面譜 (15),衆評泉譜 (11),絢山水画譜 (6),全高島家系譜 (4),俊卿催馬楽秘譜 (2),対山先生山水画譜 (1),忠章上書池田家系譜 (1)
120,ノ譜 (9),花鳥譜 (15),窪動物譜 (11),斎永濯画譜 (6),小佐川家系譜 (4),大嘗会田舞歌譜 (2),園草木図譜海草譜 (1),公儀之御指出御系譜 (1)
121,氏譜 (8),指南譜 (15),水谷虫譜 (11),中村家系譜 (6),全吾妻家系譜 (4),合香一具仮名譜 (2),平安名家文化画譜 (1),治政様御代迄御系譜 (1)
122,草譜 (8),葉蘭譜 (14),錦窠蟹譜 (11),市川家系譜 (6),全中島家系譜 (4),香万秋楽仮名譜 (2),大雲寺諸堂并系譜 (1),伊予守綱政以来系譜 (1)
123,包譜 (8),川系譜 (14),孫氏宗譜 (11),一国師年譜 (6),天王寺家系譜 (4),拍子譜并三皷譜 (2),英國板鰓魚類圖譜 (1),斉政様御世迄御系譜 (1)
124,器譜 (8),竜笛譜 (14),君御年譜 (11),屋漏堂花譜 (6),益軒先生年譜 (4),楽鳥破只拍子譜 (2),大慧普覺禪師年譜 (1),松平備後守恒元系譜 (1)
125,伝譜 (8),洋銭譜 (14),和漢研譜 (11),湖傅氏宗譜 (6),萬象寫眞圖譜 (4),子譜及催馬楽譜 (2),万秋楽口伝仮名譜 (1),儀之御差出之御系譜 (1)
126,営譜 (8),馬楽譜 (14),魏氏楽譜 (11),十一世支譜 (6),水戸威公年譜 (4),壱越調平調曲譜 (2),春鶯囀万秋楽本譜 (1),岡山住御同姓方系譜 (1)
127,歴譜 (8),物図譜 (13),填詞図譜 (11),鐘梅枝伝譜 (6),王氏統宗世譜 (4),諸調子品橃合譜 (2),陣楽団乱旋復訳譜 (1),等の住御同姓方系譜 (1)
128,屋譜 (8),山図譜 (13),寺藩臣譜 (11),竹齋書畫譜 (6),巌印章花押譜 (4),高麗竜外五曲譜 (2),陣楽団乱旋国字譜 (1),等侯爵池田章政年譜 (1)
129,王譜 (8),横笛譜 (13),笠沢印譜 (11),国旗章図譜 (6),卿行状並系譜 (4),鑑合戦之巻略譜 (2),団乱旋校合竜笛譜 (1),歌集師資相承血脈譜 (1)
130,仮譜 (8),詞図譜 (13),蘭菊四譜 (11),諸門跡系譜 (6),催馬楽附物譜 (4),公孫花山院系譜 (2),陣楽団乱旋竜笛譜 (1),掃素館田順先生印譜 (1)
131,合譜 (7),堂算譜 (13),美術図譜 (11),字五音韻譜 (6),合香万秋楽譜 (4),家玉城朝薫家譜 (2),陣楽団乱旋篳篥譜 (1),先生飲中八仙歌印譜 (1)
132,葉譜 (7),嬬箏譜 (13),名公扇譜 (10),訂撫箏雅譜 (6),万国舶旗図譜 (4),調曲及延喜楽譜 (2),宋紫石四君子画譜 (1),倉藩由比氏其他印譜 (1)
133,の譜 (7),續家譜 (12),鶯邨画譜 (10),大師弟子譜 (6),雪斎運金図譜 (4),黄鐘調盤渉調譜 (2),しとんち早席画譜 (1),知味斎所蔵古鋳印譜 (1)
134,顔譜 (7),邨画譜 (12),名所画譜 (10),戦前後略譜 (6),万秋楽仮名譜 (4),對捷要真伝琴譜 (2),中巌月和尚自歴譜 (1),斉修斉昭慶篤等印譜 (1)
135,生譜 (7),擷芳譜 (12),寛永銭譜 (10),子曲仮名譜 (6),新町遊女名譜 (4),笙五十五曲之譜 (2),浄印翊聖国師年譜 (1),陽田能村竹田擬印譜 (1)
136,明譜 (7),堂琴譜 (12),先生印譜 (10),纐纈紺屋譜 (6),玉城朝薫家譜 (4),十五名万秋楽譜 (2),師栄尊大和尚年譜 (1),孚九池大雅山水画譜 (1)
137,要譜 (7),氏虫譜 (12),2卷年譜 (10),化高祖年譜 (6),蔵書画落款譜 (4),近世四大家画譜 (2),法燈国師行実年譜 (1),石渠閣新訂名公書譜 (1)
138,藩譜 (7),世泉譜 (12),射指南譜 (10),十竹斎画譜 (5),西洋草花圖譜 (4),菊池容斎翁画譜 (2),国竜野城主歴代譜 (1),山老侯清玩貝類図譜 (1)
139,累譜 (7),桑画譜 (12),正燈世譜 (10),芥子園画譜 (5),改正森田家譜 (4),通俗列国志系譜 (2),梅峰禅師塔銘年譜 (1),渡辺能登守輝綱系譜 (1)
140,筝譜 (7),庄家譜 (12),本花詩譜 (10),生狂詩画譜 (5),名家巾箱画譜 (4),校正池田氏系譜 (2),本朝画家系同印譜 (1),山大徳禅寺前住世譜 (1)
141,日譜 (6),生画譜 (11),本花鳥譜 (10),家百扇画譜 (5),大慈院君年譜 (4),頭治政以来系譜 (2),古人真蹟短冊名譜 (1),越後國植物寫生圖譜 (1)
142,蓮譜 (6),翁画譜 (11),詞広正譜 (10),家坂東系譜 (5),貞山利公年譜 (4),住御同姓方系譜 (2),古今浄瑠璃大系譜 (1),左氏伝列国君臣系譜 (1)
143,籠譜 (6),封筒譜 (11),善斎画譜 (9),檀森斎石譜 (5),英章百鳥画譜 (3),師資相承血脈譜 (2),元亀年中公武略譜 (1),有馬伊予守豊範系譜 (1)
144,銘譜 (6),幽蘭譜 (11),草花図譜 (9),仙貝合画譜 (5),大歇和尚年譜 (3),頼山陽先生印譜 (2),伝師資相承当統譜 (1),祇園会山鉾古代図譜 (1)
145,興譜 (6),園墨譜 (11),求古図譜 (9),今金銀銭譜 (5),会釈器物名譜 (3),山侯宍戸侯印譜 (2),楽歌曲相伝書並譜 (1),有栖川宮家歴代印譜 (1)
146,鳴譜 (6),虫図譜 (11),対山画譜 (9),圃艸木画譜 (5),合香一具訳譜 (3),思貽斎管城二譜 (2),正統血脈道統之譜 (1),和歌師資相伝血脉譜 (1)
147,苑譜 (6),評泉譜 (11),華擷芳譜 (9),市鎭氏宗譜 (5),楽曲考鳳笙譜 (3),琶弾法口伝秘譜 (2),深溝松平同姓系譜 (1),伝正流血脉道統之譜 (1)
148,国譜 (6),動物譜 (11),一老画譜 (9),郵居氏家譜 (5),飾十六式図譜 (3),野川流三線系譜 (2),二年書上候御系譜 (1),喜に関する玩具図譜 (1)
149,脈譜 (6),谷虫譜 (11),島家系譜 (9),陽王氏族譜 (5),徽國文公年譜 (3),国暗射図指南譜 (2),大江磐代子御家譜 (1),濃高冨本庄道芳家譜 (1)
150,俗譜 (6),窠蟹譜 (11),石檠図譜 (9),門汪氏族譜 (5),合戦之巻畧譜 (3),佐渡國物産圖譜 (2),秋経伝長暦指掌譜 (1),公升庵先生全集年譜 (1)
151,錢譜 (6),康濟譜 (11),錦窠蘭譜 (9),氏續修家譜 (5),京江睦氏支譜 (3),徳川世良田家譜 (2),原石上流泉啄木譜 (1),縄県下沖縄島草木譜 (1)
152,珎譜 (6),漢研譜 (11),觀文禽譜 (9),氏重修宗譜 (5),安定胡氏族譜 (3),博物館動物図譜 (2),道朝臣自筆琵琶譜 (1),鋳造人名並松村家譜 (1)
153,牋譜 (6),氏楽譜 (11),徐派宗譜 (9),国舶旗図譜 (5),大興邵氏宗譜 (3),催馬楽附物案譜 (2),近世名家聚美画譜 (1),神開手北斎道中画譜 (1)
154,椿譜 (5),燈世譜 (11),梅園墨譜 (9),陸道中画譜 (5),重修邵氏宗譜 (3),猿若中村家系譜 (2),代々公事参仕年譜 (1),老舞譜並小調子密譜 (1)
155,桜譜 (5),曲秘譜 (11),中山世譜 (9),本流善御譜 (5),松林朱氏宗譜 (3),國暗射圖指南譜 (2),美術婦女礼儀画譜 (1),俗御再興以来新作譜 (1)
156,青譜 (5),諸菜譜 (11),赤松系譜 (9),倉將軍家譜 (5),代帝王世統譜 (3),全圖暗射指南譜 (2),画輯録并年譜印譜 (1),龍宝山大徳禅寺世譜 (1)
157,州譜 (5),草木譜 (11),画落款譜 (9),都將軍家譜 (5),鎌倉大樹家譜 (3),城縣全圖暗射譜 (2),土井聱牙先生印譜 (1),滝沢清画潜龍堂画譜 (1)
158,蕈譜 (5),斎印譜 (11),流略印譜 (9),池田家系譜 (5),説文解字韻譜 (3),朝畫家落款印譜 (2),浄名院琵琶説秘譜 (1),天照皇大神官禰宜譜 (1)
159,詞譜 (5),藩臣譜 (11),曲仮名譜 (9),篳篥仮名譜 (5),土伝燈総系譜 (3),朝尊卑分脈系譜 (2),百拍子以下秘説譜 (1),調御系譜並家木家譜 (1)
160,詠譜 (5),沢印譜 (11),救荒埜譜 (9),撰寛永泉譜 (5),神楽催馬楽譜 (3),山聖一國師年譜 (2),楽催馬楽和琴古譜 (1),軍幕府時代刑罰図譜 (1)
161,授譜 (5),菊四譜 (11),古今畫譜 (9),治新撰泉譜 (5),和歌披講之譜 (3),世説新語補系譜 (2),祖法皇禅師略年譜 (1),胤御系譜御部屋系譜 (1)
162,指譜 (5),術図譜 (11),賀氏系譜 (8),波吉家系譜 (5),明珍歴代族譜 (3),天文指南並雪譜 (2),香万秋楽宗明楽譜 (1),応用諸大家山水画譜 (1)
163,金譜 (5),齋畫譜 (11),楚南画譜 (8),西皮工尺譜 (5),君が代講頌譜 (3),五七言狂詩画譜 (2),鳥破只拍子仮名譜 (1),而被仰付置候御家譜 (1)
164,唄譜 (5),諧画譜 (10),艸筆画譜 (8),鳳山水画譜 (4),宿禰田島系譜 (3),金原御狩太鼓譜 (2),和楽打球楽仮名譜 (1),陽先生三名家略年譜 (1)
165,私譜 (5),公扇譜 (10),草筆画譜 (8),潜龍堂画譜 (4),雪下園画梅譜 (3),やまとまい歌譜 (2),及催馬楽高麗楽譜 (1),藩主前田家歴代略譜 (1)
166,訳譜 (4),古図譜 (10),椿山画譜 (8),市村家系譜 (4),長沢累世印譜 (3),助語二百義字譜 (2),三台破西王楽破譜 (1),速成矢島式三体書譜 (1)
167,櫻譜 (4),所画譜 (10),応挙画譜 (8),屋市川系譜 (4),散楽肩鼓之譜 (3),度御書上御系譜 (1),塩承和楽十天楽譜 (1),年寳生友精提出系譜 (1)
168,安譜 (4),永銭譜 (10),俳諧画譜 (8),高島家系譜 (4),香三帖破急譜 (3),四年子七月系譜 (1),調平調盤渉調曲譜 (1),刻古今玄機消長八譜 (1)
169,女譜 (4),生印譜 (10),魚貝図譜 (8),大谷家系譜 (4),子及高麗曲譜 (3),一門并六家系譜 (1),壱越調盤渉調曲譜 (1),集1巻茶譜1巻茶譜 (1)
170,碁譜 (4),卷年譜 (10),琦鳳画譜 (8),佐川家系譜 (4),笛延只拍子譜 (3),弘前藩名家系譜 (1),麗曲並六調子曲譜 (1),中三国主前田氏世譜 (1)
171,徳譜 (4),象棋譜 (10),嵐家系譜 (8),吾妻家系譜 (4),春鶯囀皇麞譜 (3),渡辺崋山蘭竹譜 (1),陣楽春鶯囀皇麞譜 (1),寺修復方并家事年譜 (1)
172,雑譜 (4),善御譜 (10),井家系譜 (8),中島家系譜 (4),泊如和尚年譜 (3),堂山水樹石画譜 (1),団乱旋陵王荒序譜 (1),語大鵬撰の菅家累譜 (1)
173,源譜 (4),秘曲譜 (10),薬草略譜 (8),岩井家系譜 (4),詩五七言画譜 (3),珍必携諸職画譜 (1),太食調及催馬楽譜 (1),卷坿文公朱夫子年譜 (1)
174,全譜 (4),人名譜 (10),草品図譜 (8),王寺家系譜 (4),まとまひ歌譜 (3),バイリオン楽譜 (1),盤渉調大食調曲譜 (1),廬陵歐陽文忠公年譜 (1)
175,島譜 (4),落款譜 (10),私古印譜 (8),流虬百花譜 (4),翠釜亭戯画譜 (3),竹洞山人人物譜 (1),催馬楽及将律音譜 (1),0卷坿陽村先生年譜 (1)
176,胤譜 (3),笛之譜 (10),南海包譜 (8),軒先生年譜 (4),御同姓方系譜 (3),清人張写祥画譜 (1),支那皇帝護宗略譜 (1),達氏歴代並公族略譜 (1)
177,実譜 (3),花詩譜 (10),解剖図譜 (8),温故斎菌譜 (4),歴朝名公款譜 (3),鐫七言唐詩画譜 (1),証仏法相承血脈譜 (1),守綱村家中騷動之譜 (1)
178,蝶譜 (3),工尺譜 (10),帝皇略譜 (8),象寫眞圖譜 (4),岡田桑里印譜 (3),華山翁蘭竹画譜 (1),馭馬調息伝統系譜 (1),芸と原田甲斐喧嘩譜 (1)
179,科譜 (3),広正譜 (10),万秋楽譜 (8),松平家系譜 (4),之次第笛之譜 (3),山先生山水画譜 (1),記先祖并武功之譜 (1),田村宗良流刑閉門譜 (1)
180,貨譜 (3),釋迦譜 (9),新撰楽譜 (8),戸威公年譜 (4),暗射図指南譜 (3),草木図譜海草譜 (1),図并各国舶旗図譜 (1),刀鍜冶藤原国包家譜 (1)
181,代譜 (3),林画譜 (9),九老画譜 (8),氏統宗世譜 (4),涅烏斯草木譜 (3),安名家文化画譜 (1),川本幸民先生年譜 (1),橘之助直筆同人家譜 (1)
182,跡譜 (3),貝図譜 (9),丹鶴図譜 (8),印章花押譜 (4),下先島草木譜 (3),雲寺諸堂并系譜 (1),手伝諸大名衆名譜 (1),首1卷圖1卷東音譜 (1)
183,宮譜 (3),魚貝譜 (9),只拍子譜 (8),玄々瓷印譜 (4),尊卑分脉系譜 (3),久会優等品花譜 (1),享和年間名家棋譜 (1),和歌師資相傳血脉譜 (1)
184,並譜 (3),檠図譜 (9),亘理家譜 (8),行状並系譜 (4),雲居和尚年譜 (3),沖縄諸島植物譜 (1),王府相卿傳職年譜 (1),孚九池大雅山水畫譜 (1)
185,説譜 (3),窠蘭譜 (9),落款印譜 (8),馬楽附物譜 (4),施家親戚系譜 (3),國板鰓魚類圖譜 (1),謙信家系軍功年譜 (1),後藤家代々銘判圖譜 (1)
186,門譜 (3),派宗譜 (9),増写真譜 (8),香万秋楽譜 (4),聖一國師年譜 (3),慧普覺禪師年譜 (1),王府相郷伝職年譜 (1),城百人一首小傳系譜 (1)
187,頌譜 (3),川家譜 (9),田続家譜 (7),徳川家系譜 (4),綱目啓蒙圖譜 (3),椿椿山先生印譜 (1),内宮内正祝権祝譜 (1),東周易蘇卦爻象系譜 (1)
188,講譜 (3),紫巌譜 (9),葵氏艶譜 (7),及高麗曲譜 (4),清樂曲牌雅譜 (3),錦窠灯心草科譜 (1),桜町院皇子女略譜 (1),史彙傳元明清人名譜 (1)
189,品譜 (3),太鼓譜 (9),円翁画譜 (7),大雅堂画譜 (4),坂御陳御年譜 (2),秋楽口伝仮名譜 (1),柴田是真先生画譜 (1),図本朝尊卑分脈系譜 (1)
190,急譜 (3),祖年譜 (9),閑林画譜 (7),斎運金図譜 (4),百人一諧画譜 (2),鶯囀万秋楽本譜 (1),五十三楽糸竹合譜 (1),相傳正流血脉道統譜 (1)
191,麞譜 (3),山世譜 (9),石燕画譜 (7),秋楽仮名譜 (4),淡御両国御譜 (2),楽団乱旋復訳譜 (1),正文対音捷要琴譜 (1),神之邑社士三黨系譜 (1)
192,中譜 (3),東音譜 (9),用雲竹譜 (7),町遊女名譜 (4),洞四君子画譜 (2),楽団乱旋国字譜 (1),神樂催馬楽風俗譜 (1),十國世系行事ノ年譜 (1)
193,師譜 (3),松系譜 (9),唐詩画譜 (7),城朝薫家譜 (4),景年花鳥画譜 (2),乱旋校合竜笛譜 (1),合香萬秋楽假名譜 (1),無僧縁起并三虚靈譜 (1)
194,声譜 (3),略印譜 (9),名公画譜 (7),採桑老舞譜 (4),山翁蘭竹画譜 (2),楽団乱旋竜笛譜 (1),楽台存覚上人年譜 (1),生田流箏曲傳授系譜 (1)
195,璃譜 (3),齋画譜 (9),写真画譜 (7),唐山象棋譜 (4),十竹斎書画譜 (2),楽団乱旋篳篥譜 (1),書院合薬房略方譜 (1),黄白誌国家金銀銭譜 (1)
196,吟譜 (3),荒埜譜 (9),信陽菌譜 (7),仏刹古瓦譜 (4),名家花鳥画譜 (2),紫石四君子画譜 (1),朝鮮常平通寶錢譜 (1),家雅楽伝授書並楽譜 (1)
197,錦譜 (3),今畫譜 (9),山種茶譜 (7),洋草花圖譜 (4),園海石榴花譜 (2),浪花十二月画譜 (1),星巖梁川先生年譜 (1),左氏傳列國君臣系譜 (1)
198,紋譜 (3),続家譜 (8),勝園梅譜 (7),正森田家譜 (4),竹園草木図譜 (2),とんち早席画譜 (1),三次北斎道中画譜 (1),歳楽一具盤渉調の譜 (1)
199,旗譜 (3),南画譜 (8),桂園橘譜 (7),家巾箱画譜 (4),枡京枡家系譜 (2),観世太夫花押譜 (1),隆近世四大家画譜 (1),会法則博士習所仮譜 (1)
200,諧譜 (3),園画譜 (8),皇和魚譜 (7),慈院君年譜 (4),大全嵐家系譜 (2),梅の園道年年譜 (1),鳥取池田忠継家譜 (1),調盤渉調撥合調子譜 (1)
201,柱譜 (3),挙画譜 (8),朝顔図譜 (7),山利公年譜 (4),似顔大全系譜 (2),巌月和尚自歴譜 (1),濃守政言ヨリ系譜 (1),蘇合香一具笛撃物譜 (1)
202,体譜 (3),百花譜 (8),盆山図譜 (7),福祿壽印譜 (4),大全実川系譜 (2),印翊聖国師年譜 (1),第一世利政公家譜 (1),品及蘓香合万秋楽譜 (1)
203,政譜 (3),草略譜 (8),浩然菌譜 (7),南朝皇胤譜 (3),全惣領家系譜 (2),仁和寺諸師年譜 (1),第二世政信公家譜 (1),小田氏譜付笠間氏譜 (1)
204,絃譜 (3),品図譜 (8),啓蒙禽譜 (7),美術品画譜 (3),全山下家系譜 (2),栄尊大和尚年譜 (1),石被仰蒙御残御譜 (1),原胖秋鳳笙只拍子譜 (1)
205,瑟譜 (3),海包譜 (8),牡丹花譜 (7),四君子画譜 (3),全藤川家系譜 (2),燈国師行実年譜 (1),御末家御続之系譜 (1),替はや物語年立系譜 (1)
206,籬譜 (3),剖図譜 (8),知齋琴譜 (7),金波園画譜 (3),草花写生図譜 (2),阿蘇家伝及系譜 (1),章上書池田家系譜 (1),良辨闍梨書伽陀仮譜 (1)
207,鶴譜 (2),神器譜 (8),勝概画譜 (7),浪花擷芳譜 (3),草木品物図譜 (2),竜野城主歴代譜 (1),儀之御指出御系譜 (1),八十八曲竜笛仮字譜 (1)
208,藷譜 (2),書畫譜 (8),華氏宗譜 (7),章百鳥画譜 (3),印満本草図譜 (2),峰禅師塔銘年譜 (1),政様御代迄御系譜 (1),還城楽芝家伝来舞譜 (1)
209,蜻譜 (2),柳営譜 (8),沙氏族譜 (7),家花鳥画譜 (3),田松平家系譜 (2),朝画家系同印譜 (1),予守綱政以来系譜 (1),浜松中納言物語系譜 (1)
210,酒譜 (2),章図譜 (8),朱氏族譜 (7),歇和尚年譜 (3),桂叢草木葉譜 (2),人真蹟短冊名譜 (1),政様御世迄御系譜 (1),平調黄鐘調太食調譜 (1)
211,所譜 (2),皇略譜 (8),梅枝伝譜 (7),狩野家印譜 (3),朝明郡内菌譜 (2),今浄瑠璃大系譜 (1),平備後守恒元系譜 (1),万秋楽蘇合香大曲譜 (1)
212,薬譜 (2),秋楽譜 (8),庵蔵筆譜 (7),釈器物名譜 (3),一白圃躑躅譜 (2),唐船棹之掛リ譜 (1),之御差出之御系譜 (1),楽秘譜并採桑老舞譜 (1)
213,紗譜 (2),撰楽譜 (8),旗章図譜 (7),香一具訳譜 (3),九郎先生介譜 (2),亀年中公武略譜 (1),山住御同姓方系譜 (1),秋楽鳳笙琵琶対照譜 (1)
214,戸譜 (2),鶴図譜 (8),門跡系譜 (7),曲考鳳笙譜 (3),霧島山艸木譜 (2),東照大権現御譜 (1),の住御同姓方系譜 (1),苑引用書目並詩牌譜 (1)
215,業譜 (2),要略譜 (8),禅寺世譜 (7),徳川御系譜 (3),東西艸木名譜 (2),可睡斎法燈年譜 (1),侯爵池田章政年譜 (1),景晴唐楽篳篥仮名譜 (1)
216,文譜 (2),拍子譜 (8),古秀画譜 (7),中茘枝通譜 (3),花園牽牛花譜 (2),師資相承当統譜 (1),素館田順先生印譜 (1),主基風俗神楽歌舞譜 (1)
217,睫譜 (2),理家譜 (8),画人名譜 (7),十六式図譜 (3),万年青盆図譜 (2),催馬楽並朗詠譜 (1),生飲中八仙歌印譜 (1),輪流神道灌頂附楽譜 (1)
218,鞠譜 (2),諸系譜 (8),渉調曲譜 (7),國文公年譜 (3),豊文朝顔図譜 (2),歌曲相伝書並譜 (1),藩由比氏其他印譜 (1),和歌披講並郢曲墨譜 (1)
219,戚譜 (2),款印譜 (8),楽仮名譜 (7),榧園泉貨譜 (3),愚中和尚年譜 (2),統血脈道統之譜 (1),味斎所蔵古鋳印譜 (1),伊豆国伊豆宿禰系譜 (1)
220,叙譜 (2),写真譜 (8),馬楽略譜 (7),戦之巻畧譜 (3),近代帝王系譜 (2),溝松平同姓系譜 (1),豊島海城先生印譜 (1),西医範眼目篇訳図譜 (1)
221,田譜 (2),氏艶譜 (7),高祖年譜 (7),江睦氏支譜 (3),類漁貝類図譜 (2),年書上候御系譜 (1),南瓜蔕材雅堂印譜 (1),安東系譜附竹中系譜 (1)
222,盟譜 (2),燕画譜 (7),撰釋迦譜 (6),定胡氏族譜 (3),寺歴代御系譜 (2),藤原忠成公年譜 (1),増山正寧正同印譜 (1),老僧正泊如和尚年譜 (1)
223,続譜 (2),雲竹譜 (7),文晁画譜 (6),興邵氏宗譜 (3),梅園百花画譜 (2),有栖川宮御系譜 (1),修斉昭慶篤等印譜 (1),多内蔵助副充君系譜 (1)
224,綺譜 (2),公画譜 (7),竜堂画譜 (6),修邵氏宗譜 (3),日本諸州薬譜 (2),江磐代子御家譜 (1),田能村竹田擬印譜 (1),皇子皇孫親王家系譜 (1)
225,哥譜 (2),席画譜 (7),永濯画譜 (6),林朱氏宗譜 (3),窠穀精草科譜 (2),黄梨洲先生年譜 (1),一絃琴四季今様譜 (1),国志賀郡錦織氏系譜 (1)
226,頁譜 (2),真画譜 (7),竹堂画譜 (6),本願寺系譜 (3),黒田公山茶譜 (2),経伝長暦指掌譜 (1),石公中郎先生茶譜 (1),大蔵朝臣古賀氏系譜 (1)
227,序譜 (2),陽菌譜 (7),早席画譜 (6),帝王世統譜 (3),皇帝破陣楽譜 (2),続弘法大師年譜 (1),九池大雅山水画譜 (1),氏村田山川円山系譜 (1)
228,旋譜 (2),種茶譜 (7),広重画譜 (6),倉大樹家譜 (3),蘇合香竜笛譜 (2),石上流泉啄木譜 (1),釈尊応世編年略譜 (1),木村五郎信綱家系譜 (1)
229,点譜 (2),園梅譜 (7),劇子系譜 (6),文解字韻譜 (3),木類写生図譜 (2),朝臣自筆琵琶譜 (1),東叡山貫首御家譜 (1),檗二代木庵和尚年譜 (1)
230,髹譜 (2),園橘譜 (7),威公年譜 (6),伝燈総系譜 (3),新渡花葉圖譜 (2),松渓都真景画譜 (1),渠閣新訂名公書譜 (1),西誌および直茂公譜 (1)
231,照譜 (2),朝顔譜 (7),漏堂花譜 (6),前田家系譜 (3),素絢人物画譜 (2),中古諸名家画譜 (1),老侯清玩貝類図譜 (1),故主水佑鍋島茂里譜 (1)
232,林譜 (2),和魚譜 (7),日本介譜 (6),楽催馬楽譜 (3),一遍上人年譜 (2),世名家聚美画譜 (1),近衛家閑院家系譜 (1),公儀へ御指出御系譜 (1)
233,袖譜 (2),顔図譜 (7),胡氏宗譜 (6),催馬楽箏譜 (3),尊大和尚年譜 (2),諸名家花鳥画譜 (1),松平右近将監系譜 (1),一橋紀州家等之系譜 (1)
234,法譜 (2),然菌譜 (7),一世支譜 (6),歌披講之譜 (3),夢窓国師年譜 (2),々公事参仕年譜 (1),辺能登守輝綱系譜 (1),州天野家文書並系譜 (1)
235,二譜 (2),蒙禽譜 (7),邵氏宗譜 (6),三条家系譜 (3),多羅尾氏系譜 (2),術婦女礼儀画譜 (1),大徳禅寺前住世譜 (1),源氏新田松平氏年譜 (1)
236,稚譜 (2),丹花譜 (7),齋書畫譜 (6),珍歴代族譜 (3),血脈道統之譜 (2),清人張子祥画譜 (1),古今刀劔録海棠譜 (1),催馬楽笛附物仮名譜 (1)
237,様譜 (2),齋琴譜 (7),観文禽譜 (6),が代講頌譜 (3),於歌道成業譜 (2),輯録并年譜印譜 (1),後國植物寫生圖譜 (1),小松氏正統世録系譜 (1)
238,牌譜 (2),概画譜 (7),上人年譜 (6),徳川氏系譜 (3),御文庫之秘譜 (2),井聱牙先生印譜 (1),新定佐々木氏系譜 (1),藏始祖天桂和尚年譜 (1)
239,鮫譜 (2),枝伝譜 (7),群賢押譜 (6),禰田島系譜 (3),加賀美家家譜 (2),名院琵琶説秘譜 (1),氏伝列国君臣系譜 (1),十二代尊観上人系譜 (1)
240,棠譜 (2),蔵筆譜 (7),南山小譜 (6),下園画梅譜 (3),王家門室系譜 (2),御内儀侍中家譜 (1),馬伊予守豊範系譜 (1),院様御誕生已後年譜 (1)
241,丁譜 (2),賢押譜 (7),五音韻譜 (6),耳鳥斎画譜 (3),原松平家系譜 (2),拍子以下秘説譜 (1),鍋島直茂公御年譜 (1),禅師榮尊大和尚年譜 (1)
242,句譜 (2),跡系譜 (7),名山図譜 (6),松風閣琴譜 (3),本錦絵問屋譜 (2),輪台青海波舞譜 (1),鍋島勝茂公御年譜 (1),白山神主上道氏系譜 (1)
243,華譜 (2),並系譜 (7),吾妻箏譜 (6),沢累世印譜 (3),恭法親王年譜 (2),催馬楽和琴古譜 (1),園会山鉾古代図譜 (1),庄氏石川氏両家系譜 (1)
244,脉譜 (2),寺世譜 (7),師弟子譜 (6),撥合調子譜 (3),流外能楽笛譜 (2),法皇禅師略年譜 (1),皇国支那名刻印譜 (1),親王家并諸門跡系譜 (1)
245,丹譜 (2),附物譜 (7),朗詠案譜 (6),高麗仮名譜 (3),黄忠端公年譜 (2),万秋楽宗明楽譜 (1),宇田川榕自叙年譜 (1),源氏南部御家御系譜 (1)
246,作譜 (2),宮系譜 (7),前後略譜 (6),楽肩鼓之譜 (3),伏見宮琵琶譜 (2),破只拍子仮名譜 (1),画藪後八種四体譜 (1),元年以来御徒目付譜 (1)
247,刀譜 (2),声明譜 (7),椿山印譜 (6),残楽助音譜 (3),伊藤起立系譜 (2),楽打球楽仮名譜 (1),漢諸葛忠武侯年譜 (1),季光公経光公御系譜 (1)
248,釜譜 (2),秀画譜 (7),崋山印譜 (6),三帖破急譜 (3),親王家御系譜 (2),雙調大食調曲譜 (1),栖川宮家歴代印譜 (1),殿御縁者方之御系譜 (1)
249,宜譜 (2),神楽譜 (7),蘇合香譜 (6),延只拍子譜 (3),琵琶懐中秘譜 (2),催馬楽高麗楽譜 (1),崋山先生俳諧画譜 (1),世尊寺及持明院系譜 (1)
250,派譜 (2),楽略譜 (7),高麗楽譜 (6),及催馬楽譜 (3),古刊本残頁譜 (2),壱越調曲仮名譜 (1),芥子園翎毛花果譜 (1),密四家悉曇総伝系譜 (1)
251,解譜 (2),右舞譜 (7),遊女名譜 (6),壱越調曲譜 (3),明清書画款譜 (2),台破西王楽破譜 (1),唐觧元倣古今画譜 (1),田松前并外二家系譜 (1)
252,遺譜 (2),晁画譜 (6),箏曲新譜 (6),鶯囀皇麞譜 (3),頓智早席画譜 (2),承和楽十天楽譜 (1),酒井抱一先生印譜 (1),達氏系譜並氏族系譜 (1)
253,壺譜 (2),濯画譜 (6),纈紺屋譜 (6),相承血脈譜 (3),人帰去来印譜 (2),平調盤渉調曲譜 (1),幼稚園保育唱歌譜 (1),村両家及九人衆系譜 (1)
254,付譜 (2),重画譜 (6),流善御譜 (6),如和尚年譜 (3),卿催馬楽秘譜 (2),越調盤渉調曲譜 (1),歌師資相伝血脉譜 (1),生田流箏曲伝授系譜 (1)
255,別譜 (2),印籠譜 (6),俳諧家譜 (6),五七言画譜 (3),鳥名子舞歌譜 (2),曲並六調子曲譜 (1),正流血脉道統之譜 (1),席田春庭楽回抔楽譜 (1)
256,營譜 (2),合画譜 (6),清風雅譜 (6),とまひ歌譜 (3),鳳凰管要略譜 (2),乱旋陵王荒序譜 (1),竹本豊竹浄瑠璃譜 (1),綾小路俊賀今様墨譜 (1)
257,神譜 (2),鳳管譜 (6),松島勝譜 (6),釜亭戯画譜 (3),嘗会田舞歌譜 (2),食調及催馬楽譜 (1),に関する玩具図譜 (1),清田太神宮神楽歌譜 (1)
258,射譜 (2),子系譜 (6),医業家譜 (6),政以来系譜 (3),紀伊国造家譜 (2),渉調大食調曲譜 (1),高冨本庄道芳家譜 (1),今集師資相承血脈譜 (1)
259,切譜 (2),堂花譜 (6),北平牋譜 (6),同姓方系譜 (3),香一具仮名譜 (2),馬楽及将律音譜 (1),支那歴代皇后略譜 (1),古今伝授及道統系譜 (1)
260,意譜 (2),本介譜 (6),崋山画譜 (5),朝名公款譜 (3),調大食調曲譜 (2),鳳笙譜胡絃略譜 (1),文久元治年間日譜 (1),満国師雲居和尚年譜 (1)
261,遊譜 (2),氏支譜 (6),名筆画譜 (5),田桑里印譜 (3),子譜并三皷譜 (2),那皇帝護宗略譜 (1),升庵先生全集年譜 (1),急早八拍子拍子八譜 (1)
262,瀚譜 (2),世支譜 (6),文嶺画譜 (5),奇勝堂印譜 (3),鳥破只拍子譜 (2),止観微旨掌中譜 (1),県下沖縄島草木譜 (1),助郷一件歎願書印譜 (1)
263,雄譜 (1),井家譜 (6),竹斎画譜 (5),笛仮名案譜 (3),譜及催馬楽譜 (2),仏法相承血脈譜 (1),将翁軒百千鳥禽譜 (1),法如宗主代本山系譜 (1)
264,毛譜 (1),山小譜 (6),子園画譜 (5),次第笛之譜 (3),越調平調曲譜 (2),梅花四十八図譜 (1),造人名並松村家譜 (1),村仏寿山聞光寺家譜 (1)
265,張譜 (1),音韻譜 (6),巾箱画譜 (5),射図指南譜 (3),調盤渉調曲譜 (2),馬調息伝統系譜 (1),和漢新図扶桑画譜 (1),師聖人親鸞代々年譜 (1)
266,リ譜 (1),釈迦譜 (6),北明画譜 (5),烏斯草木譜 (3),調子品橃合譜 (2),先祖并武功之譜 (1),開手北斎道中画譜 (1),西聖光上人香月系譜 (1)
267,煙譜 (1),世家譜 (6),百扇画譜 (5),漢画独楽譜 (3),麗竜外五曲譜 (2),并各国舶旗図譜 (1),舞譜並小調子密譜 (1),真公大坂御陳御年譜 (1)
268,平譜 (1),鳳鳴譜 (6),坂東系譜 (5),新編古押譜 (3),運気暦象図譜 (2),本幸民先生年譜 (1),御再興以来新作譜 (1),前家御本家共御系譜 (1)
269,形譜 (1),妻箏譜 (6),谷家系譜 (5),先島草木譜 (3),合戦之巻略譜 (2),伝諸大名衆名譜 (1),本朝画家落款印譜 (1),水虎無間鐘梅枝伝譜 (1)
270,籌譜 (1),曲笛譜 (6),森斎石譜 (5),求古館医譜 (3),甲陽軍鑑略譜 (2),明珍甲図並系譜 (1),沢清画潜龍堂画譜 (1),山王府相卿伝職年譜 (1)
271,星譜 (1),弟子譜 (6),虬百花譜 (5),蒼竜窟年譜 (3),人長舞曲秘譜 (2),出雲国造世系譜 (1),探幽縮図聚珍画譜 (1),木口傳花壇叢木画譜 (1)
272,上譜 (1),詠案譜 (6),写生図譜 (5),卑分脉系譜 (3),孫花山院系譜 (2),和年間名家棋譜 (1),市河寛斎米庵印譜 (1),
273,掌譜 (1),後略譜 (6),万年青譜 (5),古今紅葉譜 (3),鍋島直茂公譜 (2),国字類聚略方譜 (1),照皇大神官禰宜譜 (1),
274,箋譜 (1),旗図譜 (6),寫眞圖譜 (5),居和尚年譜 (3),狂歌鯉鱗画譜 (2),府相卿傳職年譜 (1),明治新撰寛永泉譜 (1),
275,穴譜 (1),舞歌譜 (6),平家系譜 (5),伊達御家譜 (3),東坡先生年譜 (2),信家系軍功年譜 (1),琴曲洋峨撫箏雅譜 (1),
276,五譜 (1),合香譜 (6),観文獣譜 (5),家親戚系譜 (3),曲及延喜楽譜 (2),府相郷伝職年譜 (1),御系譜並家木家譜 (1),
277,首譜 (1),麗楽譜 (6),貝合画譜 (5),伊達氏系譜 (3),鐘調盤渉調譜 (2),宮内正祝権祝譜 (1),幕府時代刑罰図譜 (1),
278,破譜 (1),山家譜 (6),投扇興譜 (5),寒葉齋畫譜 (3),捷要真伝琴譜 (2),町院皇子女略譜 (1),御系譜御部屋系譜 (1),
279,蔵譜 (1),女名譜 (6),茶家印譜 (5),一國師年譜 (3),笛高麗秘曲譜 (2),元明清名公欸譜 (1),上妻越前守鎮政譜 (1),
280,維譜 (1),帝王譜 (6),舶上花譜 (5),目啓蒙圖譜 (3),五十五曲之譜 (2),田是真先生画譜 (1),諸大家十二支画譜 (1),
281,帝譜 (1),曲新譜 (6),一白花譜 (5),秦箏要録譜 (3),五名万秋楽譜 (2),高麗壱越調曲譜 (1),用諸大家山水画譜 (1),
282,三譜 (1),紺屋譜 (6),艸木画譜 (5),樂曲牌雅譜 (3),梁川先生年譜 (2),十三楽糸竹合譜 (1),万物雛形工業画譜 (1),
283,柿譜 (1),道系譜 (6),椿花図譜 (5),御陳御年譜 (2),雪登齋点俳譜 (2),文対音捷要琴譜 (1),被仰付置候御家譜 (1),
284,製譜 (1),点俳譜 (6),難波魚譜 (5),人一諧画譜 (2),名人蘭竹畫譜 (2),樂催馬楽風俗譜 (1),先生三名家略年譜 (1),
285,綱譜 (1),人印譜 (6),官材画譜 (5),御両国御譜 (2),世四大家画譜 (2),催馬樂朗詠歌譜 (1),主前田家歴代略譜 (1),
286,英譜 (1),名案譜 (6),鎭氏宗譜 (5),津軽家系譜 (2),池容斎翁画譜 (2),笙回向付物ノ譜 (1),新案速成三体書譜 (1),
287,堤譜 (1),風雅譜 (6),居氏家譜 (5),琢華堂画譜 (2),歴代大仏師譜 (2),香萬秋楽假名譜 (1),成矢島式三体書譜 (1),
288,祝譜 (1),島勝譜 (6),王氏族譜 (5),年花鳥画譜 (2),俗列国志系譜 (2),台存覚上人年譜 (1),寳生友精提出系譜 (1),
289,蜒譜 (1),龍笛譜 (6),汪氏族譜 (5),対柳居画譜 (2),正池田氏系譜 (2),千光祖師略年譜 (1),古今玄機消長八譜 (1),
290,薩譜 (1),藩歴譜 (6),續修家譜 (5),翁蘭竹画譜 (2),御指出御系譜 (2),院合薬房略方譜 (1),祇園新地哥妓名譜 (1),
291,欸譜 (1),業家譜 (6),重修宗譜 (5),竹斎書画譜 (2),治政以来系譜 (2),鮮常平通寶錢譜 (1),1巻茶譜1巻茶譜 (1),
292,定譜 (1),袖珎譜 (6),劉氏人譜 (5),大雅堂畫譜 (2),池田政和家譜 (2),巖梁川先生年譜 (1),江陽六角屋形年譜 (1),
293,奏譜 (1),平牋譜 (6),広象棋譜 (5),海石榴花譜 (2),資相承血脈譜 (2),山陽先生遺印譜 (1),三国主前田氏世譜 (1),
294,革譜 (1),樵画譜 (5),名家押譜 (5),園草木図譜 (2),山陽先生印譜 (2),西山家連誹系譜 (1),修復方并家事年譜 (1),
295,路譜 (1),嶺画譜 (5),植物図譜 (5),白川侯蓮譜 (2),石斎集古印譜 (2),御内勤仕諸系譜 (1),大鵬撰の菅家累譜 (1),
296,庵譜 (1),子画譜 (5),川氏系譜 (5),花菖蒲図譜 (2),名家書画印譜 (2),次北斎道中画譜 (1),長湫合戦前後略譜 (1),
297,崎譜 (1),箱画譜 (5),高麗曲譜 (5),守田屋系譜 (2),侯宍戸侯印譜 (2),仕着摸様振袖譜 (1),数年召仕候に付譜 (1),
298,依譜 (1),明画譜 (5),柳川画譜 (5),坂田家系譜 (2),林谷山人印譜 (2),山陽頼先生印譜 (1),前田土佐守家略譜 (1),
299,同譜 (1),扇画譜 (5),敬輔画譜 (5),中山家系譜 (2),貽斎管城二譜 (2),取池田忠継家譜 (1),毛詩20卷坿詩譜 (1),
300,彩譜 (1),勇画譜 (5),舶旗図譜 (5),尾上家系譜 (2),弾法口伝秘譜 (2),守政言ヨリ系譜 (1),詩經20卷坿詩譜 (1),
301,写譜 (1),言画譜 (5),海僊画譜 (5),京枡家系譜 (2),鳳簫調子安譜 (2),鴨方池田家年譜 (1),坿文公朱夫子年譜 (1),
302,記譜 (1),渓画譜 (5),琴曲指譜 (5),全嵐家系譜 (2),川流三線系譜 (2),一世利政公家譜 (1),陵歐陽文忠公年譜 (1),
303,大譜 (1),東系譜 (5),菅家累譜 (5),顔大全系譜 (2),四相八識図譜 (2),二世政信公家譜 (1),卷坿陽村先生年譜 (1),
304,良譜 (1),斎石譜 (5),山人印譜 (5),全実川系譜 (2),梅嶺百鳥画譜 (2),被仰蒙御残御譜 (1),歴史參考集古圖譜 (1),
305,職譜 (1),生図譜 (5),仮名案譜 (5),惣領家系譜 (2),竹洞花鳥画譜 (2),藩政改革残人譜 (1),伊達家御代々年譜 (1),
306,春譜 (1),年青譜 (5),篥仮名譜 (5),山下家系譜 (2),百人一詩畫譜 (2),池田山城守系譜 (1),伊達氏系譜付略譜 (1),
307,狗譜 (1),眞圖譜 (5),若冲画譜 (5),藤川家系譜 (2),新撰折句画譜 (2),末家御続之系譜 (1),氏歴代並公族略譜 (1),
308,親譜 (1),文獣譜 (5),寛永泉譜 (5),市河家系譜 (2),尾張諸家系譜 (2),上書池田家系譜 (1),藤原姓佐藤氏系譜 (1),
309,果譜 (1),類図譜 (5),素園石譜 (5),守田家系譜 (2),祐信風俗画譜 (2),之御指出御系譜 (1),本朝畫家系同印譜 (1),
310,鏡譜 (1),王系譜 (5),木水魚譜 (5),仁親王印譜 (2),越前家分脈譜 (2),様御代迄御系譜 (1),伊達家歴代御印譜 (1),
311,銃譜 (1),海魚譜 (5),新撰泉譜 (5),文昌堂銭譜 (2),琴学心声諧譜 (2),守綱政以来系譜 (1),名家合作地口畫譜 (1),
312,風譜 (1),扇興譜 (5),甘齋画譜 (5),蒹葭堂菌譜 (2),丹羽長重年譜 (2),様御世迄御系譜 (1),綱村家中騷動之譜 (1),
313,鷹譜 (1),院年譜 (5),吉家系譜 (5),花写生図譜 (2),渡國物産圖譜 (2),備後守恒元系譜 (1),と原田甲斐喧嘩譜 (1),
314,絵譜 (1),煙草譜 (5),本藩歴譜 (5),木品物図譜 (2),佐々木氏系譜 (2),御差出之御系譜 (1),村宗良流刑閉門譜 (1),
315,茅譜 (1),四生譜 (5),皮工尺譜 (5),満本草図譜 (2),増訂南海包譜 (2),爵池田章政年譜 (1),支倉六右衛門家譜 (1),
316,麦譜 (1),上花譜 (5),山家系譜 (4),叢草木葉譜 (2),川世良田家譜 (2),鍛冶橋狩野印譜 (1),鍜冶藤原国包家譜 (1),
317,篳譜 (1),白花譜 (5),素絢画譜 (4),明郡内菌譜 (2),江陽屋形年譜 (2),館田順先生印譜 (1),之助直筆同人家譜 (1),
318,密譜 (1),偶人譜 (5),鯉鱗画譜 (4),白圃躑躅譜 (2),新刻金氏画譜 (2),飲中八仙歌印譜 (1),1卷圖1卷東音譜 (1),
319,将譜 (1),波魚譜 (5),狂斎画譜 (4),郎先生介譜 (2),説文觧字韻譜 (2),由比氏其他印譜 (1),3卷附録1卷鼓譜 (1),
320,侯譜 (1),材画譜 (5),龍堂画譜 (4),島山艸木譜 (2),公慶上人年譜 (2),斎所蔵古鋳印譜 (1),歌師資相傳血脉譜 (1),
321,蛇譜 (1),修家譜 (5),諸職画譜 (4),西艸木名譜 (2),本朝名家画譜 (2),島海城先生印譜 (1),九池大雅山水畫譜 (1),
322,薓譜 (1),修宗譜 (5),両筆画譜 (4),園牽牛花譜 (2),三名家略年譜 (2),瓜蔕材雅堂印譜 (1),藤家代々銘判圖譜 (1),
323,盤譜 (1),略系譜 (5),英勇画譜 (4),年青盆図譜 (2),物館動物図譜 (2),原田西疇篆印譜 (1),百人一首小傳系譜 (1),
324,鬴譜 (1),氏人譜 (5),水石画譜 (4),文朝顔図譜 (2),高麗楽仮名譜 (2),芙蓉山房私印譜 (1),周易蘇卦爻象系譜 (1),
325,暦譜 (1),楽箏譜 (5),草木図譜 (4),中和尚年譜 (2),馬楽附物案譜 (2),山正寧正同印譜 (1),彙傳元明清人名譜 (1),
326,々譜 (1),字韻譜 (5),菖蒲図譜 (4),代帝王系譜 (2),丹翁追弔泉譜 (2),斉昭慶篤等印譜 (1),花鳥山水北樹画譜 (1),
327,建譜 (1),総系譜 (5),市川系譜 (4),桂花園墨譜 (2),薩藩門閥系譜 (2),一勇斎国芳印譜 (1),和漢古今稀世泉譜 (1),
328,山譜 (1),世系譜 (5),妻家系譜 (4),西園蔵銭譜 (2),古今俳優家譜 (2),能村竹田擬印譜 (1),文武將士英傑画譜 (1),
329,津譜 (1),姓系譜 (5),寺家系譜 (4),土佐家印譜 (2),神伝八雲琴譜 (2),古筆鑑定家印譜 (1),傳正流血脉道統譜 (1),
330,龍譜 (1),家押譜 (5),故斎菌譜 (4),蒹葭堂竹譜 (2),左方舞曲按譜 (2),春鶯囀琵琶古譜 (1),唐觧元倣古今畫譜 (1),
331,篭譜 (1),朗詠譜 (5),大窪蟲譜 (4),漁貝類図譜 (2),若中村家系譜 (2),大神景光自筆譜 (1),之邑社士三黨系譜 (1),
332,軍譜 (1),流系譜 (5),豊文禽譜 (4),歴代御系譜 (2),葛飾真草画譜 (2),観生居月琴詞譜 (1),國世系行事ノ年譜 (1),
333,吾譜 (1),笛秘譜 (5),義公年譜 (4),英勝院年譜 (2),菊池容齋画譜 (2),絃琴四季今様譜 (1),後藤垣内内遠年譜 (1),
334,誌譜 (1),伝授譜 (5),園百菊譜 (4),草木写生譜 (2),楳嶺花鳥畫譜 (2),公中郎先生茶譜 (1),日本書紀天皇系譜 (1),
335,殿譜 (1),家年譜 (5),光琳畫譜 (4),園百花画譜 (2),景文花鳥画譜 (2),池大雅山水画譜 (1),僧縁起并三虚靈譜 (1),
336,取譜 (1),麗曲譜 (5),八種畫譜 (4),本諸州薬譜 (2),古今茶人系譜 (2),尊応世編年略譜 (1),田流箏曲傳授系譜 (1),
337,堅譜 (1),輔画譜 (5),統宗世譜 (4),穀精草科譜 (2),白山史図解譜 (2),能狂言人物画譜 (1),白誌国家金銀銭譜 (1),
338,元譜 (1),僊画譜 (5),百花鳥譜 (4),田公山茶譜 (2),袖中正灯世譜 (2),細川流百景図譜 (1),楽焼家田中氏系譜 (1),
339,等譜 (1),金図譜 (5),章花押譜 (4),虚霊堂蘭譜 (2),白石先生年譜 (2),芳烈公自記年譜 (1),雅楽伝授書並楽譜 (1),
340,梁譜 (1),楽秘譜 (5),々瓷印譜 (4),帝破陣楽譜 (2),幽齋公御年譜 (2),叡山貫首御家譜 (1),高麗笛秘曲仮名譜 (1),
341,嘩譜 (1),鼓之譜 (5),状並系譜 (4),合香竜笛譜 (2),20卷坿詩譜 (2),摂河泉書上図譜 (1),氏傳列國君臣系譜 (1),
342,冑譜 (1),曲指譜 (5),徳川家譜 (4),類写生図譜 (2),暗射圖指南譜 (2),閣新訂名公書譜 (1),星巌梁川先生年譜 (1),
343,祕譜 (1),郢曲譜 (5),神楽歌譜 (4),渡花葉圖譜 (2),伊豆七島圖譜 (2),万国暗射指南譜 (1),長崎奉行歴代名譜 (1),
344,原譜 (1),山畫譜 (5),楽附物譜 (4),古渡更紗譜 (2),圖暗射指南譜 (2),侯清玩貝類図譜 (1),楽一具盤渉調の譜 (1),
345,漁譜 (1),風俗譜 (5),適山画譜 (4),絢人物画譜 (2),縣全圖暗射譜 (2),衛家閑院家系譜 (1),法則博士習所仮譜 (1),
346,劔譜 (1),舞曲譜 (5),雅堂画譜 (4),水滸伝画譜 (2),畫家落款印譜 (2),平右近将監系譜 (1),盤渉調撥合調子譜 (1),
347,帋譜 (1),笙ノ譜 (5),室家系譜 (4),遍上人年譜 (2),改選諸家系譜 (2),能登守輝綱系譜 (1),蘇合一具笙箏両譜 (1),
348,光譜 (1),遺印譜 (5),欽慕画譜 (4),大和尚年譜 (2),尊卑分脈系譜 (2),徳禅寺前住世譜 (1),合香一具笛撃物譜 (1),
349,號譜 (1),家累譜 (5),李院扇譜 (4),窓国師年譜 (2),説新語補系譜 (2),今刀劔録海棠譜 (1),蘇合香一具鳳笙譜 (1),
350,靈譜 (1),公家譜 (5),住吉印譜 (4),池大雅家譜 (2),清書畫人名譜 (2),國植物寫生圖譜 (1),把爾翕湮解剖図譜 (1),
351,巴譜 (1),之系譜 (5),花堂印譜 (4),羅尾氏系譜 (2),文指南並雪譜 (2),定佐々木氏系譜 (1),及蘓香合万秋楽譜 (1),
352,独譜 (1),楼印譜 (5),運金図譜 (4),脈道統之譜 (2),酒井両家系譜 (2),按察使親長年譜 (1),田氏譜付笠間氏譜 (1),
353,帖譜 (1),園印譜 (5),直茂公譜 (4),竜海院年譜 (2),龍笛仮名案譜 (2),伝列国君臣系譜 (1),水戸威公義公年譜 (1),
354,章譜 (1),田印譜 (5),七言画譜 (4),家系同印譜 (2),梅道人墨竹譜 (2),伊予守豊範系譜 (1),胖秋鳳笙只拍子譜 (1),
355,承譜 (1),冲画譜 (5),朝薫家譜 (4),歌道成業譜 (2),七言狂詩画譜 (2),江戸町奉行統譜 (1),はや物語年立系譜 (1),
356,両譜 (1),永泉譜 (5),管絃按譜 (4),文庫之秘譜 (2),原御狩太鼓譜 (2),多気地図并系譜 (1),内侍所御神楽歌譜 (1),
357,見譜 (1),園石譜 (5),陵王舞譜 (4),蜂須賀系譜 (2),印可秘曲之譜 (2),島直茂公御年譜 (1),南山進流声明私譜 (1),
358,増譜 (1),墨竹譜 (5),桑老舞譜 (4),藤堂御系譜 (2),琵琶調子並譜 (2),島勝茂公御年譜 (1),辨闍梨書伽陀仮譜 (1),
359,白譜 (1),水魚譜 (5),后素画譜 (4),神人眼睫譜 (2),神樂催馬樂譜 (2),高虎公一代雑譜 (1),十八曲竜笛仮字譜 (1),
360,巻譜 (1),撰泉譜 (5),俳道系譜 (4),賀美家家譜 (2),まとまい歌譜 (2),会山鉾古代図譜 (1),城楽芝家伝来舞譜 (1),
361,乱譜 (1),族系譜 (5),金氏画譜 (4),家門室系譜 (2),緒方流略印譜 (2),国支那名刻印譜 (1),松中納言物語系譜 (1),
362,部譜 (1),生系譜 (5),池田家譜 (4),錦絵問屋譜 (2),語二百義字譜 (2),田川榕自叙年譜 (1),林家流八十八曲譜 (1),
363,響譜 (1),君年譜 (5),勝堂印譜 (4),法親王年譜 (2),御書上御系譜 (1),藪後八種四体譜 (1),林東儀立合右舞譜 (1),
364,讃譜 (1),山系譜 (5),竹田印譜 (4),烏丸家系譜 (2),年子七月系譜 (1),諸葛忠武侯年譜 (1),調黄鐘調太食調譜 (1),
365,息譜 (1),絢画譜 (4),白石印譜 (4),外能楽笛譜 (2),熊谷統家家譜 (1),川宮家歴代印譜 (1),豊家伝授四大曲譜 (1),
366,綿譜 (1),鱗画譜 (4),山象棋譜 (4),忠端公年譜 (2),閑雲先生年譜 (1),桂宮家累代印譜 (1),伯耆大山引声墨譜 (1),
367,旧譜 (1),品画譜 (4),刹古瓦譜 (4),見宮琵琶譜 (2),門并六家系譜 (1),徳川家旗章略譜 (1),万歳楽只拍子箏譜 (1),
368,道譜 (1),職画譜 (4),観物画譜 (4),朗詠伝授譜 (2),前藩名家系譜 (1),山先生俳諧画譜 (1),万歳楽只拍子笛譜 (1),
369,清譜 (1),花画譜 (4),木氏系譜 (4),和歌披講譜 (2),梅峯百鳥画譜 (1),崋山翁蘭竹画譜 (1),秋楽蘇合香大曲譜 (1),
370,院譜 (1),木図譜 (4),島草木譜 (4),活語断続譜 (2),辺崋山蘭竹譜 (1),諸大家花鳥画譜 (1),秘譜并採桑老舞譜 (1),
371,里譜 (1),蒲図譜 (4),野家系譜 (4),藤起立系譜 (2),山水樹石画譜 (1),子園翎毛花果譜 (1),楽鳳笙琵琶対照譜 (1),
372,考譜 (1),屋系譜 (4),古館医譜 (4),三極秘曲譜 (2),尚古亭斎画譜 (1),觧元倣古今画譜 (1),密乗声明相承系譜 (1),
373,永譜 (1),菖花譜 (4),草花圖譜 (4),王家御系譜 (2),必携諸職画譜 (1),井抱一先生印譜 (1),引用書目並詩牌譜 (1),
374,聖譜 (1),斎菌譜 (4),森田家譜 (4),琶懐中秘譜 (2),草虫花鳥画譜 (1),宝月楼古鑑図譜 (1),晴唐楽篳篥仮名譜 (1),
375,市譜 (1),窪蟲譜 (4),竹隠画譜 (4),岩室家系譜 (2),イリオン楽譜 (1),守山侯頼寛印譜 (1),基風俗神楽歌舞譜 (1),
376,幹譜 (1),佐野譜 (4),宝生系譜 (4),鷹司家系譜 (2),竹洞鳥虫画譜 (1),市河米菴等印譜 (1),流神道灌頂附楽譜 (1),
377,命譜 (1),琳畫譜 (4),院君年譜 (4),刊本残頁譜 (2),名家地口画譜 (1),稚園保育唱歌譜 (1),蘭陵王荒序鳳笙譜 (1),
378,尚譜 (1),式図譜 (4),利公年譜 (4),竜笛枢要譜 (2),西洋草花図譜 (1),師資相伝血脉譜 (1),羅陵王荒序舞秘譜 (1),
379,地譜 (1),種畫譜 (4),明清樂譜 (4),清書画款譜 (2),洞山人人物譜 (1),流血脉道統之譜 (1),陵王破新羅陵王譜 (1),
380,孝譜 (1),千蟲譜 (4),秋鳳笙譜 (4),智早席画譜 (2),名人梅菊画譜 (1),本豊竹浄瑠璃譜 (1),臨時祭舞人輪作譜 (1),
381,段譜 (1),宗世譜 (4),催馬樂譜 (4),九峰堂画譜 (2),人張写祥画譜 (1),関する玩具図譜 (1),烈公御作古言調譜 (1),
382,精譜 (1),寺系譜 (4),祿壽印譜 (4),帰去来印譜 (2),白竜山人画譜 (1),冨本庄道芳家譜 (1),歌披講並郢曲墨譜 (1),
383,聲譜 (1),雪女譜 (4),朝皇胤譜 (3),君台観印譜 (2),巾箱八種画譜 (1),那歴代皇后略譜 (1),豆国伊豆宿禰系譜 (1),
384,并譜 (1),瓷印譜 (4),名家系譜 (3),松花堂印譜 (2),七言唐詩画譜 (1),尾州徳川家年譜 (1),医範眼目篇訳図譜 (1),
385,重譜 (1),家略譜 (4),術品画譜 (3),催馬楽秘譜 (2),萬物雛形画譜 (1),越智姓河野家譜 (1),東系譜附竹中系譜 (1),
386,練譜 (1),之秘譜 (4),雲樵画譜 (3),名子舞歌譜 (2),動物蟲魚画譜 (1),久元治年間日譜 (1),今川家瀬名家系譜 (1),
387,荻譜 (1),芸苑譜 (4),君子画譜 (3),凰管要略譜 (2),名家花鳥畫譜 (1),庵先生全集年譜 (1),雲上大年表要翰譜 (1),
388,普譜 (1),楽歌譜 (4),波園画譜 (3),会田舞歌譜 (2),京都名所画譜 (1),下沖縄島草木譜 (1),内蔵助副充君系譜 (1),
389,双譜 (1),笛略譜 (4),玄対画譜 (3),伊国造家譜 (2),唐詩五言画譜 (1),博物館植物図譜 (1),子皇孫親王家系譜 (1),
390,雕譜 (1),笛古譜 (4),美術画譜 (3),葉室家系譜 (2),先生山水画譜 (1),翁軒百千鳥禽譜 (1),志賀郡錦織氏系譜 (1),
391,号譜 (1),島系譜 (4),花擷芳譜 (3),一具仮名譜 (2),白龍山人画譜 (1),古人肖像図絵譜 (1),蔵朝臣古賀氏系譜 (1),
392,辞譜 (1),慕画譜 (4),三体画譜 (3),大食調曲譜 (2),木図譜海草譜 (1),人名並松村家譜 (1),加陽諸士本末系譜 (1),
393,枝譜 (1),閣琴譜 (4),花鳥畫譜 (3),譜并三皷譜 (2),舶載草木図譜 (1),藤貞幹摹古印譜 (1),村田山川円山系譜 (1),
394,,院扇譜 (4),玉山画譜 (3),破只拍子譜 (2),熾仁親王印譜 (1),漢新図扶桑画譜 (1),村五郎信綱家系譜 (1),
395,,吉印譜 (4),梅園介譜 (3),調平調曲譜 (2),中井敬所印譜 (1),附三名家略年譜 (1),木村了琢書上系譜 (1),
396,,詞圖譜 (4),上家系譜 (3),子品橃合譜 (2),名家文化画譜 (1),手北斎道中画譜 (1),龍造寺鍋島家家譜 (1),
397,,調子譜 (4),野家印譜 (3),竜外五曲譜 (2),寺諸堂并系譜 (1),譜並小調子密譜 (1),二代木庵和尚年譜 (1),
398,,三鼓譜 (4),長楽花譜 (3),時宗要略譜 (2),会優等品花譜 (1),再興以来新作譜 (1),注大家龍笛要録譜 (1),
399,,血脈譜 (4),西園蓮譜 (3),横笛中曲譜 (2),縄諸島植物譜 (1),附深山灌頂系譜 (1),誌および直茂公譜 (1),
400,,松勝譜 (4),牽牛花譜 (3),気暦象図譜 (2),板鰓魚類圖譜 (1),朝画家落款印譜 (1),主水佑鍋島茂里譜 (1),
401,,工系譜 (4),器物名譜 (3),戦之巻略譜 (2),普覺禪師年譜 (1),鹿児島県草木譜 (1),和漢名家書画印譜 (1),
402,,院系譜 (4),山陽印譜 (3),陽軍鑑略譜 (2),三峯和尚年譜 (1),宝丹翁追弔泉譜 (1),儀へ御指出御系譜 (1),
403,,茂公譜 (4),貝類図譜 (3),長舞曲秘譜 (2),水戸義公年譜 (1),富士村上派系譜 (1),橋紀州家等之系譜 (1),
404,,薫家譜 (4),貝石画譜 (3),花山院系譜 (2),椿山先生印譜 (1),清画潜龍堂画譜 (1),天野家文書並系譜 (1),
405,,觱篥譜 (4),一具訳譜 (3),島直茂公譜 (2),木曽産物図譜 (1),幽縮図聚珍画譜 (1),氏新田松平氏年譜 (1),
406,,曲之譜 (4),考鳳笙譜 (3),歌鯉鱗画譜 (2),窠灯心草科譜 (1),長沢累世遺印譜 (1),対州宗氏始祖系譜 (1),
407,,絃按譜 (4),川御系譜 (3),求古館方譜 (2),東國古活字譜 (1),佐久間象山印譜 (1),馬楽笛附物仮名譜 (1),
408,,舞按譜 (4),百合圖譜 (3),坡先生年譜 (2),楽口伝仮名譜 (1),肥後国鐔工系譜 (1),松氏正統世録系譜 (1),
409,,王舞譜 (4),茘枝通譜 (3),新渡大銭譜 (2),囀万秋楽本譜 (1),本阿弥三家刀譜 (1),さいはりことの譜 (1),
410,,老舞譜 (4),六式図譜 (3),及延喜楽譜 (2),団乱旋復訳譜 (1),布列私解剖図譜 (1),金剛峯寺検校略譜 (1),
411,,素画譜 (4),昆蟲圖譜 (3),調盤渉調譜 (2),団乱旋国字譜 (1),河寛斎米庵印譜 (1),釋尊應世編年略譜 (1),
412,,梵唄譜 (4),文公年譜 (3),要真伝琴譜 (2),旋校合竜笛譜 (1),皇大神官禰宜譜 (1),黒瀧潮音和尚年譜 (1),
413,,守系譜 (4),園泉貨譜 (3),高麗秘曲譜 (2),団乱旋竜笛譜 (1),治新撰寛永泉譜 (1),始祖天桂和尚年譜 (1),
414,,水系譜 (4),之巻畧譜 (3),十五曲之譜 (2),団乱旋篳篥譜 (1),曲洋峨撫箏雅譜 (1),重代荒木田氏系譜 (1),
415,,庵印譜 (4),梅氏族譜 (3),名万秋楽譜 (2),瀋陽甘氏宗譜 (1),系譜並家木家譜 (1),二代尊観上人系譜 (1),
416,,信印譜 (4),潘氏家譜 (3),高麗篳篥譜 (2),瀋陽甘氏家譜 (1),越前家御長家譜 (1),様御誕生已後年譜 (1),
417,,石印譜 (4),睦氏支譜 (3),蘇合香笙譜 (2),武林錢氏宗譜 (1),清和源氏御年譜 (1),師榮尊大和尚年譜 (1),
418,,粟島譜 (4),胡氏族譜 (3),官藩公印譜 (2),石四君子画譜 (1),藤岡鬼彌太建譜 (1),山神主上道氏系譜 (1),
419,,氏世譜 (4),汪氏支譜 (3),川先生年譜 (2),花十二月画譜 (1),府時代刑罰図譜 (1),氏石川氏両家系譜 (1),
420,,物案譜 (4),願寺系譜 (3),芳烈公略譜 (2),歷代名公画譜 (1),徳川義直御年譜 (1),王家并諸門跡系譜 (1),
421,,田族譜 (4),王世統譜 (3),酈園百菊譜 (2),んち早席画譜 (1),和漢古稀世泉譜 (1),氏南部御家御系譜 (1),
422,,館医譜 (4),道統之譜 (3),丁丑朝顔譜 (2),蠖斎社中画譜 (1),大坪当流伝統譜 (1),年以来御徒目付譜 (1),
423,,花圖譜 (4),諸門跡譜 (3),登齋点俳譜 (2),南画人物画譜 (1),近親得度者略譜 (1),光公経光公御系譜 (1),
424,,藩系譜 (4),大樹家譜 (3),人蘭竹畫譜 (2),草双紙褾紙譜 (1),江戸浄瑠璃家譜 (1),御縁者方之御系譜 (1),
425,,隠画譜 (4),詩鈔印譜 (3),四大家画譜 (2),佐賀諸士系譜 (1),浄土伝灯総系譜 (1),尊寺及持明院系譜 (1),
426,,翁年譜 (4),御写本譜 (3),容斎翁画譜 (2),世太夫花押譜 (1),系譜御部屋系譜 (1),宮城暗射図指南譜 (1),
427,,清樂譜 (4),格五新譜 (3),漢音梵唄譜 (2),の園道年年譜 (1),内題仁同氏世譜 (1),四家悉曇総伝系譜 (1),
428,,田系譜 (4),松平家譜 (3),代大仏師譜 (2),鷲見歴代系譜 (1),要門的伝正統譜 (1),松前并外二家系譜 (1),
429,,大曲譜 (4),万世家譜 (3),列国志系譜 (2),覚源禅師年譜 (1),御家中古今之譜 (1),氏系譜並氏族系譜 (1),
430,,馬樂譜 (4),解字韻譜 (3),指出御系譜 (2),月和尚自歴譜 (1),音羽家坂東系譜 (1),千頭氏書翰並系譜 (1),
431,,壽印譜 (4),廓中艶譜 (3),田政和家譜 (2),翊聖国師年譜 (1),片岡松嶋家系譜 (1),両家及九人衆系譜 (1),
432,,皇胤譜 (3),燈総系譜 (3),陽先生印譜 (2),勝定国師年譜 (1),都山流尺八吾譜 (1),田流箏曲伝授系譜 (1),
433,,蘭竹譜 (3),千家系譜 (3),斎集古印譜 (2),和寺諸師年譜 (1),妻越前守鎮政譜 (1),田春庭楽回抔楽譜 (1),
434,,対画譜 (3),茶家系譜 (3),家書画印譜 (2),国師行実年譜 (1),雅楽盤渉調楽譜 (1),小路俊賀今様墨譜 (1),
435,,術画譜 (3),馬楽箏譜 (3),橋狩野印譜 (2),雙峰国師年譜 (1),大家十二支画譜 (1),越天楽五聖楽私譜 (1),
436,,体画譜 (3),披講之譜 (3),奇文堂印譜 (2),蘇家伝及系譜 (1),諸大家山水画譜 (1),応師衆経音義韻譜 (1),
437,,鳥畫譜 (3),同姓系譜 (3),古義堂印譜 (2),内宮職掌家譜 (1),物雛形工業画譜 (1),田太神宮神楽歌譜 (1),
438,,堂畫譜 (3),親王年譜 (3),写山楼印譜 (2),野城主歴代譜 (1),仰付置候御家譜 (1),今伝授及道統系譜 (1),
439,,園介譜 (3),条家系譜 (3),梅花堂印譜 (2),度会氏略系譜 (1),生三名家略年譜 (1),国師雲居和尚年譜 (1),
440,,王印譜 (3),歴代族譜 (3),宍戸侯印譜 (2),禅師塔銘年譜 (1),石山斎茶具図譜 (1),唐音和解音曲笛譜 (1),
441,,楽花譜 (3),桂宮系譜 (3),谷山人印譜 (2),百人一詩画譜 (1),前田家歴代略譜 (1),早八拍子拍子八譜 (1),
442,,園蓮譜 (3),菓子図譜 (3),斎管城二譜 (2),画家系同印譜 (1),牧野風堂新曲譜 (1),郷一件歎願書印譜 (1),
443,,松蘭譜 (3),代講頌譜 (3),吾妻琴の譜 (2),真蹟短冊名譜 (1),案速成三体書譜 (1),菅儒侍読臣之年譜 (1),
444,,食物譜 (3),田島系譜 (3),法口伝秘譜 (2),天保年間棋譜 (1),矢島式三体書譜 (1),グレゴリオ聖歌譜 (1),
445,,名花譜 (3),院家系譜 (3),竜笛要略譜 (2),諸社祠官系譜 (1),生友精提出系譜 (1),如宗主代本山系譜 (1),
446,,牛花譜 (3),園画梅譜 (3),簫調子安譜 (2),浄瑠璃大系譜 (1),今玄機消長八譜 (1),仏寿山聞光寺家譜 (1),
447,,物名譜 (3),鳥斎画譜 (3),東遊諸歌譜 (2),船棹之掛リ譜 (1),園新地哥妓名譜 (1),本朝古今金銀銭譜 (1),
448,,陽印譜 (3),雲峰画譜 (3),郢曲附物譜 (2),年中公武略譜 (1),巻茶譜1巻茶譜 (1),注大家竜笛要録譜 (1),
449,,草科譜 (3),竹田画譜 (3),流三線系譜 (2),甲陽軍鑑年譜 (1),陽六角屋形年譜 (1),浮世三編立斎画譜 (1),
450,,具訳譜 (3),風閣琴譜 (3),相八識図譜 (2),照大権現御譜 (1),説文解字篆韻譜 (1),聖人親鸞代々年譜 (1),
451,,合圖譜 (3),累世印譜 (3),世編年略譜 (2),睡斎法燈年譜 (1),藤岡流烽火全譜 (1),聖光上人香月系譜 (1),
452,,枝通譜 (3),調子品譜 (3),洞花鳥画譜 (2),資相承当統譜 (1),国主前田氏世譜 (1),家御本家共御系譜 (1),
453,,蟲圖譜 (3),合調子譜 (3),人一詩畫譜 (2),蜂須賀略系譜 (1),前田家略御系譜 (1),養難養説附諸蘭譜 (1),
454,,泉貨譜 (3),麗仮名譜 (3),撰折句画譜 (2),県居翁御年譜 (1),前田家縁類系譜 (1),勝景眺望山水畫譜 (1),
455,,巻畧譜 (3),管要略譜 (3),筐小袖累譜 (2),古学始祖年譜 (1),復方并家事年譜 (1),虎無間鐘梅枝伝譜 (1),
456,,代系譜 (3),肩鼓之譜 (3),張諸家系譜 (2),諸社神主系譜 (1),護国公畧御年譜 (1),阿部良山銅章印譜 (1),
457,,世統譜 (3),楽助音譜 (3),信風俗画譜 (2),本朝茶人系譜 (1),大応公嗣君略譜 (1),王府相卿伝職年譜 (1),
458,,統之譜 (3),食調曲譜 (3),前家分脈譜 (2),大給松平家譜 (1),鵬撰の菅家累譜 (1),草木花實寫眞圖譜 (1),
459,,門跡譜 (3),帖破急譜 (3),学心声諧譜 (2),三河国諸家譜 (1),湫合戦前後略譜 (1),口傳花壇叢木画譜 (1),
460,,樹家譜 (3),平調曲譜 (3),羽長重年譜 (2),馬楽並朗詠譜 (1),前田従五位等譜 (1),,
461,,鈔印譜 (3),越調曲譜 (3),國物産圖譜 (2),催馬楽曲笛譜 (1),年召仕候に付譜 (1),,
462,,写本譜 (3),囀皇麞譜 (3),々木氏系譜 (2),曲相伝書並譜 (1),田土佐守家略譜 (1),,
463,,同印譜 (3),外五曲譜 (3),訂南海包譜 (2),熱帯植物図譜 (1),御系図并御家譜 (1),,
464,,五新譜 (3),承血脈譜 (3),放鄭膠柱譜 (2),林春斎自叙譜 (1),宇治千代吉家譜 (1),,
465,,平家譜 (3),雪渓画譜 (3),世良田家譜 (2),徳川氏御系譜 (1),寶丹翁追弔泉譜 (1),,
466,,中艶譜 (3),浄瑠璃譜 (3),陽屋形年譜 (2),松平同姓系譜 (1),附竹堂先生年譜 (1),,
467,,列国譜 (3),戯場家譜 (3),茂公御年譜 (2),書上候御系譜 (1),詩20卷坿詩譜 (1),,
468,,室系譜 (3),琵琶按譜 (3),孫過庭書譜 (2),白山史小説譜 (1),經20卷坿詩譜 (1),,
469,,講之譜 (3),まひ歌譜 (3),刻金氏画譜 (2),三条実教年譜 (1),文公朱夫子年譜 (1),,
470,,王年譜 (3),亭戯画譜 (3),秋水園印譜 (2),中山忠能略譜 (1),歐陽文忠公年譜 (1),,
471,,代族譜 (3),波臣小譜 (3),酣古集印譜 (2),原忠成公年譜 (1),坿陽村先生年譜 (1),,
472,,楽笛譜 (3),金函名譜 (3),文觧字韻譜 (2),足利将軍系譜 (1),史參考集古圖譜 (1),,
473,,打物譜 (3),以来系譜 (3),慶上人年譜 (2),栖川宮御系譜 (1),漢朝諸家畧系譜 (1),,
474,,子図譜 (3),姓方系譜 (3),朝名家画譜 (2),磐代子御家譜 (1),源姓新田氏系譜 (1),,
475,,講頌譜 (3),国公家譜 (3),博物館図譜 (2),普照国師年譜 (1),達家御代々年譜 (1),,
476,,披講譜 (3),三鼓略譜 (3),名家略年譜 (2),梨洲先生年譜 (1),達氏系譜付略譜 (1),,
477,,立系譜 (3),名公款譜 (3),館動物図譜 (2),鳥居小路家譜 (1),歴代並公族略譜 (1),,
478,,語系譜 (3),桑里印譜 (3),博物館介譜 (2),伝長暦指掌譜 (1),原姓佐藤氏系譜 (1),,
479,,館印譜 (3),象山印譜 (3),博物館禽譜 (2),冷泉二家系譜 (1),再版袖寶古錢譜 (1),,
480,,啄木譜 (3),山房印譜 (3),博物館虫譜 (2),上流泉啄木譜 (1),朝畫家系同印譜 (1),,
481,,景画譜 (3),探幽印譜 (3),麗楽仮名譜 (2),臣自筆琵琶譜 (1),達家歴代御印譜 (1),,
482,,美画譜 (3),竜笛秘譜 (3),楽附物案譜 (2),御即位式図譜 (1),家合作地口畫譜 (1),,
483,,続書譜 (3),月琴詞譜 (3),万年青図譜 (2),松年山水画譜 (1),村家中騷動之譜 (1),,
484,,画梅譜 (3),第笛之譜 (3),翁追弔泉譜 (2),日本真景画譜 (1),原田甲斐喧嘩譜 (1),,
485,,峰画譜 (3),聚鳥画譜 (3),尾張家系譜 (2),渓都真景画譜 (1),宗良流刑閉門譜 (1),,
486,,田画譜 (3),撫筝雅譜 (3),檀森齋石譜 (2),古諸名家画譜 (1),倉六右衛門家譜 (1),,
487,,世印譜 (3),楽篳篥譜 (3),赤松家系譜 (2),名家聚美画譜 (1),冶藤原国包家譜 (1),,
488,,涯印譜 (3),図指南譜 (3),会津家系譜 (2),定本正続書譜 (1),富屋孫兵衛年譜 (1),,
489,,子品譜 (3),橋家系譜 (3),越前家系譜 (2),応挙聚美画譜 (1),助直筆同人家譜 (1),,
490,,助音譜 (3),山鹿家譜 (3),龍笛要録譜 (2),鹿持藤太年譜 (1),卷圖1卷東音譜 (1),,
491,,破急譜 (3),君臣系譜 (3),藩門閥系譜 (2),蘿軒変古箋譜 (1),卷附録1卷鼓譜 (1),,
492,,皇麞譜 (3),屋形年譜 (3),今俳優家譜 (2),和琴調子秘譜 (1),師資相傳血脉譜 (1),,
493,,甘州譜 (3),斯草木譜 (3),琵琶秘曲譜 (2),公事参仕年譜 (1),佐藤浦之助家譜 (1),,
494,,五曲譜 (3),画独楽譜 (3),伝八雲琴譜 (2),西洞院家系譜 (1),池大雅山水畫譜 (1),,
495,,統系譜 (3),本庄系譜 (3),方舞曲按譜 (2),婦女礼儀画譜 (1),家代々銘判圖譜 (1),,
496,,絶家譜 (3),前田家譜 (3),御部屋系譜 (2),山内家御系譜 (1),人一首小傳系譜 (1),,
497,,菓子譜 (3),編古押譜 (3),滝野家系譜 (2),日本勝景画譜 (1),易蘇卦爻象系譜 (1),,
498,,中曲譜 (3),動物図譜 (3),播磨家系譜 (2),人張子祥画譜 (1),林子平先生年譜 (1),,
499,,識図譜 (3),麑海魚譜 (3),松本家系譜 (2),大倉画四画譜 (1),傳元明清人名譜 (1),,
500,,蘆声譜 (3),篳篥之譜 (3),沢村家系譜 (2),録并年譜印譜 (1),鳥山水北樹画譜 (1),,
501,,職年譜 (3),楠家系譜 (3),瀬川家系譜 (2),聱牙先生印譜 (1),漢古今稀世泉譜 (1),,
502,,瑠璃譜 (3),正灯世譜 (3),新渡大錢譜 (2),貫名海屋印譜 (1),武將士英傑画譜 (1),,
503,,場家譜 (3),皇族系譜 (3),田家御系譜 (2),院琵琶説秘譜 (1),正流血脉道統譜 (1),,
504,,唱歌譜 (3),新田族譜 (3),飾真草画譜 (2),内儀侍中家譜 (1),觧元倣古今畫譜 (1),,
505,,琶按譜 (3),原氏系譜 (3),池容齋画譜 (2),子以下秘説譜 (1),観世大夫花押譜 (1),,
506,,笛案譜 (3),扶桑畫譜 (3),嶺花鳥畫譜 (2),台青海波舞譜 (1),邑社士三黨系譜 (1),,
507,,曲案譜 (3),桐山家譜 (3),文花鳥画譜 (2),馬楽和琴古譜 (1),世系行事ノ年譜 (1),,
508,,假名譜 (3),扇面画譜 (3),今茶人系譜 (2),皇禅師略年譜 (1),藤垣内内遠年譜 (1),,
509,,ひ歌譜 (3),竜窟年譜 (3),山史図解譜 (2),秋楽宗明楽譜 (1),本書紀天皇系譜 (1),,
510,,公印譜 (3),長氏家譜 (3),中正灯世譜 (2),只拍子仮名譜 (1),淨土真宗五派譜 (1),,
511,,戯画譜 (3),分脉系譜 (3),石先生年譜 (2),打球楽仮名譜 (1),縁起并三虚靈譜 (1),,
512,,公略譜 (3),鹽松勝譜 (3),齋公御年譜 (2),馬楽高麗楽譜 (1),流箏曲傳授系譜 (1),,
513,,臣小譜 (3),今紅葉譜 (3),續本藩歴譜 (2),越調曲仮名譜 (1),日本外史補系譜 (1),,
514,,函名譜 (3),達御家譜 (3),扶桑百菊譜 (2),破西王楽破譜 (1),誌国家金銀銭譜 (1),,
515,,珍画譜 (3),親戚系譜 (3),華族類別譜 (2),和楽十天楽譜 (1),焼家田中氏系譜 (1),,
516,,氏年譜 (3),達氏系譜 (3),0卷坿詩譜 (2),安名尊席田譜 (1),高麗遠楽比巴譜 (1),,
517,,来系譜 (3),葉齋畫譜 (3),金上氏家譜 (2),並六調子曲譜 (1),楽伝授書並楽譜 (1),,
518,,元系譜 (3),一蝶畫譜 (3),伊達家系譜 (2),旋陵王荒序譜 (1),麗笛秘曲仮名譜 (1),,
519,,方系譜 (3),邊氏畫譜 (3),若林氏系譜 (2),催馬楽琵琶譜 (1),傳列國君臣系譜 (1),,
520,,鼓略譜 (3),山水畫譜 (3),亘理家族譜 (2),皇帝団乱旋譜 (1),仕着模様振袖譜 (1),,
521,,公款譜 (3),神樂歌譜 (3),射圖指南譜 (2),調及催馬楽譜 (1),巌梁川先生年譜 (1),,
522,,居印譜 (3),國師年譜 (3),豆七島圖譜 (2),楽及将律音譜 (1),東照大神君年譜 (1),,
523,,英印譜 (3),秦曲笛譜 (3),全圖暗射譜 (2),笙譜胡絃略譜 (1),崎奉行歴代名譜 (1),,
524,,里印譜 (3),啓蒙圖譜 (3),選諸家系譜 (2),皇帝護宗略譜 (1),一具盤渉調の譜 (1),,
525,,刻印譜 (3),両家系譜 (3),豐臣秀吉譜 (2),観微旨掌中譜 (1),称名寺声明古譜 (1),,
526,,房印譜 (3),箏要録譜 (3),龍笛假名譜 (2),法相承血脈譜 (1),声明并伽陀仮譜 (1),,
527,,畝印譜 (3),聚珍畫譜 (3),宋紫石畫譜 (2),花四十八図譜 (1),則博士習所仮譜 (1),,
528,,幽印譜 (3),琴工尺譜 (3),卑分脈系譜 (2),居易堂名花譜 (1),渉調撥合調子譜 (1),,
529,,月琴譜 (3),曲牌雅譜 (3),新語補系譜 (2),隠元禅師年譜 (1),蘇合一具撃物譜 (1),,
530,,琴詞譜 (3),陳御年譜 (2),書畫人名譜 (2),調息伝統系譜 (1),合一具笙箏両譜 (1),,
531,,箏曲譜 (3),一諧画譜 (2),指南並雪譜 (2),祖并武功之譜 (1),香一具笛撃物譜 (1),,
532,,華紋譜 (3),両国御譜 (2),親王家系譜 (2),北蝦夷草木譜 (1),合香一具鳳笙譜 (1),,
533,,木家譜 (3),軽家系譜 (2),黒田家系譜 (2),東渓先生年譜 (1),蘇合香羯鼓之譜 (1),,
534,,筝雅譜 (3),東氏系譜 (2),小笠原家譜 (2),各国舶旗図譜 (1),徳生軒内科方譜 (1),,
535,,画銭譜 (3),暁斎画譜 (2),井両家系譜 (2),模様紋帳画譜 (1),爾翕湮解剖図譜 (1),,
536,,雅琴譜 (3),華堂画譜 (2),道人墨竹譜 (2),靈鑑寺宮系譜 (1),蘓香合万秋楽譜 (1),,
537,,鹿家譜 (3),古今画譜 (2),言狂詩画譜 (2),藤田貞資系譜 (1),氏譜付笠間氏譜 (1),,
538,,器図譜 (3),蘭崖画譜 (2),御狩太鼓譜 (2),幸民先生年譜 (1),戸威公義公年譜 (1),,
539,,膠柱譜 (3),柳居画譜 (2),可秘曲之譜 (2),智証大師年譜 (1),豊原量秋鳳笙譜 (1),,
540,,臣系譜 (3),蟲類画譜 (2),水月居琴譜 (2),草木螺魚図譜 (1),豊原繁秋鳳笙譜 (1),,
541,,形年譜 (3),仿古画譜 (2),琶調子並譜 (2),射術略伝系譜 (1),豊原竜秋鳳笙譜 (1),,
542,,独楽譜 (3),山人画譜 (2),洞簫表曲譜 (2),諸大名衆名譜 (1),秋鳳笙只拍子譜 (1),,
543,,具図譜 (3),漢画石譜 (2),樂催馬樂譜 (2),珍甲図並系譜 (1),豊原幸秋鳳笙譜 (1),,
544,,庄系譜 (3),完瑛画譜 (2),伊勢家系譜 (2),本朝剣工系譜 (1),や物語年立系譜 (1),,
545,,源系譜 (3),和漢硯譜 (2),とまい歌譜 (2),家康公御年譜 (1),内宮御田祭歌譜 (1),,
546,,脈系譜 (3),通神画譜 (2),方流略印譜 (2),雲国造世系譜 (1),侍所御神楽歌譜 (1),,
547,,篥之譜 (3),椿年画譜 (2),雲國候年譜 (2),蘆声集仮名譜 (1),山進流声明私譜 (1),,
548,,谷系譜 (3),雅堂畫譜 (2),二簧工尺譜 (2),道策門人碁譜 (1),闍梨書伽陀仮譜 (1),,
549,,灯世譜 (3),石榴花譜 (2),山壽堂印譜 (2),年間名家棋譜 (1),南都右方人系譜 (1),,
550,,華押譜 (3),不忍禽譜 (2),二百義字譜 (2),狂歌人物図譜 (1),波多野流平曲譜 (1),,
551,,三徳譜 (3),川侯蓮譜 (2),遠山家系譜 (1),諸国名所画譜 (1),八曲竜笛仮字譜 (1),,
552,,桑畫譜 (3),田屋系譜 (2),茶入花押譜 (1),字類聚略方譜 (1),初音旦御目見譜 (1),,
553,,鳳畫譜 (3),枡家系譜 (2),書上御系譜 (1),相卿傳職年譜 (1),楽芝家伝来舞譜 (1),,
554,,面画譜 (3),大全系譜 (2),津軽家家譜 (1),武田信玄年譜 (1),中納言物語系譜 (1),,
555,,窟年譜 (3),実川系譜 (2),子七月系譜 (1),土井利勝年譜 (1),林家近代家系譜 (1),,
556,,多家譜 (3),領家系譜 (2),津軽御系譜 (1),家系軍功年譜 (1),家流八十八曲譜 (1),,
557,,脉系譜 (3),下家系譜 (2),諸家御系譜 (1),安心血脈之譜 (1),東儀立合右舞譜 (1),,
558,,紅葉譜 (3),河家系譜 (2),谷統家家譜 (1),相郷伝職年譜 (1),林広猶懐中笙譜 (1),,
559,,戚系譜 (3),親王印譜 (2),安東氏系譜 (1),内正祝権祝譜 (1),黄鐘調太食調譜 (1),,
560,,原家譜 (3),昌堂銭譜 (2),雲先生年譜 (1),院皇子女略譜 (1),藤原定輔琵琶譜 (1),,
561,,蝶畫譜 (3),新刀銘譜 (2),并六家系譜 (1),明清名公欸譜 (1),観生居一絃琴譜 (1),,
562,,氏畫譜 (3),刀茎銘譜 (2),藩名家系譜 (1),新刻万物画譜 (1),家伝授四大曲譜 (1),,
563,,水畫譜 (3),葭堂菌譜 (2),峯百鳥画譜 (1),是真先生画譜 (1),平家琵琶一部譜 (1),,
564,,石畫譜 (3),名物椿譜 (2),崋山蘭竹譜 (1),麗壱越調曲譜 (1),耆大山引声墨譜 (1),,
565,,樂歌譜 (3),名果図譜 (2),谷文晁画譜 (1),三楽糸竹合譜 (1),鳳笙管弦之秘譜 (1),,
566,,補系譜 (3),秋萩の譜 (2),水樹石画譜 (1),本朝琵琶案譜 (1),北庭楽外五曲譜 (1),,
567,,河系譜 (3),啓蒙虫譜 (2),古亭斎画譜 (1),対音捷要琴譜 (1),歳楽只拍子箏譜 (1),,
568,,原系譜 (3),参考菌譜 (2),携諸職画譜 (1),催馬楽風俗譜 (1),歳楽只拍子笛譜 (1),,
569,,蒙圖譜 (3),太平鶴譜 (2),虫花鳥画譜 (1),左方舞曲案譜 (1),楽蘇合香大曲譜 (1),,
570,,藩籬譜 (3),品物図譜 (2),リオン楽譜 (1),馬樂朗詠歌譜 (1),譜并採桑老舞譜 (1),,
571,,珍畫譜 (3),西園蕈譜 (2),洞鳥虫画譜 (1),回向付物ノ譜 (1),鳳笙琵琶対照譜 (1),,
572,,牌雅譜 (3),草木画譜 (2),家地口画譜 (1),笙蘇合香笙譜 (1),乗声明相承系譜 (1),,
573,,点印譜 (2),草木葉譜 (2),洋草花図譜 (1),六調子琵琶譜 (1),用書目並詩牌譜 (1),,
574,,国御譜 (2),郡内菌譜 (2),山人人物譜 (1),萬秋楽假名譜 (1),倭歌并巫子舞譜 (1),,
575,,月系譜 (2),圃躑躅譜 (2),人梅菊画譜 (1),存覚上人年譜 (1),唐楽篳篥仮名譜 (1),,
576,,今画譜 (2),草木実譜 (2),張写祥画譜 (1),光祖師略年譜 (1),風俗神楽歌舞譜 (1),,
577,,崖画譜 (2),長洲鳥譜 (2),竜山人画譜 (1),合薬房略方譜 (1),神道灌頂附楽譜 (1),,
578,,居画譜 (2),浴蔵魚譜 (2),箱八種画譜 (1),常平通寶錢譜 (1),羅陵王荒序笙譜 (1),,
579,,香画譜 (2),先生介譜 (2),言唐詩画譜 (1),吉備楽太鼓譜 (1),陵王荒序鳳笙譜 (1),,
580,,類画譜 (2),蘭山禽譜 (2),高尚堂画譜 (1),異国往来略譜 (1),陵王荒序舞秘譜 (1),,
581,,祥画譜 (2),物識獣譜 (2),物蟲魚画譜 (1),陽先生遺印譜 (1),理趣経々頭私譜 (1),,
582,,人画譜 (2),山艸木譜 (2),家花鳥畫譜 (1),諸職人物画譜 (1),竜笛大曲仮名譜 (1),,
583,,画石譜 (2),艸木名譜 (2),狩野家画譜 (1),山家連誹系譜 (1),王破新羅陵王譜 (1),,
584,,瑛画譜 (2),豊文虫譜 (2),椿山翁画譜 (1),内勤仕諸系譜 (1),時祭舞人輪作譜 (1),,
585,,対泉譜 (2),古瓦図譜 (2),詩五言画譜 (1),古河藩士系譜 (1),公御作古言調譜 (1),,
586,,漢硯譜 (2),青盆図譜 (2),生山水画譜 (1),着摸様振袖譜 (1),披講並郢曲墨譜 (1),,
587,,神画譜 (2),魚類図譜 (2),十六式圖譜 (1),萬職工業画譜 (1),国伊豆宿禰系譜 (1),,
588,,年画譜 (2),帝王系譜 (2),太閣記図譜 (1),江戸金工名譜 (1),範眼目篇訳図譜 (1),,
589,,記図譜 (2),淡海魚譜 (2),龍山人画譜 (1),豊臣秀吉家譜 (1),系譜附竹中系譜 (1),,
590,,園魚譜 (2),茶道家譜 (2),図譜海草譜 (1),肥前国長崎譜 (1),犬山神戸氏系譜 (1),,
591,,榴花譜 (2),花園墨譜 (2),載草木図譜 (1),崎門学派系譜 (1),川家瀬名家系譜 (1),,
592,,桜花譜 (2),園蔵銭譜 (2),井敬所印譜 (1),三州沿革図譜 (1),上大年表要翰譜 (1),,
593,,水禽譜 (2),佐家印譜 (2),家文化画譜 (1),陽頼先生印譜 (1),蔵助副充君系譜 (1),,
594,,華鳥譜 (2),葭堂竹譜 (2),諸堂并系譜 (1),御当家御系譜 (1),皇孫親王家系譜 (1),,
595,,忍禽譜 (2),茶花押譜 (2),石灯籠図譜 (1),池田忠継家譜 (1),賀郡錦織氏系譜 (1),,
596,,百合譜 (2),代御系譜 (2),優等品花譜 (1),政言ヨリ系譜 (1),大炊御門家系譜 (1),,
597,,侯蓮譜 (2),勝院年譜 (2),諸島植物譜 (1),方池田家年譜 (1),朝臣古賀氏系譜 (1),,
598,,霜葉譜 (2),木写生譜 (2),鰓魚類圖譜 (1),天珪侯御家譜 (1),緒方家代々家譜 (1),,
599,,全系譜 (2),百花画譜 (2),遠山氏介譜 (1),世利政公家譜 (1),奥平麁配之系譜 (1),,
600,,所印譜 (2),啓蒙介譜 (2),覺禪師年譜 (1),世政信公家譜 (1),陽諸士本末系譜 (1),,
601,,堂銭譜 (2),諸州薬譜 (2),峯和尚年譜 (1),禅通侯御家譜 (1),紀州水戸御系譜 (1),,
602,,并系譜 (2),精草科譜 (2),戸義公年譜 (1),家祖同姓系譜 (1),田山川円山系譜 (1),,
603,,古研譜 (2),公山茶譜 (2),山先生印譜 (1),仰蒙御残御譜 (1),五郎信綱家系譜 (1),,
604,,刀銘譜 (2),霊堂蘭譜 (2),諸勝名所譜 (1),藩政改革依譜 (1),村了琢書上系譜 (1),,
605,,茎銘譜 (2),破陣楽譜 (2),曽産物図譜 (1),政改革残人譜 (1),青蓮院門跡系譜 (1),,
606,,籠図譜 (2),香竜笛譜 (2),文昌堂泉譜 (1),田山城守系譜 (1),寛政重脩諸家譜 (1),,
607,,堂菌譜 (2),合竜笛譜 (2),灯心草科譜 (1),家御続之系譜 (1),造寺鍋島家家譜 (1),,
608,,物椿譜 (2),鶯邨畫譜 (2),國古活字譜 (1),書池田家系譜 (1),代木庵和尚年譜 (1),,
609,,果図譜 (2),陶磁印譜 (2),口伝仮名譜 (1),御代迄御系譜 (1),大家龍笛要録譜 (1),,
610,,萩の譜 (2),鼠族図譜 (2),万秋楽本譜 (1),綱政以来系譜 (1),四天王腕磨名譜 (1),,
611,,蒙虫譜 (2),花葉圖譜 (2),乱旋復訳譜 (1),御世迄御系譜 (1),および直茂公譜 (1),,
612,,考菌譜 (2),渡更紗譜 (2),乱旋国字譜 (1),後守恒元系譜 (1),水佑鍋島茂里譜 (1),,
613,,平鶴譜 (2),滸伝画譜 (2),校合竜笛譜 (1),差出之御系譜 (1),漢名家書画印譜 (1),,
614,,諸州譜 (2),琴曲画譜 (2),乱旋竜笛譜 (1),池田淡水系譜 (1),へ御指出御系譜 (1),,
615,,園蕈譜 (2),細川家譜 (2),乱旋篳篥譜 (1),池田政雄系譜 (1),紀州家等之系譜 (1),,
616,,川畫譜 (2),歴代世譜 (2),蒹葭堂魚譜 (1),池田政樹系譜 (1),野家文書並系譜 (1),,
617,,黴菌譜 (2),夫花押譜 (2),陽甘氏宗譜 (1),池田章政年譜 (1),新田松平氏年譜 (1),,
618,,秋芳譜 (2),歴代系譜 (2),陽甘氏家譜 (1),笙笛並大鼓譜 (1),州宗氏始祖系譜 (1),,
619,,種藷譜 (2),禅師年譜 (2),林錢氏宗譜 (1),天王寺觱楽譜 (1),楽笛附物仮名譜 (1),,
620,,木葉譜 (2),大雅家譜 (2),宋紫石蘭譜 (1),五調郢曲秘譜 (1),龍笛序遠曲秘譜 (1),,
621,,菌蕈譜 (2),尾氏系譜 (2),十二月画譜 (1),天台雲影印譜 (1),氏正統世録系譜 (1),,
622,,内菌譜 (2),海院年譜 (2),融斎翎毛譜 (1),利其器斎印譜 (1),いはりことの譜 (1),,
623,,木実譜 (2),系同印譜 (2),有山堂画譜 (1),板倉勝職印譜 (1),佐々木京極系譜 (1),,
624,,洲鳥譜 (2),道成業譜 (2),絵口合画譜 (1),市原蔬香印譜 (1),佐竹壱岐守系譜 (1),,
625,,蝶蜻譜 (2),庫之秘譜 (2),ち早席画譜 (1),大橋訥庵印譜 (1),剛峯寺検校略譜 (1),,
626,,蓮図譜 (2),須賀系譜 (2),斎社中画譜 (1),荻野淡斎印譜 (1),纂修伊集院系譜 (1),,
627,,蔵魚譜 (2),観世系譜 (2),画人物画譜 (1),小山林堂印譜 (1),明楽歌声腔調譜 (1),,
628,,生介譜 (2),堂御系譜 (2),双紙褾紙譜 (1),冶橋狩野印譜 (1),續弘法大師年譜 (1),,
629,,山禽譜 (2),人眼睫譜 (2),賀諸士系譜 (1),狩野常信印譜 (1),尊應世編年略譜 (1),,
630,,識獣譜 (2),塡詞図譜 (2),太夫花押譜 (1),小林道彦印譜 (1),瀧潮音和尚年譜 (1),,
631,,艸木譜 (2),神事画譜 (2),園道年年譜 (1),田順先生印譜 (1),祖天桂和尚年譜 (1),,
632,,木名譜 (2),美家家譜 (2),見歴代系譜 (1),中八仙歌印譜 (1),代荒木田氏系譜 (1),,
633,,文虫譜 (2),門室系譜 (2),藤孝公年譜 (1),比氏其他印譜 (1),代尊観上人系譜 (1),,
634,,瓦図譜 (2),横笛略譜 (2),蜂須賀家譜 (1),松雨山房印譜 (1),御誕生已後年譜 (1),,
635,,盆図譜 (2),絵問屋譜 (2),源禅師年譜 (1),心越禅師印譜 (1),榮尊大和尚年譜 (1),,
636,,道家譜 (2),将軍系譜 (2),和尚自歴譜 (1),新古倭漢印譜 (1),神主上道氏系譜 (1),,
637,,蔵銭譜 (2),丸家系譜 (2),聖国師年譜 (1),所蔵古鋳印譜 (1),石川氏両家系譜 (1),,
638,,堂竹譜 (2),鳳鼓秘譜 (2),定国師年譜 (1),海城先生印譜 (1),家并諸門跡系譜 (1),,
639,,野草譜 (2),能楽笛譜 (2),寺諸師年譜 (1),中橋狩野印譜 (1),南部御家御系譜 (1),,
640,,写生譜 (2),葭笛秘譜 (2),師行実年譜 (1),蔕材雅堂印譜 (1),八戸諸士古新譜 (1),,
641,,夏木譜 (2),浪曲秘譜 (2),峰国師年譜 (1),白嶽山人印譜 (1),以来御徒目付譜 (1),,
642,,蒙介譜 (2),端公年譜 (2),家伝及系譜 (1),田西疇篆印譜 (1),公経光公御系譜 (1),,
643,,州薬譜 (2),竹田家譜 (2),宮職掌家譜 (1),人見竹洞印譜 (1),鷲見氏根元系譜 (1),,
644,,山茶譜 (2),日本医譜 (2),城主歴代譜 (1),平山子竜印譜 (1),諏訪氏代々系譜 (1),,
645,,櫻花譜 (2),本朝印譜 (2),会氏略系譜 (1),藤原正賢印譜 (1),縁者方之御系譜 (1),,
646,,堂蘭譜 (2),朗詠秘譜 (2),師塔銘年譜 (1),蓉山房私印譜 (1),征西大将軍宮譜 (1),,
647,,渡鳥譜 (2),算法盟譜 (2),人一詩画譜 (1),平々山人印譜 (1),寺及持明院系譜 (1),,
648,,陣楽譜 (2),宮琵琶譜 (2),蹟短冊名譜 (1),片石道人印譜 (1),瀬戸窯家大系譜 (1),,
649,,国字譜 (2),詠伝授譜 (2),本鎮侯年譜 (1),細川林谷印譜 (1),城暗射図指南譜 (1),,
650,,邨畫譜 (2),歌披講譜 (2),保年間棋譜 (1),前田斉泰印譜 (1),大宝寺屋形系譜 (1),,
651,,磁印譜 (2),語断続譜 (2),四親王系譜 (1),牧野貞喜印譜 (1),家悉曇総伝系譜 (1),,
652,,族図譜 (2),起立系譜 (2),社祠官系譜 (1),正寧正同印譜 (1),前并外二家系譜 (1),,
653,,葉圖譜 (2),二家系譜 (2),瑠璃大系譜 (1),昭慶篤等印譜 (1),系譜並氏族系譜 (1),,
654,,更紗譜 (2),田家年譜 (2),棹之掛リ譜 (1),勇斎国芳印譜 (1),頭氏書翰並系譜 (1),,
655,,伝画譜 (2),三曲秘譜 (2),中公武略譜 (1),山下翠畝印譜 (1),家及九人衆系譜 (1),,
656,,田安譜 (2),極秘曲譜 (2),陽軍鑑年譜 (1),山田以文印譜 (1),長楽寺蔵御系譜 (1),,
657,,水戸譜 (2),笛秘曲譜 (2),俳諧花系譜 (1),山名景順印譜 (1),日光東遊諸歌譜 (1),,
658,,曲画譜 (2),真景画譜 (2),諸星真形譜 (1),山本西厓印譜 (1),流箏曲伝授系譜 (1),,
659,,代世譜 (2),聚美画譜 (2),大権現御譜 (1),由比閑斎印譜 (1),春庭楽回抔楽譜 (1),,
660,,雅家譜 (2),横笛古譜 (2),斎法燈年譜 (1),村竹田擬印譜 (1),路俊賀今様墨譜 (1),,
661,,歴代譜 (2),古錦綺譜 (2),相承当統譜 (1),筆鑑定家印譜 (1),天楽五聖楽私譜 (1),,
662,,侯年譜 (2),鳴門画譜 (2),阿淡藩翰譜 (1),曲江山水画譜 (1),師衆経音義韻譜 (1),,
663,,官系譜 (2),五逸画譜 (2),須賀略系譜 (1),春鶯囀鳳笙譜 (1),落久保物語系譜 (1),,
664,,奏箏譜 (2),懐中秘譜 (2),青蓮院宮譜 (1),鶯囀琵琶古譜 (1),小野お通七段譜 (1),,
665,,成業譜 (2),琵琶御譜 (2),森田流笛譜 (1),竜笛仮名案譜 (1),太神宮神楽歌譜 (1),,
666,,賀系譜 (2),和琴之譜 (2),読書作文譜 (1),篳篥仮名案譜 (1),観世家伝仮面譜 (1),,
667,,光詞譜 (2),三五秘譜 (2),春秋列国譜 (1),胡飲酒舞案譜 (1),魚山声曲血脈譜 (1),,
668,,眼睫譜 (2),武術系譜 (2),菅神御年譜 (1),神景光自筆譜 (1),魚山蠆芥集仮譜 (1),,
669,,事画譜 (2),司家系譜 (2),幽斎公年譜 (1),催馬楽笛古譜 (1),五音初二三重譜 (1),,
670,,者年譜 (2),本残頁譜 (2),居翁御年譜 (1),並東遊諸歌譜 (1),伝授及道統系譜 (1),,
671,,自叙譜 (2),観世家譜 (2),学始祖年譜 (1),生居月琴詞譜 (1),音和解音曲笛譜 (1),,
672,,問屋譜 (2),笛枢要譜 (2),社神主系譜 (1),琴四季今様譜 (1),八拍子拍子八譜 (1),,
673,,軍系譜 (2),宣和画譜 (2),諸門跡之譜 (1),中郎先生茶譜 (1),一件歎願書印譜 (1),,
674,,鼓秘譜 (2),小山画譜 (2),水戸外戚譜 (1),大雅山水画譜 (1),儒侍読臣之年譜 (1),,
675,,算家譜 (2),書画款譜 (2),朝茶人系譜 (1),応世編年略譜 (1),レゴリオ聖歌譜 (1),,
676,,本医譜 (2),鉄翁印譜 (2),給松平家譜 (1),存覺上人年譜 (1),宗主代本山系譜 (1),,
677,,朝印譜 (2),峰堂画譜 (2),河国諸家譜 (1),梅嶺花鳥画譜 (1),本願寺代々略譜 (1),,
678,,詠秘譜 (2),東谿画譜 (2),楽並朗詠譜 (1),狂言人物画譜 (1),寿山聞光寺家譜 (1),,
679,,法盟譜 (2),諸家印譜 (2),馬楽曲笛譜 (1),川流百景図譜 (1),朝古今金銀銭譜 (1),,
680,,断続譜 (2),南涯印譜 (2),相伝書並譜 (1),烈公自記年譜 (1),大家竜笛要録譜 (1),,
681,,錦綺譜 (2),去来印譜 (2),帯植物図譜 (1),黒田新続家譜 (1),世三編立斎画譜 (1),,
682,,門画譜 (2),台観印譜 (2),御役者年譜 (1),山貫首御家譜 (1),本朝歴代年号譜 (1),,
683,,鸚哥譜 (2),銕荘茶譜 (2),春斎自叙譜 (1),万葉本草図譜 (1),人親鸞代々年譜 (1),,
684,,逸画譜 (2),填詞圖譜 (2),川氏御系譜 (1),河泉書上図譜 (1),光上人香月系譜 (1),,
685,,中秘譜 (2),馬楽秘譜 (2),平同姓系譜 (1),真仁親王印譜 (1),御本家共御系譜 (1),,
686,,琶御譜 (2),子舞歌譜 (2),上候御系譜 (1),新訂名公書譜 (1),難養説附諸蘭譜 (1),,
687,,琴之譜 (2),田舞歌譜 (2),大徳寺年譜 (1),催馬楽篳篥譜 (1),景眺望山水畫譜 (1),,
688,,五秘譜 (2),国造家譜 (2),山史小説譜 (1),篳篥箏平調譜 (1),重訂合聲簡字譜 (1),,
689,,術系譜 (2),師略年譜 (2),東坡画竹譜 (1),国暗射指南譜 (1),部良山銅章印譜 (1),,
690,,越琴譜 (2),具仮名譜 (2),条実教年譜 (1),清玩貝類図譜 (1),紀伊亜相公印譜 (1),,
691,,残頁譜 (2),并三皷譜 (2),山忠能略譜 (1),近江水産図譜 (1),明東皐禪師琴譜 (1),,
692,,枢要譜 (2),品橃合譜 (2),忠成公年譜 (1),上総介斎良譜 (1),府相卿伝職年譜 (1),,
693,,和画譜 (2),団乱旋譜 (2),利将軍系譜 (1),家閑院家系譜 (1),木花實寫眞圖譜 (1),,
694,,画款譜 (2),胡絃略譜 (2),川宮御系譜 (1),右近将監系譜 (1),当時名家新俳譜 (1),,
695,,翁印譜 (2),柳花苑譜 (2),代子御家譜 (1),登守輝綱系譜 (1),傳花壇叢木画譜 (1),,
696,,谿画譜 (2),雙調曲譜 (2),菊亭家系譜 (1),禅寺前住世譜 (1),,,
697,,来印譜 (2),宗要略譜 (2),宜陽殿竹譜 (1),杉浦梅潭年譜 (1),,,
698,,観印譜 (2),笛中曲譜 (2),照国師年譜 (1),山本亡羊年譜 (1),,,
699,,荘茶譜 (2),春山画譜 (2),神歌肩鼓譜 (1),北馬人物画譜 (1),,,
700,,爪調譜 (2),畠山家譜 (2),久我家系譜 (1),刀劔録海棠譜 (1),,,
701,,院家譜 (2),暦象図譜 (2),洲先生年譜 (1),北齋寫眞畫譜 (1),,,
702,,造家譜 (2),之巻略譜 (2),樹人洞門譜 (1),植物寫生圖譜 (1),,,
703,,三皷譜 (2),軍鑑略譜 (2),皇統御系譜 (1),万国旌旗図譜 (1),,,
704,,荒序譜 (2),大成銘譜 (2),居小路家譜 (1),四条流断家譜 (1),,,
705,,橃合譜 (2),舞曲秘譜 (2),庭田家系譜 (1),山田流筝曲譜 (1),,,
706,,乱旋譜 (2),山院系譜 (2),山科家系譜 (1),御家中略系譜 (1),,,
707,,懐中譜 (2),古館方譜 (2),帰黙斎方譜 (1),察使親長年譜 (1),,,
708,,絃略譜 (2),麻姓家譜 (2),長暦指掌譜 (1),列国君臣系譜 (1),,,
709,,花苑譜 (2),伝職年譜 (2),かな御系譜 (1),予守豊範系譜 (1),,,
710,,象図譜 (2),松井家譜 (2),泉二家系譜 (1),戸町奉行統譜 (1),,,
711,,伝系譜 (2),渡大銭譜 (2),承清館印譜 (1),気地図并系譜 (1),,,
712,,巻略譜 (2),虫豸図譜 (2),前田家年譜 (1),生華名人図譜 (1),,,
713,,鑑略譜 (2),斯波家譜 (2),流泉啄木譜 (1),綱利公御年譜 (1),,,
714,,成銘譜 (2),延喜楽譜 (2),自筆琵琶譜 (1),直茂公御年譜 (1),,,
715,,系図譜 (2),盤渉調譜 (2),即位式図譜 (1),勝茂公御年譜 (1),,,
716,,館方譜 (2),糸竹合譜 (2),年山水画譜 (1),虎公一代雑譜 (1),,,
717,,略方譜 (2),青山琴譜 (2),本真景画譜 (1),山鉾古代図譜 (1),,,
718,,徳公譜 (2),真伝琴譜 (2),都真景画譜 (1),石斎先生年譜 (1),,,
719,,姓家譜 (2),琵琶ノ譜 (2),諸名家画譜 (1),支那名刻印譜 (1),,,
720,,大銭譜 (2),麗秘曲譜 (2),家聚美画譜 (1),磐水先生年譜 (1),,,
721,,半魚譜 (2),篳篥略譜 (2),本正続書譜 (1),川榕自叙年譜 (1),,,
722,,豸図譜 (2),篳篥本譜 (2),挙聚美画譜 (1),後八種四体譜 (1),,,
723,,波家譜 (2),五曲之譜 (2),中院家系譜 (1),葛忠武侯年譜 (1),,,
724,,喜楽譜 (2),鳳笙略譜 (2),持藤太年譜 (1),坪内逍遥印譜 (1),,,
725,,渉調譜 (2),麗篳篥譜 (2),漢名筆画譜 (1),唐詩七言画譜 (1),,,
726,,島図譜 (2),竜笛案譜 (2),軒変古箋譜 (1),故人俳諧画譜 (1),,,
727,,竹合譜 (2),舞曲案譜 (2),琴調子秘譜 (1),二汝亭群芳譜 (1),,,
728,,俗楽譜 (2),左舞按譜 (2),事参仕年譜 (1),水谷川家系譜 (1),,,
729,,山琴譜 (2),合香笙譜 (2),洞院家系譜 (1),宮家歴代印譜 (1),,,
730,,伝琴譜 (2),明清楽譜 (2),壬生家系譜 (1),宮家累代印譜 (1),,,
731,,琶ノ譜 (2),藩公印譜 (2),女礼儀画譜 (1),川家旗章略譜 (1),,,
732,,篥略譜 (2),烈公略譜 (2),内家御系譜 (1),新撰寛永銭譜 (1),,,
733,,篥本譜 (2),蘭皋印譜 (2),本勝景画譜 (1),先生俳諧画譜 (1),,,
734,,笙略譜 (2),塡詞圖譜 (2),張子祥画譜 (1),海内弘化句譜 (1),,,
735,,正楽譜 (2),大窪虫譜 (2),晴蝸廬印譜 (1),鳥羽名筆画譜 (1),,,
736,,香笙譜 (2),箏曲秘譜 (2),倉画四画譜 (1),大家花鳥画譜 (1),,,
737,,舞略譜 (2),丑朝顔譜 (2),并年譜印譜 (1),園翎毛花果譜 (1),,,
738,,清楽譜 (2),俳諧印譜 (2),必端堂硯譜 (1),梧竹先生印譜 (1),,,
739,,上図譜 (2),月樵画譜 (2),牙先生印譜 (1),尾崎紅葉印譜 (1),,,
740,,璿源譜 (2),齋点俳譜 (2),名海屋印譜 (1),文晁山水画譜 (1),,,
741,,皋印譜 (2),日本俳譜 (2),琵琶説秘譜 (1),尾形流畧印譜 (1),,,
742,,窪虫譜 (2),誹檀林譜 (2),儀侍中家譜 (1),元倣古今画譜 (1),,,
743,,諧印譜 (2),様振袖譜 (2),以下秘説譜 (1),抱一先生印譜 (1),,,
744,,本俳譜 (2),蘭竹畫譜 (2),青海波舞譜 (1),万工雛形画譜 (1),,,
745,,檀林譜 (2),工業画譜 (2),楽和琴古譜 (1),伊勢家花押譜 (1),,,
746,,振袖譜 (2),大家画譜 (2),大和舞歌譜 (1),月楼古鑑図譜 (1),,,
747,,竹畫譜 (2),斎翁画譜 (2),花山院家譜 (1),古鉄山房印譜 (1),,,
748,,業画譜 (2),音梵唄譜 (2),禅師略年譜 (1),竜眠山人印譜 (1),,,
749,,吉家譜 (2),大仏師譜 (2),楽宗明楽譜 (1),白眼居士印譜 (1),,,
750,,名系譜 (2),富樫家譜 (2),拍子仮名譜 (1),山侯頼寛印譜 (1),,,
751,,大統譜 (2),国志系譜 (2),球楽仮名譜 (1),高田早苗印譜 (1),,,
752,,派系譜 (2),侯御家譜 (2),楽高麗楽譜 (1),吉田半迂印譜 (1),,,
753,,仏師譜 (2),出御系譜 (2),郢曲十首譜 (1),近世諸家印譜 (1),,,
754,,樫家譜 (2),迄御系譜 (2),調曲仮名譜 (1),河米菴等印譜 (1),,,
755,,志系譜 (2),之御系譜 (2),西王楽破譜 (1),園保育唱歌譜 (1),,,
756,,和家譜 (2),政和家譜 (2),楽十天楽譜 (1),天王寺篳篥譜 (1),,,
757,,樹系譜 (2),政樹系譜 (2),名尊席田譜 (1),資相伝血脉譜 (1),,,
758,,泰印譜 (2),郢曲秘譜 (2),陵王荒序譜 (1),血脉道統之譜 (1),,,
759,,画印譜 (2),書画印譜 (2),篳篥伝授譜 (1),舘服部氏系譜 (1),,,
760,,軒印譜 (2),狩野印譜 (2),馬楽琵琶譜 (1),豊竹浄瑠璃譜 (1),,,
761,,私印譜 (2),典信印譜 (2),太食調曲譜 (1),泰西王氏銃譜 (1),,,
762,,渓印譜 (2),文堂印譜 (2),帝団乱旋譜 (1),容斎歴史画譜 (1),,,
763,,野印譜 (2),琴松印譜 (2),万秋楽箏譜 (1),する玩具図譜 (1),,,
764,,松印譜 (2),義堂印譜 (2),両只拍子譜 (1),本庄道芳家譜 (1),,,
765,,雪印譜 (2),山楼印譜 (2),及将律音譜 (1),本庄宗武家譜 (1),,,
766,,他印譜 (2),翠畝印譜 (2),譜胡絃略譜 (1),歴代皇后略譜 (1),,,
767,,川印譜 (2),徂徠印譜 (2),皇帝私案譜 (1),徳川幕府家譜 (1),,,
768,,氏印譜 (2),対山印譜 (2),帝護宗略譜 (1),州徳川家年譜 (1),,,
769,,徠印譜 (2),竹洞印譜 (2),普門山年譜 (1),慶州金氏族譜 (1),,,
770,,洞印譜 (2),林谷印譜 (2),微旨掌中譜 (1),崎門学脈系譜 (1),,,
771,,城印譜 (2),戸侯印譜 (2),四十八図譜 (1),万圀旗章図譜 (1),,,
772,,谷印譜 (2),慶子画譜 (2),易堂名花譜 (1),智姓河野家譜 (1),,,
773,,文印譜 (2),管城二譜 (2),乎古止点譜 (1),慶州李氏世譜 (1),,,
774,,等印譜 (2),妻琴の譜 (2),元禅師年譜 (1),明斎先生年譜 (1),,,
775,,侯印譜 (2),三五之譜 (2),息伝統系譜 (1),冲庵先生年譜 (1),,,
776,,義印譜 (2),口伝秘譜 (2),并武功之譜 (1),日本外史系譜 (1),,,
777,,城二譜 (2),笛要略譜 (2),蝦夷草木譜 (1),元治年間日譜 (1),,,
778,,琴の譜 (2),鳳笙古譜 (2),渓先生年譜 (1),歴代名人年譜 (1),,,
779,,五之譜 (2),鳳笙稚譜 (2),様紋帳画譜 (1),先生全集年譜 (1),,,
780,,伝秘譜 (2),調子安譜 (2),鑑寺宮系譜 (1),沖縄島草木譜 (1),,,
781,,笙古譜 (2),左舞曲譜 (2),田貞資系譜 (1),物館植物図譜 (1),,,
782,,笙稚譜 (2),遊諸歌譜 (2),民先生年譜 (1),群英類聚図譜 (1),,,
783,,子安譜 (2),曲附物譜 (2),太閤記図譜 (1),軒百千鳥禽譜 (1),,,
784,,五鼓譜 (2),花月琴譜 (2),証大師年譜 (1),北尾政美画譜 (1),,,
785,,左舞譜 (2),三線系譜 (2),木螺魚図譜 (1),遠西舶上画譜 (1),,,
786,,楽案譜 (2),一絃琴譜 (2),福寿草図譜 (1),四季草花図譜 (1),,,
787,,諸歌譜 (2),新葉雅譜 (2),方寸堂算譜 (1),人肖像図絵譜 (1),,,
788,,線系譜 (2),八識図譜 (2),術略伝系譜 (1),名並松村家譜 (1),,,
789,,今様譜 (2),孝経印譜 (2),大名衆名譜 (1),貞幹摹古印譜 (1),,,
790,,絃琴譜 (2),編年略譜 (2),甲図並系譜 (1),新図扶桑画譜 (1),,,
791,,葉雅譜 (2),一詩畫譜 (2),朝剣工系譜 (1),神楽篳篥之譜 (1),,,
792,,詩牌譜 (2),吾嬬筝譜 (2),本多氏系譜 (1),並小調子密譜 (1),,,
793,,仙画譜 (2),折句画譜 (2),康公御年譜 (1),中絃只拍子譜 (1),,,
794,,経印譜 (2),小袖累譜 (2),尾陽御系譜 (1),興以来新作譜 (1),,,
795,,年略譜 (2),北行日譜 (2),国造世系譜 (1),茶之湯釜図譜 (1),,,
796,,景図譜 (2),風俗画譜 (2),蘆声抄略譜 (1),附甲斐少将譜 (1),,,
797,,嬬筝譜 (2),家分脈譜 (2),声集仮名譜 (1),深山灌頂系譜 (1),,,
798,,句画譜 (2),心声諧譜 (2),策門人碁譜 (1),新古模様図譜 (1),,,
799,,袖累譜 (2),長重年譜 (2),竹林亭棋譜 (1),児島県草木譜 (1),,,
800,,行日譜 (2),仏器図譜 (2),間名家棋譜 (1),日本近代銭譜 (1),,,
801,,俗画譜 (2),蕙齋畫譜 (2),歌人物図譜 (1),増補正燈世譜 (1),,,
802,,分脈譜 (2),物産圖譜 (2),皇代系図譜 (1),士村上派系譜 (1),,,
803,,声諧譜 (2),鄭膠柱譜 (2),国名所画譜 (1),明人芸林名譜 (1),,,
804,,重年譜 (2),良田家譜 (2),類聚略方譜 (1),画潜龍堂画譜 (1),,,
805,,府系譜 (2),有馬系譜 (2),狩野氏族譜 (1),縮図聚珍画譜 (1),,,
806,,碁家譜 (2),過庭書譜 (2),卿傳職年譜 (1),沢累世遺印譜 (1),,,
807,,海棠譜 (2),孫氏書譜 (2),田信玄年譜 (1),久間象山印譜 (1),,,
808,,庖丁譜 (2),雲山画譜 (2),井利勝年譜 (1),後国鐔工系譜 (1),,,
809,,諸鳥譜 (2),方氏墨譜 (2),治憲公年譜 (1),楽茶碗師統譜 (1),,,
810,,諸介譜 (2),宋画華譜 (2),系軍功年譜 (1),阿弥三家刀譜 (1),,,
811,,産圖譜 (2),水園印譜 (2),心血脈之譜 (1),漢土帝王印譜 (1),,,
812,,井系譜 (2),古集印譜 (2),郷伝職年譜 (1),列私解剖図譜 (1),,,
813,,木系譜 (2),二程印譜 (2),正祝権祝譜 (1),康俊兄弟系譜 (1),,,
814,,馬系譜 (2),觧字韻譜 (2),皇子女略譜 (1),双石玉田印譜 (1),,,
815,,庭書譜 (2),部氏系譜 (2),活板大字譜 (1),片山貫道印譜 (1),,,
816,,氏書譜 (2),刀剣図譜 (2),八丈島図譜 (1),寛斎米庵印譜 (1),,,
817,,斎年譜 (2),日本竹譜 (2),清名公欸譜 (1),長澤芦雪印譜 (1),,,
818,,解体譜 (2),帝王御譜 (2),刻万物画譜 (1),桂月先生印譜 (1),,,
819,,代印譜 (2),帝皇畧譜 (2),真先生画譜 (1),彫工横谷系譜 (1),,,
820,,氏墨譜 (2),璿源系譜 (2),瞑石斎印譜 (1),大神官禰宜譜 (1),,,
821,,画華譜 (2),物館図譜 (2),楽糸竹合譜 (1),大神宮禰宜譜 (1),,,
822,,集印譜 (2),家略年譜 (2),高麗觱篥譜 (1),矛鑓起源略譜 (1),,,
823,,書印譜 (2),物館介譜 (2),朝琵琶案譜 (1),鍛冶年略系譜 (1),,,
824,,程印譜 (2),物館禽譜 (2),音捷要琴譜 (1),庄内金工名譜 (1),,,
825,,血脉譜 (2),物館虫譜 (2),馬楽風俗譜 (1),常平通寶銭譜 (1),,,
826,,剣図譜 (2),附物案譜 (2),明治撰定譜 (1),洋峨撫箏雅譜 (1),,,
827,,本竹譜 (2),年青図譜 (2),方舞曲案譜 (1),本阿弥家刀譜 (1),,,
828,,王御譜 (2),追弔泉譜 (2),蘓草者舞譜 (1),譜並家木家譜 (1),,,
829,,皇畧譜 (2),鴬邨画譜 (2),樂朗詠歌譜 (1),前家御長家譜 (1),,,
830,,門系譜 (2),古今釜譜 (2),向付物ノ譜 (1),鳥居家中興譜 (1),,,
831,,野家譜 (2),上杉家譜 (2),調子琵琶譜 (1),大坪流善御譜 (1),,,
832,,集年譜 (2),張家系譜 (2),秋楽假名譜 (1),増補正灯世譜 (1),,,
833,,牡丹譜 (2),神別系譜 (2),和琴楽ノ譜 (1),和源氏御年譜 (1),,,
834,,聚図譜 (2),森齋石譜 (2),覚上人年譜 (1),岡鬼彌太建譜 (1),,,
835,,館図譜 (2),松家系譜 (2),祖師略年譜 (1),時代刑罰図譜 (1),,,
836,,館介譜 (2),津家系譜 (2),薬房略方譜 (1),町田本宗系譜 (1),,,
837,,館禽譜 (2),前家系譜 (2),佩文齋書譜 (1),川義直御年譜 (1),,,
838,,館虫譜 (2),戸家系譜 (2),平通寶錢譜 (1),直茂公三徳譜 (1),,,
839,,舞古譜 (2),門閥系譜 (2),備楽太鼓譜 (1),漢古稀世泉譜 (1),,,
840,,青図譜 (2),続藩翰譜 (2),位階沿革譜 (1),藏泉出入図譜 (1),,,
841,,弔泉譜 (2),俳優家譜 (2),国史姓名譜 (1),鞍鐙彫刻系譜 (1),,,
842,,古泉譜 (2),琶秘曲譜 (2),東山道路譜 (1),岡島仮名家譜 (1),,,
843,,家刀譜 (2),刀工系譜 (2),国往来略譜 (1),坪当流伝統譜 (1),,,
844,,今釜譜 (2),倭舞箏譜 (2),先生遺印譜 (1),親得度者略譜 (1),,,
845,,弟系譜 (2),朗詠墨譜 (2),梧竹堂書譜 (1),戸浄瑠璃家譜 (1),,,
846,,禰宜譜 (2),打物案譜 (2),中山家印譜 (1),雅楽名調楽譜 (1),,,
847,,杉家譜 (2),舞曲按譜 (2),職人物画譜 (1),藤原有馬世譜 (1),,,
848,,別系譜 (2),茶具図譜 (2),四季倭画譜 (1),土伝灯総系譜 (1),,,
849,,齋石譜 (2),部屋系譜 (2),家連誹系譜 (1),譜御部屋系譜 (1),,,
850,,生家譜 (2),磨家系譜 (2),勤仕諸系譜 (1),清和源氏系譜 (1),,,
851,,閥系譜 (2),本家系譜 (2),河藩士系譜 (1),仁同張氏派譜 (1),,,
852,,優家譜 (2),渡大錢譜 (2),石燈籠図譜 (1),題仁同氏世譜 (1),,,
853,,箏案譜 (2),黒田年譜 (2),摸様振袖譜 (1),能久親王年譜 (1),,,
854,,舞箏譜 (2),松本家譜 (2),職工業画譜 (1),大給松平系譜 (1),,,
855,,詠墨譜 (2),棲鳳畫譜 (2),戸金工名譜 (1),西洋船聚図譜 (1),,,
856,,曲按譜 (2),真草画譜 (2),臣秀吉家譜 (1),門的伝正統譜 (1),,,
857,,調楽譜 (2),容齋画譜 (2),御当家系譜 (1),なぞなぞ画譜 (1),,,
858,,妓名譜 (2),珍花図譜 (2),萬聲大統譜 (1),家中古今之譜 (1),,,
859,,大錢譜 (2),史図解譜 (2),前国長崎譜 (1),羽家坂東系譜 (1),,,
860,,田年譜 (2),本藩系譜 (2),佐竹氏年譜 (1),岡松嶋家系譜 (1),,,
861,,本家譜 (2),諧拾遺譜 (2),門学派系譜 (1),飯田家御系譜 (1),,,
862,,草画譜 (2),三体書譜 (2),荒木氏家譜 (1),山流尺八吾譜 (1),,,
863,,家畧譜 (2),本多家譜 (2),州沿革図譜 (1),越前守鎮政譜 (1),,,
864,,図解譜 (2),桑百菊譜 (2),頼先生印譜 (1),賞奇軒墨竹譜 (1),,,
865,,枝系譜 (2),丹鶴圖譜 (2),伝法嗣法譜 (1),楽盤渉調楽譜 (1),,,
866,,拾遺譜 (2),族類別譜 (2),当家御系譜 (1),松渓花鳥画譜 (1),,,
867,,体書譜 (2),伊達氏譜 (2),田忠継家譜 (1),諸國名所画譜 (1),,,
868,,子年譜 (2),卷坿詩譜 (2),言ヨリ系譜 (1),家十二支画譜 (1),,,
869,,鶴圖譜 (2),上氏家譜 (2),池田家年譜 (1),高山植物図譜 (1),,,
870,,公族譜 (2),達家系譜 (2),珪侯御家譜 (1),波多野家畧譜 (1),,,
871,,類別譜 (2),代々年譜 (2),利政公家譜 (1),大家山水画譜 (1),,,
872,,達氏譜 (2),藤氏系譜 (2),政信公家譜 (1),和漢山水画譜 (1),,,
873,,柳營譜 (2),林氏系譜 (2),通侯御家譜 (1),雛形工業画譜 (1),,,
874,,坿詩譜 (2),理家族譜 (2),祖同姓系譜 (1),幽窓夜話茶譜 (1),,,
875,,古圖譜 (2),圖指南譜 (2),蒙御残御譜 (1),前田家系統譜 (1),,,
876,,々年譜 (2),七島圖譜 (2),政改革依譜 (1),菅家浦壁系譜 (1),,,
877,,家族譜 (2),圖暗射譜 (2),改革残人譜 (1),前田庶家系譜 (1),,,
878,,島圖譜 (2),東溪畫譜 (2),山城守系譜 (1),付置候御家譜 (1),,,
879,,暗射譜 (2),名山圖譜 (2),御続之系譜 (1),蕃山先生年譜 (1),,,
880,,閑系譜 (2),笛假名譜 (2),断絶之系譜 (1),山斎茶具図譜 (1),,,
881,,包家譜 (2),魏氏樂譜 (2),代迄御系譜 (1),袖中正統世譜 (1),,,
882,,溪畫譜 (2),琵琶略譜 (2),世迄御系譜 (1),菱川師宣書譜 (1),,,
883,,山圖譜 (2),公長畫譜 (2),守恒元系譜 (1),唐孫過庭書譜 (1),,,
884,,氏樂譜 (2),紫石畫譜 (2),出之御系譜 (1),梅室雪雄句譜 (1),,,
885,,琶略譜 (2),磐翁年譜 (2),田淡水系譜 (1),有毒植物図譜 (1),,,
886,,長畫譜 (2),分脈系譜 (2),農夫也系譜 (1),田家歴代略譜 (1),,,
887,,儀歌譜 (2),喪儀歌譜 (2),田政雄系譜 (1),野風堂新曲譜 (1),,,
888,,言畫譜 (2),一節切譜 (2),田政樹系譜 (1),速成三体書譜 (1),,,
889,,踊歌譜 (2),能管之譜 (2),御支流系譜 (1),島式三体書譜 (1),,,
890,,節切譜 (2),高麗笛譜 (2),校正御家譜 (1),友精提出系譜 (1),,,
891,,授系譜 (2),語補系譜 (2),御同姓系譜 (1),一溪先生家譜 (1),,,
892,,管之譜 (2),横笛之譜 (2),田章政年譜 (1),阿蘭陀流系譜 (1),,,
893,,陵王譜 (2),田氏家譜 (2),詮政公年譜 (1),玄機消長八譜 (1),,,
894,,麗笛譜 (2),声明系譜 (2),五峰楼印譜 (1),新地哥妓名譜 (1),,,
895,,笙之譜 (2),声明私譜 (2),笛並大鼓譜 (1),茶譜1巻茶譜 (1),,,
896,,明系譜 (2),伽陀仮譜 (2),王寺觱楽譜 (1),六角屋形年譜 (1),,,
897,,明私譜 (2),畫人名譜 (2),調郢曲秘譜 (1),黎湖先生年譜 (1),,,
898,,陀仮譜 (2),薬房方譜 (2),書法貫通譜 (1),文解字篆韻譜 (1),,,
899,,撃物譜 (2),乳岩図譜 (2),澹寧居印譜 (1),附宜陽子年譜 (1),,,
900,,房方譜 (2),物語系譜 (2),台雲影印譜 (1),岡流烽火全譜 (1),,,
901,,岩図譜 (2),中小曲譜 (2),滕畊泰印譜 (1),主前田氏世譜 (1),,,
902,,舞楽譜 (2),本朝箏譜 (2),其器斎印譜 (1),田家略御系譜 (1),,,
903,,小曲譜 (2),古言調譜 (2),愛蝶軒印譜 (1),田家縁類系譜 (1),,,
904,,朝箏譜 (2),南並雪譜 (2),安寧楼印譜 (1),前田利家年譜 (1),,,
905,,竜音譜 (2),石河系譜 (2),遊歴中印譜 (1),方并家事年譜 (1),,,
906,,言調譜 (2),竹中系譜 (2),倉勝職印譜 (1),国公畧御年譜 (1),,,
907,,並雪譜 (2),部家系譜 (2),原蔬香印譜 (1),応公嗣君略譜 (1),,,
908,,中系譜 (2),王家系譜 (2),雲煙家印譜 (1),雅楽筝音取譜 (1),,,
909,,戸系譜 (2),太田系譜 (2),芸閣私印譜 (1),撰の菅家累譜 (1),,,
910,,子印譜 (2),倉家系譜 (2),橋訥庵印譜 (1),田従五位等譜 (1),,,
911,,西系譜 (2),文晁畫譜 (2),野淡斎印譜 (1),召仕候に付譜 (1),,,
912,,晁畫譜 (2),圓翁畫譜 (2),山林堂印譜 (1),土佐守家略譜 (1),,,
913,,翁畫譜 (2),玄對畫譜 (2),野常信印譜 (1),系図并御家譜 (1),,,
914,,對畫譜 (2),人物畫譜 (2),何礼之印譜 (1),治千代吉家譜 (1),,,
915,,物畫譜 (2),公室年譜 (2),杏所刻印譜 (1),竹堂先生年譜 (1),,,
916,,藩瀚譜 (2),笠原家譜 (2),巻菱湖印譜 (1),公朱夫子年譜 (1),,,
917,,室年譜 (2),郢曲要譜 (2),林道彦印譜 (1),陽文忠公年譜 (1),,,
918,,曲要譜 (2),人墨竹譜 (2),順先生印譜 (1),陽村先生年譜 (1),,,
919,,之年譜 (2),渋谷系譜 (2),八仙歌印譜 (1),參考集古圖譜 (1),,,
920,,達系譜 (2),狩太鼓譜 (2),氏其他印譜 (1),朝諸家畧系譜 (1),,,
921,,居琴譜 (2),島氏系譜 (2),拾翠館印譜 (1),姓新田氏系譜 (1),,,
922,,笛楽譜 (2),伊達系譜 (2),雨山房印譜 (1),家御代々年譜 (1),,,
923,,子並譜 (2),秘曲之譜 (2),松竹処印譜 (1),氏系譜付略譜 (1),,,
924,,表曲譜 (2),月居琴譜 (2),越禅師印譜 (1),代並公族略譜 (1),,,
925,,神樂譜 (2),横笛楽譜 (2),古倭漢印譜 (1),姓佐藤氏系譜 (1),,,
926,,山仮譜 (2),調子並譜 (2),酔竹園印譜 (1),版袖寶古錢譜 (1),,,
927,,集仮譜 (2),簫表曲譜 (2),対山人款譜 (1),菊池容齋畫譜 (1),,,
928,,い歌譜 (2),魚山仮譜 (2),竹素園印譜 (1),日本風景畫譜 (1),,,
929,,治国譜 (2),勢家系譜 (2),蔵古鋳印譜 (1),畫家系同印譜 (1),,,
930,,候年譜 (2),まい歌譜 (2),堤柳居印譜 (1),家歴代御印譜 (1),,,
931,,義字譜 (2),國候年譜 (2),城先生印譜 (1),合作地口畫譜 (1),,,
932,,城秘譜 (1),半山畫譜 (2),材雅堂印譜 (1),國家金銀錢譜 (1),,,
933,,竹家譜 (1),簧工尺譜 (2),嶽山人印譜 (1),家中騷動之譜 (1),,,
934,,軽家譜 (1),壽堂印譜 (2),西疇篆印譜 (1),田甲斐喧嘩譜 (1),,,
935,,軽系譜 (1),百義字譜 (2),見竹洞印譜 (1),良流刑閉門譜 (1),,,
936,,楽楽譜 (1),苗城秘譜 (1),山子竜印譜 (1),六右衛門家譜 (1),,,
937,,旦画譜 (1),入花押譜 (1),原正賢印譜 (1),清水道閑系譜 (1),,,
938,,玉画譜 (1),上御系譜 (1),山房私印譜 (1),藤原国包家譜 (1),,,
939,,寿画譜 (1),軽家家譜 (1),々山人印譜 (1),屋孫兵衛年譜 (1),,,
940,,競画譜 (1),七月系譜 (1),石道人印譜 (1),直筆同人家譜 (1),,,
941,,ン楽譜 (1),軽御系譜 (1),墨僊堂印譜 (1),闇齋先生年譜 (1),,,
942,,虫画譜 (1),統家家譜 (1),川林谷印譜 (1),圖1卷東音譜 (1),,,
943,,口画譜 (1),佐竹家譜 (1),田斉泰印譜 (1),附録1卷鼓譜 (1),,,
944,,梅石譜 (1),津軽家譜 (1),野貞喜印譜 (1),資相傳血脉譜 (1),,,
945,,人物譜 (1),六家系譜 (1),寧正同印譜 (1),大槻民治家譜 (1),,,
946,,菊画譜 (1),津軽系譜 (1),源胤昌印譜 (1),藤浦之助家譜 (1),,,
947,,萄画譜 (1),雅楽楽譜 (1),源勝文印譜 (1),刀工國包家譜 (1),,,
948,,迦氏譜 (1),鶴堂画譜 (1),源信亨印譜 (1),星孫兵衞家譜 (1),,,
949,,育画譜 (1),雪旦画譜 (1),慶篤等印譜 (1),大雅山水畫譜 (1),,,
950,,山花譜 (1),山蘭竹譜 (1),源定能印譜 (1),山水樹石畫譜 (1),,,
951,,英雄譜 (1),其玉画譜 (1),斎国芳印譜 (1),石齋集古印譜 (1),,,
952,,魚画譜 (1),北寿画譜 (1),下翠畝印譜 (1),代々銘判圖譜 (1),,,
953,,博物譜 (1),樹石画譜 (1),田以文印譜 (1),一首小傳系譜 (1),,,
954,,式圖譜 (1),南亭画譜 (1),名景順印譜 (1),青柳館藏泉譜 (1),,,
955,,銭図譜 (1),亭斎画譜 (1),本西厓印譜 (1),蘇卦爻象系譜 (1),,,
956,,譜画譜 (1),手競画譜 (1),比閑斎印譜 (1),田村家御系譜 (1),,,
957,,園禽譜 (1),桜花図譜 (1),竹田擬印譜 (1),子平先生年譜 (1),,,
958,,園菌譜 (1),オン楽譜 (1),鑑定家印譜 (1),元明清人名譜 (1),,,
959,,摩鳥譜 (1),鳥虫画譜 (1),幕府押印譜 (1),朝鮮風俗畫譜 (1),,,
960,,海草譜 (1),吾山画譜 (1),江山水画譜 (1),山水北樹画譜 (1),,,
961,,百鳥譜 (1),地口画譜 (1),鶯囀鳳笙譜 (1),古今稀世泉譜 (1),,,
962,,化画譜 (1),墨香画譜 (1),囀琵琶古譜 (1),北斎人物画譜 (1),,,
963,,籬圖譜 (1),百花図譜 (1),四の緒の譜 (1),明清名家画譜 (1),,,
964,,品花譜 (1),治梅石譜 (1),篥仮名案譜 (1),明治勲章図譜 (1),,,
965,,植物譜 (1),人人物譜 (1),還城楽秘譜 (1),將士英傑画譜 (1),,,
966,,成図譜 (1),梅菊画譜 (1),飲酒舞案譜 (1),草双紙褾帋譜 (1),,,
967,,類圖譜 (1),写祥画譜 (1),胡飲酒舞譜 (1),流血脉道統譜 (1),,,
968,,呉蕈譜 (1),葡萄画譜 (1),景光自筆譜 (1),佐嘉諸士系譜 (1),,,
969,,氏介譜 (1),釈迦氏譜 (1),神楽歌案譜 (1),唐詩五言畫譜 (1),,,
970,,物圖譜 (1),尚堂画譜 (1),催馬楽案譜 (1),唐詩七言畫譜 (1),,,
971,,本魚譜 (1),教育画譜 (1),馬楽笛古譜 (1),神傳八雲琴譜 (1),,,
972,,鴎蘭譜 (1),圓翁画譜 (1),朝倉蛬古譜 (1),世大夫花押譜 (1),,,
973,,名所譜 (1),高山花譜 (1),居月琴詞譜 (1),社士三黨系譜 (1),,,
974,,堂泉譜 (1),草花画譜 (1),四季今様譜 (1),系行事ノ年譜 (1),,,
975,,草花譜 (1),蟲魚画譜 (1),短笛秘伝譜 (1),ひちりき案譜 (1),,,
976,,林菌譜 (1),野家画譜 (1),郎先生茶譜 (1),内遠翁略年譜 (1),,,
977,,活字譜 (1),山翁画譜 (1),雅山水画譜 (1),垣内内遠年譜 (1),,,
978,,合字譜 (1),五言画譜 (1),福井氏系譜 (1),書紀天皇系譜 (1),,,
979,,楽本譜 (1),春渓画譜 (1),覺上人年譜 (1),勝道尊者年譜 (1),,,
980,,復訳譜 (1),六式圖譜 (1),大成真写譜 (1),土真宗五派譜 (1),,,
981,,石圖譜 (1),一勇画譜 (1),言人物画譜 (1),起并三虚靈譜 (1),,,
982,,堂魚譜 (1),古銭図譜 (1),流百景図譜 (1),箏曲傳授系譜 (1),,,
983,,林石譜 (1),閣記図譜 (1),公自記年譜 (1),本外史補系譜 (1),,,
984,,石蘭譜 (1),俳譜画譜 (1),田新続家譜 (1),顧氏玉篇韻譜 (1),,,
985,,月画譜 (1),集古図譜 (1),貫首御家譜 (1),家田中氏系譜 (1),,,
986,,翎毛譜 (1),梅園魚譜 (1),葉本草図譜 (1),射和文庫印譜 (1),,,
987,,尾張譜 (1),梅園禽譜 (1),泉書上図譜 (1),麗遠楽比巴譜 (1),,,
988,,褾紙譜 (1),梅園菌譜 (1),訂名公書譜 (1),高麗楽両絃譜 (1),,,
989,,年年譜 (1),薩摩鳥譜 (1),馬楽篳篥譜 (1),伝授書並楽譜 (1),,,
990,,賀家譜 (1),譜海草譜 (1),篥箏平調譜 (1),狛近真陵王譜 (1),,,
991,,自歴譜 (1),敬所印譜 (1),玩貝類図譜 (1),笛秘曲仮名譜 (1),,,
992,,実年譜 (1),文化画譜 (1),江水産図譜 (1),列國君臣系譜 (1),,,
993,,及系譜 (1),堂并系譜 (1),一橋家系譜 (1),着模様振袖譜 (1),,,
994,,丹家譜 (1),灯籠図譜 (1),竜笛鳳笙譜 (1),照大神君年譜 (1),,,
995,,并家譜 (1),園籬圖譜 (1),総介斎良譜 (1),奉行歴代名譜 (1),,,
996,,瀬家譜 (1),等品花譜 (1),閑院家系譜 (1),常行堂声明譜 (1),,,
997,,掌家譜 (1),島植物譜 (1),近将監系譜 (1),尚斎先生年譜 (1),,,
998,,岐家譜 (1),晩成図譜 (1),守輝綱系譜 (1),具盤渉調の譜 (1),,,
999,,銘年譜 (1),柳川畫譜 (1),寺前住世譜 (1),声明曲方章譜 (1),,,
1000,,地図譜 (1),魚類圖譜 (1),大還閣琴譜 (1),名寺声明古譜 (1),,,
1001,,冊名譜 (1),山氏介譜 (1),田安府系譜 (1),明并伽陀仮譜 (1),,,
1002,,諧系譜 (1),動物圖譜 (1),渡辺氏系譜 (1),博士習所仮譜 (1),,,
1003,,間棋譜 (1),日本魚譜 (1),渡辺氏族譜 (1),龍笛假名案譜 (1),,,
1004,,掛リ譜 (1),禪師年譜 (1),浦梅潭年譜 (1),撰定外鳳笙譜 (1),,,
1005,,武略譜 (1),勝名所譜 (1),杉浦家系譜 (1),調撥合調子譜 (1),,,
1006,,松平譜 (1),産物図譜 (1),本亡羊年譜 (1),合一具撃物譜 (1),,,
1007,,華年譜 (1),昌堂泉譜 (1),馬人物画譜 (1),一具笙箏両譜 (1),,,
1008,,鑑年譜 (1),心草科譜 (1),劔録海棠譜 (1),一具笛撃物譜 (1),,,
1009,,花系譜 (1),伯林菌譜 (1),齋寫眞畫譜 (1),香一具鳳笙譜 (1),,,
1010,,真形譜 (1),古活字譜 (1),物寫生圖譜 (1),蘇合香横笛譜 (1),,,
1011,,現御譜 (1),伝仮名譜 (1),国旌旗図譜 (1),合香羯鼓之譜 (1),,,
1012,,軍略譜 (1),秋楽本譜 (1),佐々木家譜 (1),救荒啓蒙野譜 (1),,,
1013,,燈年譜 (1),旋復訳譜 (1),前田御年譜 (1),生軒内科方譜 (1),,,
1014,,当統譜 (1),旋国字譜 (1),可睡斎略譜 (1),香合万秋楽譜 (1),,,
1015,,院宮譜 (1),旋竜笛譜 (1),各門蹟系譜 (1),長秋宮横笛譜 (1),,,
1016,,流笛譜 (1),旋篳篥譜 (1),条流断家譜 (1),譜付笠間氏譜 (1),,,
1017,,倉家譜 (1),玉石圖譜 (1),田流筝曲譜 (1),威公義公年譜 (1),,,
1018,,作文譜 (1),葭堂魚譜 (1),家中略系譜 (1),原量秋鳳笙譜 (1),,,
1019,,主系譜 (1),甘氏宗譜 (1),使親長年譜 (1),原繁秋鳳笙譜 (1),,,
1020,,跡之譜 (1),甘氏家譜 (1),新撰藩翰譜 (1),原竜秋鳳笙譜 (1),,,
1021,,蹴鞠譜 (1),劉氏家譜 (1),国君臣系譜 (1),鳳笙只拍子譜 (1),,,
1022,,尽鞠譜 (1),錢氏宗譜 (1),守豊範系譜 (1),原幸秋鳳笙譜 (1),,,
1023,,親戚譜 (1),雲林石譜 (1),町奉行統譜 (1),物語年立系譜 (1),,,
1024,,外戚譜 (1),紫石蘭譜 (1),地図并系譜 (1),宮御田祭歌譜 (1),,,
1025,,書並譜 (1),二月画譜 (1),華名人図譜 (1),所御神楽歌譜 (1),,,
1026,,寺年譜 (1),斎翎毛譜 (1),町奉行職譜 (1),進流声明私譜 (1),,,
1027,,小説譜 (1),山堂画譜 (1),利公御年譜 (1),梨書伽陀仮譜 (1),,,
1028,,画竹譜 (1),口合画譜 (1),蒹葭堂琴譜 (1),南竹臨調子譜 (1),,,
1029,,教年譜 (1),社中画譜 (1),公一代雑譜 (1),都右方人系譜 (1),,,
1030,,能略譜 (1),紙褾紙譜 (1),鉾古代図譜 (1),多野流平曲譜 (1),,,
1031,,殿竹譜 (1),道年年譜 (1),那名刻印譜 (1),曲竜笛仮字譜 (1),,,
1032,,肩鼓譜 (1),孝公年譜 (1),水先生年譜 (1),音旦御目見譜 (1),,,
1033,,世碁譜 (1),須賀家譜 (1),榕自叙年譜 (1),芝家伝来舞譜 (1),,,
1034,,牙籌譜 (1),尚自歴譜 (1),物理学図譜 (1),納言物語系譜 (1),,,
1035,,雷秘譜 (1),諸師年譜 (1),和蘭王系譜 (1),家近代家系譜 (1),,,
1036,,藩名譜 (1),行実年譜 (1),八種四体譜 (1),流八十八曲譜 (1),,,
1037,,中星譜 (1),伝及系譜 (1),桂川家印譜 (1),儀立合右舞譜 (1),,,
1038,,洞門譜 (1),平井家譜 (1),忠武侯年譜 (1),広猶懐中笙譜 (1),,,
1039,,今田譜 (1),伊丹家譜 (1),内逍遥印譜 (1),林広貫右舞譜 (1),,,
1040,,羯皷譜 (1),伝并家譜 (1),詩七言画譜 (1),林広貫琵琶譜 (1),,,
1041,,雲上譜 (1),小瀬家譜 (1),人俳諧画譜 (1),神楽和琴秘譜 (1),,,
1042,,路家譜 (1),職掌家譜 (1),汝亭群芳譜 (1),鐘調太食調譜 (1),,,
1043,,斎方譜 (1),主歴代譜 (1),桂杏聯芳譜 (1),琵琶引方案譜 (1),,,
1044,,指掌譜 (1),土岐家譜 (1),谷川家系譜 (1),舞楽用篳篥譜 (1),,,
1045,,斉画譜 (1),氏略系譜 (1),家歴代印譜 (1),舞楽用鳳笙譜 (1),,,
1046,,太年譜 (1),塔銘年譜 (1),家累代印譜 (1),原定輔琵琶譜 (1),,,
1047,,庵花譜 (1),一詩画譜 (1),家旗章略譜 (1),風俗篳篥本譜 (1),,,
1048,,上竹譜 (1),城地図譜 (1),御旗印図譜 (1),生居一絃琴譜 (1),,,
1049,,古箋譜 (1),諸家略譜 (1),撰寛永銭譜 (1),伝授四大曲譜 (1),,,
1050,,附図譜 (1),短冊名譜 (1),生俳諧画譜 (1),家琵琶一部譜 (1),,,
1051,,蕈図譜 (1),鎮侯年譜 (1),内弘化句譜 (1),大山引声墨譜 (1),,,
1052,,科図譜 (1),俳諧系譜 (1),五果実画譜 (1),笙管弦之秘譜 (1),,,
1053,,四穴譜 (1),年間棋譜 (1),羽名筆画譜 (1),鳳笙中小曲譜 (1),,,
1054,,子秘譜 (1),親王系譜 (1),張州英画譜 (1),鳳笙呂律秘譜 (1),,,
1055,,仕年譜 (1),祠官系譜 (1),瀟々亭石譜 (1),鳳鳴抄付箏譜 (1),,,
1056,,室家譜 (1),璃大系譜 (1),翎毛花果譜 (1),庭楽外五曲譜 (1),,,
1057,,儀画譜 (1),之掛リ譜 (1),竹先生印譜 (1),楽只拍子箏譜 (1),,,
1058,,軍年譜 (1),公武略譜 (1),崎紅葉印譜 (1),楽只拍子笛譜 (1),,,
1059,,家款譜 (1),竜華年譜 (1),晁山水画譜 (1),蘇合香大曲譜 (1),,,
1060,,廬印譜 (1),軍鑑年譜 (1),形流畧印譜 (1),万秋楽篳篥譜 (1),,,
1061,,四画譜 (1),諧花系譜 (1),倣古今画譜 (1),并採桑老舞譜 (1),,,
1062,,譜印譜 (1),星真形譜 (1),一先生印譜 (1),笙琵琶対照譜 (1),,,
1063,,堂硯譜 (1),権現御譜 (1),工雛形画譜 (1),万秋楽鳳笙譜 (1),,,
1064,,游印譜 (1),将軍略譜 (1),勢家花押譜 (1),密宗声明系譜 (1),,,
1065,,琴印譜 (1),法燈年譜 (1),楼古鑑図譜 (1),声明相承系譜 (1),,,
1066,,説秘譜 (1),承当統譜 (1),水石堂印譜 (1),書目並詩牌譜 (1),,,
1067,,中家譜 (1),淡藩翰譜 (1),鉄山房印譜 (1),役者師弟系譜 (1),,,
1068,,秘説譜 (1),賀略系譜 (1),眠山人印譜 (1),山田流箏曲譜 (1),,,
1069,,波舞譜 (1),声光詞譜 (1),強勉斎印譜 (1),歌并巫子舞譜 (1),,,
1070,,琴古譜 (1),蓮院宮譜 (1),眼居士印譜 (1),楽篳篥仮名譜 (1),,,
1071,,琴楽譜 (1),禅燈世譜 (1),松香館印譜 (1),俗神楽歌舞譜 (1),,,
1072,,箏古譜 (1),田流笛譜 (1),侯頼寛印譜 (1),道灌頂附楽譜 (1),,,
1073,,廟世譜 (1),板倉家譜 (1),鎌倉古瓦譜 (1),陵王荒序笙譜 (1),,,
1074,,明楽譜 (1),書作文譜 (1),飛鴻堂印譜 (1),王荒序鳳笙譜 (1),,,
1075,,三五譜 (1),秋列国譜 (1),問竒亭印譜 (1),王荒序舞秘譜 (1),,,
1076,,十首譜 (1),神御年譜 (1),博山居印譜 (1),趣経々頭私譜 (1),,,
1077,,楽破譜 (1),斎公年譜 (1),李王家印譜 (1),理趣経中曲譜 (1),,,
1078,,天楽譜 (1),翁御年譜 (1),田早苗印譜 (1),琉球三絃楽譜 (1),,,
1079,,貴徳譜 (1),始祖年譜 (1),田半迂印譜 (1),笛大曲仮名譜 (1),,,
1080,,席田譜 (1),神主系譜 (1),竒勝堂印譜 (1),竜笛中小曲譜 (1),,,
1081,,秘蔵譜 (1),門跡之譜 (1),世諸家印譜 (1),破新羅陵王譜 (1),,,
1082,,鞨皷譜 (1),曲尽鞠譜 (1),米菴等印譜 (1),梁塵并糸竹譜 (1),,,
1083,,楽維譜 (1),戸外戚譜 (1),頼山陽印譜 (1),祭舞人輪作譜 (1),,,
1084,,城楽譜 (1),諸姓系譜 (1),保育唱歌譜 (1),御作古言調譜 (1),,,
1085,,皇帝譜 (1),国諸家譜 (1),王寺篳篥譜 (1),講並郢曲墨譜 (1),,,
1086,,律音譜 (1),並朗詠譜 (1),相伝血脉譜 (1),伊豆宿禰系譜 (1),,,
1087,,私案譜 (1),楽曲笛譜 (1),脉道統之譜 (1),伊勢国士系譜 (1),,,
1088,,宗略譜 (1),伝書並譜 (1),善本留真譜 (1),熱田旧家系譜 (1),,,
1089,,軽図譜 (1),役者年譜 (1),服部氏系譜 (1),眼目篇訳図譜 (1),,,
1090,,掌中譜 (1),斎自叙譜 (1),竹浄瑠璃譜 (1),譜附竹中系譜 (1),,,
1091,,八図譜 (1),氏御系譜 (1),西王氏銃譜 (1),安藤帯刀系譜 (1),,,
1092,,橘柿譜 (1),候御系譜 (1),斎歴史画譜 (1),山神戸氏系譜 (1),,,
1093,,止点譜 (1),徳寺年譜 (1),る玩具図譜 (1),今川家諸系譜 (1),,,
1094,,修製譜 (1),史小説譜 (1),庄道芳家譜 (1),家瀬名家系譜 (1),,,
1095,,手綱譜 (1),関流系譜 (1),庄宗武家譜 (1),梅小路家系譜 (1),,,
1096,,功之譜 (1),坡画竹譜 (1),代皇后略譜 (1),大年表要翰譜 (1),,,
1097,,古韻譜 (1),実教年譜 (1),平山申氏譜 (1),助副充君系譜 (1),,,
1098,,帳画譜 (1),忠能略譜 (1),川幕府家譜 (1),皇子皇孫系譜 (1),,,
1099,,資系譜 (1),成公年譜 (1),徳川家年譜 (1),孫親王家系譜 (1),,,
1100,,魚図譜 (1),宮御系譜 (1),州金氏族譜 (1),郡錦織氏系譜 (1),,,
1101,,群英譜 (1),子御家譜 (1),門学脈系譜 (1),大石小山系譜 (1),,,
1102,,川堤譜 (1),亭家系譜 (1),圀旗章図譜 (1),炊御門家系譜 (1),,,
1103,,衆名譜 (1),陽殿竹譜 (1),姓河野家譜 (1),正親町家系譜 (1),,,
1104,,鐙師譜 (1),歌肩鼓譜 (1),州李氏世譜 (1),大久保総系譜 (1),,,
1105,,智家譜 (1),当世碁譜 (1),庵先生年譜 (1),臣古賀氏系譜 (1),,,
1106,,抄略譜 (1),雲雷秘譜 (1),本外史系譜 (1),小笠原氏系譜 (1),,,
1107,,吉棋譜 (1),我家系譜 (1),治年間日譜 (1),方家代々家譜 (1),,,
1108,,人碁譜 (1),駿藩名譜 (1),代名人年譜 (1),平麁配之系譜 (1),,,
1109,,亭棋譜 (1),人洞門譜 (1),生全集年譜 (1),奥の細道画譜 (1),,,
1110,,暦碁譜 (1),古今田譜 (1),縄島草木譜 (1),小田一流系譜 (1),,,
1111,,家棋譜 (1),統御系譜 (1),館植物図譜 (1),越智家御系譜 (1),,,
1112,,百泉譜 (1),小路家譜 (1),英類聚図譜 (1),塙保己一年譜 (1),,,
1113,,岳雪譜 (1),科家系譜 (1),百千鳥禽譜 (1),大田南畝印譜 (1),,,
1114,,諸族譜 (1),黙斎方譜 (1),将翁軒禽譜 (1),家伝君臣系譜 (1),,,
1115,,玄年譜 (1),暦指掌譜 (1),尾政美画譜 (1),諸士本末系譜 (1),,,
1116,,勝年譜 (1),な御系譜 (1),西舶上画譜 (1),文晁山水畫譜 (1),,,
1117,,照公譜 (1),栄語系譜 (1),季草花図譜 (1),歴代名公畫譜 (1),,,
1118,,猷公譜 (1),清館印譜 (1),尾形流画譜 (1),菅家正統系譜 (1),,,
1119,,有公譜 (1),泉啄木譜 (1),肖像図絵譜 (1),州水戸御系譜 (1),,,
1120,,憲公譜 (1),筆琵琶譜 (1),並松村家譜 (1),山川円山系譜 (1),,,
1121,,昭公譜 (1),位式図譜 (1),幹摹古印譜 (1),郎信綱家系譜 (1),,,
1122,,章公譜 (1),正続書譜 (1),図扶桑画譜 (1),了琢書上系譜 (1),,,
1123,,信公譜 (1),蘭斉画譜 (1),唐本草石譜 (1),蓮院門跡系譜 (1),,,
1124,,明公譜 (1),藤太年譜 (1),博物館獣譜 (1),政重脩諸家譜 (1),,,
1125,,功年譜 (1),芳中画譜 (1),雲停鯉魚譜 (1),寺鍋島家家譜 (1),,,
1126,,脈之譜 (1),変古箋譜 (1),和漢花鳥譜 (1),木庵和尚年譜 (1),,,
1127,,権祝譜 (1),外科図譜 (1),楽篳篥之譜 (1),細川忠興公譜 (1),,,
1128,,蜻蜒譜 (1),調子秘譜 (1),小調子密譜 (1),家龍笛要録譜 (1),,,
1129,,鳴秘譜 (1),参仕年譜 (1),絃只拍子譜 (1),天王腕磨名譜 (1),,,
1130,,菩薩譜 (1),岩室家譜 (1),以来新作譜 (1),熊野三党系譜 (1),,,
1131,,女略譜 (1),生家系譜 (1),月琴弾法譜 (1),黒川大衡系譜 (1),,,
1132,,大字譜 (1),礼儀画譜 (1),伽陀附物譜 (1),黒田家御系譜 (1),,,
1133,,公欸譜 (1),岸氏系譜 (1),百曲篳篥譜 (1),よび直茂公譜 (1),,,
1134,,琶案譜 (1),勝景画譜 (1),之湯釜図譜 (1),佑鍋島茂里譜 (1),,,
1135,,月照譜 (1),子祥画譜 (1),伊達家略譜 (1),御一家御系譜 (1),,,
1136,,庵琴譜 (1),右軍年譜 (1),甲斐少将譜 (1),州家等之系譜 (1),,,
1137,,要琴譜 (1),名家款譜 (1),山灌頂系譜 (1),家文書並系譜 (1),,,
1138,,雲箏譜 (1),蝸廬印譜 (1),古模様図譜 (1),解體新書圖譜 (1),,,
1139,,撰定譜 (1),画四画譜 (1),蒔絵師系譜 (1),市川佰莚之譜 (1),,,
1140,,妓楽譜 (1),年譜印譜 (1),島県草木譜 (1),乾徳公略年譜 (1),,,
1141,,歌奏譜 (1),端堂硯譜 (1),藍水人薓譜 (1),田松平氏年譜 (1),,,
1142,,者舞譜 (1),西游印譜 (1),本近代銭譜 (1),宗氏始祖系譜 (1),,,
1143,,詠歌譜 (1),竹涯印譜 (1),背文考銭譜 (1),笛附物仮名譜 (1),,,
1144,,物ノ譜 (1),春琴印譜 (1),月旦古泉譜 (1),笛序遠曲秘譜 (1),,,
1145,,楽ノ譜 (1),海屋印譜 (1),補正燈世譜 (1),信興公御年譜 (1),,,
1146,,医家譜 (1),琶説秘譜 (1),村上派系譜 (1),正統世録系譜 (1),,,
1147,,齋書譜 (1),侍中家譜 (1),人芸林名譜 (1),児屋家根系譜 (1),,,
1148,,寶錢譜 (1),下秘説譜 (1),図聚珍画譜 (1),はりことの譜 (1),,,
1149,,沿革譜 (1),海波舞譜 (1),累世遺印譜 (1),々木京極系譜 (1),,,
1150,,姓名譜 (1),和琴古譜 (1),間象山印譜 (1),竹壱岐守系譜 (1),,,
1151,,道路譜 (1),秦箏古譜 (1),国鐔工系譜 (1),佐竹分流系譜 (1),,,
1152,,来略譜 (1),菅廟世譜 (1),茶碗師統譜 (1),峯寺検校略譜 (1),,,
1153,,堂書譜 (1),和舞歌譜 (1),弥三家刀譜 (1),修伊集院系譜 (1),,,
1154,,倭画譜 (1),山院家譜 (1),茶家年暦譜 (1),滋野井家系譜 (1),,,
1155,,誹系譜 (1),宗明楽譜 (1),土帝王印譜 (1),島津家御系譜 (1),,,
1156,,光画譜 (1),子仮名譜 (1),私解剖図譜 (1),肥陽丗家畧譜 (1),,,
1157,,荼庵譜 (1),曲十首譜 (1),俊兄弟系譜 (1),楽歌声腔調譜 (1),,,
1158,,球年譜 (1),王楽破譜 (1),石玉田印譜 (1),應世編年略譜 (1),,,
1159,,長崎譜 (1),十天楽譜 (1),細井氏印譜 (1),潮音和尚年譜 (1),,,
1160,,諧点譜 (1),尊席田譜 (1),山貫道印譜 (1),天桂和尚年譜 (1),,,
1161,,他日譜 (1),王荒序譜 (1),和楽遺印譜 (1),荒木田氏系譜 (1),,,
1162,,革図譜 (1),篥伝授譜 (1),幽谷遺印譜 (1),尊観上人系譜 (1),,,
1163,,嗣法譜 (1),御秘蔵譜 (1),斎米庵印譜 (1),誕生已後年譜 (1),,,
1164,,継家譜 (1),楽琵琶譜 (1),澤芦雪印譜 (1),謙信流太鼓譜 (1),,,
1165,,リ系譜 (1),歌楽維譜 (1),高芙蓉印譜 (1),主上道氏系譜 (1),,,
1166,,残御譜 (1),秋楽箏譜 (1),月先生印譜 (1),川氏両家系譜 (1),,,
1167,,革依譜 (1),還城楽譜 (1),工横谷系譜 (1),親王方御系譜 (1),,,
1168,,残人譜 (1),将律音譜 (1),神官禰宜譜 (1),并諸門跡系譜 (1),,,
1169,,秀系譜 (1),帝私案譜 (1),神宮禰宜譜 (1),部御家御系譜 (1),,,
1170,,也系譜 (1),護宗略譜 (1),鑓起源略譜 (1),御家中新古譜 (1),,,
1171,,雄系譜 (1),津軽図譜 (1),冶年略系譜 (1),戸諸士古新譜 (1),,,
1172,,政年譜 (1),門山年譜 (1),売扇庵扇譜 (1),来御徒目付譜 (1),,,
1173,,大鼓譜 (1),旨掌中譜 (1),内金工名譜 (1),経光公御系譜 (1),,,
1174,,觱楽譜 (1),十八図譜 (1),平通寶銭譜 (1),海野彬之年譜 (1),,,
1175,,貫通譜 (1),蘭橘柿譜 (1),峨撫箏雅譜 (1),見氏根元系譜 (1),,,
1176,,峯印譜 (1),堂名花譜 (1),阿弥家刀譜 (1),訪氏代々系譜 (1),,,
1177,,影印譜 (1),古止点譜 (1),並家木家譜 (1),静寛院宮系譜 (1),,,
1178,,中印譜 (1),伝統系譜 (1),家御長家譜 (1),西漢外戚略譜 (1),,,
1179,,職印譜 (1),武功之譜 (1),東播侯系譜 (1),者方之御系譜 (1),,,
1180,,香印譜 (1),唐菓子譜 (1),豊國公年譜 (1),西大将軍宮譜 (1),,,
1181,,貫印譜 (1),夷草木譜 (1),居家中興譜 (1),及持明院系譜 (1),,,
1182,,杉印譜 (1),塩松勝譜 (1),坪流善御譜 (1),戸窯家大系譜 (1),,,
1183,,夢印譜 (1),酒井家譜 (1),補正灯世譜 (1),大聖寺藩系譜 (1),,,
1184,,挙印譜 (1),紋帳画譜 (1),源氏御年譜 (1),宝寺屋形系譜 (1),,,
1185,,之印譜 (1),寺宮系譜 (1),板倉家々譜 (1),悉曇総伝系譜 (1),,,
1186,,皐印譜 (1),貞資系譜 (1),石州生花譜 (1),本朝畫家系譜 (1),,,
1187,,湖印譜 (1),閤記図譜 (1),鬼彌太建譜 (1),并外二家系譜 (1),,,
1188,,鱗印譜 (1),螺魚図譜 (1),南豊諸系譜 (1),但馬名家系譜 (1),,,
1189,,彦印譜 (1),寿草図譜 (1),代刑罰図譜 (1),伊達家御系譜 (1),,,
1190,,歌印譜 (1),寸堂算譜 (1),田本宗系譜 (1),譜並氏族系譜 (1),,,
1191,,風印譜 (1),略伝系譜 (1),香山草木譜 (1),田中一閑系譜 (1),,,
1192,,処印譜 (1),名衆名譜 (1),栗仮名案譜 (1),種子島氏系譜 (1),,,
1193,,師印譜 (1),図並系譜 (1),唐詩盆山譜 (1),氏書翰並系譜 (1),,,
1194,,漢印譜 (1),剣工系譜 (1),水戸家系譜 (1),知久家御系譜 (1),,,
1195,,巌印譜 (1),多氏系譜 (1),水野家系譜 (1),千葉東氏系譜 (1),,,
1196,,真印譜 (1),陽御系譜 (1),神楽歌秘譜 (1),及九人衆系譜 (1),,,
1197,,蹄印譜 (1),越智家譜 (1),秘伝島津譜 (1),楽寺蔵御系譜 (1),,,
1198,,人款譜 (1),多識図譜 (1),義直御年譜 (1),津軽家御系譜 (1),,,
1199,,雅印譜 (1),造世系譜 (1),福島家系譜 (1),光東遊諸歌譜 (1),,,
1200,,元印譜 (1),声抄略譜 (1),茂公三徳譜 (1),ひちりき楽譜 (1),,,
1201,,鋳印譜 (1),集仮名譜 (1),白檍原龍譜 (1),箏曲伝授系譜 (1),,,
1202,,岡印譜 (1),棋家系譜 (1),古稀世泉譜 (1),巫子舞神楽譜 (1),,,
1203,,海印譜 (1),源吉棋譜 (1),新刻百銭譜 (1),新撰八雲琴譜 (1),,,
1204,,逸印譜 (1),門人碁譜 (1),泉出入図譜 (1),庭楽回抔楽譜 (1),,,
1205,,林印譜 (1),林亭棋譜 (1),鐙彫刻系譜 (1),安摩陵王舞譜 (1),,,
1206,,篆印譜 (1),宝暦碁譜 (1),島仮名家譜 (1),俊賀今様墨譜 (1),,,
1207,,竜印譜 (1),名家棋譜 (1),菅原氏系譜 (1),附笛譜和琴譜 (1),,,
1208,,重印譜 (1),人物図譜 (1),当流伝統譜 (1),楽五聖楽私譜 (1),,,
1209,,賢印譜 (1),代系図譜 (1),得度者略譜 (1),衆経音義韻譜 (1),,,
1210,,黒印譜 (1),富岳雪譜 (1),保護鳥図譜 (1),久保物語系譜 (1),,,
1211,,喜印譜 (1),聚略方譜 (1),浄瑠璃家譜 (1),野お通七段譜 (1),,,
1212,,昌印譜 (1),野氏族譜 (1),楽名調楽譜 (1),神宮神楽歌譜 (1),,,
1213,,亨印譜 (1),傳職年譜 (1),古瀬戸図譜 (1),狩野周信印譜 (1),,,
1214,,能印譜 (1),信玄年譜 (1),還城楽舞譜 (1),狩野典信印譜 (1),,,
1215,,芳印譜 (1),利勝年譜 (1),原有馬世譜 (1),西洋行軍鼓譜 (1),,,
1216,,順印譜 (1),憲公年譜 (1),伝灯総系譜 (1),観生居月琴譜 (1),,,
1217,,厓印譜 (1),東照公譜 (1),三州志図譜 (1),世家伝仮面譜 (1),,,
1218,,擬印譜 (1),台徳公譜 (1),和源氏系譜 (1),山声曲血脈譜 (1),,,
1219,,押印譜 (1),大猷公譜 (1),同張氏派譜 (1),山蠆芥集仮譜 (1),,,
1220,,琶古譜 (1),厳有公譜 (1),仁同氏世譜 (1),禁裏楽器并譜 (1),,,
1221,,緒の譜 (1),常憲公譜 (1),寛永諸家譜 (1),還城楽右舞譜 (1),,,
1222,,秦箏譜 (1),文昭公譜 (1),久親王年譜 (1),音初二三重譜 (1),,,
1223,,家笛譜 (1),有章公譜 (1),李王家世譜 (1),授及道統系譜 (1),,,
1224,,篥曲譜 (1),有徳公譜 (1),給松平系譜 (1),和解音曲笛譜 (1),,,
1225,,中略譜 (1),惇信公譜 (1),洋船聚図譜 (1),拍子拍子八譜 (1),,,
1226,,舞案譜 (1),浚明公譜 (1),的伝正統譜 (1),件歎願書印譜 (1),,,
1227,,酒舞譜 (1),軍功年譜 (1),ぞなぞ画譜 (1),四親王家系譜 (1),,,
1228,,自筆譜 (1),血脈之譜 (1),明治御系譜 (1),讃岐国古瓦譜 (1),,,
1229,,歌案譜 (1),祝権祝譜 (1),中古今之譜 (1),侍読臣之年譜 (1),,,
1230,,蛬古譜 (1),鳳鳴秘譜 (1),松嶋家系譜 (1),ゴリオ聖歌譜 (1),,,
1231,,秘伝譜 (1),子女略譜 (1),浅尾家系譜 (1),主代本山系譜 (1),,,
1232,,並同譜 (1),板大字譜 (1),文筌古文譜 (1),願寺代々略譜 (1),,,
1233,,生茶譜 (1),丈島図譜 (1),宗邦御系譜 (1),山聞光寺家譜 (1),,,
1234,,香彩譜 (1),名公欸譜 (1),歌なし楽譜 (1),家竜笛要録譜 (1),,,
1235,,附年譜 (1),万物画譜 (1),流尺八吾譜 (1),三編立斎画譜 (1),,,
1236,,文画譜 (1),小山畫譜 (1),前守鎮政譜 (1),朝歴代年号譜 (1),,,
1237,,真写譜 (1),石斎印譜 (1),桐山氏系譜 (1),親鸞代々年譜 (1),,,
1238,,一画譜 (1),麗觱篥譜 (1),荒巻家家譜 (1),興教大師年譜 (1),,,
1239,,記年譜 (1),琵琶案譜 (1),新続御家譜 (1),上人香月系譜 (1),,,
1240,,秦樂譜 (1),蕉庵琴譜 (1),越智氏系譜 (1),本家共御系譜 (1),,,
1241,,蒙字譜 (1),捷要琴譜 (1),加藤家系譜 (1),養説附諸蘭譜 (1),,,
1242,,洋記譜 (1),八雲箏譜 (1),奇軒墨竹譜 (1),眺望山水畫譜 (1),,,
1243,,海画譜 (1),楽風俗譜 (1),盤渉調楽譜 (1),萬國旗章圖譜 (1),,,
1244,,里家譜 (1),治撰定譜 (1),渓花鳥画譜 (1),名産梅枝伝譜 (1),,,
1245,,公書譜 (1),草者舞譜 (1),國名所画譜 (1),訂合聲簡字譜 (1),,,
1246,,絃合譜 (1),朗詠歌譜 (1),十二支画譜 (1),唐土渡鳥圖譜 (1),,,
1247,,平調譜 (1),付物ノ譜 (1),山植物図譜 (1),良山銅章印譜 (1),,,
1248,,産図譜 (1),子琵琶譜 (1),多野家畧譜 (1),伊亜相公印譜 (1),,,
1249,,蕃旗譜 (1),楽假名譜 (1),家山水画譜 (1),東皐禪師琴譜 (1),,,
1250,,曲琴譜 (1),右舞略譜 (1),漢山水画譜 (1),梅崖先生年譜 (1),,,
1251,,斎良譜 (1),琴楽ノ譜 (1),形工業画譜 (1),泊園書院年譜 (1),,,
1252,,監系譜 (1),献上図譜 (1),窓夜話茶譜 (1),相卿伝職年譜 (1),,,
1253,,綱系譜 (1),官医家譜 (1),横山氏家譜 (1),浪華点者家譜 (1),,,
1254,,長笛譜 (1),房略方譜 (1),田家系統譜 (1),花實寫眞圖譜 (1),,,
1255,,住世譜 (1),文齋書譜 (1),奥村正系譜 (1),時名家新俳譜 (1),,,
1256,,潭年譜 (1),通寶錢譜 (1),家浦壁系譜 (1),,,,
1257,,羊年譜 (1),楽太鼓譜 (1),田庶家系譜 (1),,,,
1258,,信画譜 (1),階沿革譜 (1),置候御家譜 (1),,,,
1259,,翠画譜 (1),史姓名譜 (1),山先生年譜 (1),,,,
1260,,眞畫譜 (1),山道路譜 (1),池大雅画譜 (1),,,,
1261,,俵画譜 (1),吉田家譜 (1),伊孚九画譜 (1),,,,
1262,,諸蟹譜 (1),往来略譜 (1),斎茶具図譜 (1),,,,
1263,,生圖譜 (1),生遺印譜 (1),中正統世譜 (1),,,,
1264,,葉図譜 (1),竹堂書譜 (1),川師宣書譜 (1),,,,
1265,,伊家譜 (1),山家印譜 (1),誹諧拾遺譜 (1),,,,
1266,,斎略譜 (1),季倭画譜 (1),室雪雄句譜 (1),,,,
1267,,硯図譜 (1),連誹系譜 (1),宣興甆壺譜 (1),,,,
1268,,蹟系譜 (1),仕諸系譜 (1),毒植物図譜 (1),,,,
1269,,断家譜 (1),藩士系譜 (1),家歴代略譜 (1),,,,
1270,,筝曲譜 (1),燈籠図譜 (1),秋風会曲譜 (1),,,,
1271,,花家譜 (1),吟光画譜 (1),風堂新曲譜 (1),,,,
1272,,園花譜 (1),採荼庵譜 (1),成三体書譜 (1),,,,
1273,,麗日譜 (1),琉球年譜 (1),式三体書譜 (1),,,,
1274,,長年譜 (1),秀吉家譜 (1),本多氏家譜 (1),,,,
1275,,範系譜 (1),当家系譜 (1),加賀藩歴譜 (1),,,,
1276,,行統譜 (1),山名系譜 (1),諸橋氏家譜 (1),,,,
1277,,人図譜 (1),聲大統譜 (1),精提出系譜 (1),,,,
1278,,行職譜 (1),国長崎譜 (1),諸橋家系譜 (1),,,,
1279,,統略譜 (1),竹氏年譜 (1),溪先生家譜 (1),,,,
1280,,州年譜 (1),学派系譜 (1),蘭陀流系譜 (1),,,,
1281,,氏略譜 (1),吉川家譜 (1),機消長八譜 (1),,,,
1282,,代雑譜 (1),俳諧点譜 (1),地哥妓名譜 (1),,,,
1283,,代図譜 (1),地他日譜 (1),譜1巻茶譜 (1),,,,
1284,,雄画譜 (1),木氏家譜 (1),角屋形年譜 (1),,,,
1285,,長春譜 (1),沿革図譜 (1),湖先生年譜 (1),,,,
1286,,水年譜 (1),法嗣法譜 (1),解字篆韻譜 (1),,,,
1287,,楨年譜 (1),市川家譜 (1),宜陽子年譜 (1),,,,
1288,,叙年譜 (1),忠継家譜 (1),流烽火全譜 (1),,,,
1289,,学図譜 (1),ヨリ系譜 (1),耳鳥齋畫譜 (1),,,,
1290,,四体譜 (1),政公家譜 (1),牙先生年譜 (1),,,,
1291,,遥印譜 (1),信公家譜 (1),自分略歴譜 (1),,,,
1292,,匠系譜 (1),御残御譜 (1),前田氏世譜 (1),,,,
1293,,聯芳譜 (1),改革依譜 (1),家略御系譜 (1),,,,
1294,,氏畧譜 (1),革残人譜 (1),家縁類系譜 (1),,,,
1295,,章略譜 (1),城守系譜 (1),和歌集年譜 (1),,,,
1296,,印図譜 (1),続之系譜 (1),田利家年譜 (1),,,,
1297,,皇親譜 (1),絶之系譜 (1),并家事年譜 (1),,,,
1298,,対銭譜 (1),恒元系譜 (1),公畧御年譜 (1),,,,
1299,,化句譜 (1),淡水系譜 (1),公嗣君略譜 (1),,,,
1300,,実画譜 (1),頼秀系譜 (1),大応公略譜 (1),,,,
1301,,英画譜 (1),夫也系譜 (1),謙徳公畧譜 (1),,,,
1302,,亭石譜 (1),政雄系譜 (1),楽筝音取譜 (1),,,,
1303,,花果譜 (1),支流系譜 (1),の菅家累譜 (1),,,,
1304,,真研譜 (1),正御家譜 (1),従五位等譜 (1),,,,
1305,,葉印譜 (1),章政年譜 (1),仕候に付譜 (1),,,,
1306,,畧印譜 (1),政公年譜 (1),佐守家略譜 (1),,,,
1307,,鑑図譜 (1),峰楼印譜 (1),図并御家譜 (1),,,,
1308,,士印譜 (1),並大鼓譜 (1),千代吉家譜 (1),,,,
1309,,寛印譜 (1),寺觱楽譜 (1),松枝氏家譜 (1),,,,
1310,,糸印譜 (1),法貫通譜 (1),堂先生年譜 (1),,,,
1311,,亭印譜 (1),書道系譜 (1),梅花喜神譜 (1),,,,
1312,,爪印譜 (1),雄峯印譜 (1),朱夫子年譜 (1),,,,
1313,,苗印譜 (1),寧居印譜 (1),文忠公年譜 (1),,,,
1314,,迂印譜 (1),雲影印譜 (1),村先生年譜 (1),,,,
1315,,舞全譜 (1),畊泰印譜 (1),考集古圖譜 (1),,,,
1316,,七音譜 (1),器斎印譜 (1),仙臺黄門譜 (1),,,,
1317,,留真譜 (1),蝶軒印譜 (1),諸家畧系譜 (1),,,,
1318,,氏銃譜 (1),寧楼印譜 (1),新田氏系譜 (1),,,,
1319,,史画譜 (1),歴中印譜 (1),伊達家家譜 (1),,,,
1320,,ン源譜 (1),勝職印譜 (1),御代々年譜 (1),,,,
1321,,芳家譜 (1),蔬香印譜 (1),伊達御系譜 (1),,,,
1322,,武家譜 (1),一貫印譜 (1),系譜付略譜 (1),,,,
1323,,君家譜 (1),上杉印譜 (1),並公族略譜 (1),,,,
1324,,客印譜 (1),煙家印譜 (1),佐藤氏系譜 (1),,,,
1325,,撰銭譜 (1),閣私印譜 (1),別所氏家譜 (1),,,,
1326,,西銭譜 (1),雲夢印譜 (1),袖寶古錢譜 (1),,,,
1327,,百蝶譜 (1),越渓印譜 (1),仙臺棟梁譜 (1),,,,
1328,,真魚譜 (1),応挙印譜 (1),介洞書畫譜 (1),,,,
1329,,后略譜 (1),訥庵印譜 (1),池容齋畫譜 (1),,,,
1330,,申氏譜 (1),淡斎印譜 (1),本風景畫譜 (1),,,,
1331,,府家譜 (1),林堂印譜 (1),清默軒印譜 (1),,,,
1332,,史系譜 (1),常信印譜 (1),歴代御印譜 (1),,,,
1333,,間日譜 (1),礼之印譜 (1),作地口畫譜 (1),,,,
1334,,南風譜 (1),九皐印譜 (1),家金銀錢譜 (1),,,,
1335,,里図譜 (1),菊庵印譜 (1),中騷動之譜 (1),,,,
1336,,形花譜 (1),所刻印譜 (1),甲斐喧嘩譜 (1),,,,
1337,,聚禽譜 (1),遇所印譜 (1),流刑閉門譜 (1),,,,
1338,,鳥禽譜 (1),菱湖印譜 (1),良覚院家譜 (1),,,,
1339,,軒禽譜 (1),後雪印譜 (1),右衛門家譜 (1),,,,
1340,,上画譜 (1),源鱗印譜 (1),水道閑系譜 (1),,,,
1341,,流画譜 (1),道彦印譜 (1),原国包家譜 (1),,,,
1342,,図絵譜 (1),桑古印譜 (1),孫兵衛年譜 (1),,,,
1343,,村家譜 (1),仙歌印譜 (1),筆同人家譜 (1),,,,
1344,,草石譜 (1),其他印譜 (1),齋先生年譜 (1),,,,
1345,,嶽石譜 (1),杉風印譜 (1),留守氏家譜 (1),,,,
1346,,津石譜 (1),紫川印譜 (1),1卷東音譜 (1),,,,
1347,,湖魚譜 (1),翠館印譜 (1),録1卷鼓譜 (1),,,,
1348,,華魚譜 (1),松庵印譜 (1),英一蝶畫譜 (1),,,,
1349,,洲虫譜 (1),竹処印譜 (1),説文字原譜 (1),,,,
1350,,化石譜 (1),禅師印譜 (1),相傳血脉譜 (1),,,,
1351,,館獣譜 (1),倭漢印譜 (1),槻民治家譜 (1),,,,
1352,,鯉魚譜 (1),信山印譜 (1),浦之助家譜 (1),,,,
1353,,宝魚譜 (1),竹園印譜 (1),工國包家譜 (1),,,,
1354,,漢鳥譜 (1),星巌印譜 (1),孫兵衞家譜 (1),,,,
1355,,瞿麦譜 (1),赤氏印譜 (1),雅山水畫譜 (1),,,,
1356,,楽統譜 (1),是真印譜 (1),水樹石畫譜 (1),,,,
1357,,陵篳譜 (1),雪堂印譜 (1),齋集古印譜 (1),,,,
1358,,子密譜 (1),筌蹄印譜 (1),々銘判圖譜 (1),,,,
1359,,新作譜 (1),山人款譜 (1),首小傳系譜 (1),,,,
1360,,弾法譜 (1),求古印譜 (1),東照宮家譜 (1),,,,
1361,,遠楽譜 (1),淡雅印譜 (1),柳館藏泉譜 (1),,,,
1362,,釜図譜 (1),探元印譜 (1),卦爻象系譜 (1),,,,
1363,,少将譜 (1),檀山印譜 (1),片倉御家譜 (1),,,,
1364,,林侯譜 (1),素園印譜 (1),村家御系譜 (1),,,,
1365,,頂系譜 (1),古鋳印譜 (1),平先生年譜 (1),,,,
1366,,様図譜 (1),鬯斎印譜 (1),明清人名譜 (1),,,,
1367,,師系譜 (1),柳居印譜 (1),鮮風俗畫譜 (1),,,,
1368,,哉画譜 (1),華岡印譜 (1),米菴藏筆譜 (1),,,,
1369,,続蛇譜 (1),東海印譜 (1),水北樹画譜 (1),,,,
1370,,人薓譜 (1),雅堂印譜 (1),今稀世泉譜 (1),,,,
1371,,代銭譜 (1),梅逸印譜 (1),斎人物画譜 (1),,,,
1372,,考銭譜 (1),芳林印譜 (1),清名家画譜 (1),,,,
1373,,林名譜 (1),疇篆印譜 (1),治勲章図譜 (1),,,,
1374,,虫魚譜 (1),子竜印譜 (1),士英傑画譜 (1),,,,
1375,,刀盤譜 (1),広重印譜 (1),日本古劔譜 (1),,,,
1376,,師統譜 (1),正賢印譜 (1),双紙褾帋譜 (1),,,,
1377,,年暦譜 (1),房私印譜 (1),清原氏系譜 (1),,,,
1378,,玉図譜 (1),蚊城印譜 (1),血脉道統譜 (1),,,,
1379,,道印譜 (1),道人印譜 (1),嘉諸士系譜 (1),,,,
1380,,佐印譜 (1),鳳山印譜 (1),詩五言畫譜 (1),,,,
1381,,方印譜 (1),僊堂印譜 (1),詩七言畫譜 (1),,,,
1382,,蓉印譜 (1),斉泰印譜 (1),傳八雲琴譜 (1),,,,
1383,,獣図譜 (1),貞喜印譜 (1),大夫花押譜 (1),,,,
1384,,杉略譜 (1),正同印譜 (1),安田氏系譜 (1),,,,
1385,,源略譜 (1),胤昌印譜 (1),豊国公年譜 (1),,,,
1386,,庵扇譜 (1),勝文印譜 (1),士三黨系譜 (1),,,,
1387,,寶銭譜 (1),信亨印譜 (1),歴代帝王譜 (1),,,,
1388,,古銭譜 (1),篤等印譜 (1),日向之国譜 (1),,,,
1389,,長家譜 (1),定能印譜 (1),國朝年號譜 (1),,,,
1390,,侯系譜 (1),茗山印譜 (1),行事ノ年譜 (1),,,,
1391,,中興譜 (1),国芳印譜 (1),ちりき案譜 (1),,,,
1392,,家々譜 (1),以文印譜 (1),飛鳥井家譜 (1),,,,
1393,,生花譜 (1),景順印譜 (1),遠翁略年譜 (1),,,,
1394,,島家譜 (1),西厓印譜 (1),内内遠年譜 (1),,,,
1395,,太建譜 (1),有義印譜 (1),鄭成功系譜 (1),,,,
1396,,罰図譜 (1),閑斎印譜 (1),紀天皇系譜 (1),,,,
1397,,宗系譜 (1),容斎印譜 (1),道尊者年譜 (1),,,,
1398,,筆印譜 (1),田擬印譜 (1),真宗五派譜 (1),,,,
1399,,盆山譜 (1),蘭渓印譜 (1),并三虚靈譜 (1),,,,
1400,,言音譜 (1),柳城印譜 (1),西秦樂意譜 (1),,,,
1401,,摺銭譜 (1),立斎印譜 (1),曲傳授系譜 (1),,,,
1402,,選家譜 (1),定家印譜 (1),太閤記畫譜 (1),,,,
1403,,歌秘譜 (1),府押印譜 (1),外史補系譜 (1),,,,
1404,,島津譜 (1),囀鳳笙譜 (1),氏玉篇韻譜 (1),,,,
1405,,瀬系譜 (1),琵琶古譜 (1),筆法点画譜 (1),,,,
1406,,原龍譜 (1),の緒の譜 (1),田中氏系譜 (1),,,,
1407,,裏方譜 (1),辻家笛譜 (1),和文庫印譜 (1),,,,
1408,,目歌譜 (1),篳篥曲譜 (1),遠楽比巴譜 (1),,,,
1409,,至之譜 (1),懐中略譜 (1),麗楽両絃譜 (1),,,,
1410,,曲略譜 (1),城楽秘譜 (1),高麗曲箏譜 (1),,,,
1411,,印篭譜 (1),酒舞案譜 (1),高麗曲笛譜 (1),,,,
1412,,柑橘譜 (1),飲酒舞譜 (1),授書並楽譜 (1),,,,
1413,,百銭譜 (1),光自筆譜 (1),狛氏打物譜 (1),,,,
1414,,物石譜 (1),楽歌案譜 (1),近真陵王譜 (1),,,,
1415,,入図譜 (1),馬楽案譜 (1),秘曲仮名譜 (1),,,,
1416,,平泉譜 (1),楽笛古譜 (1),國君臣系譜 (1),,,,
1417,,刻系譜 (1),倉蛬古譜 (1),三五之秘譜 (1),,,,
1418,,名家譜 (1),季今様譜 (1),模様振袖譜 (1),,,,
1419,,尾略譜 (1),笛秘伝譜 (1),原氏遺印譜 (1),,,,
1420,,伝統譜 (1),先生茶譜 (1),池田氏家譜 (1),,,,
1421,,者略譜 (1),倭舞歌譜 (1),大神君年譜 (1),,,,
1422,,鳥図譜 (1),海仙画譜 (1),太田氏家譜 (1),,,,
1423,,璃家譜 (1),井氏系譜 (1),行歴代名譜 (1),,,,
1424,,文図譜 (1),甘斎画譜 (1),尾張氏系譜 (1),,,,
1425,,戸図譜 (1),芳文画譜 (1),行堂声明譜 (1),,,,
1426,,楽舞譜 (1),成真写譜 (1),盤渉調の譜 (1),,,,
1427,,古硯譜 (1),墨仙画譜 (1),明曲方章譜 (1),,,,
1428,,馬世譜 (1),百景図譜 (1),寺声明古譜 (1),,,,
1429,,志図譜 (1),抱一画譜 (1),声明相承譜 (1),,,,
1430,,筆墨譜 (1),華鳥画譜 (1),并伽陀仮譜 (1),,,,
1431,,氏派譜 (1),伊木家譜 (1),士習所仮譜 (1),,,,
1432,,家世譜 (1),自記年譜 (1),諸家仮面譜 (1),,,,
1433,,平系譜 (1),西秦樂譜 (1),笛假名案譜 (1),,,,
1434,,越魚譜 (1),訓蒙字譜 (1),新撰笙笛譜 (1),,,,
1435,,宗源譜 (1),新続家譜 (1),定外鳳笙譜 (1),,,,
1436,,正統譜 (1),首御家譜 (1),撰定鳳笙譜 (1),,,,
1437,,尺八譜 (1),徳川系譜 (1),一具撃物譜 (1),,,,
1438,,ぞ画譜 (1),古金図譜 (1),具笙箏両譜 (1),,,,
1439,,今之譜 (1),書上図譜 (1),具笛撃物譜 (1),,,,
1440,,古文譜 (1),西洋記譜 (1),一具鳳笙譜 (1),,,,
1441,,將軍譜 (1),北齋画譜 (1),合香横笛譜 (1),,,,
1442,,し楽譜 (1),東海画譜 (1),香羯鼓之譜 (1),,,,
1443,,八吾譜 (1),秋里家譜 (1),荒啓蒙野譜 (1),,,,
1444,,鎮政譜 (1),名公書譜 (1),附救荒野譜 (1),,,,
1445,,景誌譜 (1),今川家譜 (1),救古館医譜 (1),,,,
1446,,支画譜 (1),笙絃合譜 (1),合薬房方譜 (1),,,,
1447,,話茶譜 (1),箏平調譜 (1),製薬房方譜 (1),,,,
1448,,樫氏譜 (1),水産図譜 (1),軒内科方譜 (1),,,,
1449,,多系譜 (1),外蕃旗譜 (1),合万秋楽譜 (1),,,,
1450,,公正譜 (1),笛鳳笙譜 (1),秋宮横笛譜 (1),,,,
1451,,正系譜 (1),楽曲琴譜 (1),付笠間氏譜 (1),,,,
1452,,壁系譜 (1),介斎良譜 (1),公義公年譜 (1),,,,
1453,,雅画譜 (1),将監系譜 (1),量秋鳳笙譜 (1),,,,
1454,,九画譜 (1),輝綱系譜 (1),繁秋鳳笙譜 (1),,,,
1455,,統世譜 (1),前住世譜 (1),竜秋鳳笙譜 (1),,,,
1456,,藩家譜 (1),還閣琴譜 (1),笙只拍子譜 (1),,,,
1457,,宣書譜 (1),安府系譜 (1),幸秋鳳笙譜 (1),,,,
1458,,俳諧譜 (1),辺氏系譜 (1),語年立系譜 (1),,,,
1459,,雄句譜 (1),辺氏族譜 (1),御田祭歌譜 (1),,,,
1460,,甆壺譜 (1),梅潭年譜 (1),御神楽歌譜 (1),,,,
1461,,代略譜 (1),浦家系譜 (1),流声明私譜 (1),,,,
1462,,会曲譜 (1),亡羊年譜 (1),書伽陀仮譜 (1),,,,
1463,,新曲譜 (1),光信画譜 (1),竹臨調子譜 (1),,,,
1464,,出系譜 (1),慶翠画譜 (1),右方人系譜 (1),,,,
1465,,長八譜 (1),録海棠譜 (1),梅花楼琴譜 (1),,,,
1466,,角圖譜 (1),寫眞畫譜 (1),野流平曲譜 (1),,,,
1467,,巻茶譜 (1),風俵画譜 (1),竜笛仮字譜 (1),,,,
1468,,谷畧譜 (1),寫生圖譜 (1),旦御目見譜 (1),,,,
1469,,篆韻譜 (1),紅葉図譜 (1),初鎧源氏譜 (1),,,,
1470,,火全譜 (1),旌旗図譜 (1),家伝来舞譜 (1),,,,
1471,,後殿譜 (1),三井系譜 (1),言物語系譜 (1),,,,
1472,,略歴譜 (1),井伊家譜 (1),林家右舞譜 (1),,,,
1473,,公之譜 (1),々木家譜 (1),近代家系譜 (1),,,,
1474,,流之譜 (1),入木系譜 (1),林家鳳笙譜 (1),,,,
1475,,藩年譜 (1),田御年譜 (1),八十八曲譜 (1),,,,
1476,,類系譜 (1),睡斎略譜 (1),立合右舞譜 (1),,,,
1477,,事年譜 (1),古硯図譜 (1),猶懐中笙譜 (1),,,,
1478,,君略譜 (1),門蹟系譜 (1),広貫右舞譜 (1),,,,
1479,,公畧譜 (1),流断家譜 (1),広貫琵琶譜 (1),,,,
1480,,音取譜 (1),流筝曲譜 (1),楽和琴秘譜 (1),,,,
1481,,直堅譜 (1),立花家譜 (1),調太食調譜 (1),,,,
1482,,国旗譜 (1),庭園花譜 (1),琵琶四巻譜 (1),,,,
1483,,位等譜 (1),中略系譜 (1),琶引方案譜 (1),,,,
1484,,に付譜 (1),梁麗日譜 (1),楽用篳篥譜 (1),,,,
1485,,達族譜 (1),親長年譜 (1),舞楽用笛譜 (1),,,,
1486,,喜神譜 (1),撰藩翰譜 (1),楽用鳳笙譜 (1),,,,
1487,,黄門譜 (1),断絶家譜 (1),定輔琵琶譜 (1),,,,
1488,,畧系譜 (1),豊範系譜 (1),俗篳篥本譜 (1),,,,
1489,,付略譜 (1),奉行統譜 (1),一節切笛譜 (1),,,,
1490,,族略譜 (1),図并系譜 (1),居一絃琴譜 (1),,,,
1491,,達世譜 (1),名人図譜 (1),授四大曲譜 (1),,,,
1492,,古錢譜 (1),奉行職譜 (1),平岩流乱譜 (1),,,,
1493,,棟梁譜 (1),皇統略譜 (1),平曲四絃譜 (1),,,,
1494,,木畫譜 (1),葭堂琴譜 (1),琵琶一部譜 (1),,,,
1495,,景畫譜 (1),越州年譜 (1),鳳凰管略譜 (1),,,,
1496,,御印譜 (1),関氏略譜 (1),鳳管要略譜 (1),,,,
1497,,口畫譜 (1),一代雑譜 (1),山引声墨譜 (1),,,,
1498,,銀錢譜 (1),古代図譜 (1),管弦之秘譜 (1),,,,
1499,,動之譜 (1),英雄画譜 (1),鳳笙大曲譜 (1),,,,
1500,,喧嘩譜 (1),石斎年譜 (1),笙中小曲譜 (1),,,,
1501,,閉門譜 (1),名刻印譜 (1),鳳笙要略譜 (1),,,,
1502,,門家譜 (1),磐水年譜 (1),鳳笙竜笛譜 (1),,,,
1503,,衛年譜 (1),茂楨年譜 (1),笙呂律秘譜 (1),,,,
1504,,人家譜 (1),自叙年譜 (1),鳴抄付箏譜 (1),,,,
1505,,魚蟲譜 (1),理学図譜 (1),楽外五曲譜 (1),,,,
1506,,卷鼓譜 (1),蘭王系譜 (1),只拍子箏譜 (1),,,,
1507,,體畫譜 (1),種四体譜 (1),只拍子笛譜 (1),,,,
1508,,素畫譜 (1),川家印譜 (1),万秋楽笙譜 (1),,,,
1509,,甲冑譜 (1),武侯年譜 (1),合香大曲譜 (1),,,,
1510,,加管譜 (1),逍遥印譜 (1),秋楽篳篥譜 (1),,,,
1511,,箏略譜 (1),宗匠系譜 (1),万秋楽秘譜 (1),,,,
1512,,樂祕譜 (1),杏聯芳譜 (1),琵琶対照譜 (1),,,,
1513,,字原譜 (1),呂祖年譜 (1),秋楽鳳笙譜 (1),,,,
1514,,治家譜 (1),津守系譜 (1),御田祭楽譜 (1),,,,
1515,,助家譜 (1),歴代印譜 (1),宗声明系譜 (1),,,,
1516,,衞家譜 (1),累代印譜 (1),明相承系譜 (1),,,,
1517,,判圖譜 (1),源氏畧譜 (1),目並詩牌譜 (1),,,,
1518,,傳系譜 (1),旗物図譜 (1),者師弟系譜 (1),,,,
1519,,宮家譜 (1),旗章略譜 (1),田流箏曲譜 (1),,,,
1520,,撰錢譜 (1),旗印図譜 (1),并巫子舞譜 (1),,,,
1521,,藏泉譜 (1),弘化句譜 (1),山井流琴譜 (1),,,,
1522,,巖年譜 (1),果実画譜 (1),神楽歌舞譜 (1),,,,
1523,,象系譜 (1),州英画譜 (1),灌頂附楽譜 (1),,,,
1524,,俗畫譜 (1),々亭石譜 (1),王荒序笙譜 (1),,,,
1525,,藏筆譜 (1),毛花果譜 (1),荒序鳳笙譜 (1),,,,
1526,,卯印譜 (1),留真研譜 (1),荒序舞秘譜 (1),,,,
1527,,和漁譜 (1),春斎印譜 (1),経々頭私譜 (1),,,,
1528,,傑画譜 (1),紅葉印譜 (1),趣経中曲譜 (1),,,,
1529,,古劔譜 (1),会席画譜 (1),球三絃楽譜 (1),,,,
1530,,本画譜 (1),流畧印譜 (1),竜吟仮名譜 (1),,,,
1531,,競畫譜 (1),生花画譜 (1),大曲仮名譜 (1),,,,
1532,,褾帋譜 (1),家花押譜 (1),竜笛大曲譜 (1),,,,
1533,,道統譜 (1),古鑑図譜 (1),笛中小曲譜 (1),,,,
1534,,三光譜 (1),石堂印譜 (1),竜笛秘曲譜 (1),,,,
1535,,假面譜 (1),勉斎印譜 (1),新羅陵王譜 (1),,,,
1536,,寫本譜 (1),居士印譜 (1),塵并糸竹譜 (1),,,,
1537,,笙全譜 (1),香館印譜 (1),呂律風俗譜 (1),,,,
1538,,黨系譜 (1),頼寛印譜 (1),舞人輪作譜 (1),,,,
1539,,之国譜 (1),倉古瓦譜 (1),作古言調譜 (1),,,,
1540,,年號譜 (1),鴻堂印譜 (1),朗詠今様譜 (1),,,,
1541,,ノ年譜 (1),竒亭印譜 (1),並郢曲墨譜 (1),,,,
1542,,樂略譜 (1),山居印譜 (1),伊木氏系譜 (1),,,,
1543,,遂笙譜 (1),鴻爪印譜 (1),佐久間系譜 (1),,,,
1544,,き案譜 (1),蔵書印譜 (1),石井家系譜 (1),,,,
1545,,遠年譜 (1),王家印譜 (1),石川家系譜 (1),,,,
1546,,功系譜 (1),早苗印譜 (1),豆宿禰系譜 (1),,,,
1547,,皇系譜 (1),半迂印譜 (1),勢国士系譜 (1),,,,
1548,,五派譜 (1),菴等印譜 (1),愛日楼印譜 (1),,,,
1549,,虚靈譜 (1),楽舞全譜 (1),浅井氏年譜 (1),,,,
1550,,樂意譜 (1),育唱歌譜 (1),阿蘇氏系譜 (1),,,,
1551,,記畫譜 (1),寺篳篥譜 (1),足立氏系譜 (1),,,,
1552,,篇韻譜 (1),伝血脉譜 (1),田旧家系譜 (1),,,,
1553,,点画譜 (1),本留真譜 (1),目篇訳図譜 (1),,,,
1554,,庫印譜 (1),王氏銃譜 (1),附竹中系譜 (1),,,,
1555,,比巴譜 (1),歴史画譜 (1),藤帯刀系譜 (1),,,,
1556,,狛楽譜 (1),玩具図譜 (1),神戸氏系譜 (1),,,,
1557,,両絃譜 (1),セン源譜 (1),川家諸系譜 (1),,,,
1558,,曲箏譜 (1),道芳家譜 (1),瀬名家系譜 (1),,,,
1559,,並楽譜 (1),宗武家譜 (1),今川氏系譜 (1),,,,
1560,,麗箏譜 (1),新撰銭譜 (1),今城家系譜 (1),,,,
1561,,狛笛譜 (1),東西銭譜 (1),入江家系譜 (1),,,,
1562,,戯系譜 (1),搨真魚譜 (1),岩松氏系譜 (1),,,,
1563,,方舞譜 (1),皇后略譜 (1),島僊子印譜 (1),,,,
1564,,舞俗譜 (1),観氏家譜 (1),宇灊水系譜 (1),,,,
1565,,絃独譜 (1),山申氏譜 (1),宇都宮系譜 (1),,,,
1566,,五略譜 (1),幕府家譜 (1),小路家系譜 (1),,,,
1567,,箏笛譜 (1),川家年譜 (1),卜部家系譜 (1),,,,
1568,,本鼓譜 (1),金氏族譜 (1),漆戸家系譜 (1),,,,
1569,,代名譜 (1),学脈系譜 (1),年表要翰譜 (1),,,,
1570,,三帖譜 (1),埼門系譜 (1),越後国雪譜 (1),,,,
1571,,曲吟譜 (1),河野家譜 (1),副充君系譜 (1),,,,
1572,,頌琴譜 (1),李氏世譜 (1),子皇孫系譜 (1),,,,
1573,,鉦皷譜 (1),外史系譜 (1),錦織氏系譜 (1),,,,
1574,,調の譜 (1),年間日譜 (1),石小山系譜 (1),,,,
1575,,明仮譜 (1),名人年譜 (1),御門家系譜 (1),,,,
1576,,方章譜 (1),全集年譜 (1),親町家系譜 (1),,,,
1577,,明古譜 (1),遊里図譜 (1),大久保系譜 (1),,,,
1578,,相承譜 (1),真形花譜 (1),久保総系譜 (1),,,,
1579,,所仮譜 (1),類聚図譜 (1),古賀氏系譜 (1),,,,
1580,,笙笛譜 (1),類聚禽譜 (1),大河内系譜 (1),,,,
1581,,撰箏譜 (1),千鳥禽譜 (1),大田氏系譜 (1),,,,
1582,,楽曲譜 (1),翁軒禽譜 (1),太田氏系譜 (1),,,,
1583,,箏両譜 (1),政美画譜 (1),小笠原系譜 (1),,,,
1584,,合箏譜 (1),舶上画譜 (1),笠原氏系譜 (1),,,,
1585,,蒙野譜 (1),郡賢押譜 (1),家代々家譜 (1),,,,
1586,,科方譜 (1),画家印譜 (1),奥平家系譜 (1),,,,
1587,,長竹譜 (1),形流画譜 (1),麁配之系譜 (1),,,,
1588,,間氏譜 (1),清香画譜 (1),の細道画譜 (1),,,,
1589,,祭歌譜 (1),像図絵譜 (1),小倉家系譜 (1),,,,
1590,,南宮譜 (1),松村家譜 (1),田一流系譜 (1),,,,
1591,,本琴譜 (1),摹古印譜 (1),愛宕家系譜 (1),,,,
1592,,国音譜 (1),本草石譜 (1),織田氏系譜 (1),,,,
1593,,人長譜 (1),御嶽石譜 (1),智家御系譜 (1),,,,
1594,,舞扇譜 (1),会津石譜 (1),越智略年譜 (1),,,,
1595,,面図譜 (1),浪華魚譜 (1),小幡家系譜 (1),,,,
1596,,残楽譜 (1),奇貝図譜 (1),小部正清譜 (1),,,,
1597,,楼琴譜 (1),丹洲虫譜 (1),保己一年譜 (1),,,,
1598,,仮字譜 (1),貝化石譜 (1),田南畝印譜 (1),,,,
1599,,目見譜 (1),物館獣譜 (1),加賀藩系譜 (1),,,,
1600,,源氏譜 (1),停鯉魚譜 (1),加賀美系譜 (1),,,,
1601,,来舞譜 (1),万宝魚譜 (1),香川氏系譜 (1),,,,
1602,,八曲譜 (1),和漢鳥譜 (1),伝君臣系譜 (1),,,,
1603,,中笙譜 (1),漢花鳥譜 (1),金上家系譜 (1),,,,
1604,,篥要譜 (1),右舞古譜 (1),亀井家系譜 (1),,,,
1605,,琴秘譜 (1),萓陵篳譜 (1),士本末系譜 (1),,,,
1606,,白増譜 (1),調子密譜 (1),晁山水畫譜 (1),,,,
1607,,食調譜 (1),来新作譜 (1),福善齋畫譜 (1),,,,
1608,,表白譜 (1),琴弾法譜 (1),代名公畫譜 (1),,,,
1609,,琶雑譜 (1),陀附物譜 (1),倭人物畫譜 (1),,,,
1610,,四巻譜 (1),郢曲案譜 (1),十竹齋畫譜 (1),,,,
1611,,方案譜 (1),曲篳篥譜 (1),菅家御系譜 (1),,,,
1612,,巴笛譜 (1),湯釜図譜 (1),菅家御年譜 (1),,,,
1613,,笛箏譜 (1),達家略譜 (1),家正統系譜 (1),,,,
1614,,用笛譜 (1),斐少将譜 (1),古樂龍笛譜 (1),,,,
1615,,切笛譜 (1),館林侯譜 (1),水戸御系譜 (1),,,,
1616,,流乱譜 (1),灌頂系譜 (1),北大路系譜 (1),,,,
1617,,四絃譜 (1),模様図譜 (1),北村家系譜 (1),,,,
1618,,一部譜 (1),茶道系譜 (1),川円山系譜 (1),,,,
1619,,管略譜 (1),絵師系譜 (1),信綱家系譜 (1),,,,
1620,,鳳音譜 (1),文哉画譜 (1),琢書上系譜 (1),,,,
1621,,管古譜 (1),県草木譜 (1),肝属氏系譜 (1),,,,
1622,,声墨譜 (1),西園魚譜 (1),院門跡系譜 (1),,,,
1623,,方響譜 (1),水人薓譜 (1),重脩諸家譜 (1),,,,
1624,,笙調譜 (1),近代銭譜 (1),徳川家家譜 (1),,,,
1625,,笙秘譜 (1),文考銭譜 (1),鍋島家家譜 (1),,,,
1626,,律秘譜 (1),旦古泉譜 (1),庵和尚年譜 (1),,,,
1627,,鳳箏譜 (1),上派系譜 (1),川忠興公譜 (1),,,,
1628,,鳳笛譜 (1),芸林名譜 (1),筑紫流箏譜 (1),,,,
1629,,付箏譜 (1),聚珍画譜 (1),王腕磨名譜 (1),,,,
1630,,梵讃譜 (1),世遺印譜 (1),草苅家系譜 (1),,,,
1631,,毎息譜 (1),林家印譜 (1),櫛笥家系譜 (1),,,,
1632,,子箏譜 (1),鐔工系譜 (1),野三党系譜 (1),,,,
1633,,子笛譜 (1),碗師統譜 (1),倉橋家系譜 (1),,,,
1634,,楽笙譜 (1),三家刀譜 (1),川大衡系譜 (1),,,,
1635,,対照譜 (1),家年暦譜 (1),黒木家系譜 (1),,,,
1636,,祭楽譜 (1),帝王印譜 (1),び直茂公譜 (1),,,,
1637,,承系譜 (1),古玉図譜 (1),鍋島茂里譜 (1),,,,
1638,,基政譜 (1),陶工名譜 (1),天満宮年譜 (1),,,,
1639,,子舞譜 (1),漆工名譜 (1),一家御系譜 (1),,,,
1640,,舞旧譜 (1),淇園印譜 (1),皇胤御系譜 (1),,,,
1641,,和舞譜 (1),兄弟系譜 (1),公儀御系譜 (1),,,,
1642,,流琴譜 (1),鉄斎印譜 (1),家等之系譜 (1),,,,
1643,,歌舞譜 (1),玉田印譜 (1),文書並系譜 (1),,,,
1644,,附楽譜 (1),井氏印譜 (1),體新書圖譜 (1),,,,
1645,,序笙譜 (1),貫道印譜 (1),川佰莚之譜 (1),,,,
1646,,舞秘譜 (1),英家印譜 (1),徳公略年譜 (1),,,,
1647,,頭私譜 (1),土佐印譜 (1),酒井家系譜 (1),,,,
1648,,竜管譜 (1),楽遺印譜 (1),松平氏年譜 (1),,,,
1649,,絃楽譜 (1),谷遺印譜 (1),氏始祖系譜 (1),,,,
1650,,笛曲譜 (1),米庵印譜 (1),千葉家系譜 (1),,,,
1651,,笛全譜 (1),芦雪印譜 (1),高麗龍笛譜 (1),,,,
1652,,笛本譜 (1),華山印譜 (1),附物仮名譜 (1),,,,
1653,,笛要譜 (1),年方印譜 (1),龍笛遠曲譜 (1),,,,
1654,,両皷譜 (1),貫義印譜 (1),序遠曲秘譜 (1),,,,
1655,,糸竹譜 (1),芙蓉印譜 (1),興公御年譜 (1),,,,
1656,,輪作譜 (1),奇獣図譜 (1),村井氏家譜 (1),,,,
1657,,説箏譜 (1),横谷系譜 (1),山下氏世譜 (1),,,,
1658,,蓮道譜 (1),官禰宜譜 (1),統世録系譜 (1),,,,
1659,,東遊譜 (1),宮禰宜譜 (1),小宮山系譜 (1),,,,
1660,,詠古譜 (1),上杉略譜 (1),屋家根系譜 (1),,,,
1661,,詠略譜 (1),起源略譜 (1),御歴代系譜 (1),,,,
1662,,曲墨譜 (1),年略系譜 (1),りことの譜 (1),,,,
1663,,間系譜 (1),武田族譜 (1),嵯峨家系譜 (1),,,,
1664,,駒家譜 (1),扇庵扇譜 (1),相良氏系譜 (1),,,,
1665,,駒系譜 (1),通寶銭譜 (1),木京極系譜 (1),,,,
1666,,禰系譜 (1),弥家刀譜 (1),壱岐守系譜 (1),,,,
1667,,訳図譜 (1),家木家譜 (1),佐竹家系譜 (1),,,,
1668,,刀系譜 (1),御長家譜 (1),佐竹御系譜 (1),,,,
1669,,城家譜 (1),播侯系譜 (1),佐竹氏系譜 (1),,,,
1670,,園家譜 (1),國公年譜 (1),竹分流系譜 (1),,,,
1671,,雲錦譜 (1),家中興譜 (1),真田家系譜 (1),,,,
1672,,華印譜 (1),氏御年譜 (1),沢田氏系譜 (1),,,,
1673,,要翰譜 (1),倉家々譜 (1),寺検校略譜 (1),,,,
1674,,国雪譜 (1),州生花譜 (1),近藤氏系譜 (1),,,,
1675,,君系譜 (1),福島家譜 (1),浄土宗年譜 (1),,,,
1676,,語新譜 (1),彌太建譜 (1),伊集院系譜 (1),,,,
1677,,棋新譜 (1),豊諸系譜 (1),三条西系譜 (1),,,,
1678,,鸚歌譜 (1),刑罰図譜 (1),童觀詩畫譜 (1),,,,
1679,,孫系譜 (1),蒲生家譜 (1),紫極御系譜 (1),,,,
1680,,鏡系譜 (1),本宗系譜 (1),野井家系譜 (1),,,,
1681,,保系譜 (1),山草木譜 (1),渋谷家系譜 (1),,,,
1682,,内系譜 (1),古筆印譜 (1),津家御系譜 (1),,,,
1683,,々家譜 (1),詩盆山譜 (1),陽丗家畧譜 (1),,,,
1684,,村系譜 (1),異言音譜 (1),歌声腔調譜 (1),,,,
1685,,本系譜 (1),龍笛之譜 (1),音和尚年譜 (1),,,,
1686,,道画譜 (1),新摺銭譜 (1),桂和尚年譜 (1),,,,
1687,,栗系譜 (1),新選家譜 (1),木田氏系譜 (1),,,,
1688,,槻系譜 (1),楽歌秘譜 (1),観上人系譜 (1),,,,
1689,,正清譜 (1),伝島津譜 (1),生已後年譜 (1),,,,
1690,,一年譜 (1),成瀬系譜 (1),支那音樂譜 (1),,,,
1691,,祭系譜 (1),直御年譜 (1),團藏之家譜 (1),,,,
1692,,寺院譜 (1),公三徳譜 (1),春日山之譜 (1),,,,
1693,,温泉譜 (1),檍原龍譜 (1),信流太鼓譜 (1),,,,
1694,,美系譜 (1),算家系譜 (1),龍穏館樂譜 (1),,,,
1695,,古系譜 (1),御裏方譜 (1),書博士系譜 (1),,,,
1696,,幽画譜 (1),来目歌譜 (1),白川家系譜 (1),,,,
1697,,末系譜 (1),天至之譜 (1),上道氏系譜 (1),,,,
1698,,屋畫譜 (1),郢曲略譜 (1),氏両家系譜 (1),,,,
1699,,墨蘭譜 (1),刻百銭譜 (1),神長官系譜 (1),,,,
1700,,亭畫譜 (1),産物石譜 (1),王方御系譜 (1),,,,
1701,,家畫譜 (1),出入図譜 (1),神皇御系譜 (1),,,,
1702,,數畫譜 (1),常平泉譜 (1),藩翰八家譜 (1),,,,
1703,,門畫譜 (1),彫刻系譜 (1),御家御系譜 (1),,,,
1704,,公畫譜 (1),萬世家譜 (1),南部家系譜 (1),,,,
1705,,幽畫譜 (1),仮名家譜 (1),家中新古譜 (1),,,,
1706,,仙畫譜 (1),長尾略譜 (1),諸士古新譜 (1),,,,
1707,,路系譜 (1),流伝統譜 (1),御徒目付譜 (1),,,,
1708,,都年譜 (1),度者略譜 (1),瑞聖逓代譜 (1),,,,
1709,,上系譜 (1),護鳥図譜 (1),光公御系譜 (1),,,,
1710,,清年譜 (1),瑠璃家譜 (1),菅原御系譜 (1),,,,
1711,,興公譜 (1),名調楽譜 (1),図書府年譜 (1),,,,
1712,,篥箏譜 (1),織文図譜 (1),鈴木氏系譜 (1),,,,
1713,,流箏譜 (1),瀬戸図譜 (1),野彬之年譜 (1),,,,
1714,,磨名譜 (1),城楽舞譜 (1),氏根元系譜 (1),,,,
1715,,樹年譜 (1),有馬世譜 (1),氏代々系譜 (1),,,,
1716,,瀬年譜 (1),灯総系譜 (1),寛院宮系譜 (1),,,,
1717,,党系譜 (1),州志図譜 (1),漢外戚略譜 (1),,,,
1718,,衡系譜 (1),源氏系譜 (1),方之御系譜 (1),,,,
1719,,茂里譜 (1),鵬斎画譜 (1),大将軍宮譜 (1),,,,
1720,,宮年譜 (1),張氏派譜 (1),関屋氏系譜 (1),,,,
1721,,位年譜 (1),同氏世譜 (1),持明院系譜 (1),,,,
1722,,江系譜 (1),永諸家譜 (1),摂家御系譜 (1),,,,
1723,,御略譜 (1),王家世譜 (1),窯家大系譜 (1),,,,
1724,,書圖譜 (1),土井家譜 (1),千家之系譜 (1),,,,
1725,,野考譜 (1),松平系譜 (1),楚州和尚譜 (1),,,,
1726,,莚之譜 (1),北越魚譜 (1),醍醐家系譜 (1),,,,
1727,,家新譜 (1),船聚図譜 (1),聖寺藩系譜 (1),,,,
1728,,祖系譜 (1),伝正統譜 (1),寺屋形系譜 (1),,,,
1729,,管絃譜 (1),歌妓名譜 (1),曇総伝系譜 (1),,,,
1730,,篥案譜 (1),なぞ画譜 (1),高倉家系譜 (1),,,,
1731,,遠曲譜 (1),治御系譜 (1),高崎家系譜 (1),,,,
1732,,輪説譜 (1),梶川系譜 (1),高辻家系譜 (1),,,,
1733,,蘆管譜 (1),古今之譜 (1),高根家系譜 (1),,,,
1734,,秦筝譜 (1),嶋家系譜 (1),高野家系譜 (1),,,,
1735,,録系譜 (1),尾家系譜 (1),高橋氏系譜 (1),,,,
1736,,根系譜 (1),筌古文譜 (1),田口家系譜 (1),,,,
1737,,選系譜 (1),邦御系譜 (1),詫間氏系譜 (1),,,,
1738,,との譜 (1),なし楽譜 (1),朝畫家系譜 (1),,,,
1739,,峨系譜 (1),尺八吾譜 (1),狩氏畫印譜 (1),,,,
1740,,極系譜 (1),守鎮政譜 (1),武田家系譜 (1),,,,
1741,,竹系譜 (1),山氏系譜 (1),武田氏系譜 (1),,,,
1742,,佐竹譜 (1),巻家家譜 (1),外二家系譜 (1),,,,
1743,,藤系譜 (1),続御家譜 (1),田島氏系譜 (1),,,,
1744,,野系譜 (1),智氏系譜 (1),馬名家系譜 (1),,,,
1745,,校略譜 (1),藤家系譜 (1),多田家系譜 (1),,,,
1746,,宗年譜 (1),軒墨竹譜 (1),達家御系譜 (1),,,,
1747,,卿系譜 (1),墨景誌譜 (1),並氏族系譜 (1),,,,
1748,,寛永譜 (1),渉調楽譜 (1),伊達世系譜 (1),,,,
1749,,至聖譜 (1),狂齋画譜 (1),中一閑系譜 (1),,,,
1750,,腔調譜 (1),二支画譜 (1),田中家系譜 (1),,,,
1751,,後年譜 (1),野家畧譜 (1),谷村家系譜 (1),,,,
1752,,臣翰譜 (1),江家略譜 (1),子島氏系譜 (1),,,,
1753,,音樂譜 (1),夜話茶譜 (1),玉山家系譜 (1),,,,
1754,,之家譜 (1),富樫氏譜 (1),千賀氏系譜 (1),,,,
1755,,檗宗譜 (1),本多系譜 (1),書翰並系譜 (1),,,,
1756,,藩幹譜 (1),山氏家譜 (1),久家御系譜 (1),,,,
1757,,山之譜 (1),家系統譜 (1),千種家系譜 (1),,,,
1758,,弦按譜 (1),国公正譜 (1),葉東氏系譜 (1),,,,
1759,,館樂譜 (1),村正系譜 (1),九人衆系譜 (1),,,,
1760,,詠要譜 (1),浦壁系譜 (1),調子家系譜 (1),,,,
1761,,八家譜 (1),庶家系譜 (1),中将直孝譜 (1),,,,
1762,,新古譜 (1),今枝系譜 (1),寺蔵御系譜 (1),,,,
1763,,古新譜 (1),候御家譜 (1),軽家御系譜 (1),,,,
1764,,目付譜 (1),大雅画譜 (1),津田家系譜 (1),,,,
1765,,逓代譜 (1),孚九画譜 (1),ちりき楽譜 (1),,,,
1766,,浦系譜 (1),正統世譜 (1),西秦楽意譜 (1),,,,
1767,,府年譜 (1),聖藩家譜 (1),曲伝授系譜 (1),,,,
1768,,見家譜 (1),師宣書譜 (1),神代略系譜 (1),,,,
1769,,訪系譜 (1),雪雄句譜 (1),万声大統譜 (1),,,,
1770,,々系譜 (1),興甆壺譜 (1),子舞神楽譜 (1),,,,
1771,,戚略譜 (1),文林画譜 (1),撰八雲琴譜 (1),,,,
1772,,軍宮譜 (1),歴代略譜 (1),天神地神譜 (1),,,,
1773,,洋旗譜 (1),風会曲譜 (1),田庸徳印譜 (1),,,,
1774,,村所譜 (1),堂新曲譜 (1),楽回抔楽譜 (1),,,,
1775,,宣命譜 (1),多氏家譜 (1),摩陵王舞譜 (1),,,,
1776,,我系譜 (1),賀藩歴譜 (1),賀今様墨譜 (1),,,,
1777,,和尚譜 (1),寳生系譜 (1),和漢百花譜 (1),,,,
1778,,形系譜 (1),續藩翰譜 (1),笛譜和琴譜 (1),,,,
1779,,尾系譜 (1),橋氏家譜 (1),英国鼓笛譜 (1),,,,
1780,,畫印譜 (1),提出系譜 (1),五聖楽私譜 (1),,,,
1781,,腰系譜 (1),先生家譜 (1),黄鐘調笙譜 (1),,,,
1782,,衆系譜 (1),陀流系譜 (1),経音義韻譜 (1),,,,
1783,,直孝譜 (1),消長八譜 (1),保物語系譜 (1),,,,
1784,,踏歌譜 (1),鹿角圖譜 (1),お通七段譜 (1),,,,
1785,,き楽譜 (1),哥妓名譜 (1),宮神楽歌譜 (1),,,,
1786,,保畫譜 (1),1巻茶譜 (1),野周信印譜 (1),,,,
1787,,楽意譜 (1),大谷畧譜 (1),野典信印譜 (1),,,,
1788,,堂系譜 (1),字篆韻譜 (1),洋行軍鼓譜 (1),,,,
1789,,州印譜 (1),陽子年譜 (1),生居月琴譜 (1),,,,
1790,,地神譜 (1),烽火全譜 (1),家伝仮面譜 (1),,,,
1791,,徳印譜 (1),鳥齋畫譜 (1),観世家年譜 (1),,,,
1792,,抔楽譜 (1),備後殿譜 (1),狂言小舞譜 (1),,,,
1793,,様墨譜 (1),分略歴譜 (1),魚山集仮譜 (1),,,,
1794,,鼓笛譜 (1),田氏世譜 (1),声曲血脈譜 (1),,,,
1795,,楽私譜 (1),略御系譜 (1),蠆芥集仮譜 (1),,,,
1796,,調笙譜 (1),歴公之譜 (1),伊賀守系譜 (1),,,,
1797,,義韻譜 (1),庶流之譜 (1),裏楽器并譜 (1),,,,
1798,,七段譜 (1),本藩年譜 (1),城楽右舞譜 (1),,,,
1799,,軍鼓譜 (1),縁類系譜 (1),初二三重譜 (1),,,,
1800,,音楽譜 (1),歌集年譜 (1),及道統系譜 (1),,,,
1801,,古楽譜 (1),利家年譜 (1),催馬樂箏譜 (1),,,,
1802,,小舞譜 (1),家事年譜 (1),太鼓教練譜 (1),,,,
1803,,山私譜 (1),畧御年譜 (1),解音曲笛譜 (1),,,,
1804,,山唄譜 (1),嗣君略譜 (1),祝部氏系譜 (1),,,,
1805,,御遊譜 (1),応公略譜 (1),子拍子八譜 (1),,,,
1806,,琴歌譜 (1),徳公畧譜 (1),歎願書印譜 (1),,,,
1807,,曲精譜 (1),筝音取譜 (1),秋庭家系譜 (1),,,,
1808,,詩聲譜 (1),外国旗譜 (1),岐国古瓦譜 (1),,,,
1809,,器并譜 (1),五位等譜 (1),読臣之年譜 (1),,,,
1810,,志吟譜 (1),候に付譜 (1),諸神系図譜 (1),,,,
1811,,衣笙譜 (1),守家略譜 (1),リオ聖歌譜 (1),,,,
1812,,三重譜 (1),并御家譜 (1),代本山系譜 (1),,,,
1813,,琴曲譜 (1),伊達族譜 (1),寺代々略譜 (1),,,,
1814,,胡琴譜 (1),代吉家譜 (1),聞光寺家譜 (1),,,,
1815,,国楽譜 (1),枝氏家譜 (1),唐六如画譜 (1),,,,
1816,,樂箏譜 (1),椿山畫譜 (1),神楽篳篥譜 (1),,,,
1817,,教練譜 (1),花喜神譜 (1),編立斎画譜 (1),,,,
1818,,皋琴譜 (1),夫子年譜 (1),歴代年号譜 (1),,,,
1819,,濱荻譜 (1),忠公年譜 (1),島仙子印譜 (1),,,,
1820,,子八譜 (1),輪王系譜 (1),鸞代々年譜 (1),,,,
1821,,迦系譜 (1),集古圖譜 (1),教大師年譜 (1),,,,
1822,,合普譜 (1),臺黄門譜 (1),人香月系譜 (1),,,,
1823,,聖歌譜 (1),家畧系譜 (1),家共御系譜 (1),,,,
1824,,谷略譜 (1),高野家譜 (1),説附諸蘭譜 (1),,,,
1825,,々略譜 (1),達家家譜 (1),望山水畫譜 (1),,,,
1826,,寺家譜 (1),達御系譜 (1),洗雲亭蘭譜 (1),,,,
1827,,如画譜 (1),譜付略譜 (1),國旗章圖譜 (1),,,,
1828,,無双譜 (1),公族略譜 (1),産梅枝伝譜 (1),,,,
1829,,笛実譜 (1),伊達世譜 (1),合聲簡字譜 (1),,,,
1830,,虫雕譜 (1),所氏家譜 (1),土渡鳥圖譜 (1),,,,
1831,,年号譜 (1),寶古錢譜 (1),山銅章印譜 (1),,,,
1832,,曲辞譜 (1),臺棟梁譜 (1),亜相公印譜 (1),,,,
1833,,官子譜 (1),洞書畫譜 (1),皐禪師琴譜 (1),,,,
1834,,詩印譜 (1),容齋畫譜 (1),崖先生年譜 (1),,,,
1835,,階医譜 (1),草木畫譜 (1),園書院年譜 (1),,,,
1836,,隆年譜 (1),對山畫譜 (1),卿伝職年譜 (1),,,,
1837,,熊家譜 (1),風景畫譜 (1),琉虬百花譜 (1),,,,
1838,,諸蘭譜 (1),默軒印譜 (1),華点者家譜 (1),,,,
1839,,藥花譜 (1),代御印譜 (1),實寫眞圖譜 (1),,,,
1840,,亭蘭譜 (1),横山家譜 (1),俳諧拾遺譜 (1),,,,
1841,,章圖譜 (1),地口畫譜 (1),名家新俳譜 (1),,,,
1842,,簡字譜 (1),金銀錢譜 (1),千歳点俳譜 (1),,,,
1843,,鳥圖譜 (1),騷動之譜 (1),沾山点俳譜 (1),,,,
1844,,章印譜 (1),斐喧嘩譜 (1),煉霞翁年譜 (1),,,,
1845,,師琴譜 (1),刑閉門譜 (1),雀巣庵禽譜 (1),,,,
1846,,者家譜 (1),覚院家譜 (1),仙果点俳譜 (1),,,,
1847,,取俳譜 (1),衛門家譜 (1),去留点俳譜 (1),,,,
1848,,新俳譜 (1),道閑系譜 (1),太閤記圖譜 (1),,,,
1849,,因俳譜 (1),石田家譜 (1),,,,,
1850,,黄年譜 (1),国包家譜 (1),,,,,
1851,,草畧譜 (1),清水系譜 (1),,,,,
1852,,無俳譜 (1),兵衛年譜 (1),,,,,
1853,,草圖譜 (1),小原家譜 (1),,,,,
1854,,豸圖譜 (1),同人家譜 (1),,,,,
1855,,佐埜譜 (1),守氏家譜 (1),,,,,
1856,,庵禽譜 (1),卷東音譜 (1),,,,,
1857,,茘枝譜 (1),1卷鼓譜 (1),,,,,
1858,,記圖譜 (1),三體畫譜 (1),,,,,
1859,,,竹堂畫譜 (1),,,,,
1860,,,后素畫譜 (1),,,,,
1861,,,求古圖譜 (1),,,,,
1862,,,明樂祕譜 (1),,,,,
1863,,,龍笛略譜 (1),,,,,
1864,,,廣象棋譜 (1),,,,,
1865,,,文字原譜 (1),,,,,
1866,,,傳血脉譜 (1),,,,,
1867,,,民治家譜 (1),,,,,
1868,,,之助家譜 (1),,,,,
1869,,,國包家譜 (1),,,,,
1870,,,兵衞家譜 (1),,,,,
1871,,,樹石畫譜 (1),,,,,
1872,,,深川印譜 (1),,,,,
1873,,,銘判圖譜 (1),,,,,
1874,,,小傳系譜 (1),,,,,
1875,,,照宮家譜 (1),,,,,
1876,,,新撰錢譜 (1),,,,,
1877,,,館藏泉譜 (1),,,,,
1878,,,洞巖年譜 (1),,,,,
1879,,,爻象系譜 (1),,,,,
1880,,,倉御家譜 (1),,,,,
1881,,,清人名譜 (1),,,,,
1882,,,風俗畫譜 (1),,,,,
1883,,,菴藏筆譜 (1),,,,,
1884,,,己卯印譜 (1),,,,,
1885,,,勲章図譜 (1),,,,,
1886,,,皇和漁譜 (1),,,,,
1887,,,英傑画譜 (1),,,,,
1888,,,献品画譜 (1),,,,,
1889,,,本古劔譜 (1),,,,,
1890,,,日本画譜 (1),,,,,
1891,,,手競畫譜 (1),,,,,
1892,,,紙褾帋譜 (1),,,,,
1893,,,龍笛案譜 (1),,,,,
1894,,,紀氏系譜 (1),,,,,
1895,,,脉道統譜 (1),,,,,
1896,,,五言畫譜 (1),,,,,
1897,,,七言畫譜 (1),,,,,
1898,,,御寫本譜 (1),,,,,
1899,,,鳳笙全譜 (1),,,,,
1900,,,国公年譜 (1),,,,,
1901,,,三黨系譜 (1),,,,,
1902,,,代帝王譜 (1),,,,,
1903,,,向之国譜 (1),,,,,
1904,,,朝年號譜 (1),,,,,
1905,,,事ノ年譜 (1),,,,,
1906,,,神樂略譜 (1),,,,,
1907,,,りき案譜 (1),,,,,
1908,,,蕉翁年譜 (1),,,,,
1909,,,鳥井家譜 (1),,,,,
1910,,,内遠年譜 (1),,,,,
1911,,,成功系譜 (1),,,,,
1912,,,天皇系譜 (1),,,,,
1913,,,尊者年譜 (1),,,,,
1914,,,宗五派譜 (1),,,,,
1915,,,三虚靈譜 (1),,,,,
1916,,,秦樂意譜 (1),,,,,
1917,,,傳授系譜 (1),,,,,
1918,,,閤記畫譜 (1),,,,,
1919,,,茶器図譜 (1),,,,,
1920,,,史補系譜 (1),,,,,
1921,,,玉篇韻譜 (1),,,,,
1922,,,竹斎印譜 (1),,,,,
1923,,,法点画譜 (1),,,,,
1924,,,中氏系譜 (1),,,,,
1925,,,文庫印譜 (1),,,,,
1926,,,楽比巴譜 (1),,,,,
1927,,,狛楽笛譜 (1),,,,,
1928,,,楽両絃譜 (1),,,,,
1929,,,麗曲箏譜 (1),,,,,
1930,,,麗曲笛譜 (1),,,,,
1931,,,書並楽譜 (1),,,,,
1932,,,氏打物譜 (1),,,,,
1933,,,高麗箏譜 (1),,,,,
1934,,,真陵王譜 (1),,,,,
1935,,,雑戯系譜 (1),,,,,
1936,,,左方舞譜 (1),,,,,
1937,,,左舞俗譜 (1),,,,,
1938,,,左舞略譜 (1),,,,,
1939,,,三絃独譜 (1),,,,,
1940,,,五之秘譜 (1),,,,,
1941,,,三五略譜 (1),,,,,
1942,,,笛鼓之譜 (1),,,,,
1943,,,謡本鼓譜 (1),,,,,
1944,,,氏遺印譜 (1),,,,,
1945,,,江氏家譜 (1),,,,,
1946,,,書三徳譜 (1),,,,,
1947,,,神君年譜 (1),,,,,
1948,,,織田系譜 (1),,,,,
1949,,,歴代名譜 (1),,,,,
1950,,,十三帖譜 (1),,,,,
1951,,,平曲吟譜 (1),,,,,
1952,,,張氏系譜 (1),,,,,
1953,,,堂声明譜 (1),,,,,
1954,,,渉調の譜 (1),,,,,
1955,,,声明仮譜 (1),,,,,
1956,,,曲方章譜 (1),,,,,
1957,,,声明古譜 (1),,,,,
1958,,,明相承譜 (1),,,,,
1959,,,習所仮譜 (1),,,,,
1960,,,家仮面譜 (1),,,,,
1961,,,假名案譜 (1),,,,,
1962,,,撰笙笛譜 (1),,,,,
1963,,,新撰箏譜 (1),,,,,
1964,,,雅楽曲譜 (1),,,,,
1965,,,外鳳笙譜 (1),,,,,
1966,,,定鳳笙譜 (1),,,,,
1967,,,具撃物譜 (1),,,,,
1968,,,笙箏両譜 (1),,,,,
1969,,,笛撃物譜 (1),,,,,
1970,,,具鳳笙譜 (1),,,,,
1971,,,香横笛譜 (1),,,,,
1972,,,羯鼓之譜 (1),,,,,
1973,,,蘇合箏譜 (1),,,,,
1974,,,内景図譜 (1),,,,,
1975,,,啓蒙野譜 (1),,,,,
1976,,,内科方譜 (1),,,,,
1977,,,宮横笛譜 (1),,,,,
1978,,,笠間氏譜 (1),,,,,
1979,,,年立系譜 (1),,,,,
1980,,,田祭歌譜 (1),,,,,
1981,,,臨調子譜 (1),,,,,
1982,,,方人系譜 (1),,,,,
1983,,,日本琴譜 (1),,,,,
1984,,,能舞扇譜 (1),,,,,
1985,,,能面図譜 (1),,,,,
1986,,,残楽案譜 (1),,,,,
1987,,,花楼琴譜 (1),,,,,
1988,,,流平曲譜 (1),,,,,
1989,,,笛仮字譜 (1),,,,,
1990,,,御目見譜 (1),,,,,
1991,,,鎧源氏譜 (1),,,,,
1992,,,伝来舞譜 (1),,,,,
1993,,,家右舞譜 (1),,,,,
1994,,,代家系譜 (1),,,,,
1995,,,家鳳笙譜 (1),,,,,
1996,,,十八曲譜 (1),,,,,
1997,,,合右舞譜 (1),,,,,
1998,,,懐中笙譜 (1),,,,,
1999,,,貫右舞譜 (1),,,,,
2000,,,貫琵琶譜 (1),,,,,
2001,,,觱篥要譜 (1),,,,,
2002,,,和琴秘譜 (1),,,,,
2003,,,太食調譜 (1),,,,,
2004,,,琵琶雑譜 (1),,,,,
2005,,,琶四巻譜 (1),,,,,
2006,,,引方案譜 (1),,,,,
2007,,,比巴笛譜 (1),,,,,
2008,,,用篳篥譜 (1),,,,,
2009,,,楽用笛譜 (1),,,,,
2010,,,用鳳笙譜 (1),,,,,
2011,,,輔琵琶譜 (1),,,,,
2012,,,節切笛譜 (1),,,,,
2013,,,四大曲譜 (1),,,,,
2014,,,岩流乱譜 (1),,,,,
2015,,,曲四絃譜 (1),,,,,
2016,,,琶一部譜 (1),,,,,
2017,,,凰管略譜 (1),,,,,
2018,,,鳳管古譜 (1),,,,,
2019,,,引声墨譜 (1),,,,,
2020,,,弦之秘譜 (1),,,,,
2021,,,笙大曲譜 (1),,,,,
2022,,,鳳笙調譜 (1),,,,,
2023,,,鳳笙秘譜 (1),,,,,
2024,,,笙要略譜 (1),,,,,
2025,,,笙竜笛譜 (1),,,,,
2026,,,呂律秘譜 (1),,,,,
2027,,,抄付箏譜 (1),,,,,
2028,,,拍子箏譜 (1),,,,,
2029,,,拍子笛譜 (1),,,,,
2030,,,秋楽笙譜 (1),,,,,
2031,,,香大曲譜 (1),,,,,
2032,,,秋楽秘譜 (1),,,,,
2033,,,琶対照譜 (1),,,,,
2034,,,楽鳳笙譜 (1),,,,,
2035,,,田祭楽譜 (1),,,,,
2036,,,相承系譜 (1),,,,,
2037,,,並詩牌譜 (1),,,,,
2038,,,師弟系譜 (1),,,,,
2039,,,流箏曲譜 (1),,,,,
2040,,,巫子舞譜 (1),,,,,
2041,,,倭舞旧譜 (1),,,,,
2042,,,倭舞古譜 (1),,,,,
2043,,,大和舞譜 (1),,,,,
2044,,,井流琴譜 (1),,,,,
2045,,,楽歌舞譜 (1),,,,,
2046,,,頂附楽譜 (1),,,,,
2047,,,明楽秘譜 (1),,,,,
2048,,,荒序笙譜 (1),,,,,
2049,,,序鳳笙譜 (1),,,,,
2050,,,序舞秘譜 (1),,,,,
2051,,,々頭私譜 (1),,,,,
2052,,,経中曲譜 (1),,,,,
2053,,,三絃楽譜 (1),,,,,
2054,,,吟仮名譜 (1),,,,,
2055,,,竜笛曲譜 (1),,,,,
2056,,,竜笛古譜 (1),,,,,
2057,,,竜笛全譜 (1),,,,,
2058,,,笛大曲譜 (1),,,,,
2059,,,竜笛之譜 (1),,,,,
2060,,,竜笛本譜 (1),,,,,
2061,,,竜笛要譜 (1),,,,,
2062,,,竜笛略譜 (1),,,,,
2063,,,羅陵王譜 (1),,,,,
2064,,,并糸竹譜 (1),,,,,
2065,,,律風俗譜 (1),,,,,
2066,,,人輪作譜 (1),,,,,
2067,,,輪説箏譜 (1),,,,,
2068,,,詠今様譜 (1),,,,,
2069,,,朗詠古譜 (1),,,,,
2070,,,朗詠略譜 (1),,,,,
2071,,,郢曲墨譜 (1),,,,,
2072,,,久間系譜 (1),,,,,
2073,,,生駒家譜 (1),,,,,
2074,,,生駒系譜 (1),,,,,
2075,,,石川系譜 (1),,,,,
2076,,,宿禰系譜 (1),,,,,
2077,,,国士系譜 (1),,,,,
2078,,,日楼印譜 (1),,,,,
2079,,,秋元系譜 (1),,,,,
2080,,,井氏年譜 (1),,,,,
2081,,,蘇氏系譜 (1),,,,,
2082,,,阿多家譜 (1),,,,,
2083,,,立氏系譜 (1),,,,,
2084,,,旧家系譜 (1),,,,,
2085,,,篇訳図譜 (1),,,,,
2086,,,帯刀系譜 (1),,,,,
2087,,,井戸系譜 (1),,,,,
2088,,,戸氏系譜 (1),,,,,
2089,,,今川系譜 (1),,,,,
2090,,,家諸系譜 (1),,,,,
2091,,,今城家譜 (1),,,,,
2092,,,城家系譜 (1),,,,,
2093,,,江家系譜 (1),,,,,
2094,,,松氏系譜 (1),,,,,
2095,,,僊子印譜 (1),,,,,
2096,,,院室系譜 (1),,,,,
2097,,,灊水系譜 (1),,,,,
2098,,,都宮系譜 (1),,,,,
2099,,,路家系譜 (1),,,,,
2100,,,梅園家譜 (1),,,,,
2101,,,雲華印譜 (1),,,,,
2102,,,表要翰譜 (1),,,,,
2103,,,後国雪譜 (1),,,,,
2104,,,充君系譜 (1),,,,,
2105,,,格語新譜 (1),,,,,
2106,,,将棋新譜 (1),,,,,
2107,,,皇孫系譜 (1),,,,,
2108,,,織氏系譜 (1),,,,,
2109,,,小山系譜 (1),,,,,
2110,,,門家系譜 (1),,,,,
2111,,,大鏡系譜 (1),,,,,
2112,,,町家系譜 (1),,,,,
2113,,,久保系譜 (1),,,,,
2114,,,保総系譜 (1),,,,,
2115,,,河内系譜 (1),,,,,
2116,,,笠原系譜 (1),,,,,
2117,,,代々家譜 (1),,,,,
2118,,,岡村系譜 (1),,,,,
2119,,,岡本系譜 (1),,,,,
2120,,,配之系譜 (1),,,,,
2121,,,細道画譜 (1),,,,,
2122,,,小栗系譜 (1),,,,,
2123,,,小槻系譜 (1),,,,,
2124,,,一流系譜 (1),,,,,
2125,,,宕家系譜 (1),,,,,
2126,,,小田系譜 (1),,,,,
2127,,,智略年譜 (1),,,,,
2128,,,幡家系譜 (1),,,,,
2129,,,部正清譜 (1),,,,,
2130,,,己一年譜 (1),,,,,
2131,,,御祭系譜 (1),,,,,
2132,,,南畝印譜 (1),,,,,
2133,,,賀藩系譜 (1),,,,,
2134,,,賀美系譜 (1),,,,,
2135,,,加古系譜 (1),,,,,
2136,,,葛西系譜 (1),,,,,
2137,,,竈門系譜 (1),,,,,
2138,,,神世系譜 (1),,,,,
2139,,,亀井系譜 (1),,,,,
2140,,,探幽画譜 (1),,,,,
2141,,,本末系譜 (1),,,,,
2142,,,梅屋畫譜 (1),,,,,
2143,,,文鳳畫譜 (1),,,,,
2144,,,善齋畫譜 (1),,,,,
2145,,,楠亭畫譜 (1),,,,,
2146,,,名家畫譜 (1),,,,,
2147,,,名數畫譜 (1),,,,,
2148,,,鳴門畫譜 (1),,,,,
2149,,,蘭齋畫譜 (1),,,,,
2150,,,名公畫譜 (1),,,,,
2151,,,探幽畫譜 (1),,,,,
2152,,,竹齋畫譜 (1),,,,,
2153,,,海仙畫譜 (1),,,,,
2154,,,家御年譜 (1),,,,,
2155,,,正統系譜 (1),,,,,
2156,,,樂龍笛譜 (1),,,,,
2157,,,戸御系譜 (1),,,,,
2158,,,紀水系譜 (1),,,,,
2159,,,紀姓系譜 (1),,,,,
2160,,,大路系譜 (1),,,,,
2161,,,北川系譜 (1),,,,,
2162,,,吉川系譜 (1),,,,,
2163,,,城戸系譜 (1),,,,,
2164,,,円山系譜 (1),,,,,
2165,,,義都年譜 (1),,,,,
2166,,,綱家系譜 (1),,,,,
2167,,,書上系譜 (1),,,,,
2168,,,属氏系譜 (1),,,,,
2169,,,統清年譜 (1),,,,,
2170,,,脩諸家譜 (1),,,,,
2171,,,細川系譜 (1),,,,,
2172,,,川家家譜 (1),,,,,
2173,,,島家家譜 (1),,,,,
2174,,,忠興公譜 (1),,,,,
2175,,,篳篥箏譜 (1),,,,,
2176,,,紫流箏譜 (1),,,,,
2177,,,腕磨名譜 (1),,,,,
2178,,,藤樹年譜 (1),,,,,
2179,,,苅家系譜 (1),,,,,
2180,,,笥家系譜 (1),,,,,
2181,,,楠氏系譜 (1),,,,,
2182,,,楠瀬年譜 (1),,,,,
2183,,,葛山系譜 (1),,,,,
2184,,,三党系譜 (1),,,,,
2185,,,来島系譜 (1),,,,,
2186,,,大衡系譜 (1),,,,,
2187,,,木家系譜 (1),,,,,
2188,,,島茂里譜 (1),,,,,
2189,,,満宮年譜 (1),,,,,
2190,,,后位年譜 (1),,,,,
2191,,,胤御系譜 (1),,,,,
2192,,,儀御系譜 (1),,,,,
2193,,,等之系譜 (1),,,,,
2194,,,書並系譜 (1),,,,,
2195,,,公族系譜 (1),,,,,
2196,,,皇代系譜 (1),,,,,
2197,,,新書圖譜 (1),,,,,
2198,,,浅野考譜 (1),,,,,
2199,,,佰莚之譜 (1),,,,,
2200,,,公略年譜 (1),,,,,
2201,,,井家新譜 (1),,,,,
2202,,,平氏年譜 (1),,,,,
2203,,,始祖系譜 (1),,,,,
2204,,,葉家系譜 (1),,,,,
2205,,,麗龍笛譜 (1),,,,,
2206,,,物仮名譜 (1),,,,,
2207,,,篳篥案譜 (1),,,,,
2208,,,笛遠曲譜 (1),,,,,
2209,,,遠曲秘譜 (1),,,,,
2210,,,本田家譜 (1),,,,,
2211,,,井氏家譜 (1),,,,,
2212,,,下氏世譜 (1),,,,,
2213,,,世録系譜 (1),,,,,
2214,,,宮山系譜 (1),,,,,
2215,,,家根系譜 (1),,,,,
2216,,,三枝系譜 (1),,,,,
2217,,,再選系譜 (1),,,,,
2218,,,ことの譜 (1),,,,,
2219,,,榊原系譜 (1),,,,,
2220,,,嵯峨系譜 (1),,,,,
2221,,,峨家系譜 (1),,,,,
2222,,,良氏系譜 (1),,,,,
2223,,,京極系譜 (1),,,,,
2224,,,岐守系譜 (1),,,,,
2225,,,佐竹系譜 (1),,,,,
2226,,,竹家系譜 (1),,,,,
2227,,,竹御系譜 (1),,,,,
2228,,,竹氏系譜 (1),,,,,
2229,,,分流系譜 (1),,,,,
2230,,,佐藤系譜 (1),,,,,
2231,,,佐野系譜 (1),,,,,
2232,,,検校略譜 (1),,,,,
2233,,,土宗年譜 (1),,,,,
2234,,,三卿系譜 (1),,,,,
2235,,,三家系譜 (1),,,,,
2236,,,集院系譜 (1),,,,,
2237,,,条西系譜 (1),,,,,
2238,,,觀詩畫譜 (1),,,,,
2239,,,極御系譜 (1),,,,,
2240,,,四宮系譜 (1),,,,,
2241,,,渋川系譜 (1),,,,,
2242,,,社寺系譜 (1),,,,,
2243,,,丗家畧譜 (1),,,,,
2244,,,声腔調譜 (1),,,,,
2245,,,上人系譜 (1),,,,,
2246,,,已後年譜 (1),,,,,
2247,,,那音樂譜 (1),,,,,
2248,,,藏之家譜 (1),,,,,
2249,,,日山之譜 (1),,,,,
2250,,,流太鼓譜 (1),,,,,
2251,,,管弦按譜 (1),,,,,
2252,,,穏館樂譜 (1),,,,,
2253,,,朗詠要譜 (1),,,,,
2254,,,博士系譜 (1),,,,,
2255,,,白河系譜 (1),,,,,
2256,,,道氏系譜 (1),,,,,
2257,,,長官系譜 (1),,,,,
2258,,,方御系譜 (1),,,,,
2259,,,皇御系譜 (1),,,,,
2260,,,翰八家譜 (1),,,,,
2261,,,中新古譜 (1),,,,,
2262,,,士古新譜 (1),,,,,
2263,,,徒目付譜 (1),,,,,
2264,,,聖逓代譜 (1),,,,,
2265,,,公御系譜 (1),,,,,
2266,,,菅原系譜 (1),,,,,
2267,,,原御系譜 (1),,,,,
2268,,,杉浦系譜 (1),,,,,
2269,,,書府年譜 (1),,,,,
2270,,,鈴木系譜 (1),,,,,
2271,,,彬之年譜 (1),,,,,
2272,,,鷲見家譜 (1),,,,,
2273,,,根元系譜 (1),,,,,
2274,,,諏訪系譜 (1),,,,,
2275,,,代々系譜 (1),,,,,
2276,,,院宮系譜 (1),,,,,
2277,,,外戚略譜 (1),,,,,
2278,,,将軍宮譜 (1),,,,,
2279,,,正俗楽譜 (1),,,,,
2280,,,西洋旗譜 (1),,,,,
2281,,,屋氏系譜 (1),,,,,
2282,,,明院系譜 (1),,,,,
2283,,,雪村所譜 (1),,,,,
2284,,,家大系譜 (1),,,,,
2285,,,家之系譜 (1),,,,,
2286,,,潜斎年譜 (1),,,,,
2287,,,宗氏系譜 (1),,,,,
2288,,,曾我系譜 (1),,,,,
2289,,,州和尚譜 (1),,,,,
2290,,,園家系譜 (1),,,,,
2291,,,醐家系譜 (1),,,,,
2292,,,寺藩系譜 (1),,,,,
2293,,,屋形系譜 (1),,,,,
2294,,,総伝系譜 (1),,,,,
2295,,,大名系譜 (1),,,,,
2296,,,題林画譜 (1),,,,,
2297,,,高尾系譜 (1),,,,,
2298,,,崎家系譜 (1),,,,,
2299,,,辻家系譜 (1),,,,,
2300,,,根家系譜 (1),,,,,
2301,,,橋氏系譜 (1),,,,,
2302,,,口家系譜 (1),,,,,
2303,,,間氏系譜 (1),,,,,
2304,,,畫家系譜 (1),,,,,
2305,,,氏畫印譜 (1),,,,,
2306,,,竹腰系譜 (1),,,,,
2307,,,橘家系譜 (1),,,,,
2308,,,氏族系譜 (1),,,,,
2309,,,達世系譜 (1),,,,,
2310,,,一閑系譜 (1),,,,,
2311,,,中家系譜 (1),,,,,
2312,,,翰並系譜 (1),,,,,
2313,,,種家系譜 (1),,,,,
2314,,,人衆系譜 (1),,,,,
2315,,,子家系譜 (1),,,,,
2316,,,将直孝譜 (1),,,,,
2317,,,長府系譜 (1),,,,,
2318,,,蔵御系譜 (1),,,,,
2319,,,万家系譜 (1),,,,,
2320,,,りき楽譜 (1),,,,,
2321,,,天保畫譜 (1),,,,,
2322,,,秦楽意譜 (1),,,,,
2323,,,伝授系譜 (1),,,,,
2324,,,本堂系譜 (1),,,,,
2325,,,代略系譜 (1),,,,,
2326,,,声大統譜 (1),,,,,
2327,,,舞神楽譜 (1),,,,,
2328,,,南州印譜 (1),,,,,
2329,,,神地神譜 (1),,,,,
2330,,,庸徳印譜 (1),,,,,
2331,,,回抔楽譜 (1),,,,,
2332,,,今様墨譜 (1),,,,,
2333,,,漢百花譜 (1),,,,,
2334,,,譜和琴譜 (1),,,,,
2335,,,国鼓笛譜 (1),,,,,
2336,,,聖楽私譜 (1),,,,,
2337,,,鐘調笙譜 (1),,,,,
2338,,,音義韻譜 (1),,,,,
2339,,,通七段譜 (1),,,,,
2340,,,周信印譜 (1),,,,,
2341,,,行軍鼓譜 (1),,,,,
2342,,,居月琴譜 (1),,,,,
2343,,,伝仮面譜 (1),,,,,
2344,,,世家年譜 (1),,,,,
2345,,,言小舞譜 (1),,,,,
2346,,,魚山私譜 (1),,,,,
2347,,,山集仮譜 (1),,,,,
2348,,,曲血脈譜 (1),,,,,
2349,,,芥集仮譜 (1),,,,,
2350,,,魚山唄譜 (1),,,,,
2351,,,琴曲精譜 (1),,,,,
2352,,,賀守系譜 (1),,,,,
2353,,,古詩聲譜 (1),,,,,
2354,,,楽器并譜 (1),,,,,
2355,,,楽右舞譜 (1),,,,,
2356,,,平志吟譜 (1),,,,,
2357,,,更衣笙譜 (1),,,,,
2358,,,二三重譜 (1),,,,,
2359,,,胡琴曲譜 (1),,,,,
2360,,,道統系譜 (1),,,,,
2361,,,馬樂箏譜 (1),,,,,
2362,,,鼓教練譜 (1),,,,,
2363,,,東皋琴譜 (1),,,,,
2364,,,聲光詞譜 (1),,,,,
2365,,,音曲笛譜 (1),,,,,
2366,,,拍子八譜 (1),,,,,
2367,,,願書印譜 (1),,,,,
2368,,,釈迦系譜 (1),,,,,
2369,,,庭家系譜 (1),,,,,
2370,,,組合普譜 (1),,,,,
2371,,,国古瓦譜 (1),,,,,
2372,,,臣之年譜 (1),,,,,
2373,,,神系図譜 (1),,,,,
2374,,,オ聖歌譜 (1),,,,,
2375,,,大谷略譜 (1),,,,,
2376,,,本山系譜 (1),,,,,
2377,,,代々略譜 (1),,,,,
2378,,,光寺家譜 (1),,,,,
2379,,,六如画譜 (1),,,,,
2380,,,東渓画譜 (1),,,,,
2381,,,竜笛実譜 (1),,,,,
2382,,,立斎画譜 (1),,,,,
2383,,,代年号譜 (1),,,,,
2384,,,仙子印譜 (1),,,,,
2385,,,唄曲辞譜 (1),,,,,
2386,,,香月系譜 (1),,,,,
2387,,,唐詩印譜 (1),,,,,
2388,,,篆刻印譜 (1),,,,,
2389,,,高階医譜 (1),,,,,
2390,,,共御系譜 (1),,,,,
2391,,,綱隆年譜 (1),,,,,
2392,,,武熊家譜 (1),,,,,
2393,,,附諸蘭譜 (1),,,,,
2394,,,文川畫譜 (1),,,,,
2395,,,融齋畫譜 (1),,,,,
2396,,,芍藥花譜 (1),,,,,
2397,,,雲亭蘭譜 (1),,,,,
2398,,,旗章圖譜 (1),,,,,
2399,,,聲簡字譜 (1),,,,,
2400,,,渡鳥圖譜 (1),,,,,
2401,,,銅章印譜 (1),,,,,
2402,,,相公印譜 (1),,,,,
2403,,,禪師琴譜 (1),,,,,
2404,,,書院年譜 (1),,,,,
2405,,,十島図譜 (1),,,,,
2406,,,点者家譜 (1),,,,,
2407,,,点取俳譜 (1),,,,,
2408,,,家新俳譜 (1),,,,,
2409,,,宗因俳譜 (1),,,,,
2410,,,歳点俳譜 (1),,,,,
2411,,,橘黄年譜 (1),,,,,
2412,,,藥草畧譜 (1),,,,,
2413,,,山点俳譜 (1),,,,,
2414,,,南無俳譜 (1),,,,,
2415,,,本草圖譜 (1),,,,,
2416,,,霞翁年譜 (1),,,,,
2417,,,蟲豸圖譜 (1),,,,,
2418,,,巣庵禽譜 (1),,,,,
2419,,,果点俳譜 (1),,,,,
2420,,,留点俳譜 (1),,,,,
2421,,,閤記圖譜 (1),,,,,
