id,title,matched_ng,reason
https://jpsearch.go.jp/data/a1545100173162-100,土佐少掾段物集　「闌曲色竹」,演劇,Aboutルール除外: 演劇
https://jpsearch.go.jp/data/a1545100173162-102,宇治加賀掾段物集　「竹子集」,演劇,Aboutルール除外: 演劇
https://jpsearch.go.jp/data/a1545100173162-87,義太夫節稽古本　「一谷嫩軍記」　流しの枝の段,演劇,Aboutルール除外: 演劇
https://jpsearch.go.jp/data/aokenshida_doc-00_O_1375,御系譜　　従利正公,家系,Aboutルール除外: 家系
https://jpsearch.go.jp/data/aokenshida_doc-00_O_9643,陸奥黒石津軽信英家譜,系譜,Aboutルール除外: 系譜
https://jpsearch.go.jp/data/aokenshida_doc-40B_132_1,八戸御家譜　八戸御系図　完,系譜,Aboutルール除外: 系譜
https://jpsearch.go.jp/data/aokenshida_doc-66A_037,覚（円子家の家譜書き上げ）,系譜,Aboutルール除外: 系譜
https://jpsearch.go.jp/data/arc_books-AIC_G2022_0634,道中画譜,絵本,Aboutルール除外: 絵本
https://jpsearch.go.jp/data/arc_books-AIC_G2022_0672,広重画譜,絵手本,Aboutルール除外: 絵手本
https://jpsearch.go.jp/data/arc_books-AIC_G2022_0713,応挙画譜,画譜,Aboutルール除外: 画譜
https://jpsearch.go.jp/data/arc_books-AIC_G2022_0742,北斎写真画譜,画帖,Aboutルール除外: 画帖
https://jpsearch.go.jp/data/arc_books-AIC_G2022_0750,万物雛形画譜,絵手本,Aboutルール除外: 絵手本
https://jpsearch.go.jp/data/arc_books-AIC_G2022_0761,草筆画譜,絵画,Aboutルール除外: 絵画
https://jpsearch.go.jp/data/arc_books-AIC_G2022_0764,三体画譜,絵本,Aboutルール除外: 絵本
https://jpsearch.go.jp/data/arc_books-AIC_G2022_0773,梅嶺百鳥画譜,絵画,Aboutルール除外: 絵画
https://jpsearch.go.jp/data/arc_books-AIC_G2022_0780,和漢新図　扶桑画譜,画譜,Aboutルール除外: 画譜
https://jpsearch.go.jp/data/arc_books-AIC_G2022_0788,（八種画譜）,画譜,Aboutルール除外: 画譜
https://jpsearch.go.jp/data/arc_books-AIC_G2022_0789,北斎画譜,画譜,Aboutルール除外: 画譜
https://jpsearch.go.jp/data/arc_books-AIC_G2022_0792,一老画譜,画譜,Aboutルール除外: 画譜
https://jpsearch.go.jp/data/arc_books-AIC_G2022_0793,伝神開手 一筆画譜,絵手本,Aboutルール除外: 絵手本
https://jpsearch.go.jp/data/arc_books-AIC_G2022_0800,光琳画譜,画譜,Aboutルール除外: 画譜
https://jpsearch.go.jp/data/arc_books-AIC_G2022_0803,名家画譜,絵手本,Aboutルール除外: 絵手本
https://jpsearch.go.jp/data/arc_books-AIC_G2022_0806,鴬邨画譜,絵画,Aboutルール除外: 絵画
https://jpsearch.go.jp/data/arc_books-AIC_G2022_0830,光琳画譜,絵本,Aboutルール除外: 絵本
https://jpsearch.go.jp/data/arc_books-AIC_G2022_0841,伝神開手 一筆画譜,絵画,Aboutルール除外: 絵画
https://jpsearch.go.jp/data/arc_books-AIC_L07963,万物雛形画譜,画譜,Aboutルール除外: 画譜
https://jpsearch.go.jp/data/arc_books-AIC_L07964,万物雛形画譜,絵手本,Aboutルール除外: 絵手本
https://jpsearch.go.jp/data/arc_books-AIC_L07965,万物雛形画譜,絵手本,Aboutルール除外: 絵手本
https://jpsearch.go.jp/data/arc_books-AIC_L07966,万物雛形画譜,画譜,Aboutルール除外: 画譜
https://jpsearch.go.jp/data/arc_books-AIC_L07967,万物雛形画譜,絵手本,Aboutルール除外: 絵手本
https://jpsearch.go.jp/data/arc_books-AIC_L15334,楳嶺百鳥画譜,画譜,Aboutルール除外: 画譜
https://jpsearch.go.jp/data/arc_books-AIC_L15511,文鳳山水画譜,絵画,Aboutルール除外: 絵画
https://jpsearch.go.jp/data/arc_books-AIC_L15530,万物雛形画譜,絵手本,Aboutルール除外: 絵手本
https://jpsearch.go.jp/data/arc_books-AIC_L18433,楳嶺百鳥画譜,絵手本,Aboutルール除外: 絵手本
https://jpsearch.go.jp/data/arc_books-AIC_L18497,印籠譜,画譜,Aboutルール除外: 画譜
https://jpsearch.go.jp/data/arc_books-AIC_L18579,浮世画譜,画譜,Aboutルール除外: 画譜
https://jpsearch.go.jp/data/arc_books-AIC_L18613,万物雛形画譜,絵手本,Aboutルール除外: 絵手本
https://jpsearch.go.jp/data/arc_books-AIC_L18621,文鳳山水画譜,絵画,Aboutルール除外: 絵画
https://jpsearch.go.jp/data/arc_books-AIC_L18622,文鳳画譜,絵手本,Aboutルール除外: 絵手本
https://jpsearch.go.jp/data/arc_books-AIC_L26074,竹田画譜,漢詩,Aboutルール除外: 漢詩
https://jpsearch.go.jp/data/arc_books-AIC_L26083,文鳳画譜,絵手本,Aboutルール除外: 絵手本
https://jpsearch.go.jp/data/arc_books-AIC_L26084,文鳳画譜,絵手本,Aboutルール除外: 絵手本
https://jpsearch.go.jp/data/arc_books-AIC_L26085,諸大家山水画譜・諸大家花鳥画譜,絵手本,Aboutルール除外: 絵手本
https://jpsearch.go.jp/data/arc_books-AIC_L26087,金波園画譜,花鳥画,Aboutルール除外: 花鳥画
https://jpsearch.go.jp/data/arc_books-AIC_L26224,頓智早席画譜,画譜,Aboutルール除外: 画譜
https://jpsearch.go.jp/data/arc_books-AIC_L33554,万物雛形画譜,絵手本,Aboutルール除外: 絵手本
https://jpsearch.go.jp/data/arc_books-AIC_M272608,金波園画譜,画譜,Aboutルール除外: 画譜
https://jpsearch.go.jp/data/arc_books-AIC_M272609,倭人物画譜,画譜,Aboutルール除外: 画譜
https://jpsearch.go.jp/data/arc_books-AIC_M272613,融斎画譜,絵画,Aboutルール除外: 絵画
https://jpsearch.go.jp/data/arc_books-AIC_M272636,光琳画譜,画帖,Aboutルール除外: 画帖
https://jpsearch.go.jp/data/arc_books-AIC_M272640,梅嶺百鳥画譜,花鳥画,Aboutルール除外: 花鳥画
https://jpsearch.go.jp/data/arc_books-AIC_R01_1_04_0,仏徳大通禅師愚中和尚年譜,仏教,Aboutルール除外: 仏教
https://jpsearch.go.jp/data/arc_books-AIC_R01_3_13_0,八種画譜,漢籍,Aboutルール除外: 漢籍
https://jpsearch.go.jp/data/arc_books-AIC_R03_3_33_0,石燕画譜,絵画,Aboutルール除外: 絵画
https://jpsearch.go.jp/data/arc_books-AIC_R04_1_66_0,北斎人物画譜,画譜,Aboutルール除外: 画譜
https://jpsearch.go.jp/data/arc_books-AIC_R04_3_02_0,北斎画譜,絵手本,Aboutルール除外: 絵手本
https://jpsearch.go.jp/data/arc_books-AIC_R04_3_02_a,北斎画譜,画譜,Aboutルール除外: 画譜
https://jpsearch.go.jp/data/arc_books-AIC_R04_3_05_0,伝神開手 一筆画譜,絵手本,Aboutルール除外: 絵手本
https://jpsearch.go.jp/data/arc_books-AIC_R04_3_29_0,卍翁草筆画譜,絵手本,Aboutルール除外: 絵手本
https://jpsearch.go.jp/data/arc_books-AIC_R04_3_29_a,卍翁草筆画譜,画譜,Aboutルール除外: 画譜
https://jpsearch.go.jp/data/arc_books-AIC_R04_3_41_0,道中画譜,絵本,Aboutルール除外: 絵本
https://jpsearch.go.jp/data/arc_books-AIC_R04_3_42_0,道中画譜,絵本,Aboutルール除外: 絵本
https://jpsearch.go.jp/data/arc_books-AIC_R04_3_50_0,北樹画譜,絵画,Aboutルール除外: 絵画
https://jpsearch.go.jp/data/arc_books-AIC_R05_1_06_0,花鳥画譜,絵手本,Aboutルール除外: 絵手本
https://jpsearch.go.jp/data/arc_books-AIC_R05_1_26_a,北樹画譜,画譜,Aboutルール除外: 画譜
https://jpsearch.go.jp/data/arc_books-AIC_R05_1_27_0,一老画譜《山水,絵手本,Aboutルール除外: 絵手本
https://jpsearch.go.jp/data/arc_books-AIC_R05_1_49_0,柳川画譜,画譜,Aboutルール除外: 画譜
https://jpsearch.go.jp/data/arc_books-AIC_R05_3_02_c,浮世画譜,画譜,Aboutルール除外: 画譜
https://jpsearch.go.jp/data/arc_books-AIC_R05_3_05_0,草筆画譜・略画　広重百図,絵手本,Aboutルール除外: 絵手本
https://jpsearch.go.jp/data/arc_books-AIC_R05_3_05_a,草筆画譜,絵手本,Aboutルール除外: 絵手本
https://jpsearch.go.jp/data/arc_books-AIC_R05_3_05_b,草筆画譜,画譜,Aboutルール除外: 画譜
https://jpsearch.go.jp/data/arc_books-AIC_R05_3_11_0,浮世画譜,絵手本,Aboutルール除外: 絵手本
https://jpsearch.go.jp/data/arc_books-AIC_R05_3_24_a,渓斎浮世画譜,絵手本,Aboutルール除外: 絵手本
https://jpsearch.go.jp/data/arc_books-AIC_R05_3_25_0,渓斎浮世画譜,画譜,Aboutルール除外: 画譜
https://jpsearch.go.jp/data/arc_books-AIC_R05_3_26_a,文鳳山水画譜,絵画,Aboutルール除外: 絵画
https://jpsearch.go.jp/data/arc_books-AIC_R05_3_31_0,后素画譜,絵画,Aboutルール除外: 絵画
https://jpsearch.go.jp/data/arc_books-AIC_R05_3_31a,后素画譜,画譜,Aboutルール除外: 画譜
https://jpsearch.go.jp/data/arc_books-AIC_R06_1_18_0,狂斎画譜,戯画,Aboutルール除外: 戯画
https://jpsearch.go.jp/data/arc_books-AIC_R06_1_20_0,暁斎画譜,画譜,Aboutルール除外: 画譜
https://jpsearch.go.jp/data/arc_books-AIC_R06_1_35_a,都名所画譜　初編,絵本,Aboutルール除外: 絵本
https://jpsearch.go.jp/data/arc_books-AIC_R06_1_36_0,浮礼唱歌玉葉集,絵本,Aboutルール除外: 絵本
https://jpsearch.go.jp/data/arc_books-AIC_R06_1_41_0,鮮斎永濯画譜,人物画本,Aboutルール除外: 人物画本
https://jpsearch.go.jp/data/arc_books-AIC_R06_1_43_0,甘斎画譜,画譜,Aboutルール除外: 画譜
https://jpsearch.go.jp/data/arc_books-AIC_R06_2_03_0,和漢新図　扶桑画譜,漢詩,Aboutルール除外: 漢詩
https://jpsearch.go.jp/data/arc_books-AIC_R06_2_32_0,一蝶画譜,画譜,Aboutルール除外: 画譜
https://jpsearch.go.jp/data/arc_books-AIC_R07_1_12_0,印籠譜,工芸,Aboutルール除外: 工芸
https://jpsearch.go.jp/data/arc_books-AIC_R07_1_28_0,鳥羽絵筆拍子,絵本,Aboutルール除外: 絵本
https://jpsearch.go.jp/data/arc_books-AIC_R07_2_02_0,光琳画譜,絵画,Aboutルール除外: 絵画
https://jpsearch.go.jp/data/arc_books-AIC_R07_2_02_a,光琳画譜,画譜,Aboutルール除外: 画譜
https://jpsearch.go.jp/data/arc_books-AIC_R07_2_11_0,尾形流画譜,絵本,Aboutルール除外: 絵本
https://jpsearch.go.jp/data/arc_books-AIC_R07_2_13_0,鴬邨画譜,絵本,Aboutルール除外: 絵本
https://jpsearch.go.jp/data/arc_books-AIC_R07_2_13_a,鴬邨画譜,絵本,Aboutルール除外: 絵本
https://jpsearch.go.jp/data/arc_books-AIC_R07_2_18_0,其玉画譜,絵本,Aboutルール除外: 絵本
https://jpsearch.go.jp/data/arc_books-AIC_R07_2_21_0,若冲画譜,絵本,Aboutルール除外: 絵本
https://jpsearch.go.jp/data/arc_books-AIC_R07_2_26_0,竹堂画譜,絵画,Aboutルール除外: 絵画
https://jpsearch.go.jp/data/arc_books-AIC_R07_2_27_0,古秀画譜,絵本_画譜,Aboutルール除外: 絵本_画譜
https://jpsearch.go.jp/data/arc_books-AIC_R07_2_27_a,古秀画譜,画譜,Aboutルール除外: 画譜
https://jpsearch.go.jp/data/arc_books-AIC_R07_2_28_0,頓智早席画譜,絵本,Aboutルール除外: 絵本
https://jpsearch.go.jp/data/arc_books-AIC_R07_2_29_0,狂歌 鯉鱗画譜,絵本,Aboutルール除外: 絵本
https://jpsearch.go.jp/data/arc_books-AIC_R07_2_30_0,早席画譜　弐編,絵画,Aboutルール除外: 絵画
https://jpsearch.go.jp/data/arc_books-AIC_R07_2_32_0,円翁画譜,絵画,Aboutルール除外: 絵画
https://jpsearch.go.jp/data/arc_books-AIC_R07_2_32_a,応挙画譜,絵画,Aboutルール除外: 絵画
https://jpsearch.go.jp/data/arc_books-AIC_R07_2_35_0,倭人物画譜,絵本,Aboutルール除外: 絵本
https://jpsearch.go.jp/data/arc_books-AIC_R07_2_35_a,倭人物画譜,絵本,Aboutルール除外: 絵本
https://jpsearch.go.jp/data/arc_books-AIC_R07_2_35_b,倭人物画譜,絵本,Aboutルール除外: 絵本
https://jpsearch.go.jp/data/arc_books-AIC_R07_2_35_c,素絢画譜　草花之部,画譜,Aboutルール除外: 画譜
https://jpsearch.go.jp/data/arc_books-AIC_R07_2_36_0,素絢山水画譜,絵本,Aboutルール除外: 絵本
https://jpsearch.go.jp/data/arc_books-AIC_R07_2_38_0,楠亭画譜,絵本,Aboutルール除外: 絵本
https://jpsearch.go.jp/data/arc_books-AIC_R07_2_38_a,楠亭画譜,絵本,Aboutルール除外: 絵本
https://jpsearch.go.jp/data/arc_books-AIC_R07_2_39_0,人物画譜,画譜,Aboutルール除外: 画譜
https://jpsearch.go.jp/data/arc_books-AIC_R07_3_10_0,水石画譜,絵本,Aboutルール除外: 絵本
https://jpsearch.go.jp/data/arc_books-AIC_R07_3_10_a,水石画譜,絵本,Aboutルール除外: 絵本
https://jpsearch.go.jp/data/arc_books-AIC_R07_3_14_0,公長画譜,絵本_絵手本・画譜,Aboutルール除外: 絵本_絵手本・画譜
https://jpsearch.go.jp/data/arc_books-AIC_R07_3_16_0,公長画譜,絵本,Aboutルール除外: 絵本
https://jpsearch.go.jp/data/arc_books-AIC_R07_3_17_0,浪華擷芳譜,人名録,Aboutルール除外: 人名録
https://jpsearch.go.jp/data/arc_books-AIC_R07_3_18_0,名家画譜,人名録,Aboutルール除外: 人名録
https://jpsearch.go.jp/data/arc_books-AIC_R07_3_18_a,名家画譜,絵本_絵手本・画譜,Aboutルール除外: 絵本_絵手本・画譜
https://jpsearch.go.jp/data/arc_books-AIC_R07_3_21_0,文鳳画譜,絵本_絵手本・画譜,Aboutルール除外: 絵本_絵手本・画譜
https://jpsearch.go.jp/data/arc_books-AIC_R07_3_25_0,金波園画譜,絵画,Aboutルール除外: 絵画
https://jpsearch.go.jp/data/arc_books-AIC_R07_3_26_0,文鳳山水画譜,絵画,Aboutルール除外: 絵画
https://jpsearch.go.jp/data/arc_books-AIC_R07_3_29_0,琦鳳画譜,絵本_絵手本・画譜,Aboutルール除外: 絵本_絵手本・画譜
https://jpsearch.go.jp/data/arc_books-AIC_R08_1_04_0,通神画譜,絵画,Aboutルール除外: 絵画
https://jpsearch.go.jp/data/arc_books-AIC_R08_1_05_0,廓中艶譜,絵画,Aboutルール除外: 絵画
https://jpsearch.go.jp/data/arc_books-AIC_R08_1_05_a,廓中艶譜,絵本,Aboutルール除外: 絵本
https://jpsearch.go.jp/data/arc_books-AIC_R08_1_13_0,文晁画譜,画譜,Aboutルール除外: 画譜
https://jpsearch.go.jp/data/arc_books-AIC_R08_1_18_0,楚南画譜,画譜,Aboutルール除外: 画譜
https://jpsearch.go.jp/data/arc_books-AIC_R08_1_20_0,閑林画譜,絵手本,Aboutルール除外: 絵手本
https://jpsearch.go.jp/data/arc_books-AIC_R08_1_20_a,閑林画譜,絵手本,Aboutルール除外: 絵手本
https://jpsearch.go.jp/data/arc_books-AIC_R08_1_21_0,崋椿靄隆 近世四大家画譜,絵手本,Aboutルール除外: 絵手本
https://jpsearch.go.jp/data/arc_books-AIC_R08_2_01_1,慶子画譜,俳諧,Aboutルール除外: 俳諧
https://jpsearch.go.jp/data/arc_books-AIC_R08_2_08_0,（十竹斎書画譜）,画譜,Aboutルール除外: 画譜
https://jpsearch.go.jp/data/arc_books-AIC_R08_2_09_0,十竹斎書画譜,画譜,Aboutルール除外: 画譜
https://jpsearch.go.jp/data/arc_books-AIC_R08_2_14_0,新刻金氏画譜,書画,Aboutルール除外: 書画
https://jpsearch.go.jp/data/arc_books-AIC_R08_2_15_0,張州英画譜,絵手本,Aboutルール除外: 絵手本
https://jpsearch.go.jp/data/arc_books-AIC_R08_2_16_0,清風　張子祥画譜,絵手本,Aboutルール除外: 絵手本
https://jpsearch.go.jp/data/arc_books-AIC_R08_2_17_0,寒葉斎画譜,画譜,Aboutルール除外: 画譜
https://jpsearch.go.jp/data/arc_books-AIC_R08_2_17_a,寒葉斎画譜,画譜,Aboutルール除外: 画譜
https://jpsearch.go.jp/data/arc_books-AIC_R08_2_18_0,李用雲竹譜,絵手本,Aboutルール除外: 絵手本
https://jpsearch.go.jp/data/arc_books-AIC_R08_3_01_0,宋紫石画譜,絵手本,Aboutルール除外: 絵手本
https://jpsearch.go.jp/data/arc_books-AIC_R08_3_01_a,宋紫石画譜,絵画,Aboutルール除外: 絵画
https://jpsearch.go.jp/data/arc_books-AIC_R08_3_03_0,東渓画譜,画譜,Aboutルール除外: 画譜
https://jpsearch.go.jp/data/arc_books-AIC_R08_3_08_0,九老画譜,画譜,Aboutルール除外: 画譜
https://jpsearch.go.jp/data/arc_books-AIC_R08_3_08_a,九老画譜,絵手本,Aboutルール除外: 絵手本
https://jpsearch.go.jp/data/arc_books-AIC_R08_3_10_0,玄対先生画譜,絵手本,Aboutルール除外: 絵手本
https://jpsearch.go.jp/data/arc_books-AIC_R08_3_11_0,福善斎画譜,画譜,Aboutルール除外: 画譜
https://jpsearch.go.jp/data/arc_books-AIC_R08_3_14_0,名数画譜,印譜,Aboutルール除外: 印譜
https://jpsearch.go.jp/data/arc_books-AIC_R08_3_16_0,竹洞四君子画譜,画譜,Aboutルール除外: 画譜
https://jpsearch.go.jp/data/arc_books-AIC_R08_3_19_0,融斎画譜,画譜,Aboutルール除外: 画譜
https://jpsearch.go.jp/data/arc_books-AIC_R08_3_22_0,梅屋画譜,花鳥画,Aboutルール除外: 花鳥画
https://jpsearch.go.jp/data/arc_books-AIC_R08_3_23_0,竹田画譜,漢詩,Aboutルール除外: 漢詩
https://jpsearch.go.jp/data/arc_books-AIC_R08_3_23_a,竹田画譜,絵画,Aboutルール除外: 絵画
https://jpsearch.go.jp/data/arc_books-AIC_R08_3_24_0,対山画譜,画譜,Aboutルール除外: 画譜
https://jpsearch.go.jp/data/arc_books-AIC_R08_3_24_a,対山画譜,漢詩,Aboutルール除外: 漢詩
https://jpsearch.go.jp/data/arc_books-AIC_R08_3_25_0,雲樵画譜,絵手本,Aboutルール除外: 絵手本
https://jpsearch.go.jp/data/arc_books-AIC_R08_3_26_0,天梅画譜,絵手本,Aboutルール除外: 絵手本
https://jpsearch.go.jp/data/arc_books-AIC_R08_3_29_0,明治画譜,画譜,Aboutルール除外: 画譜
https://jpsearch.go.jp/data/arc_books-AIC_R08_3_33_0,名家百扇画譜,画帖,Aboutルール除外: 画帖
https://jpsearch.go.jp/data/arc_books-AIC_R09_1_01_0,楳嶺百鳥画譜,絵手本,Aboutルール除外: 絵手本
https://jpsearch.go.jp/data/arc_books-AIC_R09_1_01_a,楳嶺百鳥画譜,絵手本,Aboutルール除外: 絵手本
https://jpsearch.go.jp/data/arc_books-AIC_R09_1_02_0,楳嶺画譜,画譜,Aboutルール除外: 画譜
https://jpsearch.go.jp/data/arc_books-AIC_R09_1_06_0,楳嶺花鳥画譜,花鳥画,Aboutルール除外: 花鳥画
https://jpsearch.go.jp/data/arc_books-AIC_R09_1_09_0,景年花鳥画譜,花鳥画,Aboutルール除外: 花鳥画
https://jpsearch.go.jp/data/arc_books-AIC_R09_1_09_a,景年花鳥画譜,絵手本,Aboutルール除外: 絵手本
https://jpsearch.go.jp/data/arc_books-AIC_R09_1_09_b,景年花鳥画譜,絵手本,Aboutルール除外: 絵手本
https://jpsearch.go.jp/data/arc_books-AIC_R09_1_09_c,景年花鳥画譜,絵手本,Aboutルール除外: 絵手本
https://jpsearch.go.jp/data/arc_books-AIC_R09_1_10_0,省亭花鳥画譜,花鳥画,Aboutルール除外: 花鳥画
https://jpsearch.go.jp/data/arc_books-AIC_R09_1_11_0,華鳥画譜,花鳥画,Aboutルール除外: 花鳥画
https://jpsearch.go.jp/data/arc_books-AIC_R09_1_16_0,芳文画譜,画譜,Aboutルール除外: 画譜
https://jpsearch.go.jp/data/arc_books-AIC_R09_1_17_0,大成真写譜,花鳥画,Aboutルール除外: 花鳥画
https://jpsearch.go.jp/data/arc_books-AIC_R09_1_22_0,潜竜堂画譜,画譜,Aboutルール除外: 画譜
https://jpsearch.go.jp/data/arc_books-AIC_R09_2_36_0,北越雪譜,地誌,Aboutルール除外: 地誌
https://jpsearch.go.jp/data/arc_books-AIC_R09_3_26_0,奥村政信画譜,画譜,Aboutルール除外: 画譜
https://jpsearch.go.jp/data/arc_books-AIC_R10_1_133_0,翠釜亭戯画譜,絵本,Aboutルール除外: 絵本
https://jpsearch.go.jp/data/arc_books-AIC_R10_1_159_0,（雅楽楽譜）,楽譜,Aboutルール除外: 楽譜
https://jpsearch.go.jp/data/arc_books-BM_JH017,八種画譜,漢籍,Aboutルール除外: 漢籍
https://jpsearch.go.jp/data/arc_books-BM_JH076,和漢新図 扶桑画譜,和歌,Aboutルール除外: 和歌
https://jpsearch.go.jp/data/arc_books-BM_JH111,宋紫石画譜,絵本,Aboutルール除外: 絵本
https://jpsearch.go.jp/data/arc_books-BM_JH139,翠釜亭戯画譜,絵本,Aboutルール除外: 絵本
https://jpsearch.go.jp/data/arc_books-BM_JH149,東谿画譜,絵本,Aboutルール除外: 絵本
https://jpsearch.go.jp/data/arc_books-BM_JH183,九老画譜,絵本_絵手本・画譜,Aboutルール除外: 絵本_絵手本・画譜
https://jpsearch.go.jp/data/arc_books-BM_JH187,竹堂画譜,画譜,Aboutルール除外: 画譜
https://jpsearch.go.jp/data/arc_books-BM_JH213,平安名家文化画譜,絵本,Aboutルール除外: 絵本
https://jpsearch.go.jp/data/arc_books-BM_JH221,名数画譜,絵画,Aboutルール除外: 絵画
https://jpsearch.go.jp/data/arc_books-BM_JH228,古秀画譜,画譜,Aboutルール除外: 画譜
https://jpsearch.go.jp/data/arc_books-BM_JH236,名家画譜,絵本_絵手本・画譜,Aboutルール除外: 絵本_絵手本・画譜
https://jpsearch.go.jp/data/arc_books-BM_JH237,名家画譜,絵本_絵手本・画譜,Aboutルール除外: 絵本_絵手本・画譜
https://jpsearch.go.jp/data/arc_books-BM_JH244,水石画譜,絵手本,Aboutルール除外: 絵手本
https://jpsearch.go.jp/data/arc_books-BM_JH263,通神画譜,画譜,Aboutルール除外: 画譜
https://jpsearch.go.jp/data/arc_books-BM_JH268,水石画譜,画譜,Aboutルール除外: 画譜
https://jpsearch.go.jp/data/arc_books-BM_JH274,一老画譜,絵画,Aboutルール除外: 絵画
https://jpsearch.go.jp/data/arc_books-BM_JH286,楠亭画譜,絵画,Aboutルール除外: 絵画
https://jpsearch.go.jp/data/arc_books-BM_JH291,鳳画譜,絵画,Aboutルール除外: 絵画
https://jpsearch.go.jp/data/arc_books-BM_JH310,浪華擷芳譜,書画,Aboutルール除外: 書画
https://jpsearch.go.jp/data/arc_books-BM_JH339,欽慕画譜,絵本_画譜,Aboutルール除外: 絵本_画譜
https://jpsearch.go.jp/data/arc_books-BM_JH363,九峰堂画譜,絵本,Aboutルール除外: 絵本
https://jpsearch.go.jp/data/arc_books-BM_JH369,適山画譜,絵本_画譜,Aboutルール除外: 絵本_画譜
https://jpsearch.go.jp/data/arc_books-BM_JH400,探幽画譜,画譜,Aboutルール除外: 画譜
https://jpsearch.go.jp/data/arc_books-BM_JH402,大雅堂画譜,絵本_画譜,Aboutルール除外: 絵本_画譜
https://jpsearch.go.jp/data/arc_books-BM_JH443,北斎写真画譜,画譜,Aboutルール除外: 画譜
https://jpsearch.go.jp/data/arc_books-BM_JH467,北斎画譜,画譜,Aboutルール除外: 画譜
https://jpsearch.go.jp/data/arc_books-BM_JH478,石燕画譜,絵画,Aboutルール除外: 絵画
https://jpsearch.go.jp/data/arc_books-BM_JH482,新刻金氏画譜,絵画,Aboutルール除外: 絵画
https://jpsearch.go.jp/data/arc_books-BM_JH483,[月次画譜],俳諧,Aboutルール除外: 俳諧
https://jpsearch.go.jp/data/arc_books-BM_JH520,素絢山水画譜,画譜,Aboutルール除外: 画譜
https://jpsearch.go.jp/data/arc_books-BM_JH525,伊孚九池大雅 山水画譜,絵画,Aboutルール除外: 絵画
https://jpsearch.go.jp/data/arc_books-BM_JH542,竹田画譜　後集,絵本_画譜,Aboutルール除外: 絵本_画譜
https://jpsearch.go.jp/data/arc_books-BM_JH556,海僊画譜,絵本_画譜,Aboutルール除外: 絵本_画譜
https://jpsearch.go.jp/data/arc_books-BM_JIB0163_,鳥羽絵筆拍子,絵本,Aboutルール除外: 絵本
https://jpsearch.go.jp/data/arc_books-BM_JIB0180_,草木花鳥画譜,画譜,Aboutルール除外: 画譜
https://jpsearch.go.jp/data/arc_books-BM_JIB0198A_,北斎写真画譜,絵手本,Aboutルール除外: 絵手本
https://jpsearch.go.jp/data/arc_books-BM_JIB0199_,北斎画譜,絵手本,Aboutルール除外: 絵手本
https://jpsearch.go.jp/data/arc_books-BM_JIB0200_,北斎画譜　中編,絵手本,Aboutルール除外: 絵手本
https://jpsearch.go.jp/data/arc_books-BM_JIB0201_,北斎画譜,絵手本,Aboutルール除外: 絵手本
https://jpsearch.go.jp/data/arc_books-BM_JIB0204_,伝神開手 一筆画譜,絵手本,Aboutルール除外: 絵手本
https://jpsearch.go.jp/data/arc_books-BM_JIB0205_,伝神開手 一筆画譜,絵手本,Aboutルール除外: 絵手本
https://jpsearch.go.jp/data/arc_books-BM_JIB0221_,道中画譜,絵手本,Aboutルール除外: 絵手本
https://jpsearch.go.jp/data/arc_books-BM_JIB0245_,諸国名所画譜,画譜,Aboutルール除外: 画譜
https://jpsearch.go.jp/data/arc_books-BM_JIB0251_,一老画譜《山水,画譜,Aboutルール除外: 画譜
https://jpsearch.go.jp/data/arc_books-BM_JIB0262_,柳川画譜,画譜,Aboutルール除外: 画譜
https://jpsearch.go.jp/data/arc_books-BM_JIB0281_,后素画譜,絵本,Aboutルール除外: 絵本
https://jpsearch.go.jp/data/arc_books-BM_JIB0301_,一勇画譜　初編,絵本,Aboutルール除外: 絵本
https://jpsearch.go.jp/data/arc_books-BM_JIB0343_,万物雛形画譜,絵手本,Aboutルール除外: 絵手本
https://jpsearch.go.jp/data/arc_books-BM_JIB0387A_,宋紫石画譜,絵画,Aboutルール除外: 絵画
https://jpsearch.go.jp/data/arc_books-BM_JIB0390_,東谿画譜,絵本_絵手本・画譜,Aboutルール除外: 絵本_絵手本・画譜
https://jpsearch.go.jp/data/arc_books-BM_JIB0391_,名家画譜,絵本_絵手本・画譜,Aboutルール除外: 絵本_絵手本・画譜
https://jpsearch.go.jp/data/arc_books-BM_JIB0392_,名家画譜,絵本_絵手本・画譜,Aboutルール除外: 絵本_絵手本・画譜
https://jpsearch.go.jp/data/arc_books-BM_JIB0401_,九老画譜,絵本_絵手本・画譜,Aboutルール除外: 絵本_絵手本・画譜
https://jpsearch.go.jp/data/arc_books-BM_JIB0411_,鳴門画譜,絵本_絵手本・画譜,Aboutルール除外: 絵本_絵手本・画譜
https://jpsearch.go.jp/data/arc_books-BM_JIB0417_,素真画譜,絵本_絵手本・画譜,Aboutルール除外: 絵本_絵手本・画譜
https://jpsearch.go.jp/data/arc_books-BM_JIB0424_,椿山画譜,絵本,Aboutルール除外: 絵本
https://jpsearch.go.jp/data/arc_books-BM_JIB0438A_,福善斎画譜,絵画,Aboutルール除外: 絵画
https://jpsearch.go.jp/data/arc_books-BM_JIB0441_,十竹斎画譜,絵画,Aboutルール除外: 絵画
https://jpsearch.go.jp/data/arc_books-BM_JIB0460_,扶桑画譜,和歌,Aboutルール除外: 和歌
https://jpsearch.go.jp/data/arc_books-BM_JIB0468A_,敬輔画譜,画譜,Aboutルール除外: 画譜
https://jpsearch.go.jp/data/arc_books-BM_JIB0493_,鶯邨画譜,画譜,Aboutルール除外: 画譜
https://jpsearch.go.jp/data/arc_books-BM_JIB0519_,琦鳳画譜,絵手本,Aboutルール除外: 絵手本
https://jpsearch.go.jp/data/arc_books-BM_JIB0520_,古秀画譜,絵手本,Aboutルール除外: 絵手本
https://jpsearch.go.jp/data/arc_books-BM_JIB0522_,通神画譜,絵本,Aboutルール除外: 絵本
https://jpsearch.go.jp/data/arc_books-BM_JIB0525_,水石画譜,絵手本,Aboutルール除外: 絵手本
https://jpsearch.go.jp/data/arc_books-BM_JIB0526_,公長画譜,画譜,Aboutルール除外: 画譜
https://jpsearch.go.jp/data/arc_books-BM_JIB0528_,狂歌 鯉鱗画譜,絵手本,Aboutルール除外: 絵手本
https://jpsearch.go.jp/data/arc_books-BM_JIB0530_,応挙画譜,絵画,Aboutルール除外: 絵画
https://jpsearch.go.jp/data/arc_books-BM_JIB0532_,花鳥画譜,絵手本,Aboutルール除外: 絵手本
https://jpsearch.go.jp/data/arc_books-BM_JIB0533_,花鳥画譜,画譜,Aboutルール除外: 画譜
https://jpsearch.go.jp/data/arc_books-BM_JIB0534_,応翠画譜,絵手本,Aboutルール除外: 絵手本
https://jpsearch.go.jp/data/arc_books-BM_JIB0535A_,菊池容斎画譜,画譜,Aboutルール除外: 画譜
https://jpsearch.go.jp/data/arc_books-BM_JIB0536_,景文花鳥画譜,画帖,Aboutルール除外: 画帖
https://jpsearch.go.jp/data/arc_books-BM_JIB0540A_,名家百扇画譜,絵手本,Aboutルール除外: 絵手本
https://jpsearch.go.jp/data/arc_books-BM_JIB0542A_,梅嶺百鳥画譜《続編,花鳥画,Aboutルール除外: 花鳥画
https://jpsearch.go.jp/data/arc_books-BM_JIB0542_,楳嶺百鳥画譜,絵手本,Aboutルール除外: 絵手本
https://jpsearch.go.jp/data/arc_books-BM_JIB0544_,楳嶺画譜,花鳥画,Aboutルール除外: 花鳥画
https://jpsearch.go.jp/data/arc_books-BM_JIB0547_,聚鳥画譜,画譜,Aboutルール除外: 画譜
https://jpsearch.go.jp/data/arc_books-BM_JIB0548_,省亭花鳥画譜,画譜,Aboutルール除外: 画譜
https://jpsearch.go.jp/data/arc_books-BM_JIB0557_,画譜,画帖,Aboutルール除外: 画帖
https://jpsearch.go.jp/data/arc_books-BM_JIB0568A_,春山画譜,花鳥画,Aboutルール除外: 花鳥画
https://jpsearch.go.jp/data/arc_books-BM_JIB0568B_,春山画譜,花鳥画,Aboutルール除外: 花鳥画
https://jpsearch.go.jp/data/arc_books-BM_JIB0569_,漢画独楽譜,絵手本,Aboutルール除外: 絵手本
https://jpsearch.go.jp/data/arc_books-BM_JIB0570_,名人蘭竹画譜,花鳥画,Aboutルール除外: 花鳥画
https://jpsearch.go.jp/data/arc_books-BM_JIB0574_,唐土画譜,絵手本,Aboutルール除外: 絵手本
https://jpsearch.go.jp/data/arc_books-BM_JIB0581_,人物花鳥草木 袖珍画譜,画譜,Aboutルール除外: 画譜
https://jpsearch.go.jp/data/arc_books-BM_JIB0584_,画譜,画譜,Aboutルール除外: 画譜
https://jpsearch.go.jp/data/arc_books-BM_JIB0631_,九峰堂画譜,絵本,Aboutルール除外: 絵本
https://jpsearch.go.jp/data/arc_books-BM_JIB0643_,新刻金氏画譜,絵手本,Aboutルール除外: 絵手本
https://jpsearch.go.jp/data/arc_books-BM_JIB0645_,芳文画譜,画譜,Aboutルール除外: 画譜
https://jpsearch.go.jp/data/arc_books-BM_JIB0659_,四君子画譜,絵手本,Aboutルール除外: 絵手本
https://jpsearch.go.jp/data/arc_books-BM_JIB0661_,山水画譜,画譜,Aboutルール除外: 画譜
https://jpsearch.go.jp/data/arc_books-BM_JIB0663_,十竹斎書画譜,画譜,Aboutルール除外: 画譜
https://jpsearch.go.jp/data/arc_books-BM_JIB0667_,諸職人物画譜,画譜,Aboutルール除外: 画譜
https://jpsearch.go.jp/data/arc_books-BM_JIB0677_,楳嶺画譜,花鳥画,Aboutルール除外: 花鳥画
https://jpsearch.go.jp/data/arc_books-BM_JIB0679A_,楳嶺百鳥画譜,花鳥画,Aboutルール除外: 花鳥画
https://jpsearch.go.jp/data/arc_books-BM_JIB0692_,都名所画譜,絵本,Aboutルール除外: 絵本
https://jpsearch.go.jp/data/arc_books-BM_JIB0838_,人物画譜,絵手本,Aboutルール除外: 絵手本
https://jpsearch.go.jp/data/arc_books-BM_JIB0852_,伝神開手 北斎道中画譜,絵本,Aboutルール除外: 絵本
https://jpsearch.go.jp/data/arc_books-BM_JIB0878_,廓中艶譜,絵本,Aboutルール除外: 絵本
https://jpsearch.go.jp/data/arc_books-BM_JIB0915_,歌劇カルメンハバネラの歌,楽譜,Aboutルール除外: 楽譜
https://jpsearch.go.jp/data/arc_books-BM_JIB0916_,ジョスランの子守歌,楽譜,Aboutルール除外: 楽譜
https://jpsearch.go.jp/data/arc_books-BM_JIB0917_,四つ葉のクローバ,楽譜,Aboutルール除外: 楽譜
https://jpsearch.go.jp/data/arc_books-BM_JIB0918_,セノオ　バイリオン楽譜 ジー線上のアリア,楽譜,Aboutルール除外: 楽譜
https://jpsearch.go.jp/data/arc_books-BM_JIB1006_,完瑛画譜,画譜,Aboutルール除外: 画譜
https://jpsearch.go.jp/data/arc_books-BM_JIB1009_,大成写真譜,花鳥画,Aboutルール除外: 花鳥画
https://jpsearch.go.jp/data/arc_books-BM_JIB1037_,草木花実写真図譜,本草,Aboutルール除外: 本草
https://jpsearch.go.jp/data/arc_books-BM_JP1090,画譜,画譜,Aboutルール除外: 画譜
https://jpsearch.go.jp/data/arc_books-BM_SJ088,扶桑書画譜,絵本_画譜,Aboutルール除外: 絵本_画譜
https://jpsearch.go.jp/data/arc_books-BM_SJ095,月樵画譜,絵本_絵手本・画譜,Aboutルール除外: 絵本_絵手本・画譜
https://jpsearch.go.jp/data/arc_books-BM_SJ236,融斎画譜,絵画,Aboutルール除外: 絵画
https://jpsearch.go.jp/data/arc_books-BM_XBL064,竹田画譜,絵本_画譜,Aboutルール除外: 絵本_画譜
https://jpsearch.go.jp/data/arc_books-BM_XBL071,張州英画譜,絵本_画譜,Aboutルール除外: 絵本_画譜
https://jpsearch.go.jp/data/arc_books-BM_XBL090,天楳画譜,絵本_画譜,Aboutルール除外: 絵本_画譜
https://jpsearch.go.jp/data/arc_books-BM_XBL103,大雅堂画譜,絵本_絵手本・画譜,Aboutルール除外: 絵本_絵手本・画譜
https://jpsearch.go.jp/data/arc_books-BM_XBL118,尚古亭斎画譜,絵本,Aboutルール除外: 絵本
https://jpsearch.go.jp/data/arc_books-BM_XBL129,福善斎画譜,絵画,Aboutルール除外: 絵画
https://jpsearch.go.jp/data/arc_books-Ebi0139,三体画譜,絵本,Aboutルール除外: 絵本
https://jpsearch.go.jp/data/arc_books-Ebi0175,北斎画譜,絵本_画譜,Aboutルール除外: 絵本_画譜
https://jpsearch.go.jp/data/arc_books-Ebi0266,伝神開手/一筆画譜,絵本,Aboutルール除外: 絵本
https://jpsearch.go.jp/data/arc_books-Ebi0267,一老画譜,絵本_画譜,Aboutルール除外: 絵本_画譜
https://jpsearch.go.jp/data/arc_books-Ebi0285,公長画譜,絵本,Aboutルール除外: 絵本
https://jpsearch.go.jp/data/arc_books-Ebi0307,文鳳画譜,画譜,Aboutルール除外: 画譜
https://jpsearch.go.jp/data/arc_books-Ebi0308,狂齋画譜,絵本,Aboutルール除外: 絵本
https://jpsearch.go.jp/data/arc_books-Ebi0339,鳥羽絵筆拍子,絵本,Aboutルール除外: 絵本
https://jpsearch.go.jp/data/arc_books-Ebi0340,玄対先生画譜,絵手本,Aboutルール除外: 絵手本
https://jpsearch.go.jp/data/arc_books-Ebi0350,浮世画譜,絵本,Aboutルール除外: 絵本
https://jpsearch.go.jp/data/arc_books-Ebi0361,名家画譜,絵本_画譜,Aboutルール除外: 絵本_画譜
https://jpsearch.go.jp/data/arc_books-Ebi0366,一蝶画譜,絵本,Aboutルール除外: 絵本
https://jpsearch.go.jp/data/arc_books-Ebi0370,素絢山水画譜,絵本_画譜,Aboutルール除外: 絵本_画譜
https://jpsearch.go.jp/data/arc_books-Ebi0389,文鳳画譜,絵手本,Aboutルール除外: 絵手本
https://jpsearch.go.jp/data/arc_books-Ebi0394,文鳳画譜,画譜,Aboutルール除外: 画譜
https://jpsearch.go.jp/data/arc_books-Ebi0401,宋紫石画譜,絵本_画譜,Aboutルール除外: 絵本_画譜
https://jpsearch.go.jp/data/arc_books-Ebi0402,宋紫石画譜,絵本_画譜,Aboutルール除外: 絵本_画譜
https://jpsearch.go.jp/data/arc_books-Ebi0408,九老画譜,絵本,Aboutルール除外: 絵本
https://jpsearch.go.jp/data/arc_books-Ebi0408A,九老画譜,絵本_画譜,Aboutルール除外: 絵本_画譜
https://jpsearch.go.jp/data/arc_books-Ebi0409,素絢画譜草花之部,絵本_絵手本・画譜,Aboutルール除外: 絵本_絵手本・画譜
https://jpsearch.go.jp/data/arc_books-Ebi0412,琦鳳画譜,絵本,Aboutルール除外: 絵本
https://jpsearch.go.jp/data/arc_books-Ebi0419,応挙画譜,絵手本,Aboutルール除外: 絵手本
https://jpsearch.go.jp/data/arc_books-Ebi0428,倭人物画譜,絵手本,Aboutルール除外: 絵手本
https://jpsearch.go.jp/data/arc_books-Ebi0442,完瑛画譜,画譜,Aboutルール除外: 画譜
https://jpsearch.go.jp/data/arc_books-Ebi0444,倭人物画譜　後編,絵本,Aboutルール除外: 絵本
https://jpsearch.go.jp/data/arc_books-Ebi0463,文鳳画譜,画譜,Aboutルール除外: 画譜
https://jpsearch.go.jp/data/arc_books-Ebi0473,竹譜詳録,絵本_画譜,Aboutルール除外: 絵本_画譜
https://jpsearch.go.jp/data/arc_books-Ebi0489,潜龍堂画譜,絵本_画譜,Aboutルール除外: 絵本_画譜
https://jpsearch.go.jp/data/arc_books-Ebi0503,光琳画譜,絵本,Aboutルール除外: 絵本
https://jpsearch.go.jp/data/arc_books-Ebi0516,玄対先生画譜,絵手本,Aboutルール除外: 絵手本
https://jpsearch.go.jp/data/arc_books-Ebi0528,蘭竹譜,絵本,Aboutルール除外: 絵本
https://jpsearch.go.jp/data/arc_books-Ebi0535,諸職人物画譜,絵本,Aboutルール除外: 絵本
https://jpsearch.go.jp/data/arc_books-Ebi0540,名人蘭竹画譜,画譜絵手本,Aboutルール除外: 画譜絵手本
https://jpsearch.go.jp/data/arc_books-Ebi0541,文鳳画譜,絵手本,Aboutルール除外: 絵手本
https://jpsearch.go.jp/data/arc_books-Ebi0555,金波園画譜,絵本,Aboutルール除外: 絵本
https://jpsearch.go.jp/data/arc_books-Ebi0559,倭人物画譜,絵本,Aboutルール除外: 絵本
https://jpsearch.go.jp/data/arc_books-Ebi0564,金波園画譜,画譜,Aboutルール除外: 画譜
https://jpsearch.go.jp/data/arc_books-Ebi0566,金波園画譜,絵手本,Aboutルール除外: 絵手本
https://jpsearch.go.jp/data/arc_books-Ebi0569,素絢山水画譜,画譜絵手本,Aboutルール除外: 画譜絵手本
https://jpsearch.go.jp/data/arc_books-Ebi0570,竹洞花鳥画譜,画譜絵手本,Aboutルール除外: 画譜絵手本
https://jpsearch.go.jp/data/arc_books-Ebi0595,鶯邨画譜,絵手本,Aboutルール除外: 絵手本
https://jpsearch.go.jp/data/arc_books-Ebi0611,一老画譜,画譜,Aboutルール除外: 画譜
https://jpsearch.go.jp/data/arc_books-Ebi0641,楳嶺百鳥画譜,画譜絵手本,Aboutルール除外: 画譜絵手本
https://jpsearch.go.jp/data/arc_books-Ebi0650,文鳳画譜　二編,絵手本,Aboutルール除外: 絵手本
https://jpsearch.go.jp/data/arc_books-Ebi0651,北斎画譜,画譜,Aboutルール除外: 画譜
https://jpsearch.go.jp/data/arc_books-Ebi0652,草筆画譜,画譜絵手本,Aboutルール除外: 画譜絵手本
https://jpsearch.go.jp/data/arc_books-Ebi0657,古秀画譜,絵手本,Aboutルール除外: 絵手本
https://jpsearch.go.jp/data/arc_books-Ebi0670,倭人物画譜　後編,絵本,Aboutルール除外: 絵本
https://jpsearch.go.jp/data/arc_books-Ebi0672,浮世画譜,画譜絵手本,Aboutルール除外: 画譜絵手本
https://jpsearch.go.jp/data/arc_books-Ebi0679,楠亭画譜,絵本,Aboutルール除外: 絵本
https://jpsearch.go.jp/data/arc_books-Ebi0684,名数画譜,画譜絵手本,Aboutルール除外: 画譜絵手本
https://jpsearch.go.jp/data/arc_books-Ebi0685,文鳳画譜,画譜,Aboutルール除外: 画譜
https://jpsearch.go.jp/data/arc_books-Ebi0687,文鳳画譜,画譜,Aboutルール除外: 画譜
https://jpsearch.go.jp/data/arc_books-Ebi0690,公長画譜,絵手本,Aboutルール除外: 絵手本
https://jpsearch.go.jp/data/arc_books-Ebi0695,北斎写真画譜,画譜,Aboutルール除外: 画譜
https://jpsearch.go.jp/data/arc_books-Ebi0696,伊孚九池大雅　山水画譜,絵手本,Aboutルール除外: 絵手本
https://jpsearch.go.jp/data/arc_books-Ebi0697,廓中艶譜,絵本,Aboutルール除外: 絵本
https://jpsearch.go.jp/data/arc_books-Ebi0712,楳嶺画譜,画譜絵手本,Aboutルール除外: 画譜絵手本
https://jpsearch.go.jp/data/arc_books-Ebi0729,名数画譜,画譜,Aboutルール除外: 画譜
https://jpsearch.go.jp/data/arc_books-Ebi0734,芳文画譜,画譜絵手本,Aboutルール除外: 画譜絵手本
https://jpsearch.go.jp/data/arc_books-Ebi0738,素絢画譜　草花之部,絵画,Aboutルール除外: 絵画
https://jpsearch.go.jp/data/arc_books-Ebi0760,卍翁艸筆画譜,絵手本,Aboutルール除外: 絵手本
https://jpsearch.go.jp/data/arc_books-Ebi0770,道中画譜,絵手本,Aboutルール除外: 絵手本
https://jpsearch.go.jp/data/arc_books-Ebi0771,万物雛形画譜,画譜絵手本,Aboutルール除外: 画譜絵手本
https://jpsearch.go.jp/data/arc_books-Ebi0773,鮮斎永濯画譜,画譜絵手本,Aboutルール除外: 画譜絵手本
https://jpsearch.go.jp/data/arc_books-Ebi0777,南画花鳥画譜,絵手本,Aboutルール除外: 絵手本
https://jpsearch.go.jp/data/arc_books-Ebi0780,其玉画譜,画譜,Aboutルール除外: 画譜
https://jpsearch.go.jp/data/arc_books-Ebi0831,文川画譜,絵手本,Aboutルール除外: 絵手本
https://jpsearch.go.jp/data/arc_books-Ebi0846,素絢画譜草花之部,絵本_絵手本・画譜,Aboutルール除外: 絵本_絵手本・画譜
https://jpsearch.go.jp/data/arc_books-Ebi0847,対山画譜,画譜絵手本,Aboutルール除外: 画譜絵手本
https://jpsearch.go.jp/data/arc_books-Ebi0881,李用雲竹譜,絵手本,Aboutルール除外: 絵手本
https://jpsearch.go.jp/data/arc_books-Ebi0882,伊孚九池大雅　山水画譜,画譜,Aboutルール除外: 画譜
https://jpsearch.go.jp/data/arc_books-Ebi0893,漢画早学山水譜,絵手本,Aboutルール除外: 絵手本
https://jpsearch.go.jp/data/arc_books-Ebi0954,漢画獨樂譜,絵手本,Aboutルール除外: 絵手本
https://jpsearch.go.jp/data/arc_books-Ebi0988,楠亭画譜後編,画譜,Aboutルール除外: 画譜
https://jpsearch.go.jp/data/arc_books-Ebi1005,倭人物画譜　後編,絵本,Aboutルール除外: 絵本
https://jpsearch.go.jp/data/arc_books-Ebi1018,十竹斎画譜果譜,絵手本,Aboutルール除外: 絵手本
https://jpsearch.go.jp/data/arc_books-Ebi1023,倭人物画譜,画譜,Aboutルール除外: 画譜
https://jpsearch.go.jp/data/arc_books-Ebi1031,唐詩画譜,画譜,Aboutルール除外: 画譜
https://jpsearch.go.jp/data/arc_books-Ebi1046,竹洞四君子画譜,画譜,Aboutルール除外: 画譜
https://jpsearch.go.jp/data/arc_books-Ebi1054,円翁画譜,画譜,Aboutルール除外: 画譜
https://jpsearch.go.jp/data/arc_books-Ebi1054A,円翁画譜,画譜,Aboutルール除外: 画譜
https://jpsearch.go.jp/data/arc_books-Ebi1128,銅脈先生狂詩画譜,狂詩,Aboutルール除外: 狂詩
https://jpsearch.go.jp/data/arc_books-Ebi1137,邉氏画譜,絵手本,Aboutルール除外: 絵手本
https://jpsearch.go.jp/data/arc_books-Ebi1141,倭人物画譜　後編,絵本,Aboutルール除外: 絵本
https://jpsearch.go.jp/data/arc_books-Ebi1144,文鳳山水画譜,絵手本,Aboutルール除外: 絵手本
https://jpsearch.go.jp/data/arc_books-Ebi1156,華山俳画譜,画譜,Aboutルール除外: 画譜
https://jpsearch.go.jp/data/arc_books-Ebi1160,福善斎画譜,画譜,Aboutルール除外: 画譜
https://jpsearch.go.jp/data/arc_books-Ebi1184,光琳画譜,絵本,Aboutルール除外: 絵本
https://jpsearch.go.jp/data/arc_books-Ebi1242,古秀画譜,絵手本,Aboutルール除外: 絵手本
https://jpsearch.go.jp/data/arc_books-Ebi1253,素絢山水画譜,画譜絵手本,Aboutルール除外: 画譜絵手本
https://jpsearch.go.jp/data/arc_books-Ebi1255,諸職人物画譜,画譜絵手本,Aboutルール除外: 画譜絵手本
https://jpsearch.go.jp/data/arc_books-Ebi1282,人物画譜,画譜,Aboutルール除外: 画譜
https://jpsearch.go.jp/data/arc_books-Ebi1306,亨齋画譜,絵手本,Aboutルール除外: 絵手本
https://jpsearch.go.jp/data/arc_books-Ebi1347,文鳳画譜,絵手本,Aboutルール除外: 絵手本
https://jpsearch.go.jp/data/arc_books-Ebi1380,半山画譜,画譜,Aboutルール除外: 画譜
https://jpsearch.go.jp/data/arc_books-Ebi1390,狂齋画譜,画譜,Aboutルール除外: 画譜
https://jpsearch.go.jp/data/arc_books-Ebi1391,公長画譜　二編,画譜,Aboutルール除外: 画譜
https://jpsearch.go.jp/data/arc_books-Ebi1417,浮世画譜,絵画,Aboutルール除外: 絵画
https://jpsearch.go.jp/data/arc_books-Ebi1427,楠亭画譜,画譜,Aboutルール除外: 画譜
https://jpsearch.go.jp/data/arc_books-Ebi1430,北斎画譜,絵本,Aboutルール除外: 絵本
https://jpsearch.go.jp/data/arc_books-Ebi1450,一筆画譜,絵手本,Aboutルール除外: 絵手本
https://jpsearch.go.jp/data/arc_books-Ebi1453,玄対先生画譜,絵手本,Aboutルール除外: 絵手本
https://jpsearch.go.jp/data/arc_books-Ebi1478,楚南画譜,絵本,Aboutルール除外: 絵本
https://jpsearch.go.jp/data/arc_books-Ebi1494,和漢新図　扶桑画譜,和歌,Aboutルール除外: 和歌
https://jpsearch.go.jp/data/arc_books-Ebi1506,漢画獨樂譜,絵手本,Aboutルール除外: 絵手本
https://jpsearch.go.jp/data/arc_books-Ebi1547,倭人物画譜,画譜,Aboutルール除外: 画譜
https://jpsearch.go.jp/data/arc_books-Ebi1584,都名所画譜 : 古今諸名家図画,風景,Aboutルール除外: 風景
https://jpsearch.go.jp/data/arc_books-Ebi1586,画伝四集竹蟲華卉譜,絵手本,Aboutルール除外: 絵手本
https://jpsearch.go.jp/data/arc_books-Ebi1600,半山画譜　上,絵手本,Aboutルール除外: 絵手本
https://jpsearch.go.jp/data/arc_books-Ebi1622,梅道人墨竹譜,絵手本,Aboutルール除外: 絵手本
https://jpsearch.go.jp/data/arc_books-Ebi1629,琦鳳画譜,画譜,Aboutルール除外: 画譜
https://jpsearch.go.jp/data/arc_books-Ebi1663,鎌倉将軍家譜,伝記,Aboutルール除外: 伝記
https://jpsearch.go.jp/data/arc_books-Ebi1665,名人蘭竹画譜,絵画,Aboutルール除外: 絵画
https://jpsearch.go.jp/data/arc_books-Ebi1712,琦鳳画譜,画譜,Aboutルール除外: 画譜
https://jpsearch.go.jp/data/arc_books-Ebi1713,北明画譜,画譜,Aboutルール除外: 画譜
https://jpsearch.go.jp/data/arc_books-Ebi1718,北斎画譜,絵画,Aboutルール除外: 絵画
https://jpsearch.go.jp/data/arc_books-Ebi1719,北斎画譜,絵画,Aboutルール除外: 絵画
https://jpsearch.go.jp/data/arc_books-Ebi1725,浮世画譜,絵手本,Aboutルール除外: 絵手本
https://jpsearch.go.jp/data/arc_books-Ebi1746,一蝶画譜,絵本,Aboutルール除外: 絵本
https://jpsearch.go.jp/data/arc_books-Ebi1748,倭人物画譜　後編,絵本,Aboutルール除外: 絵本
https://jpsearch.go.jp/data/arc_books-Ebi1751,鶯邨画譜,絵本,Aboutルール除外: 絵本
https://jpsearch.go.jp/data/arc_books-Ebi1834,宋紫石画譜 翎毛譜・蟲魚譜,絵画,Aboutルール除外: 絵画
https://jpsearch.go.jp/data/arc_books-Ebi1866,竹堂画譜,絵画,Aboutルール除外: 絵画
https://jpsearch.go.jp/data/arc_books-Ebi1867,竹堂画譜　二編,絵画,Aboutルール除外: 絵画
https://jpsearch.go.jp/data/arc_books-Ebi1884,欽慕画譜,絵画,Aboutルール除外: 絵画
https://jpsearch.go.jp/data/arc_books-Ebi1885,文川画譜,絵画,Aboutルール除外: 絵画
https://jpsearch.go.jp/data/arc_books-Ebi1890,敬輔画譜,絵画,Aboutルール除外: 絵画
https://jpsearch.go.jp/data/arc_books-Ebi1893,水石画譜,絵画,Aboutルール除外: 絵画
https://jpsearch.go.jp/data/arc_books-Ebi1898,漢画独楽譜,絵画,Aboutルール除外: 絵画
https://jpsearch.go.jp/data/arc_books-Ebi1950,草筆画譜,絵画,Aboutルール除外: 絵画
https://jpsearch.go.jp/data/arc_books-Ebi1953,谷文晁画譜,絵画,Aboutルール除外: 絵画
https://jpsearch.go.jp/data/arc_books-Ebi1956,文晁山水画譜,絵画,Aboutルール除外: 絵画
https://jpsearch.go.jp/data/arc_books-Ebi1963,万象写真図譜　初編,絵画,Aboutルール除外: 絵画
https://jpsearch.go.jp/data/arc_books-Ebi1966,文鳳山水画譜,絵画,Aboutルール除外: 絵画
https://jpsearch.go.jp/data/arc_books-Ebi1972,華鳥画譜,華鳥,Aboutルール除外: 華鳥
https://jpsearch.go.jp/data/arc_books-Ebi1983,北齋画譜,画譜,Aboutルール除外: 画譜
https://jpsearch.go.jp/data/arc_books-EbiM004,寒葉斎画譜,画譜,Aboutルール除外: 画譜
https://jpsearch.go.jp/data/arc_books-EbiM005,東谿画譜,画譜絵手本,Aboutルール除外: 画譜絵手本
https://jpsearch.go.jp/data/arc_books-EbiM011,南岳文鳳　手競画譜,絵手本,Aboutルール除外: 絵手本
https://jpsearch.go.jp/data/arc_books-EbiM017,文鳳山水画譜,絵手本,Aboutルール除外: 絵手本
https://jpsearch.go.jp/data/arc_books-EbiM025,省亭花鳥画譜,絵手本,Aboutルール除外: 絵手本
https://jpsearch.go.jp/data/arc_books-EbiM027,十竹斎書画譜,絵手本,Aboutルール除外: 絵手本
https://jpsearch.go.jp/data/arc_books-FSC_GR_780_035_,通神画譜,画譜,Aboutルール除外: 画譜
https://jpsearch.go.jp/data/arc_books-FSC_GR_780_044_,九老画譜,画譜,Aboutルール除外: 画譜
https://jpsearch.go.jp/data/arc_books-FSC_GR_780_069_,日本山海名勝画譜,画譜,Aboutルール除外: 画譜
https://jpsearch.go.jp/data/arc_books-FSC_GR_780_078_,古秀画譜,画譜,Aboutルール除外: 画譜
https://jpsearch.go.jp/data/arc_books-FSC_GR_780_101_,甘斎画譜,画譜,Aboutルール除外: 画譜
https://jpsearch.go.jp/data/arc_books-FSC_GR_780_103_,大雅堂画譜,画譜,Aboutルール除外: 画譜
https://jpsearch.go.jp/data/arc_books-FSC_GR_780_106_,伊孚九池大雅 山水画譜,画譜,Aboutルール除外: 画譜
https://jpsearch.go.jp/data/arc_books-FSC_GR_780_110_,景年花鳥画譜,画譜,Aboutルール除外: 画譜
https://jpsearch.go.jp/data/arc_books-FSC_GR_780_122_,若沖画譜,画譜,Aboutルール除外: 画譜
https://jpsearch.go.jp/data/arc_books-FSC_GR_780_127_,北越雪譜,地誌,Aboutルール除外: 地誌
https://jpsearch.go.jp/data/arc_books-FSC_GR_780_134_,清方美人画譜,画譜,Aboutルール除外: 画譜
https://jpsearch.go.jp/data/arc_books-FSC_GR_780_139_,東渓画譜,画譜,Aboutルール除外: 画譜
https://jpsearch.go.jp/data/arc_books-FSC_GR_780_278_,文鳳画譜,絵本,Aboutルール除外: 絵本
https://jpsearch.go.jp/data/arc_books-FSC_GR_780_279_,文鳳画譜,絵本,Aboutルール除外: 絵本
https://jpsearch.go.jp/data/arc_books-FSC_GR_780_280_,文鳳画譜,絵本,Aboutルール除外: 絵本
https://jpsearch.go.jp/data/arc_books-FSC_GR_780_283_,金波園画譜,画譜,Aboutルール除外: 画譜
https://jpsearch.go.jp/data/arc_books-FSC_GR_780_284_,文鳳山水画譜,画譜,Aboutルール除外: 画譜
https://jpsearch.go.jp/data/arc_books-FSC_GR_780_289_,五逸画譜,画譜,Aboutルール除外: 画譜
https://jpsearch.go.jp/data/arc_books-FSC_GR_780_290_,琦鳳画譜,画譜,Aboutルール除外: 画譜
https://jpsearch.go.jp/data/arc_books-FSC_GR_780_292_,狂斎画譜,画譜,Aboutルール除外: 画譜
https://jpsearch.go.jp/data/arc_books-FSC_GR_780_311_,竹堂画譜,画譜,Aboutルール除外: 画譜
https://jpsearch.go.jp/data/arc_books-FSC_GR_780_312_,竹堂画譜　二編,画譜,Aboutルール除外: 画譜
https://jpsearch.go.jp/data/arc_books-FSC_GR_780_314_,芳文画譜,画譜,Aboutルール除外: 画譜
https://jpsearch.go.jp/data/arc_books-FSC_GR_780_363_,万物雛形画譜,画譜,Aboutルール除外: 画譜
https://jpsearch.go.jp/data/arc_books-FSC_GR_780_365_,鮮斎永濯画譜,画譜,Aboutルール除外: 画譜
https://jpsearch.go.jp/data/arc_books-FSC_GR_780_372_,大成写真譜,画譜,Aboutルール除外: 画譜
https://jpsearch.go.jp/data/arc_books-FSC_GR_780_373_,大成写真譜,画譜,Aboutルール除外: 画譜
https://jpsearch.go.jp/data/arc_books-FSC_GR_780_374_,楳嶺百鳥画譜,画譜,Aboutルール除外: 画譜
https://jpsearch.go.jp/data/arc_books-FSC_GR_780_376_,楳嶺百鳥画譜続編,画譜,Aboutルール除外: 画譜
https://jpsearch.go.jp/data/arc_books-FSC_GR_780_379_,楳嶺花鳥画譜,花鳥画,Aboutルール除外: 花鳥画
https://jpsearch.go.jp/data/arc_books-FSC_GR_780_382_,楳嶺華鳥画譜,絵本,Aboutルール除外: 絵本
https://jpsearch.go.jp/data/arc_books-FSC_GR_780_387_,美術品画譜,博覧会,Aboutルール除外: 博覧会
https://jpsearch.go.jp/data/arc_books-FSC_GR_780_394_,墨僊画譜,画譜,Aboutルール除外: 画譜
https://jpsearch.go.jp/data/arc_books-FSC_GR_780_397_,円翁画譜,画譜,Aboutルール除外: 画譜
https://jpsearch.go.jp/data/arc_books-FSC_GR_780_398_,応挙画譜,絵手本,Aboutルール除外: 絵手本
https://jpsearch.go.jp/data/arc_books-FSC_GR_780_402_,半山画譜,画譜,Aboutルール除外: 画譜
https://jpsearch.go.jp/data/arc_books-FSC_GR_780_414_,名家 欽慕画譜,画譜,Aboutルール除外: 画譜
https://jpsearch.go.jp/data/arc_books-FSC_GR_780_425_,蟲類画譜,画譜,Aboutルール除外: 画譜
https://jpsearch.go.jp/data/arc_books-FSC_GR_780_430_,竹洞花鳥画譜,画譜,Aboutルール除外: 画譜
https://jpsearch.go.jp/data/arc_books-FSC_GR_780_431_,融斎画譜,画譜,Aboutルール除外: 画譜
https://jpsearch.go.jp/data/arc_books-FSC_GR_780_434_,竹洞四君子画譜,画譜,Aboutルール除外: 画譜
https://jpsearch.go.jp/data/arc_books-FSC_GR_780_436_,光琳画譜,絵本,Aboutルール除外: 絵本
https://jpsearch.go.jp/data/arc_books-FSC_GR_780_438_,写生華鳥画譜,花鳥画,Aboutルール除外: 花鳥画
https://jpsearch.go.jp/data/arc_books-FSC_GR_780_462_,楠亭画譜,画譜,Aboutルール除外: 画譜
https://jpsearch.go.jp/data/arc_books-FSC_GR_780_464_,楠亭画譜,画譜,Aboutルール除外: 画譜
https://jpsearch.go.jp/data/arc_books-FSC_GR_780_465_,能狂言人物画譜,画譜,Aboutルール除外: 画譜
https://jpsearch.go.jp/data/arc_books-FSC_GR_780_466_,完瑛画譜,画譜,Aboutルール除外: 画譜
https://jpsearch.go.jp/data/arc_books-FSC_GR_780_467_,福善斎画譜,画譜,Aboutルール除外: 画譜
https://jpsearch.go.jp/data/arc_books-FSC_GR_780_470_,聚鳥画譜,画譜,Aboutルール除外: 画譜
https://jpsearch.go.jp/data/arc_books-FSC_GR_780_488_,閑林画譜,画譜,Aboutルール除外: 画譜
https://jpsearch.go.jp/data/arc_books-FSC_GR_780_490_,細川流百景図譜,画譜,Aboutルール除外: 画譜
https://jpsearch.go.jp/data/arc_books-FSC_GR_780_503_,楚南画譜,画譜,Aboutルール除外: 画譜
https://jpsearch.go.jp/data/arc_books-FSC_GR_780_510_,花鳥画譜,画譜,Aboutルール除外: 画譜
https://jpsearch.go.jp/data/arc_books-FSC_GR_780_516_,鴬邨画譜,画譜,Aboutルール除外: 画譜
https://jpsearch.go.jp/data/arc_books-FSC_GR_780_518_,水石画譜,画譜,Aboutルール除外: 画譜
https://jpsearch.go.jp/data/arc_books-FSC_GR_780_519_,水石画譜,画譜,Aboutルール除外: 画譜
https://jpsearch.go.jp/data/arc_books-FSC_GR_780_522_,文川画譜,画譜,Aboutルール除外: 画譜
https://jpsearch.go.jp/data/arc_books-FSC_GR_780_523_,文川画譜,画譜,Aboutルール除外: 画譜
https://jpsearch.go.jp/data/arc_books-FSC_GR_780_524_,文川画譜,画譜,Aboutルール除外: 画譜
https://jpsearch.go.jp/data/arc_books-FSC_GR_780_546_,宋紫石画譜,絵本,Aboutルール除外: 絵本
https://jpsearch.go.jp/data/arc_books-FSC_GR_780_549_,葵氏艶譜,画譜,Aboutルール除外: 画譜
https://jpsearch.go.jp/data/arc_books-FSC_GR_780_550_,日本勝景画譜,画譜,Aboutルール除外: 画譜
https://jpsearch.go.jp/data/arc_books-FSC_GR_780_568_,和漢新図 扶桑画譜,絵手本,Aboutルール除外: 絵手本
https://jpsearch.go.jp/data/arc_books-FSC_GR_780_572_,花鳥画譜,花鳥画,Aboutルール除外: 花鳥画
https://jpsearch.go.jp/data/arc_books-FSC_GR_780_574_,雑筆画譜,画譜,Aboutルール除外: 画譜
https://jpsearch.go.jp/data/arc_books-FSC_GR_780_575_,花鳥画譜,画譜,Aboutルール除外: 画譜
https://jpsearch.go.jp/data/arc_books-FSC_GR_780_581_,敬輔画譜,画譜,Aboutルール除外: 画譜
https://jpsearch.go.jp/data/arc_books-FSC_GR_780_599_,花鳥画譜,画譜,Aboutルール除外: 画譜
https://jpsearch.go.jp/data/arc_books-FSC_GR_780_603_,文晁画譜,絵本_画譜,Aboutルール除外: 絵本_画譜
https://jpsearch.go.jp/data/arc_books-FSC_GR_780_604_,西洋 草花図譜,画譜,Aboutルール除外: 画譜
https://jpsearch.go.jp/data/arc_books-FSC_GR_780_607_,光琳画譜,絵本,Aboutルール除外: 絵本
https://jpsearch.go.jp/data/arc_books-FSC_GR_780_609_,寒葉斉画譜,画譜,Aboutルール除外: 画譜
https://jpsearch.go.jp/data/arc_books-FSC_GR_780_610_,李用雲竹譜,画譜,Aboutルール除外: 画譜
https://jpsearch.go.jp/data/arc_books-FSC_GR_780_625_,椿山画譜,画譜,Aboutルール除外: 画譜
https://jpsearch.go.jp/data/arc_books-FSC_GR_780_627_,華紋譜,画譜,Aboutルール除外: 画譜
https://jpsearch.go.jp/data/arc_books-FSC_GR_780_687_,公長画譜,画譜,Aboutルール除外: 画譜
https://jpsearch.go.jp/data/arc_books-FSC_GR_780_688_,公長画譜,画譜,Aboutルール除外: 画譜
https://jpsearch.go.jp/data/arc_books-FSC_GR_780_698_,草筆画譜,画譜,Aboutルール除外: 画譜
https://jpsearch.go.jp/data/arc_books-FSC_GR_780_709_,浮世三編立斎画譜,画譜,Aboutルール除外: 画譜
https://jpsearch.go.jp/data/arc_books-FSC_GR_780_750_,名家 人物画譜,画譜,Aboutルール除外: 画譜
https://jpsearch.go.jp/data/arc_books-FSC_GR_780_753_,玄対先生画譜,画譜,Aboutルール除外: 画譜
https://jpsearch.go.jp/data/arc_books-FSC_GR_780_754_,華山画譜,画譜,Aboutルール除外: 画譜
https://jpsearch.go.jp/data/arc_books-FSC_GR_780_757_,華山画譜,画譜,Aboutルール除外: 画譜
https://jpsearch.go.jp/data/arc_books-FSC_GR_780_759_,省亭花鳥画譜,画譜,Aboutルール除外: 画譜
https://jpsearch.go.jp/data/arc_books-FSC_GR_780_761_,華鳥画譜,画譜,Aboutルール除外: 画譜
https://jpsearch.go.jp/data/arc_books-FSC_GR_780_763_,栄宝斎新記詩牋譜,画譜,Aboutルール除外: 画譜
https://jpsearch.go.jp/data/arc_books-FSC_GR_780_767_,倭人物画譜,画譜,Aboutルール除外: 画譜
https://jpsearch.go.jp/data/arc_books-FSC_GR_780_768_,素絢画譜草花之部,絵本_絵手本・画譜,Aboutルール除外: 絵本_絵手本・画譜
https://jpsearch.go.jp/data/arc_books-FSC_GR_780_769_,倭人物画譜　後編,絵本,Aboutルール除外: 絵本
https://jpsearch.go.jp/data/arc_books-FSC_GR_780_770_,素絢山水画譜,画譜,Aboutルール除外: 画譜
https://jpsearch.go.jp/data/arc_books-FSC_GR_780_780_,柳川画譜,絵手本,Aboutルール除外: 絵手本
https://jpsearch.go.jp/data/arc_books-FSC_GR_780_784_,柳川画譜,画譜,Aboutルール除外: 画譜
https://jpsearch.go.jp/data/arc_books-FSC_GR_780_831_,十竹斎箋譜　初集,画譜,Aboutルール除外: 画譜
https://jpsearch.go.jp/data/arc_books-FSC_GR_780_843_,名公扇譜,画譜,Aboutルール除外: 画譜
https://jpsearch.go.jp/data/arc_books-FSC_GR_780_844_,八種画譜,画譜,Aboutルール除外: 画譜
https://jpsearch.go.jp/data/arc_books-FSC_GR_780_858_,名数画譜,画譜,Aboutルール除外: 画譜
https://jpsearch.go.jp/data/arc_books-FSC_GR_780_859_,名家画譜,画譜,Aboutルール除外: 画譜
https://jpsearch.go.jp/data/arc_books-FSC_GR_780_874_,花鳥画譜,花鳥画,Aboutルール除外: 花鳥画
https://jpsearch.go.jp/data/arc_books-FSC_GR_780_887_,浪華擷芳譜,書画,Aboutルール除外: 書画
https://jpsearch.go.jp/data/arc_books-FSC_GR_780_891_,鳥羽 名筆画譜,画譜,Aboutルール除外: 画譜
https://jpsearch.go.jp/data/arc_books-FSC_GR_780_895_,明治名家 ☆古画譜,画譜,Aboutルール除外: 画譜
https://jpsearch.go.jp/data/arc_books-FSC_GR_780_896_,明治名家 ☆古画譜　第二集,画譜,Aboutルール除外: 画譜
https://jpsearch.go.jp/data/arc_books-FSC_GR_780_906_,都名所画譜,地誌,Aboutルール除外: 地誌
https://jpsearch.go.jp/data/arc_books-Lisa0004,華紋譜,図案,Aboutルール除外: 図案
https://jpsearch.go.jp/data/arc_books-Lisa0104c,梅嶺百鳥画譜《続編,絵手本,Aboutルール除外: 絵手本
https://jpsearch.go.jp/data/arc_books-MAOV2769,墨母譜,肉筆画稿帖,Aboutルール除外: 肉筆画稿帖
https://jpsearch.go.jp/data/arc_books-MET_2013_653,山水画譜,画譜,Aboutルール除外: 画譜
https://jpsearch.go.jp/data/arc_books-MET_2013_654,九老画譜,画譜,Aboutルール除外: 画譜
https://jpsearch.go.jp/data/arc_books-MET_2013_658,文鳳画譜,画譜,Aboutルール除外: 画譜
https://jpsearch.go.jp/data/arc_books-MET_2013_660,金波園画譜,画譜,Aboutルール除外: 画譜
https://jpsearch.go.jp/data/arc_books-MET_2013_661,金波園画譜,画譜,Aboutルール除外: 画譜
https://jpsearch.go.jp/data/arc_books-MET_2013_675,浮世画譜,絵手本,Aboutルール除外: 絵手本
https://jpsearch.go.jp/data/arc_books-MET_2013_698,光琳画譜,絵本,Aboutルール除外: 絵本
https://jpsearch.go.jp/data/arc_books-MET_2013_699,鶯邨画譜,画譜,Aboutルール除外: 画譜
https://jpsearch.go.jp/data/arc_books-MET_2013_706,道中画譜,絵手本,Aboutルール除外: 絵手本
https://jpsearch.go.jp/data/arc_books-MET_2013_721,卍翁艸筆画譜,画譜,Aboutルール除外: 画譜
https://jpsearch.go.jp/data/arc_books-MET_2013_748,完瑛画譜,画譜,Aboutルール除外: 画譜
https://jpsearch.go.jp/data/arc_books-MET_2013_750,閑林画譜,絵画,Aboutルール除外: 絵画
https://jpsearch.go.jp/data/arc_books-MET_2013_751,寒葉斎畫譜,絵画,Aboutルール除外: 絵画
https://jpsearch.go.jp/data/arc_books-MET_2013_752,寒葉斎画譜,絵画,Aboutルール除外: 絵画
https://jpsearch.go.jp/data/arc_books-MET_2013_754,其玉画譜,画譜,Aboutルール除外: 画譜
https://jpsearch.go.jp/data/arc_books-MET_2013_755,五逸画譜,絵本,Aboutルール除外: 絵本
https://jpsearch.go.jp/data/arc_books-MET_2013_777,魚貝譜,絵本,Aboutルール除外: 絵本
https://jpsearch.go.jp/data/arc_books-MET_2013_781,名家画譜,絵本_絵手本・画譜,Aboutルール除外: 絵本_絵手本・画譜
https://jpsearch.go.jp/data/arc_books-MET_2013_791,円翁画譜,画譜,Aboutルール除外: 画譜
https://jpsearch.go.jp/data/arc_books-MET_2013_800,華鳥画譜,画譜,Aboutルール除外: 画譜
https://jpsearch.go.jp/data/arc_books-MET_2013_801,省亭花鳥画譜,画譜,Aboutルール除外: 画譜
https://jpsearch.go.jp/data/arc_books-MET_2013_814,宋紫石画譜,絵本,Aboutルール除外: 絵本
https://jpsearch.go.jp/data/arc_books-MET_2013_841,伊孚九池大雅　山水画譜,絵本_画譜,Aboutルール除外: 絵本_画譜
https://jpsearch.go.jp/data/arc_books-MET_2013_842,大雅堂画譜,画譜,Aboutルール除外: 画譜
https://jpsearch.go.jp/data/arc_books-MET_2013_846,東谿画譜,絵本_画譜,Aboutルール除外: 絵本_画譜
https://jpsearch.go.jp/data/arc_books-MET_2015_300_226b,伊孚九池大雅　山水画譜,絵本_画譜,Aboutルール除外: 絵本_画譜
https://jpsearch.go.jp/data/arc_books-MET_2018_954_16,更紗図譜,染織,Aboutルール除外: 染織
https://jpsearch.go.jp/data/arc_books-MET_JIB002,聚鳥画譜,画譜,Aboutルール除外: 画譜
https://jpsearch.go.jp/data/arc_books-MET_JIB003,一老画譜,絵本,Aboutルール除外: 絵本
https://jpsearch.go.jp/data/arc_books-MET_JIB004,楳嶺百鳥画譜,花鳥画,Aboutルール除外: 花鳥画
https://jpsearch.go.jp/data/arc_books-MET_JIB017,北斎写真画譜,画譜,Aboutルール除外: 画譜
https://jpsearch.go.jp/data/arc_books-MET_JIB060,水石画譜,画譜,Aboutルール除外: 画譜
https://jpsearch.go.jp/data/arc_books-MET_JIB100,一蝶画譜,絵本,Aboutルール除外: 絵本
https://jpsearch.go.jp/data/arc_books-MET_JIB_123,一老画譜,絵画,Aboutルール除外: 絵画
https://jpsearch.go.jp/data/arc_books-MET_JIB_180,一筆画譜,絵画,Aboutルール除外: 絵画
https://jpsearch.go.jp/data/arc_books-MET_L_1993_09_095,名人画譜,絵本,Aboutルール除外: 絵本
https://jpsearch.go.jp/data/arc_books-MM0315,北斎画譜,画譜,Aboutルール除外: 画譜
https://jpsearch.go.jp/data/arc_books-MMT0073,太閤記図譜,絵画,Aboutルール除外: 絵画
https://jpsearch.go.jp/data/arc_books-NIJL_200003951,扶桑画譜,絵本_画譜,Aboutルール除外: 絵本_画譜
https://jpsearch.go.jp/data/arc_books-NIJL_200005431,海僊画譜,絵本_画譜,Aboutルール除外: 絵本_画譜
https://jpsearch.go.jp/data/arc_books-NIJL_200014780,蘭斎画譜,絵本,Aboutルール除外: 絵本
https://jpsearch.go.jp/data/arc_books-NIJL_200014780_2021mtuno,蘭斎画譜,絵手本,Aboutルール除外: 絵手本
https://jpsearch.go.jp/data/arc_books-NIJL_200014781,蘭斎画譜／後篇,絵本,Aboutルール除外: 絵本
https://jpsearch.go.jp/data/arc_books-NIJL_200014781_2021mtuno,蘭斎画譜／後篇,絵手本,Aboutルール除外: 絵手本
https://jpsearch.go.jp/data/arc_books-NIJL_200022906,宋紫石画譜,絵本,Aboutルール除外: 絵本
https://jpsearch.go.jp/data/arc_books-NIJL_200022906_2021mtuno,宋紫石画譜,画譜,Aboutルール除外: 画譜
https://jpsearch.go.jp/data/arc_books-NIJL_na02_0246,扶桑画譜,絵本_絵手本・画譜,Aboutルール除外: 絵本_絵手本・画譜
https://jpsearch.go.jp/data/arc_books-NIJL_ya08_0014,海僊画譜,絵本_絵手本・画譜,Aboutルール除外: 絵本_絵手本・画譜
https://jpsearch.go.jp/data/arc_books-ROM_926_65_0025,鳥羽絵筆拍子,絵本,Aboutルール除外: 絵本
https://jpsearch.go.jp/data/arc_books-ROM_946_109_0002,北斎画譜,絵手本,Aboutルール除外: 絵手本
https://jpsearch.go.jp/data/arc_books-ROM_973x57_0004,草筆画譜,画譜,Aboutルール除外: 画譜
https://jpsearch.go.jp/data/arc_books-ROM_973x57_0006,広重画譜,画譜,Aboutルール除外: 画譜
https://jpsearch.go.jp/data/arc_books-ROM_973x57_0013,稚学画譜,画譜,Aboutルール除外: 画譜
https://jpsearch.go.jp/data/arc_books-ROM_973x57_0015,北斎写真画譜,画譜,Aboutルール除外: 画譜
https://jpsearch.go.jp/data/arc_books-ROM_L002,旧儀装飾十六式図譜　解説書,儀礼,Aboutルール除外: 儀礼
https://jpsearch.go.jp/data/arc_books-ROM_L007,十六式図譜,儀礼,Aboutルール除外: 儀礼
https://jpsearch.go.jp/data/arc_books-ROM_L009,道中画譜,画譜,Aboutルール除外: 画譜
https://jpsearch.go.jp/data/arc_books-ROM_L022,水石画譜,絵本,Aboutルール除外: 絵本
https://jpsearch.go.jp/data/arc_books-ROM_L032,名家百扇画譜,画帖,Aboutルール除外: 画帖
https://jpsearch.go.jp/data/arc_books-ROM_L081,文林画譜,画譜,Aboutルール除外: 画譜
https://jpsearch.go.jp/data/arc_books-ROM_L085,光信画譜,絵本,Aboutルール除外: 絵本
https://jpsearch.go.jp/data/arc_books-ROM_L086,春水画譜,画譜,Aboutルール除外: 画譜
https://jpsearch.go.jp/data/arc_books-ROM_L092,応挙画譜,絵手本,Aboutルール除外: 絵手本
https://jpsearch.go.jp/data/arc_books-ROM_ND1055__M45_1880,仿古画譜,絵手本,Aboutルール除外: 絵手本
https://jpsearch.go.jp/data/arc_books-RV_1353_131_,柳川画譜,絵画,Aboutルール除外: 絵画
https://jpsearch.go.jp/data/arc_books-RV_1353_142_,素真画譜,絵本_絵手本・画譜,Aboutルール除外: 絵本_絵手本・画譜
https://jpsearch.go.jp/data/arc_books-RV_1353_171_,浮世画譜,絵画,Aboutルール除外: 絵画
https://jpsearch.go.jp/data/arc_books-RV_1353_202_,草筆画譜,絵画,Aboutルール除外: 絵画
https://jpsearch.go.jp/data/arc_books-RV_1353_248_,花鳥画譜,画譜,Aboutルール除外: 画譜
https://jpsearch.go.jp/data/arc_books-RV_1353_30_,草筆画譜,絵画,Aboutルール除外: 絵画
https://jpsearch.go.jp/data/arc_books-RV_1353_33_,道中画譜,絵画,Aboutルール除外: 絵画
https://jpsearch.go.jp/data/arc_books-RV_1353_42_,北斎画譜,絵手本,Aboutルール除外: 絵手本
https://jpsearch.go.jp/data/arc_books-RV_1353_67_,三体画譜,絵手本,Aboutルール除外: 絵手本
https://jpsearch.go.jp/data/arc_books-RV_1353_93_,潜竜堂画譜,絵画,Aboutルール除外: 絵画
https://jpsearch.go.jp/data/arc_books-RV_1353_9_,文鳳画譜,絵画,Aboutルール除外: 絵画
https://jpsearch.go.jp/data/arc_books-RV_1404_1b_,大日本美術図譜,美術,Aboutルール除外: 美術
https://jpsearch.go.jp/data/arc_books-RV_1459_2_,省亭花鳥画譜,画譜,Aboutルール除外: 画譜
https://jpsearch.go.jp/data/arc_books-RV_1481_4_,松谷花鳥画譜,画譜,Aboutルール除外: 画譜
https://jpsearch.go.jp/data/arc_books-RV_1481_5_,花鳥画譜,画譜,Aboutルール除外: 画譜
https://jpsearch.go.jp/data/arc_books-RV_1_4403a_,画譜,絵画,Aboutルール除外: 絵画
https://jpsearch.go.jp/data/arc_books-RV_1_4403b_,山水譜,絵画,Aboutルール除外: 絵画
https://jpsearch.go.jp/data/arc_books-RV_1_4404_,宋紫石画譜,絵画,Aboutルール除外: 絵画
https://jpsearch.go.jp/data/arc_books-RV_1_4408_,新刻金氏画譜,絵画,Aboutルール除外: 絵画
https://jpsearch.go.jp/data/arc_books-RV_1_4410_,名家画譜,絵本_絵手本・画譜,Aboutルール除外: 絵本_絵手本・画譜
https://jpsearch.go.jp/data/arc_books-RV_1_4413_,敬輔画譜,絵画,Aboutルール除外: 絵画
https://jpsearch.go.jp/data/arc_books-RV_1_4424_,文鳳山水画譜,絵画,Aboutルール除外: 絵画
https://jpsearch.go.jp/data/arc_books-RV_1_4425_,素絢画譜草花之部,絵手本,Aboutルール除外: 絵手本
https://jpsearch.go.jp/data/arc_books-RV_1_4433_,鶯邨画譜,絵画,Aboutルール除外: 絵画
https://jpsearch.go.jp/data/arc_books-RV_1_4439_,花鳥画譜,絵画,Aboutルール除外: 絵画
https://jpsearch.go.jp/data/arc_books-RV_1_4447_,三体画譜,絵手本,Aboutルール除外: 絵手本
https://jpsearch.go.jp/data/arc_books-RV_1_4448_,北斎写真画譜,絵画,Aboutルール除外: 絵画
https://jpsearch.go.jp/data/arc_books-RV_1_4449_,伝神開手　一筆画譜,画譜,Aboutルール除外: 画譜
https://jpsearch.go.jp/data/arc_books-RV_1_4456_,石燕画譜,絵画,Aboutルール除外: 絵画
https://jpsearch.go.jp/data/arc_books-RV_1_4644_,西洋銭譜,貨幣,Aboutルール除外: 貨幣
https://jpsearch.go.jp/data/arc_books-RV_2533_19_,蘭竹譜,絵画,Aboutルール除外: 絵画
https://jpsearch.go.jp/data/arc_books-RV_2533_2_,魚貝譜,魚介,Aboutルール除外: 魚介
https://jpsearch.go.jp/data/arc_books-RV_2874_1_,百工美術画譜,画譜,Aboutルール除外: 画譜
https://jpsearch.go.jp/data/arc_books-RV_3357_1_,一蝶画譜,絵画,Aboutルール除外: 絵画
https://jpsearch.go.jp/data/arc_books-RV_3502_4_,琦鳳画譜,絵本,Aboutルール除外: 絵本
https://jpsearch.go.jp/data/arc_books-RV_3611_4_,九老画譜,絵画,Aboutルール除外: 絵画
https://jpsearch.go.jp/data/arc_books-RV_3611_5_,伊孚九池大雅　山水画譜,絵本_画譜,Aboutルール除外: 絵本_画譜
https://jpsearch.go.jp/data/arc_books-RV_4028_1_,北越雪譜,地誌,Aboutルール除外: 地誌
https://jpsearch.go.jp/data/arc_books-RV_4048_1_,完瑛画譜,絵手本,Aboutルール除外: 絵手本
https://jpsearch.go.jp/data/arc_books-RV_4595_1_,公長画譜,絵画,Aboutルール除外: 絵画
https://jpsearch.go.jp/data/arc_books-RV_4595_2_,公長画譜,絵画,Aboutルール除外: 絵画
https://jpsearch.go.jp/data/arc_books-RV_4595_3_,地口画譜,絵本_絵手本・画譜,Aboutルール除外: 絵本_絵手本・画譜
https://jpsearch.go.jp/data/arc_books-RV_4672_1_,名数画譜,書画,Aboutルール除外: 書画
https://jpsearch.go.jp/data/arc_books-RV_476_12_,北斎画譜,絵手本,Aboutルール除外: 絵手本
https://jpsearch.go.jp/data/arc_books-RV_476_13_,后素画譜,絵本_絵手本・画譜,Aboutルール除外: 絵本_絵手本・画譜
https://jpsearch.go.jp/data/arc_books-RV_476_14_,狂斎画譜,画譜,Aboutルール除外: 画譜
https://jpsearch.go.jp/data/arc_books-RV_476_3_,文川画譜,画譜,Aboutルール除外: 画譜
https://jpsearch.go.jp/data/arc_books-RV_476_9_,素真画譜,絵本_絵手本・画譜,Aboutルール除外: 絵本_絵手本・画譜
https://jpsearch.go.jp/data/arc_books-RV_5478_10_,半山画譜,絵画,Aboutルール除外: 絵画
https://jpsearch.go.jp/data/arc_books-RV_5478_3_,円翁画譜,絵画,Aboutルール除外: 絵画
https://jpsearch.go.jp/data/arc_books-RV_6074_11_,素絢画譜草花之部,画譜,Aboutルール除外: 画譜
https://jpsearch.go.jp/data/arc_books-RV_6074_12_,素絢山水画譜,画譜,Aboutルール除外: 画譜
https://jpsearch.go.jp/data/arc_books-RV_6074_13_,円翁画譜,絵画,Aboutルール除外: 絵画
https://jpsearch.go.jp/data/arc_books-RV_6074_16a_,文鳳画譜,絵画,Aboutルール除外: 絵画
https://jpsearch.go.jp/data/arc_books-RV_6074_16b_,文鳳画譜,絵画,Aboutルール除外: 絵画
https://jpsearch.go.jp/data/arc_books-RV_6074_16c_,文鳳画譜,絵画,Aboutルール除外: 絵画
https://jpsearch.go.jp/data/arc_books-RV_6074_19_,金波園画譜,絵画,Aboutルール除外: 絵画
https://jpsearch.go.jp/data/arc_books-RV_6074_23_,楠亭画譜,画譜,Aboutルール除外: 画譜
https://jpsearch.go.jp/data/arc_books-RV_6074_24_,楠亭画譜後編,画譜,Aboutルール除外: 画譜
https://jpsearch.go.jp/data/arc_books-RV_6074_29_,琦鳳画譜,画譜,Aboutルール除外: 画譜
https://jpsearch.go.jp/data/arc_books-RV_6074_2_,寒葉斎画譜,絵画,Aboutルール除外: 絵画
https://jpsearch.go.jp/data/arc_books-RV_6074_30_,名数画譜,書画,Aboutルール除外: 書画
https://jpsearch.go.jp/data/arc_books-RV_6074_31_,竹洞四君子画譜,絵画,Aboutルール除外: 絵画
https://jpsearch.go.jp/data/arc_books-RV_6074_33_,水石画譜,画譜,Aboutルール除外: 画譜
https://jpsearch.go.jp/data/arc_books-RV_6074_34_,水石画譜,画譜,Aboutルール除外: 画譜
https://jpsearch.go.jp/data/arc_books-RV_6074_36_,福善斎画譜,絵画,Aboutルール除外: 絵画
https://jpsearch.go.jp/data/arc_books-RV_6074_4_,古秀画譜,絵本,Aboutルール除外: 絵本
https://jpsearch.go.jp/data/arc_books-RV_6074_58_,閑林画譜,絵画,Aboutルール除外: 絵画
https://jpsearch.go.jp/data/arc_books-RV_6074_76_,宋紫石画譜,画譜,Aboutルール除外: 画譜
https://jpsearch.go.jp/data/arc_books-RV_6074_8_,九老画譜,絵本,Aboutルール除外: 絵本
https://jpsearch.go.jp/data/arc_books-SISJAC_002,潜竜堂画譜,画譜,Aboutルール除外: 画譜
https://jpsearch.go.jp/data/arc_books-SISJAC_B001,袖珍必携　諸職画譜,画譜,Aboutルール除外: 画譜
https://jpsearch.go.jp/data/arc_books-SISJAC_B002,獣類画譜,画譜,Aboutルール除外: 画譜
https://jpsearch.go.jp/data/arc_books-SISJAC_L002,楳嶺百鳥画譜,画譜,Aboutルール除外: 画譜
https://jpsearch.go.jp/data/arc_books-UCB_hp4046,和漢研譜,書画,Aboutルール除外: 書画
https://jpsearch.go.jp/data/arc_books-UCB_hp4049,浪華擷芳譜,伝記,Aboutルール除外: 伝記
https://jpsearch.go.jp/data/arc_books-UCB_hp4056,扶桑画譜,絵画,Aboutルール除外: 絵画
https://jpsearch.go.jp/data/arc_books-UCB_hp4060,一蝶画譜,絵画,Aboutルール除外: 絵画
https://jpsearch.go.jp/data/arc_books-UCB_hp4061,百人一詩画譜,異種百人一首,Aboutルール除外: 異種百人一首
https://jpsearch.go.jp/data/arc_books-UCB_hp4063,百人一詩画譜,異種百人一首,Aboutルール除外: 異種百人一首
https://jpsearch.go.jp/data/arc_books-UCB_hp4067,素絢山水画譜,画譜,Aboutルール除外: 画譜
https://jpsearch.go.jp/data/arc_books-UCB_hp4068,通神画譜,画譜,Aboutルール除外: 画譜
https://jpsearch.go.jp/data/arc_books-UCB_hp4074,后素画譜,絵本,Aboutルール除外: 絵本
https://jpsearch.go.jp/data/arc_books-UCB_hp4081,英泉画譜,絵本,Aboutルール除外: 絵本
https://jpsearch.go.jp/data/arc_books-arcBK01_0008,楠亭画譜,絵本_画譜,Aboutルール除外: 絵本_画譜
https://jpsearch.go.jp/data/arc_books-arcBK01_0017,賞奇軒墨竹譜,画譜,Aboutルール除外: 画譜
https://jpsearch.go.jp/data/arc_books-arcBK01_0018,竹譜詳録,絵本_画譜,Aboutルール除外: 絵本_画譜
https://jpsearch.go.jp/data/arc_books-arcBK01_0022,和漢研譜,工芸図鑑,Aboutルール除外: 工芸図鑑
https://jpsearch.go.jp/data/arc_books-arcBK01_0034,賞奇軒墨竹譜,画譜,Aboutルール除外: 画譜
https://jpsearch.go.jp/data/arc_books-arcBK01_0036,賞奇軒墨竹譜,画譜,Aboutルール除外: 画譜
https://jpsearch.go.jp/data/arc_books-arcBK01_0080,賞奇軒墨竹譜,画譜,Aboutルール除外: 画譜
https://jpsearch.go.jp/data/arc_books-arcBK01_0103,祇園会山鉾古代図譜,祇園祭,Aboutルール除外: 祇園祭
https://jpsearch.go.jp/data/arc_books-arcBK01_0228,九老画譜,画譜,Aboutルール除外: 画譜
https://jpsearch.go.jp/data/arc_books-arcBK02_0146,文晁画譜,絵本_画譜,Aboutルール除外: 絵本_画譜
https://jpsearch.go.jp/data/arc_books-arcBK02_0147,名数画譜,絵本_画譜,Aboutルール除外: 絵本_画譜
https://jpsearch.go.jp/data/arc_books-arcBK03_0018,都名所画譜,名所図会,Aboutルール除外: 名所図会
https://jpsearch.go.jp/data/arc_books-arcBK03_0109,真像　太閤記画譜,絵本,Aboutルール除外: 絵本
https://jpsearch.go.jp/data/arc_books-arcBK04_0019,都名所画譜,名所図会,Aboutルール除外: 名所図会
https://jpsearch.go.jp/data/arc_books-arcBK05_0114,茶説図譜,茶道,Aboutルール除外: 茶道
https://jpsearch.go.jp/data/arc_books-arcBK06_0021,能楽画譜,画帖,Aboutルール除外: 画帖
https://jpsearch.go.jp/data/arc_books-chi04_05037,適山画譜,絵本_画譜,Aboutルール除外: 絵本_画譜
https://jpsearch.go.jp/data/arc_books-chi05_00395,浮世画譜,絵手本,Aboutルール除外: 絵手本
https://jpsearch.go.jp/data/arc_books-chi05_03750,英勇画譜,画譜,Aboutルール除外: 画譜
https://jpsearch.go.jp/data/arc_books-hayBK01_0038,浮世絵本乃祖>>菱川師宣画譜,研究書,Aboutルール除外: 研究書
https://jpsearch.go.jp/data/arc_books-hayBK01_0039,大和画師>>奥村政信画譜,研究書,Aboutルール除外: 研究書
https://jpsearch.go.jp/data/arc_books-hayBK01_0040,花洛文華堂>>西川祐信画譜,研究書,Aboutルール除外: 研究書
https://jpsearch.go.jp/data/arc_books-hayBK01_0062,地本錦絵画譜,研究書,Aboutルール除外: 研究書
https://jpsearch.go.jp/data/arc_books-hayBK02_0143,[画譜],絵本,Aboutルール除外: 絵本
https://jpsearch.go.jp/data/arc_books-hayBK02_0236,祐信風俗画譜,絵本,Aboutルール除外: 絵本
https://jpsearch.go.jp/data/arc_books-hayBK02_0300,浮世画譜,絵画,Aboutルール除外: 絵画
https://jpsearch.go.jp/data/arc_books-hayBK02_0304,本朝/画家落款印譜,印譜,Aboutルール除外: 印譜
https://jpsearch.go.jp/data/arc_books-hayBK02_0305,本朝/画家落款印譜,印譜,Aboutルール除外: 印譜
https://jpsearch.go.jp/data/arc_books-hayBK02_0309,浮世絵師/百家美人画譜,絵画,Aboutルール除外: 絵画
https://jpsearch.go.jp/data/arc_books-hayBK03_0795,諸職人物画譜,絵本,Aboutルール除外: 絵本
https://jpsearch.go.jp/data/arc_books-hayBK03_0933,故人/俳諧画譜,絵画,Aboutルール除外: 絵画
https://jpsearch.go.jp/data/arc_books-hayBK06_0048,懐宝両面/本朝画工譜,系図,Aboutルール除外: 系図
https://jpsearch.go.jp/data/arc_books-hayBK06_0049,[絵師系図印譜一覧],系図,Aboutルール除外: 系図
https://jpsearch.go.jp/data/arc_books-katei0628,鶉の白拍子,黄表紙,Aboutルール除外: 黄表紙
https://jpsearch.go.jp/data/arc_books-katei1012,翠釜亭戯画譜,絵本,Aboutルール除外: 絵本
https://jpsearch.go.jp/data/arc_books-nakai0083,篳篥譜,楽譜,Aboutルール除外: 楽譜
https://jpsearch.go.jp/data/arc_books-nakai2136,佐野譜曾我館染,絵本,Aboutルール除外: 絵本
https://jpsearch.go.jp/data/arc_books-nakai3425,崋山先生俳諧画譜,絵画,Aboutルール除外: 絵画
https://jpsearch.go.jp/data/arc_books-nakai3921,翠釜亭戯画譜,絵本,Aboutルール除外: 絵本
https://jpsearch.go.jp/data/arc_books-nar_h17_15A,狂詩画譜,狂詩,Aboutルール除外: 狂詩
https://jpsearch.go.jp/data/arc_books-oniBK02_0006,文武将士　英勇画譜,絵本,Aboutルール除外: 絵本
https://jpsearch.go.jp/data/arc_books-sakBK02_0397,杵拍子,俳諧,Aboutルール除外: 俳諧
https://jpsearch.go.jp/data/arc_books-sakBK02_0557,[観世流内百番五番綴謡本],俳諧,Aboutルール除外: 俳諧
https://jpsearch.go.jp/data/arc_books-sakBK02_0559,[観世流天明新十番五番綴謡本],俳諧,Aboutルール除外: 俳諧
https://jpsearch.go.jp/data/arc_books-sakBK02_0560,[観世流内百番五番綴謡本],俳諧,Aboutルール除外: 俳諧
https://jpsearch.go.jp/data/arc_books-sakBK07_0020,[柿衛等印譜],俳諧,Aboutルール除外: 俳諧
https://jpsearch.go.jp/data/arc_books-shiBK03_0015,大戯場家譜,系図,Aboutルール除外: 系図
https://jpsearch.go.jp/data/dignl-10301738,諸系譜 第1冊,系譜,Aboutルール除外: 系譜
https://jpsearch.go.jp/data/dignl-10301739,諸系譜 第3冊,系譜,Aboutルール除外: 系譜
https://jpsearch.go.jp/data/dignl-10301740,諸系譜 第4冊,系譜,Aboutルール除外: 系譜
https://jpsearch.go.jp/data/dignl-10301741,諸系譜 第2冊,系譜,Aboutルール除外: 系譜
https://jpsearch.go.jp/data/dignl-10301742,諸系譜 第5冊,系譜,Aboutルール除外: 系譜
https://jpsearch.go.jp/data/dignl-10301743,諸系譜 第6冊,系譜,Aboutルール除外: 系譜
https://jpsearch.go.jp/data/dignl-10301744,諸系譜 第7冊,系譜,Aboutルール除外: 系譜
https://jpsearch.go.jp/data/dignl-10301745,諸系譜 第8冊,系譜,Aboutルール除外: 系譜
https://jpsearch.go.jp/data/dignl-10301746,諸系譜 第9冊,系譜,Aboutルール除外: 系譜
https://jpsearch.go.jp/data/dignl-10301747,諸系譜 第10冊,系譜,Aboutルール除外: 系譜
https://jpsearch.go.jp/data/dignl-10301748,諸系譜 第11冊,系譜,Aboutルール除外: 系譜
https://jpsearch.go.jp/data/dignl-10301749,諸系譜 第12冊,系譜,Aboutルール除外: 系譜
https://jpsearch.go.jp/data/dignl-10301750,諸系譜 第13冊,系譜,Aboutルール除外: 系譜
https://jpsearch.go.jp/data/dignl-10301751,諸系譜 第14冊,系譜,Aboutルール除外: 系譜
https://jpsearch.go.jp/data/dignl-10301752,諸系譜 第15冊,系譜,Aboutルール除外: 系譜
https://jpsearch.go.jp/data/dignl-10301753,諸系譜 第16冊,系譜,Aboutルール除外: 系譜
https://jpsearch.go.jp/data/dignl-10301754,諸系譜 第17冊,系譜,Aboutルール除外: 系譜
https://jpsearch.go.jp/data/dignl-10301755,諸系譜 第18冊,系譜,Aboutルール除外: 系譜
https://jpsearch.go.jp/data/dignl-10301756,諸系譜 第19冊,系譜,Aboutルール除外: 系譜
https://jpsearch.go.jp/data/dignl-10301757,諸系譜 第20冊,系譜,Aboutルール除外: 系譜
https://jpsearch.go.jp/data/dignl-10301758,諸系譜 第21冊,系譜,Aboutルール除外: 系譜
https://jpsearch.go.jp/data/dignl-10301759,諸系譜 第22冊,系譜,Aboutルール除外: 系譜
https://jpsearch.go.jp/data/dignl-10301760,諸系譜 第23冊,系譜,Aboutルール除外: 系譜
https://jpsearch.go.jp/data/dignl-10301761,諸系譜 第24冊,系譜,Aboutルール除外: 系譜
https://jpsearch.go.jp/data/dignl-10301762,諸系譜 第25冊,系譜,Aboutルール除外: 系譜
https://jpsearch.go.jp/data/dignl-10301763,諸系譜 第26冊,系譜,Aboutルール除外: 系譜
https://jpsearch.go.jp/data/dignl-10301764,諸系譜 第27冊,系譜,Aboutルール除外: 系譜
https://jpsearch.go.jp/data/dignl-10301765,諸系譜 第28冊,系譜,Aboutルール除外: 系譜
https://jpsearch.go.jp/data/dignl-10301766,諸系譜 第29冊,系譜,Aboutルール除外: 系譜
https://jpsearch.go.jp/data/dignl-10301767,諸系譜 第30冊,系譜,Aboutルール除外: 系譜
https://jpsearch.go.jp/data/dignl-10301768,諸系譜 第31冊,系譜,Aboutルール除外: 系譜
https://jpsearch.go.jp/data/dignl-10301769,諸系譜 第32冊,系譜,Aboutルール除外: 系譜
https://jpsearch.go.jp/data/dignl-10301770,諸系譜 第33冊,系譜,Aboutルール除外: 系譜
https://jpsearch.go.jp/data/dignl-11038511,柑橘図譜,植物,Aboutルール除外: 植物
https://jpsearch.go.jp/data/dignl-1286742,介譜,本草,Aboutルール除外: 本草
https://jpsearch.go.jp/data/dignl-1286769,梅園草木花譜夏之部 1,植物,Aboutルール除外: 植物
https://jpsearch.go.jp/data/dignl-1286770,梅園草木花譜夏之部 2,本草,Aboutルール除外: 本草
https://jpsearch.go.jp/data/dignl-1286773,目八譜 第１巻,魚介,Aboutルール除外: 魚介
https://jpsearch.go.jp/data/dignl-1286774,目八譜 第２巻,魚介,Aboutルール除外: 魚介
https://jpsearch.go.jp/data/dignl-1286783,草花説 第１冊　巻５,植物,Aboutルール除外: 植物
https://jpsearch.go.jp/data/dignl-1286784,草花説 第２冊　巻８湿草類,植物,Aboutルール除外: 植物
https://jpsearch.go.jp/data/dignl-1286785,草花説 第２冊　巻９湿草類,本草,Aboutルール除外: 本草
https://jpsearch.go.jp/data/dignl-1286786,草花説 第３冊　巻１１湿草類,植物,Aboutルール除外: 植物
https://jpsearch.go.jp/data/dignl-1286787,草花説 第３冊　巻１２湿草類,本草,Aboutルール除外: 本草
https://jpsearch.go.jp/data/dignl-1286795,栗氏魚譜 第１冊　巻１,本草,Aboutルール除外: 本草
https://jpsearch.go.jp/data/dignl-1286796,栗氏魚譜 第３冊　巻７,本草,Aboutルール除外: 本草
https://jpsearch.go.jp/data/dignl-1286797,禽譜 ７　比行（ひ～す）,本草,Aboutルール除外: 本草
https://jpsearch.go.jp/data/dignl-1286798,竹譜 巻１,本草,Aboutルール除外: 本草
https://jpsearch.go.jp/data/dignl-1286799,竹譜 巻２　大葉小官,本草,Aboutルール除外: 本草
https://jpsearch.go.jp/data/dignl-1286800,竹譜 巻３　異品類,植物,Aboutルール除外: 植物
https://jpsearch.go.jp/data/dignl-1286914,梅園魚譜,本草,Aboutルール除外: 本草
https://jpsearch.go.jp/data/dignl-1286915,梅園禽譜,本草,Aboutルール除外: 本草
https://jpsearch.go.jp/data/dignl-1286916,梅園菌譜,本草,Aboutルール除外: 本草
https://jpsearch.go.jp/data/dignl-1286917,梅園海石榴花譜,植物,Aboutルール除外: 植物
https://jpsearch.go.jp/data/dignl-1286918,梅園介譜,魚介,Aboutルール除外: 魚介
https://jpsearch.go.jp/data/dignl-1286919,貝図久志,本草,Aboutルール除外: 本草
https://jpsearch.go.jp/data/dignl-1286920,桜花譜,本草,Aboutルール除外: 本草
https://jpsearch.go.jp/data/dignl-1286922,魚譜,本草,Aboutルール除外: 本草
https://jpsearch.go.jp/data/dignl-1286923,薩摩禽譜圖巻,本草,Aboutルール除外: 本草
https://jpsearch.go.jp/data/dignl-1286925,水禽譜,動物,Aboutルール除外: 動物
https://jpsearch.go.jp/data/dignl-1286927,梅園草木花譜冬之部,植物,Aboutルール除外: 植物
https://jpsearch.go.jp/data/dignl-1286931,華鳥譜,本草,Aboutルール除外: 本草
https://jpsearch.go.jp/data/dignl-1286932,不忍禽譜,動物,Aboutルール除外: 動物
https://jpsearch.go.jp/data/dignl-1286936,百合譜,植物,Aboutルール除外: 植物
https://jpsearch.go.jp/data/dignl-1286939,竹園草木図譜海草部,本草,Aboutルール除外: 本草
https://jpsearch.go.jp/data/dignl-1286940,竹園草木図譜,植物,Aboutルール除外: 植物
https://jpsearch.go.jp/data/dignl-1286941,白川侯蓮譜,本草,Aboutルール除外: 本草
https://jpsearch.go.jp/data/dignl-1286943,霜葉譜,植物,Aboutルール除外: 植物
https://jpsearch.go.jp/data/dignl-1286969,花菖蒲図譜,本草,Aboutルール除外: 本草
https://jpsearch.go.jp/data/dignl-1287112,梅園魚品図正 巻１,本草,Aboutルール除外: 本草
https://jpsearch.go.jp/data/dignl-1287113,梅園魚品図正 巻２,本草,Aboutルール除外: 本草
https://jpsearch.go.jp/data/dignl-1287114,本草図譜 第１冊　巻５山草之類１之上,本草,Aboutルール除外: 本草
https://jpsearch.go.jp/data/dignl-1287115,本草図譜 第１冊　巻６山草之類１之下,本草,Aboutルール除外: 本草
https://jpsearch.go.jp/data/dignl-1287116,本草図譜 第１冊　巻７山草之類２之上,本草,Aboutルール除外: 本草
https://jpsearch.go.jp/data/dignl-1287117,本草図譜 第１冊　巻８山草之類２之下,本草,Aboutルール除外: 本草
https://jpsearch.go.jp/data/dignl-1287118,本草図譜 第１冊　巻９芳草類上之上,本草,Aboutルール除外: 本草
https://jpsearch.go.jp/data/dignl-1287119,本草図譜 第１冊　巻１０芳草類上之下,本草,Aboutルール除外: 本草
https://jpsearch.go.jp/data/dignl-1287120,本草図譜 第１冊　巻１１芳草類下之上,本草,Aboutルール除外: 本草
https://jpsearch.go.jp/data/dignl-1287121,本草図譜 第１冊　巻１２芳草類下之下,本草,Aboutルール除外: 本草
https://jpsearch.go.jp/data/dignl-1287122,本草図譜 第２冊　巻１３湿草類１,本草,Aboutルール除外: 本草
https://jpsearch.go.jp/data/dignl-1287123,本草図譜 第２冊　巻１４湿草類２,本草,Aboutルール除外: 本草
https://jpsearch.go.jp/data/dignl-1287124,本草図譜 第２冊　巻１５湿草類３,本草,Aboutルール除外: 本草
https://jpsearch.go.jp/data/dignl-1287125,本草図譜 第２冊　巻１６湿草類４,本草,Aboutルール除外: 本草
https://jpsearch.go.jp/data/dignl-1287126,本草図譜 第２冊　巻１７湿草類５,本草,Aboutルール除外: 本草
https://jpsearch.go.jp/data/dignl-1287127,本草図譜 第２冊　巻１８隰草類６,本草,Aboutルール除外: 本草
https://jpsearch.go.jp/data/dignl-1287128,本草図譜 第２冊　巻１９湿草類７,本草,Aboutルール除外: 本草
https://jpsearch.go.jp/data/dignl-1287129,本草図譜 第２冊　巻２０湿草類８,本草,Aboutルール除外: 本草
https://jpsearch.go.jp/data/dignl-1287131,本草図譜 第３冊　巻２１毒草類１,本草,Aboutルール除外: 本草
https://jpsearch.go.jp/data/dignl-1287132,本草図譜 第３冊　巻２２毒草類２,本草,Aboutルール除外: 本草
https://jpsearch.go.jp/data/dignl-1287133,本草図譜 第３冊　巻２３毒草類３,本草,Aboutルール除外: 本草
https://jpsearch.go.jp/data/dignl-1287134,本草図譜 第３冊　巻２４毒草類４,本草,Aboutルール除外: 本草
https://jpsearch.go.jp/data/dignl-1287135,本草図譜 第３冊　巻２５蔓草類１,本草,Aboutルール除外: 本草
https://jpsearch.go.jp/data/dignl-1287136,本草図譜 第３冊　巻２６蔓草類２,本草,Aboutルール除外: 本草
https://jpsearch.go.jp/data/dignl-1287137,本草図譜 第３冊　巻２７蔓草類３,本草,Aboutルール除外: 本草
https://jpsearch.go.jp/data/dignl-1287138,本草図譜 第４冊　巻２８蔓草類４,本草,Aboutルール除外: 本草
https://jpsearch.go.jp/data/dignl-1287139,本草図譜 第４冊　巻２９蔓草類５,本草,Aboutルール除外: 本草
https://jpsearch.go.jp/data/dignl-1287140,本草図譜 第４冊　巻３０蔓草類６,本草,Aboutルール除外: 本草
https://jpsearch.go.jp/data/dignl-1287141,本草図譜 第４冊　巻３１蔓草類７,本草,Aboutルール除外: 本草
https://jpsearch.go.jp/data/dignl-1287142,本草図譜 第４冊　巻３２蔓草類８,本草,Aboutルール除外: 本草
https://jpsearch.go.jp/data/dignl-1287143,本草図譜 第４冊　巻３３水草類１,本草,Aboutルール除外: 本草
https://jpsearch.go.jp/data/dignl-1287144,本草図譜 第４冊　巻３４水草類２,本草,Aboutルール除外: 本草
https://jpsearch.go.jp/data/dignl-1287145,本草図譜 第５冊　巻３５石草類１,本草,Aboutルール除外: 本草
https://jpsearch.go.jp/data/dignl-1287146,本草図譜 第５冊　巻３６石草類２,本草,Aboutルール除外: 本草
https://jpsearch.go.jp/data/dignl-1287147,本草図譜 第５冊　巻３７石草類３・苔類１,本草,Aboutルール除外: 本草
https://jpsearch.go.jp/data/dignl-1287149,本草図譜 第５冊　巻３８苔類２,本草,Aboutルール除外: 本草
https://jpsearch.go.jp/data/dignl-1287150,本草図譜 第５冊　巻３９雑草,本草,Aboutルール除外: 本草
https://jpsearch.go.jp/data/dignl-1287151,本草図譜 第６冊　巻４０穀部１,本草,Aboutルール除外: 本草
https://jpsearch.go.jp/data/dignl-1287152,本草図譜 第６冊　巻４１穀部２,本草,Aboutルール除外: 本草
https://jpsearch.go.jp/data/dignl-1287153,本草図譜 第６冊　巻４２穀部３,本草,Aboutルール除外: 本草
https://jpsearch.go.jp/data/dignl-1287154,本草図譜 第６冊　巻４３菽豆類,本草,Aboutルール除外: 本草
https://jpsearch.go.jp/data/dignl-1287155,本草図譜 第６冊　巻４４造醸類,本草,Aboutルール除外: 本草
https://jpsearch.go.jp/data/dignl-1287156,本草図譜 第７冊　巻４５菜部葷菜類１,本草,Aboutルール除外: 本草
https://jpsearch.go.jp/data/dignl-1287157,本草図譜 第７冊　巻４６菜部葷菜類２,本草,Aboutルール除外: 本草
https://jpsearch.go.jp/data/dignl-1287158,本草図譜 第７冊　巻４７菜部葷菜類３,本草,Aboutルール除外: 本草
https://jpsearch.go.jp/data/dignl-1287159,本草図譜 第７冊　巻４８菜部柔滑類１,本草,Aboutルール除外: 本草
https://jpsearch.go.jp/data/dignl-1287160,本草図譜 第７冊　巻４９菜部柔滑類２,本草,Aboutルール除外: 本草
https://jpsearch.go.jp/data/dignl-1287161,本草図譜 第７冊　巻５０菜部柔滑類３,本草,Aboutルール除外: 本草
https://jpsearch.go.jp/data/dignl-1287162,本草図譜 第７冊　巻５１菜部柔滑類４,本草,Aboutルール除外: 本草
https://jpsearch.go.jp/data/dignl-1287163,本草図譜 第７冊　巻５２菜部柔滑類５,本草,Aboutルール除外: 本草
https://jpsearch.go.jp/data/dignl-1287164,本草図譜 第８冊　巻５３菜部〔ラ〕菜類,本草,Aboutルール除外: 本草
https://jpsearch.go.jp/data/dignl-1287165,本草図譜 第８冊　巻５４菜部水菜類,本草,Aboutルール除外: 本草
https://jpsearch.go.jp/data/dignl-1287167,本草図譜 第８冊　巻５５菜部芝〔ジ〕類１,本草,Aboutルール除外: 本草
https://jpsearch.go.jp/data/dignl-1287168,本草図譜 第８冊　巻５６菜部芝〔ジ〕類２,本草,Aboutルール除外: 本草
https://jpsearch.go.jp/data/dignl-1287169,本草図譜 第８冊　巻５７菜部芝〔ジ〕類３,本草,Aboutルール除外: 本草
https://jpsearch.go.jp/data/dignl-1287170,本草図譜 第８冊　巻５８菜部芝〔ジ〕類４,本草,Aboutルール除外: 本草
https://jpsearch.go.jp/data/dignl-1287171,本草図譜 第８冊　巻５９菜部芝〔ジ〕類５,本草,Aboutルール除外: 本草
https://jpsearch.go.jp/data/dignl-1287173,本草図譜 第８冊　巻６０菜部芝〔ジ〕類６,本草,Aboutルール除外: 本草
https://jpsearch.go.jp/data/dignl-1287174,本草図譜 第９冊　巻６１果部五果類１,本草,Aboutルール除外: 本草
https://jpsearch.go.jp/data/dignl-1287175,本草図譜 第９冊　巻６２果部五果類２,本草,Aboutルール除外: 本草
https://jpsearch.go.jp/data/dignl-1287176,本草図譜 第９冊　巻６３果部山果類１,本草,Aboutルール除外: 本草
https://jpsearch.go.jp/data/dignl-1287177,本草図譜 第９冊　巻６４果部山果類２,本草,Aboutルール除外: 本草
https://jpsearch.go.jp/data/dignl-1287178,本草図譜 第９冊　巻６５果部山果類３,本草,Aboutルール除外: 本草
https://jpsearch.go.jp/data/dignl-1287179,本草図譜 第９冊　巻６６果部山果類４,本草,Aboutルール除外: 本草
https://jpsearch.go.jp/data/dignl-1287180,本草図譜 第９冊　巻６７果部夷果類１,本草,Aboutルール除外: 本草
https://jpsearch.go.jp/data/dignl-1287181,本草図譜 第９冊　巻６８果部夷果類２,本草,Aboutルール除外: 本草
https://jpsearch.go.jp/data/dignl-1287182,菌譜２集 巻上,本草,Aboutルール除外: 本草
https://jpsearch.go.jp/data/dignl-1287183,本草図譜 第９冊　巻６９果部夷果類３,本草,Aboutルール除外: 本草
https://jpsearch.go.jp/data/dignl-1287184,本草図譜 第１０冊　巻７０果部味類,本草,Aboutルール除外: 本草
https://jpsearch.go.jp/data/dignl-1287185,本草図譜 第１０冊　巻７１果部〔ウリ〕類,本草,Aboutルール除外: 本草
https://jpsearch.go.jp/data/dignl-1287186,本草図譜 第１０冊　巻７２果部水果類１,本草,Aboutルール除外: 本草
https://jpsearch.go.jp/data/dignl-1287187,本草図譜 第１０冊　巻７３果部水果類２,本草,Aboutルール除外: 本草
https://jpsearch.go.jp/data/dignl-1287188,本草図譜 第１０冊　巻７４果部水果類３,本草,Aboutルール除外: 本草
https://jpsearch.go.jp/data/dignl-1287189,本草図譜 第１０冊　巻７５果部水果類４,本草,Aboutルール除外: 本草
https://jpsearch.go.jp/data/dignl-1287190,本草図譜 第１０冊　巻７６果部水果類５,本草,Aboutルール除外: 本草
https://jpsearch.go.jp/data/dignl-1287191,本草図譜 第１０冊　巻７７香木類１,本草,Aboutルール除外: 本草
https://jpsearch.go.jp/data/dignl-1287192,本草図譜 第１０冊　巻７８香木類２,本草,Aboutルール除外: 本草
https://jpsearch.go.jp/data/dignl-1287193,本草図譜 第１０冊　巻７９香木類３,本草,Aboutルール除外: 本草
https://jpsearch.go.jp/data/dignl-1287194,本草図譜 第１０冊　巻８０香木類４,本草,Aboutルール除外: 本草
https://jpsearch.go.jp/data/dignl-1287195,本草図譜 第１０冊　巻８１香木類５,本草,Aboutルール除外: 本草
https://jpsearch.go.jp/data/dignl-1287196,本草図譜 第１１冊　巻８２喬木類１,本草,Aboutルール除外: 本草
https://jpsearch.go.jp/data/dignl-1287197,本草図譜 第１１冊　巻８３喬木類２,本草,Aboutルール除外: 本草
https://jpsearch.go.jp/data/dignl-1287198,本草図譜 第１１冊　巻８４喬木類３,本草,Aboutルール除外: 本草
https://jpsearch.go.jp/data/dignl-1287199,本草図譜 第１１冊　巻８５喬木類４,本草,Aboutルール除外: 本草
https://jpsearch.go.jp/data/dignl-1287200,本草図譜 第１１冊　巻８６喬木類５,本草,Aboutルール除外: 本草
https://jpsearch.go.jp/data/dignl-1287201,本草図譜 第１１冊　巻８７潅木類１,本草,Aboutルール除外: 本草
https://jpsearch.go.jp/data/dignl-1287202,本草図譜 第１１冊　巻８８潅木類２,本草,Aboutルール除外: 本草
https://jpsearch.go.jp/data/dignl-1287203,本草図譜 第１１冊　巻８９潅木類３,本草,Aboutルール除外: 本草
https://jpsearch.go.jp/data/dignl-1287204,本草図譜 第１２冊　巻９０潅木類４,本草,Aboutルール除外: 本草
https://jpsearch.go.jp/data/dignl-1287205,本草図譜 第１２冊　巻９１潅木類５,本草,Aboutルール除外: 本草
https://jpsearch.go.jp/data/dignl-1287206,本草図譜 第１２冊　巻９２潅木類６,本草,Aboutルール除外: 本草
https://jpsearch.go.jp/data/dignl-1287207,本草図譜 第１２冊　巻９３寓木類,本草,Aboutルール除外: 本草
https://jpsearch.go.jp/data/dignl-1287208,本草図譜 第１２冊　巻９５苞木類２・雑木類,本草,Aboutルール除外: 本草
https://jpsearch.go.jp/data/dignl-1287209,本草図譜 第１２冊　巻９４苞木類１,本草,Aboutルール除外: 本草
https://jpsearch.go.jp/data/dignl-1287210,本草図譜 第１２冊　巻９６服帛類・器物類,本草,Aboutルール除外: 本草
https://jpsearch.go.jp/data/dignl-1287216,菌譜 元　巻１,本草,Aboutルール除外: 本草
https://jpsearch.go.jp/data/dignl-1287217,菌譜 享　巻１の２,本草,Aboutルール除外: 本草
https://jpsearch.go.jp/data/dignl-1287218,菌譜 利　巻２,本草,Aboutルール除外: 本草
https://jpsearch.go.jp/data/dignl-1287219,菌譜 貞　巻２の２,本草,Aboutルール除外: 本草
https://jpsearch.go.jp/data/dignl-1287220,菌譜２集 巻下,本草,Aboutルール除外: 本草
https://jpsearch.go.jp/data/dignl-1287280,梅園草木花譜春之部 1,植物,Aboutルール除外: 植物
https://jpsearch.go.jp/data/dignl-1287281,梅園草木花譜春之部 2,植物,Aboutルール除外: 植物
https://jpsearch.go.jp/data/dignl-1287282,梅園草木花譜春之部 3,植物,Aboutルール除外: 植物
https://jpsearch.go.jp/data/dignl-1287283,梅園草木花譜春之部 4,本草,Aboutルール除外: 本草
https://jpsearch.go.jp/data/dignl-1287285,梅園草木花譜夏之部 3,植物,Aboutルール除外: 植物
https://jpsearch.go.jp/data/dignl-1287286,梅園草木花譜夏之部 4,本草,Aboutルール除外: 本草
https://jpsearch.go.jp/data/dignl-1287287,梅園草木花譜夏之部 5,本草,Aboutルール除外: 本草
https://jpsearch.go.jp/data/dignl-1287288,梅園草木花譜夏之部 6,本草,Aboutルール除外: 本草
https://jpsearch.go.jp/data/dignl-1287289,梅園草木花譜夏之部 7,植物_ショクブツ,Aboutルール除外: 植物_ショクブツ
https://jpsearch.go.jp/data/dignl-1287290,梅園草木花譜夏之部 8,植物_ショクブツ,Aboutルール除外: 植物_ショクブツ
https://jpsearch.go.jp/data/dignl-1287291,梅園草木花譜秋之部 1,植物,Aboutルール除外: 植物
https://jpsearch.go.jp/data/dignl-1287292,梅園草木花譜秋之部 2,植物,Aboutルール除外: 植物
https://jpsearch.go.jp/data/dignl-1287293,梅園草木花譜秋之部 3,植物,Aboutルール除外: 植物
https://jpsearch.go.jp/data/dignl-1287294,梅園草木花譜秋之部 4,本草,Aboutルール除外: 本草
https://jpsearch.go.jp/data/dignl-1287295,魚譜 第１軸,植物,Aboutルール除外: 植物
https://jpsearch.go.jp/data/dignl-1287296,魚譜 第２軸,植物,Aboutルール除外: 植物
https://jpsearch.go.jp/data/dignl-1287298,目八譜 第３巻,本草,Aboutルール除外: 本草
https://jpsearch.go.jp/data/dignl-1287299,目八譜 第４巻,魚介,Aboutルール除外: 魚介
https://jpsearch.go.jp/data/dignl-1287300,目八譜 第５巻,本草,Aboutルール除外: 本草
https://jpsearch.go.jp/data/dignl-1287301,目八譜 第６巻,魚介,Aboutルール除外: 魚介
https://jpsearch.go.jp/data/dignl-1287302,目八譜 第７巻,本草,Aboutルール除外: 本草
https://jpsearch.go.jp/data/dignl-1287303,目八譜 第８巻,本草,Aboutルール除外: 本草
https://jpsearch.go.jp/data/dignl-1287304,目八譜 第９巻,本草,Aboutルール除外: 本草
https://jpsearch.go.jp/data/dignl-1287305,目八譜 第１０巻,魚介,Aboutルール除外: 魚介
https://jpsearch.go.jp/data/dignl-1287306,目八譜 第１１巻,本草,Aboutルール除外: 本草
https://jpsearch.go.jp/data/dignl-1287307,目八譜 第１２巻,本草,Aboutルール除外: 本草
https://jpsearch.go.jp/data/dignl-1287308,目八譜 第１３巻,魚介,Aboutルール除外: 魚介
https://jpsearch.go.jp/data/dignl-1287309,目八譜 第１４巻,本草,Aboutルール除外: 本草
https://jpsearch.go.jp/data/dignl-1287310,目八譜 第１５巻,本草,Aboutルール除外: 本草
https://jpsearch.go.jp/data/dignl-1287324,百花鳥図 宮,絵画,Aboutルール除外: 絵画
https://jpsearch.go.jp/data/dignl-1287325,百花鳥図 商,本草,Aboutルール除外: 本草
https://jpsearch.go.jp/data/dignl-1287326,百花鳥図 角,絵画,Aboutルール除外: 絵画
https://jpsearch.go.jp/data/dignl-1287327,百花鳥図 徴,絵画,Aboutルール除外: 絵画
https://jpsearch.go.jp/data/dignl-1287328,百花鳥図 羽,絵画,Aboutルール除外: 絵画
https://jpsearch.go.jp/data/dignl-1287367,栗氏千虫譜 第１冊,動物,Aboutルール除外: 動物
https://jpsearch.go.jp/data/dignl-1287368,栗氏千虫譜 第２冊,本草,Aboutルール除外: 本草
https://jpsearch.go.jp/data/dignl-1287369,栗氏千虫譜 第３冊,動物,Aboutルール除外: 動物
https://jpsearch.go.jp/data/dignl-1287370,栗氏千虫譜 第４冊,動物,Aboutルール除外: 動物
https://jpsearch.go.jp/data/dignl-1287371,栗氏千虫譜 第５冊,本草,Aboutルール除外: 本草
https://jpsearch.go.jp/data/dignl-1287372,栗氏千虫譜 第６冊,動物,Aboutルール除外: 動物
https://jpsearch.go.jp/data/dignl-1287373,栗氏千虫譜 第７冊,動物,Aboutルール除外: 動物
https://jpsearch.go.jp/data/dignl-1287374,栗氏魚譜 第６冊　巻１１,本草,Aboutルール除外: 本草
https://jpsearch.go.jp/data/dignl-1287375,栗氏千虫譜 第８冊,本草,Aboutルール除外: 本草
https://jpsearch.go.jp/data/dignl-1287376,栗氏千虫譜 第９冊,動物,Aboutルール除外: 動物
https://jpsearch.go.jp/data/dignl-1287377,栗氏千虫譜 第１０冊,本草,Aboutルール除外: 本草
https://jpsearch.go.jp/data/dignl-1287412,禽譜 ２　知行（ち～か）,本草,Aboutルール除外: 本草
https://jpsearch.go.jp/data/dignl-1287417,栗氏魚譜 第１冊　巻２,魚介,Aboutルール除外: 魚介
https://jpsearch.go.jp/data/dignl-1287418,栗氏魚譜 第１冊　巻４,魚介,Aboutルール除外: 魚介
https://jpsearch.go.jp/data/dignl-1287419,栗氏魚譜 第１冊　巻５,魚介,Aboutルール除外: 魚介
https://jpsearch.go.jp/data/dignl-1287420,栗氏魚譜 第１冊　巻２０,魚介,Aboutルール除外: 魚介
https://jpsearch.go.jp/data/dignl-1287421,栗氏魚譜 第２冊　巻３,本草,Aboutルール除外: 本草
https://jpsearch.go.jp/data/dignl-1287422,栗氏魚譜 第４冊　巻９,本草,Aboutルール除外: 本草
https://jpsearch.go.jp/data/dignl-1287423,栗氏魚譜 第５冊　巻１０,魚介,Aboutルール除外: 魚介
https://jpsearch.go.jp/data/dignl-1287424,栗氏魚譜 第６冊　巻１２,本草,Aboutルール除外: 本草
https://jpsearch.go.jp/data/dignl-1287425,栗氏魚譜 第７冊　巻１３,魚介,Aboutルール除外: 魚介
https://jpsearch.go.jp/data/dignl-1287426,栗氏魚譜 第８冊　巻１４,魚介,Aboutルール除外: 魚介
https://jpsearch.go.jp/data/dignl-1287427,栗氏魚譜 第９冊　巻１５,魚介,Aboutルール除外: 魚介
https://jpsearch.go.jp/data/dignl-1287428,栗氏魚譜 第１０冊　巻１７,本草,Aboutルール除外: 本草
https://jpsearch.go.jp/data/dignl-1287436,本草図譜〔抄〕 第１冊　７－１０,本草,Aboutルール除外: 本草
https://jpsearch.go.jp/data/dignl-1287437,本草図譜〔抄〕 第２冊　２５－２８,本草,Aboutルール除外: 本草
https://jpsearch.go.jp/data/dignl-1287438,禽譜 １　伊（い～と）,動物,Aboutルール除外: 動物
https://jpsearch.go.jp/data/dignl-1287439,禽譜 ３　与（よ～な）,動物,Aboutルール除外: 動物
https://jpsearch.go.jp/data/dignl-1287440,禽譜 ４　良行（ら～く）,本草,Aboutルール除外: 本草
https://jpsearch.go.jp/data/dignl-1287441,禽譜 ５　也行（や～て）,動物,Aboutルール除外: 動物
https://jpsearch.go.jp/data/dignl-1287442,禽譜 ６上　阿（あ～め）,本草,Aboutルール除外: 本草
https://jpsearch.go.jp/data/dignl-1287443,禽譜 ６下　阿（み～し）,本草,Aboutルール除外: 本草
https://jpsearch.go.jp/data/dignl-1288353,舶載草木図譜,本草,Aboutルール除外: 本草
https://jpsearch.go.jp/data/dignl-1288378,たいしよくわん,絵本,Aboutルール除外: 絵本
https://jpsearch.go.jp/data/dignl-1301338,白拍子花子 市川団十郎,絵画,Aboutルール除外: 絵画
https://jpsearch.go.jp/data/dignl-1308138,猿若中村家系譜　三代目伝九郎・四代目伝九郎・五代目伝九郎,演劇,Aboutルール除外: 演劇
https://jpsearch.go.jp/data/dignl-1308141,古今俳優似顔大全中村家系譜　初代中村助五郎・二代目助五郎・三代目中村助五郎,演劇,Aboutルール除外: 演劇
https://jpsearch.go.jp/data/dignl-1308143,市村家系譜　九代目羽左衛門・十二代目羽左衛門・十三代目当時羽左衛門,演劇,Aboutルール除外: 演劇
https://jpsearch.go.jp/data/dignl-1308145,大和家坂東系譜　四代目三津五郎・五代目しうか・六代目三津五郎,演劇,Aboutルール除外: 演劇
https://jpsearch.go.jp/data/dignl-1308148,守田屋系譜　十一代目守田かん弥・坂東寿太郎・十代目勘弥,演劇,Aboutルール除外: 演劇
https://jpsearch.go.jp/data/dignl-1308151,市川家系譜　七代目団十郎・八代目団十郎・紫扇庵三升,演劇,Aboutルール除外: 演劇
https://jpsearch.go.jp/data/dignl-1308154,滝野家系譜　四代目市川門之助・五代目門之助・六代目市川新車,演劇,Aboutルール除外: 演劇
https://jpsearch.go.jp/data/dignl-1308157,三河屋市川系譜　団之助・七代目九蔵・二代目団之助,演劇,Aboutルール除外: 演劇
https://jpsearch.go.jp/data/dignl-1308161,市川家系譜　四代目八百蔵・五代目八百蔵・六代目当時八百蔵,演劇,Aboutルール除外: 演劇
https://jpsearch.go.jp/data/dignl-1308162,古今俳優似顔大全高島家系譜　市川小団次・市川米蔵・市川右段次,演劇,Aboutルール除外: 演劇
https://jpsearch.go.jp/data/dignl-1308168,播磨家系譜　四代目鰕十郎・市川市蔵・市川鰕十郎,演劇,Aboutルール除外: 演劇
https://jpsearch.go.jp/data/dignl-1308170,音羽家坂東系譜　三代目彦三郎・四代目彦三郎・五代目彦三郎,演劇,Aboutルール除外: 演劇
https://jpsearch.go.jp/data/dignl-1308176,坂田家系譜　三代目坂田半五郎・四代目坂田半五郎・二代目佐十郎,演劇,Aboutルール除外: 演劇
https://jpsearch.go.jp/data/dignl-1308179,中山家系譜　中山市蔵・中山文五郎・二代目現十郎,演劇,Aboutルール除外: 演劇
https://jpsearch.go.jp/data/dignl-1308182,大谷家系譜　二代目大谷友右衛門・三代目大谷友右衛門・当時大谷友松,演劇,Aboutルール除外: 演劇
https://jpsearch.go.jp/data/dignl-1308184,大谷家系譜追加　五代目大谷広右衛門・大谷馬十・二代目大谷門蔵,演劇,Aboutルール除外: 演劇
https://jpsearch.go.jp/data/dignl-1308187,尾上家系譜　三代目尾上松助・尾上覚之助・尾上栄三郎,演劇,Aboutルール除外: 演劇
https://jpsearch.go.jp/data/dignl-1308194,片岡松嶋家系譜　片岡十蔵・片岡鶴之助・片岡虎五郎,演劇,Aboutルール除外: 演劇
https://jpsearch.go.jp/data/dignl-1308197,三枡京枡家系譜　三枡梅舎・姉川源之助・三枡森蔵,演劇,Aboutルール除外: 演劇
https://jpsearch.go.jp/data/dignl-1308200,浅尾家系譜　初代浅尾与六・二代目浅尾工左衛門・二代目浅尾与六,演劇,Aboutルール除外: 演劇
https://jpsearch.go.jp/data/dignl-1308203,嵐家系譜　二代目嵐璃〔カク〕・嵐鱗子・三代目嵐徳三郎,演劇,Aboutルール除外: 演劇
https://jpsearch.go.jp/data/dignl-1308205,嵐家系譜　初代嵐三八・二代目嵐三八・嵐三幸,演劇,Aboutルール除外: 演劇
https://jpsearch.go.jp/data/dignl-1308206,古今俳優似顔大全嵐家系譜　初代嵐音八・二代目嵐音八・三代目嵐音八,演劇,Aboutルール除外: 演劇
https://jpsearch.go.jp/data/dignl-1308209,嵐家系譜　四代目嵐雛助・五代目叶雛助・六代目嵐雛助,演劇,Aboutルール除外: 演劇
https://jpsearch.go.jp/data/dignl-1308211,松本家系譜　六代目松本幸四郎・市川高麗蔵・初代松本よね三,演劇,Aboutルール除外: 演劇
https://jpsearch.go.jp/data/dignl-1308214,沢村家系譜　初田之助・二代田之助・三代田之助,演劇,Aboutルール除外: 演劇
https://jpsearch.go.jp/data/dignl-1308219,似顔大全系譜　五代目芝翫・四代目歌右衛門・六代目当時芝翫,演劇,Aboutルール除外: 演劇
https://jpsearch.go.jp/data/dignl-1308226,古今俳優似顔大全小佐川家系譜　初代小佐川常世・二代目小佐川常世・三代目小佐川常世,演劇,Aboutルール除外: 演劇
https://jpsearch.go.jp/data/dignl-1308227,古今俳優似顔大全吾妻家系譜　三代目吾妻藤蔵・四代目吾妻藤蔵・五代目吾妻藤蔵,演劇,Aboutルール除外: 演劇
https://jpsearch.go.jp/data/dignl-1308228,古今俳優似顔大全実川系譜　初代実川額十郎・二代目実川延三郎・三代目実川延若,演劇,Aboutルール除外: 演劇
https://jpsearch.go.jp/data/dignl-1308229,古今俳優似顔大全中島家系譜　二代中島三甫右衛門・中島勘左衛門・中島和田右衛門,演劇,Aboutルール除外: 演劇
https://jpsearch.go.jp/data/dignl-1308230,古今俳優似顔大全惣領家系譜　惣領甚六・二代目桐島儀右衛門・二代惣領甚六,演劇,Aboutルール除外: 演劇
https://jpsearch.go.jp/data/dignl-1308231,古今俳優似顔大全山下家系譜　初代山下金作・二代目山下金作・三代目山下金作,演劇,Aboutルール除外: 演劇
https://jpsearch.go.jp/data/dignl-1308232,古今俳優似顔大全藤川家系譜　初代藤川友吉・二代藤川花友・三代藤川友吉,演劇,Aboutルール除外: 演劇
https://jpsearch.go.jp/data/dignl-1308234,岩井家系譜　七代目半四郎・瀬川菊三郎・八代目当時粂三郎,演劇,Aboutルール除外: 演劇
https://jpsearch.go.jp/data/dignl-1308236,瀬川家系譜　元祖瀬川菊之丞・元祖弟瀬川菊次郎・二代目瀬川菊之丞,演劇,Aboutルール除外: 演劇
https://jpsearch.go.jp/data/dignl-1308239,中村天王寺家系譜　初代中村大吉・二代目中村大吉・三代目中村大吉,演劇,Aboutルール除外: 演劇
https://jpsearch.go.jp/data/dignl-1309100,唱歌の朝皃　秋月の娘深雪,絵画,Aboutルール除外: 絵画
https://jpsearch.go.jp/data/dignl-1312357,猿若中村家系譜　三代目伝九郎・四代目伝九郎・五代目伝九郎,演劇,Aboutルール除外: 演劇
https://jpsearch.go.jp/data/dignl-1312360,古今俳優似顔大全中村家系譜　初代中村助五郎・二代目中村助五郎・三代目中村助五郎,演劇,Aboutルール除外: 演劇
https://jpsearch.go.jp/data/dignl-1312364,古今俳優似顔大全吾妻家系譜　三代目吾妻藤蔵・四代目吾妻藤蔵・五代目吾妻藤蔵,演劇,Aboutルール除外: 演劇
https://jpsearch.go.jp/data/dignl-1312365,大和家坂東系譜　四代目三津五郎・五代目志うか・六代目三津五郎,演劇,Aboutルール除外: 演劇
https://jpsearch.go.jp/data/dignl-1312369,松本家系譜　六代目松本幸四郎・市川高麗蔵・初代松本よね三,演劇,Aboutルール除外: 演劇
https://jpsearch.go.jp/data/dignl-1312372,市河家系譜　七代目団十郎・八代目団十郎・紫扇庵三升,演劇,Aboutルール除外: 演劇
https://jpsearch.go.jp/data/dignl-1312375,三河屋市川系譜　団之助・七代目九蔵・二代目団之助,演劇,Aboutルール除外: 演劇
https://jpsearch.go.jp/data/dignl-1312378,市川家系譜　四代目八百蔵・五代目八百蔵・六代目当時八百蔵,演劇,Aboutルール除外: 演劇
https://jpsearch.go.jp/data/dignl-1312380,滝野家系譜　四代目市川門之助・五代目門之助･六代目市川新車,演劇,Aboutルール除外: 演劇
https://jpsearch.go.jp/data/dignl-1312381,播磨家系譜　四代目鰕十郎・市川市蔵・市川滝十郎,演劇,Aboutルール除外: 演劇
https://jpsearch.go.jp/data/dignl-1312382,古今俳優似顔大全高島家系譜　市川小団次・市川米蔵・市川右段次,演劇,Aboutルール除外: 演劇
https://jpsearch.go.jp/data/dignl-1312394,古今俳優似顔大全中島家系譜　二代中島三甫右衛門・中島勘左衛門・中嶋和田右衛門,演劇,Aboutルール除外: 演劇
https://jpsearch.go.jp/data/dignl-1312396,中村天王寺家系譜　初代中村大吉・二代目中村大吉・三代目中村大吉,演劇,Aboutルール除外: 演劇
https://jpsearch.go.jp/data/dignl-1312397,瀬川家系譜　元祖瀬川菊之烝・元祖弟瀬川菊次郎・二代目瀬川菊之烝,演劇,Aboutルール除外: 演劇
https://jpsearch.go.jp/data/dignl-1312399,古今俳優似顔大全小佐川家系譜　初代小佐川常世・二代目小佐川常世・三代目小佐川常世,演劇,Aboutルール除外: 演劇
https://jpsearch.go.jp/data/dignl-1312400,沢村家系譜　初田之助・二代田之助・三代田之助,演劇,Aboutルール除外: 演劇
https://jpsearch.go.jp/data/dignl-1312401,岩井家系譜　七代目半四郎・瀬川菊三郎・八代目当時菊三郎,演劇,Aboutルール除外: 演劇
https://jpsearch.go.jp/data/dignl-1312405,守田家系譜　十一代目守田かん弥・勘次郎・坂東寿太郎,演劇,Aboutルール除外: 演劇
https://jpsearch.go.jp/data/dignl-1312406,市村家系譜　九代目羽左衛門・十二代目羽左衛門・十三代目当時羽左衛門,演劇,Aboutルール除外: 演劇
https://jpsearch.go.jp/data/dignl-13385506,譜伝実録 [13],雑史,Aboutルール除外: 雑史
https://jpsearch.go.jp/data/dignl-13385507,譜伝実録 [12],雑史,Aboutルール除外: 雑史
https://jpsearch.go.jp/data/dignl-13385508,譜伝実録 [15],雑史,Aboutルール除外: 雑史
https://jpsearch.go.jp/data/dignl-13385511,譜伝実録 [14],雑史,Aboutルール除外: 雑史
https://jpsearch.go.jp/data/dignl-13385513,譜伝実録 [17],雑史,Aboutルール除外: 雑史
https://jpsearch.go.jp/data/dignl-13385514,譜伝実録 [16],雑史,Aboutルール除外: 雑史
https://jpsearch.go.jp/data/dignl-13385515,譜伝実録 [19],雑史,Aboutルール除外: 雑史
https://jpsearch.go.jp/data/dignl-13385520,譜伝実録 [11],雑史,Aboutルール除外: 雑史
https://jpsearch.go.jp/data/dignl-13385521,譜伝実録 [10],雑史,Aboutルール除外: 雑史
https://jpsearch.go.jp/data/dignl-13385525,譜伝実録 [4],雑史,Aboutルール除外: 雑史
https://jpsearch.go.jp/data/dignl-13385526,譜伝実録 [3],雑史,Aboutルール除外: 雑史
https://jpsearch.go.jp/data/dignl-13385527,譜伝実録 [6],雑史,Aboutルール除外: 雑史
https://jpsearch.go.jp/data/dignl-13385530,譜伝実録 [5],雑史,Aboutルール除外: 雑史
https://jpsearch.go.jp/data/dignl-13385639,譜伝実録 [8],雑史,Aboutルール除外: 雑史
https://jpsearch.go.jp/data/dignl-13385641,譜伝実録 [7],雑史,Aboutルール除外: 雑史
https://jpsearch.go.jp/data/dignl-13385646,譜伝実録 [9],雑史,Aboutルール除外: 雑史
https://jpsearch.go.jp/data/dignl-13386487,鵰尾図譜,弓術,Aboutルール除外: 弓術
https://jpsearch.go.jp/data/dignl-13387052,活語断続譜,文法,Aboutルール除外: 文法
https://jpsearch.go.jp/data/dignl-13387353,素絢画譜草花之部 3巻,絵画,Aboutルール除外: 絵画
https://jpsearch.go.jp/data/dignl-13391934,譜伝実録 [2],雑史,Aboutルール除外: 雑史
https://jpsearch.go.jp/data/dignl-13391936,譜伝実録 [1],雑史,Aboutルール除外: 雑史
https://jpsearch.go.jp/data/dignl-13392198,甲斐歴代譜,系譜,Aboutルール除外: 系譜
https://jpsearch.go.jp/data/dignl-13393035,譜伝実録 [18],雑史,Aboutルール除外: 雑史
https://jpsearch.go.jp/data/dignl-13393310,御系譜参考 8巻 [4],系譜,Aboutルール除外: 系譜
https://jpsearch.go.jp/data/dignl-13393311,御系譜参考 8巻 [3],系譜,Aboutルール除外: 系譜
https://jpsearch.go.jp/data/dignl-13393312,御系譜参考 8巻 [2],系譜,Aboutルール除外: 系譜
https://jpsearch.go.jp/data/dignl-13393313,御系譜参考 8巻 [5],系譜,Aboutルール除外: 系譜
https://jpsearch.go.jp/data/dignl-13393597,御系譜参考 8巻 [1],系譜,Aboutルール除外: 系譜
https://jpsearch.go.jp/data/dignl-13393598,御系譜参考 8巻 [8],系譜,Aboutルール除外: 系譜
https://jpsearch.go.jp/data/dignl-13393600,御系譜参考 8巻 [7],系譜,Aboutルール除外: 系譜
https://jpsearch.go.jp/data/dignl-13393601,御系譜参考 8巻 [6],系譜,Aboutルール除外: 系譜
https://jpsearch.go.jp/data/dignl-13393894,土佐国群書類従 系譜38中-下,記録,Aboutルール除外: 記録
https://jpsearch.go.jp/data/dignl-13393896,土佐国群書類従 系譜37-38上,記録,Aboutルール除外: 記録
https://jpsearch.go.jp/data/dignl-13393897,土佐国群書類従 系譜39下-40,記録,Aboutルール除外: 記録
https://jpsearch.go.jp/data/dignl-13393901,土佐国群書類従 系譜39上-中,記録,Aboutルール除外: 記録
https://jpsearch.go.jp/data/dignl-13393902,鈴木叢書 13-14,伝記,Aboutルール除外: 伝記
https://jpsearch.go.jp/data/dignl-13393923,土佐国群書類従 系譜35,系譜,Aboutルール除外: 系譜
https://jpsearch.go.jp/data/dignl-13393927,土佐国群書類従 系譜34,系譜,Aboutルール除外: 系譜
https://jpsearch.go.jp/data/dignl-13394130,土佐国群書類従 主家32下- 系譜33,年譜,Aboutルール除外: 年譜
https://jpsearch.go.jp/data/dignl-13394167,土佐国群書類従 系譜36,家伝,Aboutルール除外: 家伝
https://jpsearch.go.jp/data/dignl-13588508,素絢画譜 [5],絵画,Aboutルール除外: 絵画
https://jpsearch.go.jp/data/dignl-13588550,蟹譜 2巻 [1],動物,Aboutルール除外: 動物
https://jpsearch.go.jp/data/dignl-13588642,素絢画譜 [6],絵画,Aboutルール除外: 絵画
https://jpsearch.go.jp/data/dignl-13588644,素絢画譜 [4],絵画,Aboutルール除外: 絵画
https://jpsearch.go.jp/data/dignl-13588645,素絢画譜 [1],絵画,Aboutルール除外: 絵画
https://jpsearch.go.jp/data/dignl-13589285,素絢画譜 [3],絵画,Aboutルール除外: 絵画
https://jpsearch.go.jp/data/dignl-13589385,素絢画譜 [2],絵画,Aboutルール除外: 絵画
https://jpsearch.go.jp/data/dignl-13589388,蟹譜 2巻 [2],動物,Aboutルール除外: 動物
https://jpsearch.go.jp/data/dignl-13589468,抱一画譜,絵画,Aboutルール除外: 絵画
https://jpsearch.go.jp/data/dignl-13706503,群桜花譜 [1],植物,Aboutルール除外: 植物
https://jpsearch.go.jp/data/dignl-13706504,群桜花譜 [2],植物,Aboutルール除外: 植物
https://jpsearch.go.jp/data/dignl-13706505,群桜花譜 [3],桜,Aboutルール除外: 桜
https://jpsearch.go.jp/data/dignl-13706506,群桜花譜 [4],植物,Aboutルール除外: 植物
https://jpsearch.go.jp/data/dignl-14118292,詩鈔印譜,漢詩,Aboutルール除外: 漢詩
https://jpsearch.go.jp/data/dignl-14120017,詩牌譜,漢詩,Aboutルール除外: 漢詩
https://jpsearch.go.jp/data/dignl-14122486,近代押譜序草稿,花押,Aboutルール除外: 花押
https://jpsearch.go.jp/data/dignl-14207764,"読耕先生全集 文集20巻, 詩集20巻, 外集20巻, 年譜1巻 [1]",漢詩,Aboutルール除外: 漢詩
https://jpsearch.go.jp/data/dignl-14207765,"読耕先生全集 文集20巻, 詩集20巻, 外集20巻, 年譜1巻 [2]",漢詩,Aboutルール除外: 漢詩
https://jpsearch.go.jp/data/dignl-14207766,"読耕先生全集 文集20巻, 詩集20巻, 外集20巻, 年譜1巻 [3]",漢詩,Aboutルール除外: 漢詩
https://jpsearch.go.jp/data/dignl-14207767,"読耕先生全集 文集20巻, 詩集20巻, 外集20巻, 年譜1巻 [4]",漢詩,Aboutルール除外: 漢詩
https://jpsearch.go.jp/data/dignl-14207768,"読耕先生全集 文集20巻, 詩集20巻, 外集20巻, 年譜1巻 [5]",漢詩,Aboutルール除外: 漢詩
https://jpsearch.go.jp/data/dignl-14207769,"読耕先生全集 文集20巻, 詩集20巻, 外集20巻, 年譜1巻 [6]",漢詩,Aboutルール除外: 漢詩
https://jpsearch.go.jp/data/dignl-14207770,"読耕先生全集 文集20巻, 詩集20巻, 外集20巻, 年譜1巻 [7]",漢詩,Aboutルール除外: 漢詩
https://jpsearch.go.jp/data/dignl-14207771,"読耕先生全集 文集20巻, 詩集20巻, 外集20巻, 年譜1巻 [8]",漢詩,Aboutルール除外: 漢詩
https://jpsearch.go.jp/data/dignl-14207772,"読耕先生全集 文集20巻, 詩集20巻, 外集20巻, 年譜1巻 [9]",漢詩,Aboutルール除外: 漢詩
https://jpsearch.go.jp/data/dignl-14207773,"読耕先生全集 文集20巻, 詩集20巻, 外集20巻, 年譜1巻 [10]",漢詩,Aboutルール除外: 漢詩
https://jpsearch.go.jp/data/dignl-14207774,"読耕先生全集 文集20巻, 詩集20巻, 外集20巻, 年譜1巻 [11]",漢詩,Aboutルール除外: 漢詩
https://jpsearch.go.jp/data/dignl-14207775,"読耕先生全集 文集20巻, 詩集20巻, 外集20巻, 年譜1巻 [12]",漢詩,Aboutルール除外: 漢詩
https://jpsearch.go.jp/data/dignl-14207776,"読耕先生全集 文集20巻, 詩集20巻, 外集20巻, 年譜1巻 [13]",漢詩,Aboutルール除外: 漢詩
https://jpsearch.go.jp/data/dignl-14207777,"読耕先生全集 文集20巻, 詩集20巻, 外集20巻, 年譜1巻 [14]",漢詩,Aboutルール除外: 漢詩
https://jpsearch.go.jp/data/dignl-14207778,"読耕先生全集 文集20巻, 詩集20巻, 外集20巻, 年譜1巻 [15]",漢詩,Aboutルール除外: 漢詩
https://jpsearch.go.jp/data/dignl-14207779,"読耕先生全集 文集20巻, 詩集20巻, 外集20巻, 年譜1巻 [16]",漢詩,Aboutルール除外: 漢詩
https://jpsearch.go.jp/data/dignl-14207780,"読耕先生全集 文集20巻, 詩集20巻, 外集20巻, 年譜1巻 [17]",漢詩,Aboutルール除外: 漢詩
https://jpsearch.go.jp/data/dignl-14207781,"読耕先生全集 文集20巻, 詩集20巻, 外集20巻, 年譜1巻 [18]",漢詩,Aboutルール除外: 漢詩
https://jpsearch.go.jp/data/dignl-14207782,"読耕先生全集 文集20巻, 詩集20巻, 外集20巻, 年譜1巻 [19]",漢詩,Aboutルール除外: 漢詩
https://jpsearch.go.jp/data/dignl-14207783,"読耕先生全集 文集20巻, 詩集20巻, 外集20巻, 年譜1巻 [20]",漢詩,Aboutルール除外: 漢詩
https://jpsearch.go.jp/data/dignl-14207784,"読耕先生全集 文集20巻, 詩集20巻, 外集20巻, 年譜1巻 [21]",漢詩,Aboutルール除外: 漢詩
https://jpsearch.go.jp/data/dignl-14207785,"読耕先生全集 文集20巻, 詩集20巻, 外集20巻, 年譜1巻 [22]",漢詩,Aboutルール除外: 漢詩
https://jpsearch.go.jp/data/dignl-14207786,"読耕先生全集 文集20巻, 詩集20巻, 外集20巻, 年譜1巻 [23]",漢詩,Aboutルール除外: 漢詩
https://jpsearch.go.jp/data/dignl-14207787,"読耕先生全集 文集20巻, 詩集20巻, 外集20巻, 年譜1巻 [24]",漢詩,Aboutルール除外: 漢詩
https://jpsearch.go.jp/data/dignl-14207788,"読耕先生全集 文集20巻, 詩集20巻, 外集20巻, 年譜1巻 [25]",漢詩,Aboutルール除外: 漢詩
https://jpsearch.go.jp/data/dignl-14207789,"読耕先生全集 文集20巻, 詩集20巻, 外集20巻, 年譜1巻 [26]",漢詩,Aboutルール除外: 漢詩
https://jpsearch.go.jp/data/dignl-14207790,"読耕先生全集 文集20巻, 詩集20巻, 外集20巻, 年譜1巻 [27]",漢詩,Aboutルール除外: 漢詩
https://jpsearch.go.jp/data/dignl-14207791,"読耕先生全集 文集20巻, 詩集20巻, 外集20巻, 年譜1巻 [28]",漢詩,Aboutルール除外: 漢詩
https://jpsearch.go.jp/data/dignl-14207792,"読耕先生全集 文集20巻, 詩集20巻, 外集20巻, 年譜1巻 [29]",漢詩,Aboutルール除外: 漢詩
https://jpsearch.go.jp/data/dignl-14207793,"読耕先生全集 文集20巻, 詩集20巻, 外集20巻, 年譜1巻 [30]",漢詩,Aboutルール除外: 漢詩
https://jpsearch.go.jp/data/dignl-14208328,改正增補諸家知譜拙記 5巻 [1],系譜,Aboutルール除外: 系譜
https://jpsearch.go.jp/data/dignl-14208329,改正增補諸家知譜拙記 5巻 [2],系譜,Aboutルール除外: 系譜
https://jpsearch.go.jp/data/dignl-14208775,鶯邨譜畫,絵画,Aboutルール除外: 絵画
https://jpsearch.go.jp/data/dignl-14487185,算家譜略,和算,Aboutルール除外: 和算
https://jpsearch.go.jp/data/dignl-14487526,東音譜 [1],語学,Aboutルール除外: 語学
https://jpsearch.go.jp/data/dignl-14487527,東音譜 [2],語学,Aboutルール除外: 語学
https://jpsearch.go.jp/data/dignl-14487528,東音譜 [3],語学,Aboutルール除外: 語学
https://jpsearch.go.jp/data/dignl-14487529,東音譜 [4],語学,Aboutルール除外: 語学
https://jpsearch.go.jp/data/dignl-14487530,東音譜 [5],語学,Aboutルール除外: 語学
https://jpsearch.go.jp/data/dignl-14487531,東音譜 [6],語学,Aboutルール除外: 語学
https://jpsearch.go.jp/data/dignl-14487705,武衛氏家譜,系譜,Aboutルール除外: 系譜
https://jpsearch.go.jp/data/dignl-14670951,医譜 : 3巻,医学,Aboutルール除外: 医学
https://jpsearch.go.jp/data/dignl-14671510,鵞峰全集 [詩集 自叙譜略],漢詩,Aboutルール除外: 漢詩
https://jpsearch.go.jp/data/dignl-14672539,中国譜志 一之上,物産,Aboutルール除外: 物産
https://jpsearch.go.jp/data/dignl-14672540,中国譜志 一之下,物産,Aboutルール除外: 物産
https://jpsearch.go.jp/data/dignl-14672541,中国譜志 二之上,物産,Aboutルール除外: 物産
https://jpsearch.go.jp/data/dignl-14672549,中国譜志 二之下,物産,Aboutルール除外: 物産
https://jpsearch.go.jp/data/dignl-14672550,中国譜志 三,物産,Aboutルール除外: 物産
https://jpsearch.go.jp/data/dignl-14672551,中国譜志 四,物産,Aboutルール除外: 物産
https://jpsearch.go.jp/data/dignl-14672633,天瓢斎書画落款譜 2巻 [1],印章,Aboutルール除外: 印章
https://jpsearch.go.jp/data/dignl-14672634,天瓢斎書画落款譜 2巻 [2],印章,Aboutルール除外: 印章
https://jpsearch.go.jp/data/dignl-14672649,東音譜,語学,Aboutルール除外: 語学
https://jpsearch.go.jp/data/dignl-14672742,楠亭画譜 3巻,絵画,Aboutルール除外: 絵画
https://jpsearch.go.jp/data/dignl-14672940,分国石譜,岩石,Aboutルール除外: 岩石
https://jpsearch.go.jp/data/dignl-14673851,類箏治要 20巻 [1],楽譜,Aboutルール除外: 楽譜
https://jpsearch.go.jp/data/dignl-14673852,類箏治要 20巻 [2],楽譜,Aboutルール除外: 楽譜
https://jpsearch.go.jp/data/dignl-14673853,類箏治要 20巻 [3],楽譜,Aboutルール除外: 楽譜
https://jpsearch.go.jp/data/dignl-14673854,類箏治要 20巻 [4],楽譜,Aboutルール除外: 楽譜
https://jpsearch.go.jp/data/dignl-14673855,類箏治要 20巻 [5],楽譜,Aboutルール除外: 楽譜
https://jpsearch.go.jp/data/dignl-14673856,類箏治要 20巻 [6],楽譜,Aboutルール除外: 楽譜
https://jpsearch.go.jp/data/dignl-14673857,類箏治要 20巻 [7],楽譜,Aboutルール除外: 楽譜
https://jpsearch.go.jp/data/dignl-14673858,類箏治要 20巻 [8],楽譜,Aboutルール除外: 楽譜
https://jpsearch.go.jp/data/dignl-14673859,類箏治要 20巻 [9],楽譜,Aboutルール除外: 楽譜
https://jpsearch.go.jp/data/dignl-14673860,類箏治要 20巻 [10],楽譜,Aboutルール除外: 楽譜
https://jpsearch.go.jp/data/dignl-14673861,類箏治要 20巻 [11],楽譜,Aboutルール除外: 楽譜
https://jpsearch.go.jp/data/dignl-14902851,東都松葉蘭譜,植物,Aboutルール除外: 植物
https://jpsearch.go.jp/data/dignl-14902862,松葉蘭譜,園芸,Aboutルール除外: 園芸
https://jpsearch.go.jp/data/dignl-14903126,蕭山趙氏家譜10卷首1卷 [1],史部_傳記類_家乘之屬,Aboutルール除外: 史部_傳記類_家乘之屬
https://jpsearch.go.jp/data/dignl-14903127,蕭山趙氏家譜10卷首1卷 [2],史部_傳記類_家乘之屬,Aboutルール除外: 史部_傳記類_家乘之屬
https://jpsearch.go.jp/data/dignl-14903128,蕭山趙氏家譜10卷首1卷 [3],史部_傳記類_家乘之屬,Aboutルール除外: 史部_傳記類_家乘之屬
https://jpsearch.go.jp/data/dignl-14903129,蕭山趙氏家譜10卷首1卷 [4],史部_傳記類_家乘之屬,Aboutルール除外: 史部_傳記類_家乘之屬
https://jpsearch.go.jp/data/dignl-14903130,蕭山趙氏家譜10卷首1卷 [5],史部_傳記類_家乘之屬,Aboutルール除外: 史部_傳記類_家乘之屬
https://jpsearch.go.jp/data/dignl-14903131,蕭山趙氏家譜10卷首1卷 [6],史部_傳記類_家乘之屬,Aboutルール除外: 史部_傳記類_家乘之屬
https://jpsearch.go.jp/data/dignl-14947461,駿河国志 : 8巻,静岡県_地誌,Aboutルール除外: 静岡県_地誌
https://jpsearch.go.jp/data/dignl-14949787,塩松勝譜 [1],地誌,Aboutルール除外: 地誌
https://jpsearch.go.jp/data/dignl-14949788,塩松勝譜 [2],地誌,Aboutルール除外: 地誌
https://jpsearch.go.jp/data/dignl-14949789,塩松勝譜 [3],地誌,Aboutルール除外: 地誌
https://jpsearch.go.jp/data/dignl-14949790,塩松勝譜 [4],地誌,Aboutルール除外: 地誌
https://jpsearch.go.jp/data/dignl-2533709,園籬圖譜,庭園,Aboutルール除外: 庭園
https://jpsearch.go.jp/data/dignl-2535916,"本草図譜 巻50,52",本草,Aboutルール除外: 本草
https://jpsearch.go.jp/data/dignl-2536725,萬象寫眞圖譜,絵画,Aboutルール除外: 絵画
https://jpsearch.go.jp/data/dignl-2537161,大窪蟲譜 乾,動物,Aboutルール除外: 動物
https://jpsearch.go.jp/data/dignl-2537264,栗氏禽譜,動物,Aboutルール除外: 動物
https://jpsearch.go.jp/data/dignl-2538488,荘蝶庵訂正字母源流諺解,楽譜,Aboutルール除外: 楽譜
https://jpsearch.go.jp/data/dignl-2538489,参考詳明字母,漢学,Aboutルール除外: 漢学
https://jpsearch.go.jp/data/dignl-2538967,山陽印譜,印章,Aboutルール除外: 印章
https://jpsearch.go.jp/data/dignl-2539816,諸勝名所譜,地誌,Aboutルール除外: 地誌
https://jpsearch.go.jp/data/dignl-2541193,日本諸州薬譜,薬物,Aboutルール除外: 薬物
https://jpsearch.go.jp/data/dignl-2541238,草花譜,本草,Aboutルール除外: 本草
https://jpsearch.go.jp/data/dignl-2541290,櫻花譜,植物,Aboutルール除外: 植物
https://jpsearch.go.jp/data/dignl-2542559,鶯邨畫譜,絵画,Aboutルール除外: 絵画
https://jpsearch.go.jp/data/dignl-2552972,本朝尊卑分脈 10巻 [1],系譜,Aboutルール除外: 系譜
https://jpsearch.go.jp/data/dignl-2552973,本朝尊卑分脈 10巻 [2],系譜,Aboutルール除外: 系譜
https://jpsearch.go.jp/data/dignl-2552974,本朝尊卑分脈 10巻 [3],系譜,Aboutルール除外: 系譜
https://jpsearch.go.jp/data/dignl-2552975,本朝尊卑分脈 10巻 [4],系譜,Aboutルール除外: 系譜
https://jpsearch.go.jp/data/dignl-2552976,本朝尊卑分脈 10巻 [5],系譜,Aboutルール除外: 系譜
https://jpsearch.go.jp/data/dignl-2552977,本朝尊卑分脈 10巻 [6],系譜,Aboutルール除外: 系譜
https://jpsearch.go.jp/data/dignl-2552978,本朝尊卑分脈 10巻 [7],系譜,Aboutルール除外: 系譜
https://jpsearch.go.jp/data/dignl-2552979,本朝尊卑分脈 10巻 [8],系譜,Aboutルール除外: 系譜
https://jpsearch.go.jp/data/dignl-2552980,本朝尊卑分脈 10巻 [9],系譜,Aboutルール除外: 系譜
https://jpsearch.go.jp/data/dignl-2552981,本朝尊卑分脈 10巻 [10],系譜,Aboutルール除外: 系譜
https://jpsearch.go.jp/data/dignl-2553017,草木花実写真図譜 2巻 [1],本草,Aboutルール除外: 本草
https://jpsearch.go.jp/data/dignl-2553018,草木花実写真図譜 2巻 [2],本草,Aboutルール除外: 本草
https://jpsearch.go.jp/data/dignl-2553019,草木花実写真図譜 2巻 [3],本草,Aboutルール除外: 本草
https://jpsearch.go.jp/data/dignl-2553020,草木花実写真図譜 2巻 [4],本草,Aboutルール除外: 本草
https://jpsearch.go.jp/data/dignl-2554322,英一蝶画譜 3巻 [1],絵画,Aboutルール除外: 絵画
https://jpsearch.go.jp/data/dignl-2554323,英一蝶画譜 3巻 [2],絵画,Aboutルール除外: 絵画
https://jpsearch.go.jp/data/dignl-2554324,英一蝶画譜 3巻 [3],絵画,Aboutルール除外: 絵画
https://jpsearch.go.jp/data/dignl-2555864,坂本浩然菌譜 前編2巻後編2巻 [1],本草,Aboutルール除外: 本草
https://jpsearch.go.jp/data/dignl-2555865,坂本浩然菌譜 前編2巻後編2巻 [2],本草,Aboutルール除外: 本草
https://jpsearch.go.jp/data/dignl-2558147,大窪蟲譜 2巻 [1],動物,Aboutルール除外: 動物
https://jpsearch.go.jp/data/dignl-2558148,大窪蟲譜 2巻 [2],動物,Aboutルール除外: 動物
https://jpsearch.go.jp/data/dignl-2576061,千蟲譜 3巻 [1],動物,Aboutルール除外: 動物
https://jpsearch.go.jp/data/dignl-2576062,千蟲譜 3巻 [2],動物,Aboutルール除外: 動物
https://jpsearch.go.jp/data/dignl-2576063,千蟲譜 3巻 [3],動物,Aboutルール除外: 動物
https://jpsearch.go.jp/data/dignl-2578093,官材画譜 [1],林業,Aboutルール除外: 林業
https://jpsearch.go.jp/data/dignl-2578094,官材画譜 [2],林業,Aboutルール除外: 林業
https://jpsearch.go.jp/data/dignl-8929676,魚貝略画式,魚介,Aboutルール除外: 魚介
https://jpsearch.go.jp/data/dignl-9892480,鶉の白拍子 : 2巻,黄表紙,Aboutルール除外: 黄表紙
https://jpsearch.go.jp/data/dignl-9892610,無間鐘梅枝伝譜 : 3巻,黄表紙,Aboutルール除外: 黄表紙
https://jpsearch.go.jp/data/dignl-9893260,産物写生,植物,Aboutルール除外: 植物
https://jpsearch.go.jp/data/dignl-9893668,[百花鳥譜抜書き] 1,本草,Aboutルール除外: 本草
https://jpsearch.go.jp/data/dignl-9893669,[百花鳥譜抜書き] 2,本草,Aboutルール除外: 本草
https://jpsearch.go.jp/data/gakugei_archive-TKGK_00057,"唐詩選画本, 三編5巻",漢詩,Aboutルール除外: 漢詩
https://jpsearch.go.jp/data/ibaraki-R000000034_I000000295_00,明珍歴代族譜,歴史,Aboutルール除外: 歴史
https://jpsearch.go.jp/data/ishikawa-httpsR2dTxASQEndlsearch_ndl_go_jpAXObooksAXOR100000133_IorgnB001000153,公譜要略,系譜,Aboutルール除外: 系譜
https://jpsearch.go.jp/data/ishikawa-httpsR2dTxASQEndlsearch_ndl_go_jpAXObooksAXOR100000133_IorgnB001035606,草木性譜,本草,Aboutルール除外: 本草
https://jpsearch.go.jp/data/ishikawa-httpsR2dTxASQEndlsearch_ndl_go_jpAXObooksAXOR100000133_IorgnB001035607,草木性譜,本草,Aboutルール除外: 本草
https://jpsearch.go.jp/data/ishikawa-httpsR2dTxASQEndlsearch_ndl_go_jpAXObooksAXOR100000133_IorgnB001035608,草木性譜,本草,Aboutルール除外: 本草
https://jpsearch.go.jp/data/ishikawa-httpsR2dTxASQEndlsearch_ndl_go_jpAXObooksAXOR100000133_IorgnB002429533,本多家系譜草稿,系譜,Aboutルール除外: 系譜
https://jpsearch.go.jp/data/ishikawa-httpsR2dTxASQEndlsearch_ndl_go_jpAXObooksAXOR100000133_IorgnB104414162,印譜弁妄,印譜,Aboutルール除外: 印譜
https://jpsearch.go.jp/data/ishikawa-httpsR2dTxASQEndlsearch_ndl_go_jpAXObooksAXOR100000133_IorgnB108593403,勢免天話草 [1-1]御譜代大名 御旗本 御家人,伝記-日本,Aboutルール除外: 伝記-日本
https://jpsearch.go.jp/data/ishikawa-httpsR2dTxASQEndlsearch_ndl_go_jpAXObooksAXOR100000133_IorgnB108593405,勢免天話草 [1-3]御譜代陪臣 外様陪臣 百姓 町人,伝記-日本,Aboutルール除外: 伝記-日本
https://jpsearch.go.jp/data/ishikawa-httpsR2dTxASQEndlsearch_ndl_go_jpAXObooksAXOR100000133_IorgnB108593408,勢免天話草 [2-3]外様大名 御譜代陪臣 外様陪臣 百姓 町人,伝記-日本,Aboutルール除外: 伝記-日本
https://jpsearch.go.jp/data/ishikawa-httpsR2dTxASQEndlsearch_ndl_go_jpAXObooksAXOR100000133_IorgnB111617086,天竜開山夢〓正覚心宗普済国師年譜,臨済,Aboutルール除外: 臨済
https://jpsearch.go.jp/data/ishikawa-httpsR2dTxASQEndlsearch_ndl_go_jpAXObooksAXOR100000133_IorgnB111617153,永福面山和尚広録 26 年譜,仏教,Aboutルール除外: 仏教
https://jpsearch.go.jp/data/ishikawa-httpsR2dTxASQEndlsearch_ndl_go_jpAXObooksAXOR100000133_IorgnB201000014,私輯（前田家々家譜）,藩主,Aboutルール除外: 藩主
https://jpsearch.go.jp/data/ishikawa-httpsR2dTxASQEndlsearch_ndl_go_jpAXObooksAXOR100000133_IorgnB201000016,〔前田家三代系譜〕,藩主,Aboutルール除外: 藩主
https://jpsearch.go.jp/data/ishikawa-httpsR2dTxASQEndlsearch_ndl_go_jpAXObooksAXOR100000133_IorgnB201000037,諸士系譜,由緒・系譜,Aboutルール除外: 由緒・系譜
https://jpsearch.go.jp/data/ishikawa-httpsR2dTxASQEndlsearch_ndl_go_jpAXObooksAXOR100000133_IorgnB201000039,自延宝八至天和二初而被仰付諸役頭譜,藩士,Aboutルール除外: 藩士
https://jpsearch.go.jp/data/ishikawa-httpsR2dTxASQEndlsearch_ndl_go_jpAXObooksAXOR100000133_IorgnB201000180,国家金銀銭譜　自全,洋貨図録_調査・出版資料,Aboutルール除外: 洋貨図録_調査・出版資料
https://jpsearch.go.jp/data/ishikawa-httpsR2dTxASQEndlsearch_ndl_go_jpAXObooksAXOR100000133_IorgnB201000192,西洋銭譜　全,洋貨図録_調査・出版資料,Aboutルール除外: 洋貨図録_調査・出版資料
https://jpsearch.go.jp/data/ishikawa-httpsR2dTxASQEndlsearch_ndl_go_jpAXObooksAXOR100000133_IorgnB201000193,金譜　全,洋貨図録_調査・出版資料,Aboutルール除外: 洋貨図録_調査・出版資料
https://jpsearch.go.jp/data/ishikawa-httpsR2dTxASQEndlsearch_ndl_go_jpAXObooksAXOR100000133_IorgnB201000194,金譜続編　全,洋貨図録_調査・出版資料,Aboutルール除外: 洋貨図録_調査・出版資料
https://jpsearch.go.jp/data/ishikawa-httpsR2dTxASQEndlsearch_ndl_go_jpAXObooksAXOR100000133_IorgnB201000213,海外貨幣小譜　二編巻一,洋貨図録_調査・出版資料,Aboutルール除外: 洋貨図録_調査・出版資料
https://jpsearch.go.jp/data/ishikawa-httpsR2dTxASQEndlsearch_ndl_go_jpAXObooksAXOR100000133_IorgnB201000658,甲陽軍鑑合戦之巻略譜　第一～四,学芸,Aboutルール除外: 学芸
https://jpsearch.go.jp/data/ishikawa-httpsR2dTxASQEndlsearch_ndl_go_jpAXObooksAXOR100000133_IorgnB201000745,鷺乱唱歌,学芸,Aboutルール除外: 学芸
https://jpsearch.go.jp/data/ishikawa-httpsR2dTxASQEndlsearch_ndl_go_jpAXObooksAXOR100000133_IorgnB201000751,乱唱歌　一増流,学芸,Aboutルール除外: 学芸
https://jpsearch.go.jp/data/ishikawa-httpsR2dTxASQEndlsearch_ndl_go_jpAXObooksAXOR100000133_IorgnB201000759,金春流太鼓地配り等唱歌百首,学芸,Aboutルール除外: 学芸
https://jpsearch.go.jp/data/ishikawa-httpsR2dTxASQEndlsearch_ndl_go_jpAXObooksAXOR100000133_IorgnB201000762,〔謡曲拍子付〕,学芸,Aboutルール除外: 学芸
https://jpsearch.go.jp/data/ishikawa-httpsR2dTxASQEndlsearch_ndl_go_jpAXObooksAXOR100000133_IorgnB204000041,河内山家家譜（錯簡）,系図,Aboutルール除外: 系図
https://jpsearch.go.jp/data/ishikawa-httpsR2dTxASQEndlsearch_ndl_go_jpAXObooksAXOR100000133_IorgnB204000043,村井長忠家家譜,系図,Aboutルール除外: 系図
https://jpsearch.go.jp/data/ishikawa-httpsR2dTxASQEndlsearch_ndl_go_jpAXObooksAXOR100000133_IorgnB204000103,草筆画譜,学芸関係,Aboutルール除外: 学芸関係
https://jpsearch.go.jp/data/ishikawa-httpsR2dTxASQEndlsearch_ndl_go_jpAXObooksAXOR100000133_IorgnB204000110,無拍子流立合之巻免許状（前・後欠）,学芸関係,Aboutルール除外: 学芸関係
https://jpsearch.go.jp/data/ishikawa-httpsR2dTxASQEndlsearch_ndl_go_jpAXObooksAXOR100000133_IorgnB204000111,無拍子流和席免許状（後欠）,学芸関係,Aboutルール除外: 学芸関係
https://jpsearch.go.jp/data/ishikawa-httpsR2dTxASQEndlsearch_ndl_go_jpAXObooksAXOR100000133_IorgnB204000115,無拍子流居捕之巻免許状（前・後欠）,学芸関係,Aboutルール除外: 学芸関係
https://jpsearch.go.jp/data/ishikawa-httpsR2dTxASQEndlsearch_ndl_go_jpAXObooksAXOR100000133_IorgnB204000123,刀工家譜等書上写,学芸関係,Aboutルール除外: 学芸関係
https://jpsearch.go.jp/data/ishikawa-httpsR2dTxASQEndlsearch_ndl_go_jpAXObooksAXOR100000133_IorgnB305000548,御蔵・橋等修●の自譜請につき内意伺,租税,Aboutルール除外: 租税
https://jpsearch.go.jp/data/ishikawa-httpsR2dTxASQEndlsearch_ndl_go_jpAXObooksAXOR100000133_IorgnB305000554,御収納御蔵等修●五ヶ年間自譜請に付御林山の松木拝領願,租税,Aboutルール除外: 租税
https://jpsearch.go.jp/data/ishikawa-httpsR2dTxASQEndlsearch_ndl_go_jpAXObooksAXOR100000133_IorgnB402000176,尊藩譜牒,武家文書,Aboutルール除外: 武家文書
https://jpsearch.go.jp/data/ishikawa-httpsR2dTxASQEndlsearch_ndl_go_jpAXObooksAXOR100000133_IorgnB402001309,辻氏歴代譜,記録,Aboutルール除外: 記録
https://jpsearch.go.jp/data/ishikawa-httpsR2dTxASQEndlsearch_ndl_go_jpAXObooksAXOR100000133_IorgnB999000169,［進軍命令につき徳川秀忠書状］　横山氏家譜,関ヶ原の戦い,Aboutルール除外: 関ヶ原の戦い
https://jpsearch.go.jp/data/ishikawa-httpsR2dTxASQEndlsearch_ndl_go_jpAXObooksAXOR100000133_IorgnB999000180,［和睦祝着につき徳川家康書状］　丹羽家年譜,関ヶ原の戦い,Aboutルール除外: 関ヶ原の戦い
https://jpsearch.go.jp/data/ishikawa-httpsR2dTxASQEndlsearch_ndl_go_jpAXObooksAXOR100000133_IorgnB999000181,［徳川家康動向につき西尾隠岐守書状］　丹羽家年譜,関ヶ原の戦い,Aboutルール除外: 関ヶ原の戦い
https://jpsearch.go.jp/data/ishikawa-httpsR2dTxASQEndlsearch_ndl_go_jpAXObooksAXOR100000133_IorgnB999000182,［和睦斡旋につき徳川家康書状］　譜牒餘録,関ヶ原の戦い,Aboutルール除外: 関ヶ原の戦い
https://jpsearch.go.jp/data/ishikawa-httpsR2dTxASQEndlsearch_ndl_go_jpAXObooksAXOR100000133_IorgnB999000218,［本多政重への忠告依頼につき前田利常書状］　本多家譜,本多政重再仕,Aboutルール除外: 本多政重再仕
https://jpsearch.go.jp/data/ishikawa-httpsR2dTxASQEndlsearch_ndl_go_jpAXObooksAXOR100000133_IorgnB999000219,［本多政重への忠告依頼につき前田利常書状］　本多家譜,本多政重再仕,Aboutルール除外: 本多政重再仕
https://jpsearch.go.jp/data/ishikawa-httpsR2dTxASQEndlsearch_ndl_go_jpAXObooksAXOR100000133_IorgnB999000382,[前田慶寧へ伏見辺守備仰付]　本藩歴譜書継留,元治の変,Aboutルール除外: 元治の変
https://jpsearch.go.jp/data/ishikawa-httpsR2dTxASQEndlsearch_ndl_go_jpAXObooksAXOR100000133_IorgnB999000383,[前田慶寧へ御所辺警備仰付]　本藩歴譜書継留,元治の変,Aboutルール除外: 元治の変
https://jpsearch.go.jp/data/ishikawa-httpsR2dTxASQEndlsearch_ndl_go_jpAXObooksAXOR100000133_IorgnB999000385,[前田慶寧へ伏見出張仰付]　本藩歴譜書継留,元治の変,Aboutルール除外: 元治の変
https://jpsearch.go.jp/data/ishikawa-httpsR2dTxASQEndlsearch_ndl_go_jpAXObooksAXOR100000133_IorgnB999000411,長連恭宛前田齊泰書翰　長氏家譜,長州征伐,Aboutルール除外: 長州征伐
https://jpsearch.go.jp/data/ishikawa-httpsR2dTxASQEndlsearch_ndl_go_jpAXObooksAXOR100000133_IorgnB999000412,[徳川慶勝書状]（長州藩降伏につき）　長氏家譜,長州征伐,Aboutルール除外: 長州征伐
https://jpsearch.go.jp/data/ishikawa-httpsR2dTxASQEndlsearch_ndl_go_jpAXObooksAXOR100000133_IorgnB999000413,長州出兵褒賞につき[山崎永成ら連署状]　長氏家譜,長州征伐,Aboutルール除外: 長州征伐
https://jpsearch.go.jp/data/ishikawa-httpsR2dTxASQEndlsearch_ndl_go_jpAXObooksAXOR100000133_IorgnB999000438,[軍制改革につき告諭]　続本朝歴譜,軍制改革,Aboutルール除外: 軍制改革
https://jpsearch.go.jp/data/ishikawa-httpsR2dTxASQEndlsearch_ndl_go_jpAXObooksAXOR100000133_IorgnB999000448,[王政復古につき前田慶寧告諭]　続本藩歴譜,戊辰戦争,Aboutルール除外: 戊辰戦争
https://jpsearch.go.jp/data/ishikawa-httpsR2dTxASQEndlsearch_ndl_go_jpAXObooksAXOR100000133_IorgnB999000528,[陪臣待遇改定]　長氏家譜,兵制改革,Aboutルール除外: 兵制改革
https://jpsearch.go.jp/data/ishikawa-httpsR2dTxASQEndlsearch_ndl_go_jpAXObooksAXOR100000133_IorgnB999000536,[廃藩置県につき前田慶寧上書]　続本藩歴譜,廃藩置県,Aboutルール除外: 廃藩置県
https://jpsearch.go.jp/data/ishikawa-httpsR2dTxASQEndlsearch_ndl_go_jpAXObooksAXOR100000133_IorgnB999000974,［進軍命令につき徳川秀忠書状］　横山氏家譜,関ヶ原の戦い,Aboutルール除外: 関ヶ原の戦い
https://jpsearch.go.jp/data/ishikawa-httpsR2dTxASQEndlsearch_ndl_go_jpAXObooksAXOR100000133_IorgnB999000985,［和睦祝着につき徳川家康書状］　丹羽家年譜,関ヶ原の戦い,Aboutルール除外: 関ヶ原の戦い
https://jpsearch.go.jp/data/ishikawa-httpsR2dTxASQEndlsearch_ndl_go_jpAXObooksAXOR100000133_IorgnB999000986,［徳川家康動向につき西尾隠岐守書状］　丹羽家年譜,関ヶ原の戦い,Aboutルール除外: 関ヶ原の戦い
https://jpsearch.go.jp/data/ishikawa-httpsR2dTxASQEndlsearch_ndl_go_jpAXObooksAXOR100000133_IorgnB999000987,［和睦斡旋につき徳川家康書状］　譜牒餘録,関ヶ原の戦い,Aboutルール除外: 関ヶ原の戦い
https://jpsearch.go.jp/data/ishikawa-httpsR2dTxASQEndlsearch_ndl_go_jpAXObooksAXOR100000133_IorgnB999001023,［本多政重への忠告依頼につき前田利常書状］　本多家譜,本多政重再仕,Aboutルール除外: 本多政重再仕
https://jpsearch.go.jp/data/ishikawa-httpsR2dTxASQEndlsearch_ndl_go_jpAXObooksAXOR100000133_IorgnB999001024,［本多政重への忠告依頼につき前田利常書状］　本多家譜,本多政重再仕,Aboutルール除外: 本多政重再仕
https://jpsearch.go.jp/data/ishikawa-httpsR2dTxASQEndlsearch_ndl_go_jpAXObooksAXOR100000133_IorgnB999001187,[前田慶寧へ伏見辺守備仰付]　本藩歴譜書継留,元治の変,Aboutルール除外: 元治の変
https://jpsearch.go.jp/data/ishikawa-httpsR2dTxASQEndlsearch_ndl_go_jpAXObooksAXOR100000133_IorgnB999001188,[前田慶寧へ御所辺警備仰付]　本藩歴譜書継留,元治の変,Aboutルール除外: 元治の変
https://jpsearch.go.jp/data/ishikawa-httpsR2dTxASQEndlsearch_ndl_go_jpAXObooksAXOR100000133_IorgnB999001190,[前田慶寧へ伏見出張仰付]　本藩歴譜書継留,元治の変,Aboutルール除外: 元治の変
https://jpsearch.go.jp/data/ishikawa-httpsR2dTxASQEndlsearch_ndl_go_jpAXObooksAXOR100000133_IorgnB999001216,長連恭宛前田齊泰書翰　長氏家譜,長州征伐,Aboutルール除外: 長州征伐
https://jpsearch.go.jp/data/ishikawa-httpsR2dTxASQEndlsearch_ndl_go_jpAXObooksAXOR100000133_IorgnB999001217,[徳川慶勝書状]（長州藩降伏につき）　長氏家譜,長州征伐,Aboutルール除外: 長州征伐
https://jpsearch.go.jp/data/ishikawa-httpsR2dTxASQEndlsearch_ndl_go_jpAXObooksAXOR100000133_IorgnB999001218,長州出兵褒賞につき[山崎永成ら連署状]　長氏家譜,長州征伐,Aboutルール除外: 長州征伐
https://jpsearch.go.jp/data/ishikawa-httpsR2dTxASQEndlsearch_ndl_go_jpAXObooksAXOR100000133_IorgnB999001243,[軍制改革につき告諭]　続本朝歴譜,軍制改革,Aboutルール除外: 軍制改革
https://jpsearch.go.jp/data/ishikawa-httpsR2dTxASQEndlsearch_ndl_go_jpAXObooksAXOR100000133_IorgnB999001253,[王政復古につき前田慶寧告諭]　続本藩歴譜,戊辰戦争,Aboutルール除外: 戊辰戦争
https://jpsearch.go.jp/data/ishikawa-httpsR2dTxASQEndlsearch_ndl_go_jpAXObooksAXOR100000133_IorgnB999001333,[陪臣待遇改定]　長氏家譜,兵制改革,Aboutルール除外: 兵制改革
https://jpsearch.go.jp/data/ishikawa-httpsR2dTxASQEndlsearch_ndl_go_jpAXObooksAXOR100000133_IorgnB999001341,[廃藩置県につき前田慶寧上書]　続本藩歴譜,廃藩置県,Aboutルール除外: 廃藩置県
https://jpsearch.go.jp/data/ishikawa-httpsR2dTxASQEndlsearch_ndl_go_jpAXObooksAXOR100000133_IorgnB999001726,［和睦祝着につき徳川家康書状］　［和睦祝着につき徳川家康書状］　丹羽家年譜,利長の出軍と丹羽長重,Aboutルール除外: 利長の出軍と丹羽長重
https://jpsearch.go.jp/data/ishikawa-httpsR2dTxASQEndlsearch_ndl_go_jpAXObooksAXOR100000133_IorgnB999001727,［徳川家康動向につき西尾隠岐守書状］　［徳川家康動向につき西尾隠岐守書状］　丹羽家年譜,利長の出軍と丹羽長重,Aboutルール除外: 利長の出軍と丹羽長重
https://jpsearch.go.jp/data/ishikawa-httpsR2dTxASQEndlsearch_ndl_go_jpAXObooksAXOR100000133_IorgnB999001728,［和睦斡旋につき徳川家康書状］　［和睦斡旋につき徳川家康書状］　譜牒餘録,利長の出軍と丹羽長重,Aboutルール除外: 利長の出軍と丹羽長重
https://jpsearch.go.jp/data/ishikawa-httpsR2dTxASQEndlsearch_ndl_go_jpAXObooksAXOR100000133_IorgnB999001817,≪金沢城下の火災記録≫　政鄰記及前田家譜,記録,Aboutルール除外: 記録
https://jpsearch.go.jp/data/ishikawa-httpsR2dTxASQEndlsearch_ndl_go_jpAXObooksAXOR100000133_IorgnB999002052,[前田慶寧へ伏見辺守備仰付]　[前田慶寧へ伏見辺守備仰付]　本藩歴譜書繼留,長藩の出京と加賀藩との交渉,Aboutルール除外: 長藩の出京と加賀藩との交渉
https://jpsearch.go.jp/data/ishikawa-httpsR2dTxASQEndlsearch_ndl_go_jpAXObooksAXOR100000133_IorgnB999002053,[前田慶寧へ御所辺警備仰付]　[前田慶寧へ御所辺警備仰付]　本藩歴譜書繼留,長藩の出京と加賀藩との交渉,Aboutルール除外: 長藩の出京と加賀藩との交渉
https://jpsearch.go.jp/data/ishikawa-httpsR2dTxASQEndlsearch_ndl_go_jpAXObooksAXOR100000133_IorgnB999002116,≪軍制改革のこと≫　續本藩歴譜,軍制改革,Aboutルール除外: 軍制改革
https://jpsearch.go.jp/data/ishikawa-httpsR2dTxASQEndlsearch_ndl_go_jpAXObooksAXOR100000133_IorgnB999002322,［進軍命令につき徳川秀忠書状］　横山氏家譜,関ヶ原の戦い,Aboutルール除外: 関ヶ原の戦い
https://jpsearch.go.jp/data/ishikawa-httpsR2dTxASQEndlsearch_ndl_go_jpAXObooksAXOR100000133_IorgnB999002333,［和睦祝着につき徳川家康書状］　丹羽家年譜,関ヶ原の戦い,Aboutルール除外: 関ヶ原の戦い
https://jpsearch.go.jp/data/ishikawa-httpsR2dTxASQEndlsearch_ndl_go_jpAXObooksAXOR100000133_IorgnB999002334,［徳川家康動向につき西尾隠岐守書状］　丹羽家年譜,関ヶ原の戦い,Aboutルール除外: 関ヶ原の戦い
https://jpsearch.go.jp/data/ishikawa-httpsR2dTxASQEndlsearch_ndl_go_jpAXObooksAXOR100000133_IorgnB999002335,［和睦斡旋につき徳川家康書状］　譜牒餘録,関ヶ原の戦い,Aboutルール除外: 関ヶ原の戦い
https://jpsearch.go.jp/data/ishikawa-httpsR2dTxASQEndlsearch_ndl_go_jpAXObooksAXOR100000133_IorgnB999002371,［本多政重への忠告依頼につき前田利常書状］　本多家譜,本多政重再仕,Aboutルール除外: 本多政重再仕
https://jpsearch.go.jp/data/ishikawa-httpsR2dTxASQEndlsearch_ndl_go_jpAXObooksAXOR100000133_IorgnB999002372,［本多政重への忠告依頼につき前田利常書状］　本多家譜,本多政重再仕,Aboutルール除外: 本多政重再仕
https://jpsearch.go.jp/data/ishikawa-httpsR2dTxASQEndlsearch_ndl_go_jpAXObooksAXOR100000133_IorgnB999002535,[前田慶寧へ伏見辺守備仰付]　本藩歴譜書継留,元治の変,Aboutルール除外: 元治の変
https://jpsearch.go.jp/data/ishikawa-httpsR2dTxASQEndlsearch_ndl_go_jpAXObooksAXOR100000133_IorgnB999002536,[前田慶寧へ御所辺警備仰付]　本藩歴譜書継留,元治の変,Aboutルール除外: 元治の変
https://jpsearch.go.jp/data/ishikawa-httpsR2dTxASQEndlsearch_ndl_go_jpAXObooksAXOR100000133_IorgnB999002538,[前田慶寧へ伏見出張仰付]　本藩歴譜書継留,元治の変,Aboutルール除外: 元治の変
https://jpsearch.go.jp/data/ishikawa-httpsR2dTxASQEndlsearch_ndl_go_jpAXObooksAXOR100000133_IorgnB999002564,長連恭宛前田齊泰書翰　長氏家譜,長州征伐,Aboutルール除外: 長州征伐
https://jpsearch.go.jp/data/ishikawa-httpsR2dTxASQEndlsearch_ndl_go_jpAXObooksAXOR100000133_IorgnB999002565,[徳川慶勝書状]（長州藩降伏につき）　長氏家譜,長州征伐,Aboutルール除外: 長州征伐
https://jpsearch.go.jp/data/ishikawa-httpsR2dTxASQEndlsearch_ndl_go_jpAXObooksAXOR100000133_IorgnB999002566,長州出兵褒賞につき[山崎永成ら連署状]　長氏家譜,長州征伐,Aboutルール除外: 長州征伐
https://jpsearch.go.jp/data/ishikawa-httpsR2dTxASQEndlsearch_ndl_go_jpAXObooksAXOR100000133_IorgnB999002591,[軍制改革につき告諭]　続本朝歴譜,軍制改革,Aboutルール除外: 軍制改革
https://jpsearch.go.jp/data/ishikawa-httpsR2dTxASQEndlsearch_ndl_go_jpAXObooksAXOR100000133_IorgnB999002601,[王政復古につき前田慶寧告諭]　続本藩歴譜,戊辰戦争,Aboutルール除外: 戊辰戦争
https://jpsearch.go.jp/data/ishikawa-httpsR2dTxASQEndlsearch_ndl_go_jpAXObooksAXOR100000133_IorgnB999002681,[陪臣待遇改定]　長氏家譜,兵制改革,Aboutルール除外: 兵制改革
https://jpsearch.go.jp/data/ishikawa-httpsR2dTxASQEndlsearch_ndl_go_jpAXObooksAXOR100000133_IorgnB999002689,[廃藩置県につき前田慶寧上書]　続本藩歴譜,廃藩置県,Aboutルール除外: 廃藩置県
https://jpsearch.go.jp/data/ishikawa-httpsR2dTxASQEndlsearch_ndl_go_jpAXObooksAXOR100000133_IorgnB999003122,［進軍命令につき徳川秀忠書状］　横山氏家譜,関ヶ原の戦い,Aboutルール除外: 関ヶ原の戦い
https://jpsearch.go.jp/data/ishikawa-httpsR2dTxASQEndlsearch_ndl_go_jpAXObooksAXOR100000133_IorgnB999003133,［和睦祝着につき徳川家康書状］　丹羽家年譜,関ヶ原の戦い,Aboutルール除外: 関ヶ原の戦い
https://jpsearch.go.jp/data/ishikawa-httpsR2dTxASQEndlsearch_ndl_go_jpAXObooksAXOR100000133_IorgnB999003134,［徳川家康動向につき西尾隠岐守書状］　丹羽家年譜,関ヶ原の戦い,Aboutルール除外: 関ヶ原の戦い
https://jpsearch.go.jp/data/ishikawa-httpsR2dTxASQEndlsearch_ndl_go_jpAXObooksAXOR100000133_IorgnB999003135,［和睦斡旋につき徳川家康書状］　譜牒餘録,関ヶ原の戦い,Aboutルール除外: 関ヶ原の戦い
https://jpsearch.go.jp/data/ishikawa-httpsR2dTxASQEndlsearch_ndl_go_jpAXObooksAXOR100000133_IorgnB999003171,［本多政重への忠告依頼につき前田利常書状］　本多家譜,本多政重再仕,Aboutルール除外: 本多政重再仕
https://jpsearch.go.jp/data/ishikawa-httpsR2dTxASQEndlsearch_ndl_go_jpAXObooksAXOR100000133_IorgnB999003172,［本多政重への忠告依頼につき前田利常書状］　本多家譜,本多政重再仕,Aboutルール除外: 本多政重再仕
https://jpsearch.go.jp/data/ishikawa-httpsR2dTxASQEndlsearch_ndl_go_jpAXObooksAXOR100000133_IorgnB999003335,[前田慶寧へ伏見辺守備仰付]　本藩歴譜書継留,元治の変,Aboutルール除外: 元治の変
https://jpsearch.go.jp/data/ishikawa-httpsR2dTxASQEndlsearch_ndl_go_jpAXObooksAXOR100000133_IorgnB999003336,[前田慶寧へ御所辺警備仰付]　本藩歴譜書継留,元治の変,Aboutルール除外: 元治の変
https://jpsearch.go.jp/data/ishikawa-httpsR2dTxASQEndlsearch_ndl_go_jpAXObooksAXOR100000133_IorgnB999003338,[前田慶寧へ伏見出張仰付]　本藩歴譜書継留,元治の変,Aboutルール除外: 元治の変
https://jpsearch.go.jp/data/ishikawa-httpsR2dTxASQEndlsearch_ndl_go_jpAXObooksAXOR100000133_IorgnB999003364,長連恭宛前田齊泰書翰　長氏家譜,長州征伐,Aboutルール除外: 長州征伐
https://jpsearch.go.jp/data/ishikawa-httpsR2dTxASQEndlsearch_ndl_go_jpAXObooksAXOR100000133_IorgnB999003365,[徳川慶勝書状]（長州藩降伏につき）　長氏家譜,長州征伐,Aboutルール除外: 長州征伐
https://jpsearch.go.jp/data/ishikawa-httpsR2dTxASQEndlsearch_ndl_go_jpAXObooksAXOR100000133_IorgnB999003366,長州出兵褒賞につき[山崎永成ら連署状]　長氏家譜,長州征伐,Aboutルール除外: 長州征伐
https://jpsearch.go.jp/data/ishikawa-httpsR2dTxASQEndlsearch_ndl_go_jpAXObooksAXOR100000133_IorgnB999003391,[軍制改革につき告諭]　続本朝歴譜,軍制改革,Aboutルール除外: 軍制改革
https://jpsearch.go.jp/data/ishikawa-httpsR2dTxASQEndlsearch_ndl_go_jpAXObooksAXOR100000133_IorgnB999003401,[王政復古につき前田慶寧告諭]　続本藩歴譜,戊辰戦争,Aboutルール除外: 戊辰戦争
https://jpsearch.go.jp/data/ishikawa-httpsR2dTxASQEndlsearch_ndl_go_jpAXObooksAXOR100000133_IorgnB999003481,[陪臣待遇改定]　長氏家譜,兵制改革,Aboutルール除外: 兵制改革
https://jpsearch.go.jp/data/ishikawa-httpsR2dTxASQEndlsearch_ndl_go_jpAXObooksAXOR100000133_IorgnB999003489,[廃藩置県につき前田慶寧上書]　続本藩歴譜,廃藩置県,Aboutルール除外: 廃藩置県
https://jpsearch.go.jp/data/nij16-1005692,山水画譜,絵画,Aboutルール除外: 絵画
https://jpsearch.go.jp/data/nij16-1008135,時宗要略譜,時宗,Aboutルール除外: 時宗
https://jpsearch.go.jp/data/nij16-1009138,十竹斎画譜,絵画,Aboutルール除外: 絵画
https://jpsearch.go.jp/data/nij16-1009434,詩牌譜,漢詩,Aboutルール除外: 漢詩
https://jpsearch.go.jp/data/nij16-1009887,写山楼印譜,印章,Aboutルール除外: 印章
https://jpsearch.go.jp/data/nij16-101166,印東家之家譜略,系譜,Aboutルール除外: 系譜
https://jpsearch.go.jp/data/nij16-1013985,把而翕湮解剖図譜／下編,医学,Aboutルール除外: 医学
https://jpsearch.go.jp/data/nij16-101417,印籠譜,工芸,Aboutルール除外: 工芸
https://jpsearch.go.jp/data/nij16-1017727,芳烈公自記年譜,伝記,Aboutルール除外: 伝記
https://jpsearch.go.jp/data/nij16-101860,浮世画譜,絵画,Aboutルール除外: 絵画
https://jpsearch.go.jp/data/nij16-1019143,本化高祖年譜,伝記,Aboutルール除外: 伝記
https://jpsearch.go.jp/data/nij16-1019154,本化高祖年譜攷異,伝記,Aboutルール除外: 伝記
https://jpsearch.go.jp/data/nij16-1019392,本草綱目啓蒙図譜,本草,Aboutルール除外: 本草
https://jpsearch.go.jp/data/nij16-1022033,藩翰譜,歴史,Aboutルール除外: 歴史
https://jpsearch.go.jp/data/nij16-1022066,〔歴代藩侯略譜表〕,歴史,Aboutルール除外: 歴史
https://jpsearch.go.jp/data/nij16-1022077,改選諸家系譜,歴史,Aboutルール除外: 歴史
https://jpsearch.go.jp/data/nij16-1022088,御系譜,歴史,Aboutルール除外: 歴史
https://jpsearch.go.jp/data/nij16-1022099,御正統御系譜,歴史,Aboutルール除外: 歴史
https://jpsearch.go.jp/data/nij16-1022146,豊臣秀吉譜,歴史,Aboutルール除外: 歴史
https://jpsearch.go.jp/data/nij16-1024108,素絢山水画譜,芸術--絵画,Aboutルール除外: 芸術--絵画
https://jpsearch.go.jp/data/nij16-1024119,融斎画譜,芸術--絵画,Aboutルール除外: 芸術--絵画
https://jpsearch.go.jp/data/nij16-1024120,柳川画譜,芸術--絵画,Aboutルール除外: 芸術--絵画
https://jpsearch.go.jp/data/nij16-1024142,一蝶画譜,芸術--絵画,Aboutルール除外: 芸術--絵画
https://jpsearch.go.jp/data/nij16-1024153,蘭斎画譜,芸術--絵画,Aboutルール除外: 芸術--絵画
https://jpsearch.go.jp/data/nij16-1024175,竹洞四君子画譜,芸術--絵画,Aboutルール除外: 芸術--絵画
https://jpsearch.go.jp/data/nij16-1024211,草筆画譜,芸術--絵画,Aboutルール除外: 芸術--絵画
https://jpsearch.go.jp/data/nij16-1024391,求古図譜／文書具類,芸術--書道,Aboutルール除外: 芸術--書道
https://jpsearch.go.jp/data/nij16-1024437,本朝大成画家印譜,芸術--印篆,Aboutルール除外: 芸術--印篆
https://jpsearch.go.jp/data/nij16-1024460,〔古瀬戸〕／〔中興名物系譜〕,芸術--工芸,Aboutルール除外: 芸術--工芸
https://jpsearch.go.jp/data/nij16-1024471,陶家系譜,芸術--工芸,Aboutルール除外: 芸術--工芸
https://jpsearch.go.jp/data/nij16-102738,鶉の白拍子,黄表紙,Aboutルール除外: 黄表紙
https://jpsearch.go.jp/data/nij16-1028542,歴代大仏師譜,系譜,Aboutルール除外: 系譜
https://jpsearch.go.jp/data/nij16-1028600,列国譜,家伝,Aboutルール除外: 家伝
https://jpsearch.go.jp/data/nij16-1031001,鎌倉将軍家譜,伝記・系譜,Aboutルール除外: 伝記・系譜
https://jpsearch.go.jp/data/nij16-1031012,京都将軍家譜,伝記・系譜,Aboutルール除外: 伝記・系譜
https://jpsearch.go.jp/data/nij16-1032128,初禁甫譜,花道,Aboutルール除外: 花道
https://jpsearch.go.jp/data/nij16-1032946,初伝譜,花道,Aboutルール除外: 花道
https://jpsearch.go.jp/data/nij16-1033994,信古斎印譜,印章,Aboutルール除外: 印章
https://jpsearch.go.jp/data/nij16-1037463,春秋左氏伝列国君臣系譜,漢学,Aboutルール除外: 漢学
https://jpsearch.go.jp/data/nij16-1039367,丹鶴図譜,紋章,Aboutルール除外: 紋章
https://jpsearch.go.jp/data/nij16-1039641,澹寧居印譜,印章,Aboutルール除外: 印章
https://jpsearch.go.jp/data/nij16-10435,浅野考譜,系譜,Aboutルール除外: 系譜
https://jpsearch.go.jp/data/nij16-10446,浅野考譜,系譜,Aboutルール除外: 系譜
https://jpsearch.go.jp/data/nij16-1047296,万世家譜,系譜,Aboutルール除外: 系譜
https://jpsearch.go.jp/data/nij16-1048460,常陸大掾譜,系譜,Aboutルール除外: 系譜
https://jpsearch.go.jp/data/nij16-1048993,平氏譜,系譜,Aboutルール除外: 系譜
https://jpsearch.go.jp/data/nij16-1052875,小田氏譜,系譜,Aboutルール除外: 系譜
https://jpsearch.go.jp/data/nij16-1053652,国字類聚略方譜,医学,Aboutルール除外: 医学
https://jpsearch.go.jp/data/nij16-1054917,国家金銀銭譜続集,貨幣,Aboutルール除外: 貨幣
https://jpsearch.go.jp/data/nij16-1055318,御年譜微考,伝記,Aboutルール除外: 伝記
https://jpsearch.go.jp/data/nij16-1055329,御年譜微考,伝記,Aboutルール除外: 伝記
https://jpsearch.go.jp/data/nij16-1056866,将軍略譜,系譜,Aboutルール除外: 系譜
https://jpsearch.go.jp/data/nij16-1056968,松源大譜系,系譜,Aboutルール除外: 系譜
https://jpsearch.go.jp/data/nij16-1057018,松岡先生年譜,伝記,Aboutルール除外: 伝記
https://jpsearch.go.jp/data/nij16-1059161,常楽台存覚上人年譜,伝記,Aboutルール除外: 伝記
https://jpsearch.go.jp/data/nij16-1061376,蒼竜窟年譜,哲学--仏教,Aboutルール除外: 哲学--仏教
https://jpsearch.go.jp/data/nij16-1062028,藩翰譜,歴史,Aboutルール除外: 歴史
https://jpsearch.go.jp/data/nij16-1063725,蘭斎画譜,芸術--絵画,Aboutルール除外: 芸術--絵画
https://jpsearch.go.jp/data/nij16-1068106,伊達家世臣家譜記,系譜,Aboutルール除外: 系譜
https://jpsearch.go.jp/data/nij16-1072044,塙保己一年譜,年譜,Aboutルール除外: 年譜
https://jpsearch.go.jp/data/nij16-1073514,印譜,印章,Aboutルール除外: 印章
https://jpsearch.go.jp/data/nij16-1081523,織田信長譜,紋章,Aboutルール除外: 紋章
https://jpsearch.go.jp/data/nij16-1081534,鎌倉将軍家譜,紋章,Aboutルール除外: 紋章
https://jpsearch.go.jp/data/nij16-1081545,京都将軍家譜,紋章,Aboutルール除外: 紋章
https://jpsearch.go.jp/data/nij16-1081556,豊臣秀吉譜,紋章,Aboutルール除外: 紋章
https://jpsearch.go.jp/data/nij16-1081590,諸家知譜拙記,紋章,Aboutルール除外: 紋章
https://jpsearch.go.jp/data/nij16-1081954,金譜,貨幣,Aboutルール除外: 貨幣
https://jpsearch.go.jp/data/nij16-1082377,琦鳳画譜,美術,Aboutルール除外: 美術
https://jpsearch.go.jp/data/nij16-1082413,崋山翁蘭竹画譜,美術,Aboutルール除外: 美術
https://jpsearch.go.jp/data/nij16-1082548,雅楽譜,美術,Aboutルール除外: 美術
https://jpsearch.go.jp/data/nij16-1082639,善御譜,美術,Aboutルール除外: 美術
https://jpsearch.go.jp/data/nij16-1082684,初禁甫譜,芸術・美術--花道,Aboutルール除外: 芸術・美術--花道
https://jpsearch.go.jp/data/nij16-1082695,初伝譜,芸術・美術--花道,Aboutルール除外: 芸術・美術--花道
https://jpsearch.go.jp/data/nij16-1084635,黒田続家譜,歴史,Aboutルール除外: 歴史
https://jpsearch.go.jp/data/nij16-1087134,観文禽譜,動物,Aboutルール除外: 動物
https://jpsearch.go.jp/data/nij16-1088273,千葉家系譜,系譜,Aboutルール除外: 系譜
https://jpsearch.go.jp/data/nij16-1091801,芸苑譜,庶民教育,Aboutルール除外: 庶民教育
https://jpsearch.go.jp/data/nij16-1091969,萬象写真図譜,美術,Aboutルール除外: 美術
https://jpsearch.go.jp/data/nij16-1092133,名数画譜,美術,Aboutルール除外: 美術
https://jpsearch.go.jp/data/nij16-1092166,九老画譜,美術,Aboutルール除外: 美術
https://jpsearch.go.jp/data/nij16-1094946,京都将軍／信長／秀吉家譜,伝記,Aboutルール除外: 伝記
https://jpsearch.go.jp/data/nij16-1094957,京都将軍家譜,伝記,Aboutルール除外: 伝記
https://jpsearch.go.jp/data/nij16-1094968,信長家譜,伝記,Aboutルール除外: 伝記
https://jpsearch.go.jp/data/nij16-1094979,秀吉家譜,伝記,Aboutルール除外: 伝記
https://jpsearch.go.jp/data/nij16-1099509,茶人家譜,茶道,Aboutルール除外: 茶道
https://jpsearch.go.jp/data/nij16-1099510,茶人系譜集,茶道,Aboutルール除外: 茶道
https://jpsearch.go.jp/data/nij16-1099703,明普安鄭煾茶譜和解,茶道,Aboutルール除外: 茶道
https://jpsearch.go.jp/data/nij16-1104661,古今俳優家譜,演劇,Aboutルール除外: 演劇
https://jpsearch.go.jp/data/nij16-1105493,虎哉宗乙和尚略年譜,伝記,Aboutルール除外: 伝記
https://jpsearch.go.jp/data/nij16-1106372,御三代考譜,伝記,Aboutルール除外: 伝記
https://jpsearch.go.jp/data/nij16-1110561,年譜,雑書,Aboutルール除外: 雑書
https://jpsearch.go.jp/data/nij16-1113593,〔伊勢国司系譜〕,歴史,Aboutルール除外: 歴史
https://jpsearch.go.jp/data/nij16-1113797,藤垣内翁畧年譜,歴史,Aboutルール除外: 歴史
https://jpsearch.go.jp/data/nij16-1115668,黄白誌国家金銀銭譜,政治・法制,Aboutルール除外: 政治・法制
https://jpsearch.go.jp/data/nij16-1116149,救荒菜譜,本草,Aboutルール除外: 本草
https://jpsearch.go.jp/data/nij16-1116161,本草綱目啓蒙図譜,本草,Aboutルール除外: 本草
https://jpsearch.go.jp/data/nij16-1116581,硯譜,芸術--書道,Aboutルール除外: 芸術--書道
https://jpsearch.go.jp/data/nij16-1116616,魯堂印譜,芸術--印章,Aboutルール除外: 芸術--印章
https://jpsearch.go.jp/data/nij16-1122481,楽焼家田中氏系譜脇竈名前,記録,Aboutルール除外: 記録
https://jpsearch.go.jp/data/nij16-1124910,後花園後西両天皇略年譜,伝記,Aboutルール除外: 伝記
https://jpsearch.go.jp/data/nij16-1126665,鼓缶子年譜,伝記,Aboutルール除外: 伝記
https://jpsearch.go.jp/data/nij16-1127,鎌倉将軍家譜,歴史--日本史,Aboutルール除外: 歴史--日本史
https://jpsearch.go.jp/data/nij16-11290,鞍鐙工譜,馬具,Aboutルール除外: 馬具
https://jpsearch.go.jp/data/nij16-113020,円翁画譜,絵画,Aboutルール除外: 絵画
https://jpsearch.go.jp/data/nij16-1131620,本居氏系譜,家伝,Aboutルール除外: 家伝
https://jpsearch.go.jp/data/nij16-1131631,本居氏系譜,家伝,Aboutルール除外: 家伝
https://jpsearch.go.jp/data/nij16-1131642,本居氏系譜,家伝,Aboutルール除外: 家伝
https://jpsearch.go.jp/data/nij16-1131653,本居氏系譜下書,家伝,Aboutルール除外: 家伝
https://jpsearch.go.jp/data/nij16-1131664,本居氏系譜／親類書,家伝,Aboutルール除外: 家伝
https://jpsearch.go.jp/data/nij16-1131675,本居氏系譜／親類書,家伝,Aboutルール除外: 家伝
https://jpsearch.go.jp/data/nij16-1131686,本居氏系譜,家伝,Aboutルール除外: 家伝
https://jpsearch.go.jp/data/nij16-1132258,公私古印譜,歴史科学,Aboutルール除外: 歴史科学
https://jpsearch.go.jp/data/nij16-1133375,神楽歌,美術,Aboutルール除外: 美術
https://jpsearch.go.jp/data/nij16-1133386,神楽歌,美術,Aboutルール除外: 美術
https://jpsearch.go.jp/data/nij16-1133604,東音譜,語学,Aboutルール除外: 語学
https://jpsearch.go.jp/data/nij16-1137275,清和源氏徳川家系譜,歴史科学,Aboutルール除外: 歴史科学
https://jpsearch.go.jp/data/nij16-1138609,花譜抄,産業,Aboutルール除外: 産業
https://jpsearch.go.jp/data/nij16-11392,井伊年譜,伝記,Aboutルール除外: 伝記
https://jpsearch.go.jp/data/nij16-114125,円頓戒脈譜口決,仏教,Aboutルール除外: 仏教
https://jpsearch.go.jp/data/nij16-114136,円頓戒脈譜口決／伝法四箇脈譜奥口決,仏教,Aboutルール除外: 仏教
https://jpsearch.go.jp/data/nij16-1141419,案譜,文学--歌謡,Aboutルール除外: 文学--歌謡
https://jpsearch.go.jp/data/nij16-1150,織田信長譜,歴史--日本史,Aboutルール除外: 歴史--日本史
https://jpsearch.go.jp/data/nij16-1150078,鈴屋翁略年譜,歴史科学,Aboutルール除外: 歴史科学
https://jpsearch.go.jp/data/nij16-1150181,南朝紹運図,歴史科学,Aboutルール除外: 歴史科学
https://jpsearch.go.jp/data/nij16-1150885,古筆鑑定家印譜,芸術--絵画・書道・邦楽,Aboutルール除外: 芸術--絵画・書道・邦楽
https://jpsearch.go.jp/data/nij16-1152143,郢曲譜,文学--歌謡,Aboutルール除外: 文学--歌謡
https://jpsearch.go.jp/data/nij16-1154434,宮崎・草深・小西・高尾・安田氏系譜,家伝,Aboutルール除外: 家伝
https://jpsearch.go.jp/data/nij16-1154547,雑譜,楽譜,Aboutルール除外: 楽譜
https://jpsearch.go.jp/data/nij16-11596,威公年譜,伝記,Aboutルール除外: 伝記
https://jpsearch.go.jp/data/nij16-1160812,春秋左氏傳列國君臣系譜,漢籍,Aboutルール除外: 漢籍
https://jpsearch.go.jp/data/nij16-1161,豊臣秀吉譜,歴史--日本史,Aboutルール除外: 歴史--日本史
https://jpsearch.go.jp/data/nij16-1166252,三江斎画譜,絵画,Aboutルール除外: 絵画
https://jpsearch.go.jp/data/nij16-1166558,三公年譜,伝記,Aboutルール除外: 伝記
https://jpsearch.go.jp/data/nij16-1166672,三光譜録勘考,雑史,Aboutルール除外: 雑史
https://jpsearch.go.jp/data/nij16-1166683,三光譜録考勘,雑史,Aboutルール除外: 雑史
https://jpsearch.go.jp/data/nij16-1169182,三州沿革図譜,地誌,Aboutルール除外: 地誌
https://jpsearch.go.jp/data/nij16-1170827,新撰銭譜,歴史,Aboutルール除外: 歴史
https://jpsearch.go.jp/data/nij16-1172221,藩翰譜,歴史,Aboutルール除外: 歴史
https://jpsearch.go.jp/data/nij16-1172232,改正増補諸家知譜拙記,歴史,Aboutルール除外: 歴史
https://jpsearch.go.jp/data/nij16-1172561,石譜,岩石,Aboutルール除外: 岩石
https://jpsearch.go.jp/data/nij16-1172674,佩文斎書画譜略,芸術--書画,Aboutルール除外: 芸術--書画
https://jpsearch.go.jp/data/nij16-1172787,辺氏画譜,芸術--日本画,Aboutルール除外: 芸術--日本画
https://jpsearch.go.jp/data/nij16-1172969,和漢研譜,芸術--文具,Aboutルール除外: 芸術--文具
https://jpsearch.go.jp/data/nij16-1172992,花押譜,芸術--印章,Aboutルール除外: 芸術--印章
https://jpsearch.go.jp/data/nij16-1173020,名家押譜,芸術--印章,Aboutルール除外: 芸術--印章
https://jpsearch.go.jp/data/nij16-1173031,群賢押譜,芸術--印章,Aboutルール除外: 芸術--印章
https://jpsearch.go.jp/data/nij16-1173199,鏨工譜略,金工,Aboutルール除外: 金工
https://jpsearch.go.jp/data/nij16-1173611,茶人大系譜,芸術--茶道・香道,Aboutルール除外: 芸術--茶道・香道
https://jpsearch.go.jp/data/nij16-1173644,文房清約図,芸術--茶道・香道,Aboutルール除外: 芸術--茶道・香道
https://jpsearch.go.jp/data/nij16-1173655,宜興瓷壺譜,芸術--茶道・香道,Aboutルール除外: 芸術--茶道・香道
https://jpsearch.go.jp/data/nij16-117828,大坪本流善御譜,馬術,Aboutルール除外: 馬術
https://jpsearch.go.jp/data/nij16-1178934,世説新語補系譜,漢籍,Aboutルール除外: 漢籍
https://jpsearch.go.jp/data/nij16-1181595,謡本,演劇,Aboutルール除外: 演劇
https://jpsearch.go.jp/data/nij16-1183433,博物図譜動物編,理学,Aboutルール除外: 理学
https://jpsearch.go.jp/data/nij16-1184072,自家年譜,日記,Aboutルール除外: 日記
https://jpsearch.go.jp/data/nij16-1184083,私家年譜契公記,日記,Aboutルール除外: 日記
https://jpsearch.go.jp/data/nij16-118912,岡部家譜考証,系譜,Aboutルール除外: 系譜
https://jpsearch.go.jp/data/nij16-1189975,地口画譜,絵画,Aboutルール除外: 絵画
https://jpsearch.go.jp/data/nij16-1193891,御系譜,国書--歴史--日本史_系譜・家伝,Aboutルール除外: 国書--歴史--日本史_系譜・家伝
https://jpsearch.go.jp/data/nij16-1193937,改正増補／諸家知譜拙記,国書--歴史--日本史_系譜・家伝,Aboutルール除外: 国書--歴史--日本史_系譜・家伝
https://jpsearch.go.jp/data/nij16-1193948,藩翰譜,国書--歴史--日本史_系譜・家伝,Aboutルール除外: 国書--歴史--日本史_系譜・家伝
https://jpsearch.go.jp/data/nij16-1198170,泰西王氏銃譜,国書--武学・武術--武具,Aboutルール除外: 国書--武学・武術--武具
https://jpsearch.go.jp/data/nij16-1198283,謡本,演劇,Aboutルール除外: 演劇
https://jpsearch.go.jp/data/nij16-1198294,謡本,演劇,Aboutルール除外: 演劇
https://jpsearch.go.jp/data/nij16-1198307,謡本,演劇,Aboutルール除外: 演劇
https://jpsearch.go.jp/data/nij16-1198318,謡本,演劇,Aboutルール除外: 演劇
https://jpsearch.go.jp/data/nij16-1198329,謡本,演劇,Aboutルール除外: 演劇
https://jpsearch.go.jp/data/nij16-1198330,謡本,演劇,Aboutルール除外: 演劇
https://jpsearch.go.jp/data/nij16-1198341,謡本,演劇,Aboutルール除外: 演劇
https://jpsearch.go.jp/data/nij16-1198352,謡本,演劇,Aboutルール除外: 演劇
https://jpsearch.go.jp/data/nij16-1198363,謡本,演劇,Aboutルール除外: 演劇
https://jpsearch.go.jp/data/nij16-1198374,謡本,演劇,Aboutルール除外: 演劇
https://jpsearch.go.jp/data/nij16-1198385,謡本,演劇,Aboutルール除外: 演劇
https://jpsearch.go.jp/data/nij16-1198396,謡本,演劇,Aboutルール除外: 演劇
https://jpsearch.go.jp/data/nij16-1198409,謡本,演劇,Aboutルール除外: 演劇
https://jpsearch.go.jp/data/nij16-1198410,〔謡本〕,演劇,Aboutルール除外: 演劇
https://jpsearch.go.jp/data/nij16-1198443,〔謡本鼓譜〕,演劇,Aboutルール除外: 演劇
https://jpsearch.go.jp/data/nij16-120285,小瀬家譜,系譜,Aboutルール除外: 系譜
https://jpsearch.go.jp/data/nij16-120456,織田三七信孝卿譜讄,伝記,Aboutルール除外: 伝記
https://jpsearch.go.jp/data/nij16-1208635,戯場家譜,演劇,Aboutルール除外: 演劇
https://jpsearch.go.jp/data/nij16-1209809,紙筆墨譜,書道,Aboutルール除外: 書道
https://jpsearch.go.jp/data/nij16-1209887,史譜,雑史,Aboutルール除外: 雑史
https://jpsearch.go.jp/data/nij16-1209898,字譜,書道,Aboutルール除外: 書道
https://jpsearch.go.jp/data/nij16-1209901,渋井太室年譜,伝記,Aboutルール除外: 伝記
https://jpsearch.go.jp/data/nij16-1210000,渋川春海年譜,伝記,Aboutルール除外: 伝記
https://jpsearch.go.jp/data/nij16-1215516,星巌梁川先生年譜,自著_漢文撰述_--史纂--史伝,Aboutルール除外: 自著_漢文撰述_--史纂--史伝
https://jpsearch.go.jp/data/nij16-1221007,藩翰譜,歴史--日本史,Aboutルール除外: 歴史--日本史
https://jpsearch.go.jp/data/nij16-1221018,藩翰譜,歴史--日本史,Aboutルール除外: 歴史--日本史
https://jpsearch.go.jp/data/nij16-1221563,集雅斎画譜,絵画,Aboutルール除外: 絵画
https://jpsearch.go.jp/data/nij16-12237,一蝶画譜,絵画,Aboutルール除外: 絵画
https://jpsearch.go.jp/data/nij16-1224200,修辞例,辞書,Aboutルール除外: 辞書
https://jpsearch.go.jp/data/nij16-1224766,什祖略年譜,伝記,Aboutルール除外: 伝記
https://jpsearch.go.jp/data/nij16-1226795,秋府絶家譜,雑史,Aboutルール除外: 雑史
https://jpsearch.go.jp/data/nij16-1226955,衆芳園草木画譜,絵画,Aboutルール除外: 絵画
https://jpsearch.go.jp/data/nij16-1229158,従三位君御年譜略,伝記,Aboutルール除外: 伝記
https://jpsearch.go.jp/data/nij16-1232220,藩翰譜,歴史,Aboutルール除外: 歴史
https://jpsearch.go.jp/data/nij16-1232264,改正増補諸家知譜拙記,歴史,Aboutルール除外: 歴史
https://jpsearch.go.jp/data/nij16-1232311,鈴屋翁略年譜,歴史,Aboutルール除外: 歴史
https://jpsearch.go.jp/data/nij16-1235343,催馬楽譜入文,文学--日本文学--詩歌,Aboutルール除外: 文学--日本文学--詩歌
https://jpsearch.go.jp/data/nij16-123808,尾張譜,系譜,Aboutルール除外: 系譜
https://jpsearch.go.jp/data/nij16-1238240,春波楼画譜,絵画,Aboutルール除外: 絵画
https://jpsearch.go.jp/data/nij16-1238477,浚明公譜,伝記,Aboutルール除外: 伝記
https://jpsearch.go.jp/data/nij16-1238659,春林公年譜,伝記,Aboutルール除外: 伝記
https://jpsearch.go.jp/data/nij16-1239163,聖一国師年譜別考,伝記,Aboutルール除外: 伝記
https://jpsearch.go.jp/data/nij16-1239890,松雲公年譜,伝記,Aboutルール除外: 伝記
https://jpsearch.go.jp/data/nij16-1241856,松花堂画帖,絵画,Aboutルール除外: 絵画
https://jpsearch.go.jp/data/nij16-1244468,常憲公譜,伝記,Aboutルール除外: 伝記
https://jpsearch.go.jp/data/nij16-1245074,称号譜,伝記,Aboutルール除外: 伝記
https://jpsearch.go.jp/data/nij16-1245494,浄厳大和尚年譜艸稿,伝記,Aboutルール除外: 伝記
https://jpsearch.go.jp/data/nij16-1245949,正山公略譜,伝記,Aboutルール除外: 伝記
https://jpsearch.go.jp/data/nij16-1246113,商山年譜,伝記,Aboutルール除外: 伝記
https://jpsearch.go.jp/data/nij16-1247843,紹述編年,伝記,Aboutルール除外: 伝記
https://jpsearch.go.jp/data/nij16-1251305,可睡斉略譜,歴史,Aboutルール除外: 歴史
https://jpsearch.go.jp/data/nij16-1252546,御年譜微考,歴史,Aboutルール除外: 歴史
https://jpsearch.go.jp/data/nij16-1252557,京都将軍家譜,歴史,Aboutルール除外: 歴史
https://jpsearch.go.jp/data/nij16-1252568,寛政重修諸家譜,歴史,Aboutルール除外: 歴史
https://jpsearch.go.jp/data/nij16-1252579,朽木六家譜,歴史,Aboutルール除外: 歴史
https://jpsearch.go.jp/data/nij16-1252580,改選諸家系譜抄,歴史,Aboutルール除外: 歴史
https://jpsearch.go.jp/data/nij16-1252615,越前家系,歴史,Aboutルール除外: 歴史
https://jpsearch.go.jp/data/nij16-1252637,松源大譜系,歴史,Aboutルール除外: 歴史
https://jpsearch.go.jp/data/nij16-1252659,御家譜,歴史,Aboutルール除外: 歴史
https://jpsearch.go.jp/data/nij16-1252660,水野家譜,歴史,Aboutルール除外: 歴史
https://jpsearch.go.jp/data/nij16-1252671,藩翰譜,家伝,Aboutルール除外: 家伝
https://jpsearch.go.jp/data/nij16-1252682,校正藩翰譜,家伝,Aboutルール除外: 家伝
https://jpsearch.go.jp/data/nij16-1252693,藩翰譜続編,家伝,Aboutルール除外: 家伝
https://jpsearch.go.jp/data/nij16-1252740,戸川家譜,家伝,Aboutルール除外: 家伝
https://jpsearch.go.jp/data/nij16-1252886,御年譜,歴史,Aboutルール除外: 歴史
https://jpsearch.go.jp/data/nij16-1252897,御年譜附録,歴史,Aboutルール除外: 歴史
https://jpsearch.go.jp/data/nij16-1253049,北越雪譜,歴史,Aboutルール除外: 歴史
https://jpsearch.go.jp/data/nij16-1254462,草木性譜,天文,Aboutルール除外: 天文
https://jpsearch.go.jp/data/nij16-1254688,〔魚貝譜〕,絵画,Aboutルール除外: 絵画
https://jpsearch.go.jp/data/nij16-1255794,松譜旧聞録,雑史,Aboutルール除外: 雑史
https://jpsearch.go.jp/data/nij16-1256537,正法大王年譜,伝記,Aboutルール除外: 伝記
https://jpsearch.go.jp/data/nij16-12577,伊孚九池大雅／山水画譜,絵画,Aboutルール除外: 絵画
https://jpsearch.go.jp/data/nij16-1258431,蕉門系譜／二百六十八人,俳諧,Aboutルール除外: 俳諧
https://jpsearch.go.jp/data/nij16-1258533,蕉門／四大家道統譜,俳諧,Aboutルール除外: 俳諧
https://jpsearch.go.jp/data/nij16-1258817,蕉門略系譜草藁／直弟の部,俳諧,Aboutルール除外: 俳諧
https://jpsearch.go.jp/data/nij16-1269198,諸国名所画譜,地誌,Aboutルール除外: 地誌
https://jpsearch.go.jp/data/nij16-1275178,新鐫詩牌譜,漢文,Aboutルール除外: 漢文
https://jpsearch.go.jp/data/nij16-1277196,龍笛假名案譜,演劇,Aboutルール除外: 演劇
https://jpsearch.go.jp/data/nij16-1277209,觱篥譜,演劇,Aboutルール除外: 演劇
https://jpsearch.go.jp/data/nij16-1277221,催馬楽譜入文,演劇,Aboutルール除外: 演劇
https://jpsearch.go.jp/data/nij16-1279169,改正増補／諸家知譜拙記,歴史,Aboutルール除外: 歴史
https://jpsearch.go.jp/data/nij16-1279170,改正増補／諸家知譜拙記,歴史,Aboutルール除外: 歴史
https://jpsearch.go.jp/data/nij16-1279205,織田信長譜,歴史,Aboutルール除外: 歴史
https://jpsearch.go.jp/data/nij16-1279216,鎌倉将軍家譜,歴史,Aboutルール除外: 歴史
https://jpsearch.go.jp/data/nij16-1279227,京都将軍家譜,歴史,Aboutルール除外: 歴史
https://jpsearch.go.jp/data/nij16-1279238,豊臣秀吉譜,歴史,Aboutルール除外: 歴史
https://jpsearch.go.jp/data/nij16-1279250,藩翰譜,歴史,Aboutルール除外: 歴史
https://jpsearch.go.jp/data/nij16-1279261,藩翰譜,歴史,Aboutルール除外: 歴史
https://jpsearch.go.jp/data/nij16-1280348,柳営譜略,政治・法制,Aboutルール除外: 政治・法制
https://jpsearch.go.jp/data/nij16-128165,花押譜,花押,Aboutルール除外: 花押
https://jpsearch.go.jp/data/nij16-128176,花押譜,花押,Aboutルール除外: 花押
https://jpsearch.go.jp/data/nij16-128187,花押譜／諸家真蹟,花押,Aboutルール除外: 花押
https://jpsearch.go.jp/data/nij16-1282786,和漢養鳥譜,理学,Aboutルール除外: 理学
https://jpsearch.go.jp/data/nij16-1282844,羽族譜,理学,Aboutルール除外: 理学
https://jpsearch.go.jp/data/nij16-1283041,本草啓蒙図譜,医学,Aboutルール除外: 医学
https://jpsearch.go.jp/data/nij16-1283392,救荒野譜啓蒙,産業,Aboutルール除外: 産業
https://jpsearch.go.jp/data/nij16-1288411,真盛上人年譜,伝記,Aboutルール除外: 伝記
https://jpsearch.go.jp/data/nij16-1292484,下係謡本百番,演劇,Aboutルール除外: 演劇
https://jpsearch.go.jp/data/nij16-1292495,下懸謡本後百番,演劇,Aboutルール除外: 演劇
https://jpsearch.go.jp/data/nij16-1292508,下懸謡本百番,演劇,Aboutルール除外: 演劇
https://jpsearch.go.jp/data/nij16-1292519,下懸謡本後百番,演劇,Aboutルール除外: 演劇
https://jpsearch.go.jp/data/nij16-1292531,下懸謡本百五十番,演劇,Aboutルール除外: 演劇
https://jpsearch.go.jp/data/nij16-1293625,帝王譜略国朝紀,歴史,Aboutルール除外: 歴史
https://jpsearch.go.jp/data/nij16-1293658,新田族譜,歴史,Aboutルール除外: 歴史
https://jpsearch.go.jp/data/nij16-1293669,藩翰譜,歴史,Aboutルール除外: 歴史
https://jpsearch.go.jp/data/nij16-1293749,古押譜,歴史,Aboutルール除外: 歴史
https://jpsearch.go.jp/data/nij16-129475,覚源禅師年譜,臨済,Aboutルール除外: 臨済
https://jpsearch.go.jp/data/nij16-1295201,日本竹譜,理学,Aboutルール除外: 理学
https://jpsearch.go.jp/data/nij16-1301935,進藤為純年譜,伝記,Aboutルール除外: 伝記
https://jpsearch.go.jp/data/nij16-1304490,慎徳公譜,伝記,Aboutルール除外: 伝記
https://jpsearch.go.jp/data/nij16-1304810,真如院世譜／同抄共,伝記,Aboutルール除外: 伝記
https://jpsearch.go.jp/data/nij16-1308743,神武天皇後宮譜,伝記,Aboutルール除外: 伝記
https://jpsearch.go.jp/data/nij16-1312181,藩翰譜,歴史,Aboutルール除外: 歴史
https://jpsearch.go.jp/data/nij16-1312476,松島勝譜,紀行,Aboutルール除外: 紀行
https://jpsearch.go.jp/data/nij16-1320463,謡本,文学--日本文学--戯曲--能の本,Aboutルール除外: 文学--日本文学--戯曲--能の本
https://jpsearch.go.jp/data/nij16-1320554,謡本,文学--日本文学--戯曲--能の本,Aboutルール除外: 文学--日本文学--戯曲--能の本
https://jpsearch.go.jp/data/nij16-1320565,謡本,文学--日本文学--戯曲--能の本,Aboutルール除外: 文学--日本文学--戯曲--能の本
https://jpsearch.go.jp/data/nij16-1320587,謡本,文学--日本文学--戯曲--能の本,Aboutルール除外: 文学--日本文学--戯曲--能の本
https://jpsearch.go.jp/data/nij16-1320598,乱曲扇拍子,文学,Aboutルール除外: 文学
https://jpsearch.go.jp/data/nij16-1320656,謡本,文学--日本文学--戯曲--能の本,Aboutルール除外: 文学--日本文学--戯曲--能の本
https://jpsearch.go.jp/data/nij16-1320678,謡本,文学--日本文学--戯曲--能の本,Aboutルール除外: 文学--日本文学--戯曲--能の本
https://jpsearch.go.jp/data/nij16-1320781,謡本,文学--日本文学--戯曲--能の本,Aboutルール除外: 文学--日本文学--戯曲--能の本
https://jpsearch.go.jp/data/nij16-1320883,謡本,文学--日本文学--戯曲--能の本,Aboutルール除外: 文学--日本文学--戯曲--能の本
https://jpsearch.go.jp/data/nij16-1320929,謡本,文学--日本文学--戯曲--能の本,Aboutルール除外: 文学--日本文学--戯曲--能の本
https://jpsearch.go.jp/data/nij16-1320963,謡本,文学--日本文学--戯曲--能の本,Aboutルール除外: 文学--日本文学--戯曲--能の本
https://jpsearch.go.jp/data/nij16-1321002,謡本,文学--日本文学--戯曲--能の本,Aboutルール除外: 文学--日本文学--戯曲--能の本
https://jpsearch.go.jp/data/nij16-1321035,謡本,文学--日本文学--戯曲--能の本,Aboutルール除外: 文学--日本文学--戯曲--能の本
https://jpsearch.go.jp/data/nij16-1321342,藩翰譜,文学--日本文学--随筆,Aboutルール除外: 文学--日本文学--随筆
https://jpsearch.go.jp/data/nij16-1324807,惺窩先生系譜略,伝記,Aboutルール除外: 伝記
https://jpsearch.go.jp/data/nij16-1326449,静軒竹譜,絵画,Aboutルール除外: 絵画
https://jpsearch.go.jp/data/nij16-1327782,西山上人年譜,伝記,Aboutルール除外: 伝記
https://jpsearch.go.jp/data/nij16-1328025,正志斎略譜,伝記,Aboutルール除外: 伝記
https://jpsearch.go.jp/data/nij16-1329404,盛衰記画譜,絵画,Aboutルール除外: 絵画
https://jpsearch.go.jp/data/nij16-1332907,花譜,天満宮文庫蔵書--自然科学--動植物学,Aboutルール除外: 天満宮文庫蔵書--自然科学--動植物学
https://jpsearch.go.jp/data/nij16-1333364,説文解字五音韻譜,天満宮文庫蔵書--語学--中国語,Aboutルール除外: 天満宮文庫蔵書--語学--中国語
https://jpsearch.go.jp/data/nij16-1336125,和漢研譜,芸術--書画,Aboutルール除外: 芸術--書画
https://jpsearch.go.jp/data/nij16-1336294,圓翁畫譜,芸術--書画,Aboutルール除外: 芸術--書画
https://jpsearch.go.jp/data/nij16-1336329,〔印譜〕,芸術--書画,Aboutルール除外: 芸術--書画
https://jpsearch.go.jp/data/nij16-1338427,黒田家譜,総記,Aboutルール除外: 総記
https://jpsearch.go.jp/data/nij16-1338438,黒田續家譜,総記,Aboutルール除外: 総記
https://jpsearch.go.jp/data/nij16-1339635,花譜,小鳥居家蔵書--自然科学,Aboutルール除外: 小鳥居家蔵書--自然科学
https://jpsearch.go.jp/data/nij16-1345933,僊窠譜,絵画,Aboutルール除外: 絵画
https://jpsearch.go.jp/data/nij16-1346414,僊窟史,読本,Aboutルール除外: 読本
https://jpsearch.go.jp/data/nij16-1348170,戦死譜,戦記,Aboutルール除外: 戦記
https://jpsearch.go.jp/data/nij16-1350272,仙台黄門譜,伝記,Aboutルール除外: 伝記
https://jpsearch.go.jp/data/nij16-1351219,先哲学流系譜,漢学,Aboutルール除外: 漢学
https://jpsearch.go.jp/data/nij16-1352267,全唐名譜,印譜,Aboutルール除外: 印譜
https://jpsearch.go.jp/data/nij16-1352858,占風園四時勝概画譜同四時絶句同四時和歌,和歌,Aboutルール除外: 和歌
https://jpsearch.go.jp/data/nij16-1353408,扇面画譜,絵画,Aboutルール除外: 絵画
https://jpsearch.go.jp/data/nij16-1353500,専門画家譜,絵画,Aboutルール除外: 絵画
https://jpsearch.go.jp/data/nij16-1353511,専門家並門葉画譜,絵画,Aboutルール除外: 絵画
https://jpsearch.go.jp/data/nij16-1353748,全楽堂画譜,絵画,Aboutルール除外: 絵画
https://jpsearch.go.jp/data/nij16-1353759,全楽堂記伝,伝記,Aboutルール除外: 伝記
https://jpsearch.go.jp/data/nij16-1357944,宋紫石画譜梅菊,絵画,Aboutルール除外: 絵画
https://jpsearch.go.jp/data/nij16-1357955,宋紫石四君子画譜,絵画,Aboutルール除外: 絵画
https://jpsearch.go.jp/data/nij16-1357977,宋紫石蘭譜,絵画,Aboutルール除外: 絵画
https://jpsearch.go.jp/data/nij16-1361177,黒瀧潮音和尚年譜,仏教,Aboutルール除外: 仏教
https://jpsearch.go.jp/data/nij16-1361713,南朝皇胤譜,日本史,Aboutルール除外: 日本史
https://jpsearch.go.jp/data/nij16-1362169,源孝純年譜草稿,日本史,Aboutルール除外: 日本史
https://jpsearch.go.jp/data/nij16-1362896,水野勝成譜,伝記,Aboutルール除外: 伝記
https://jpsearch.go.jp/data/nij16-1362910,家君冨純御年譜,伝記,Aboutルール除外: 伝記
https://jpsearch.go.jp/data/nij16-1362932,豊臣秀吉譜,伝記,Aboutルール除外: 伝記
https://jpsearch.go.jp/data/nij16-1362954,徳川御系譜,伝記,Aboutルール除外: 伝記
https://jpsearch.go.jp/data/nij16-1362965,萬姓家譜,伝記,Aboutルール除外: 伝記
https://jpsearch.go.jp/data/nij16-1362976,萬姓家譜續編,伝記,Aboutルール除外: 伝記
https://jpsearch.go.jp/data/nij16-1363037,三家考,伝記,Aboutルール除外: 伝記
https://jpsearch.go.jp/data/nij16-1363139,源秀康卿行状并系譜,伝記,Aboutルール除外: 伝記
https://jpsearch.go.jp/data/nij16-1363140,源秀康卿行状并系譜,伝記,Aboutルール除外: 伝記
https://jpsearch.go.jp/data/nij16-1369342,素絢画譜,絵画,Aboutルール除外: 絵画
https://jpsearch.go.jp/data/nij16-1369353,素絢画譜草花之部,絵画,Aboutルール除外: 絵画
https://jpsearch.go.jp/data/nij16-1369386,素絢人物画譜,絵画,Aboutルール除外: 絵画
https://jpsearch.go.jp/data/nij16-1369911,祖師聖人年譜,伝記,Aboutルール除外: 伝記
https://jpsearch.go.jp/data/nij16-1370009,素書骨牌譜,漢学,Aboutルール除外: 漢学
https://jpsearch.go.jp/data/nij16-1372312,醫譜,総記--歴史,Aboutルール除外: 総記--歴史
https://jpsearch.go.jp/data/nij16-1372607,唇舌圖譜,総記,Aboutルール除外: 総記
https://jpsearch.go.jp/data/nij16-1372856,古今醫統／附／求古館方譜,医学,Aboutルール除外: 医学
https://jpsearch.go.jp/data/nij16-137655,金森家譜,系譜,Aboutルール除外: 系譜
https://jpsearch.go.jp/data/nij16-137666,金森家譜,系譜,Aboutルール除外: 系譜
https://jpsearch.go.jp/data/nij16-137677,金森家譜,系譜,Aboutルール除外: 系譜
https://jpsearch.go.jp/data/nij16-138158,花譜,植物,Aboutルール除外: 植物
https://jpsearch.go.jp/data/nij16-138169,花譜,植物,Aboutルール除外: 植物
https://jpsearch.go.jp/data/nij16-138170,花譜,植物,Aboutルール除外: 植物
https://jpsearch.go.jp/data/nij16-138807,鎌倉大樹家譜,読本,Aboutルール除外: 読本
https://jpsearch.go.jp/data/nij16-139435,神路正譜,系譜,Aboutルール除外: 系譜
https://jpsearch.go.jp/data/nij16-1396823,沢庵年譜,伝記,Aboutルール除外: 伝記
https://jpsearch.go.jp/data/nij16-1398012,竹内法諱年譜,伝記,Aboutルール除外: 伝記
https://jpsearch.go.jp/data/nij16-1399888,忠利公御年譜抜書,伝記,Aboutルール除外: 伝記
https://jpsearch.go.jp/data/nij16-14028,江都金工名譜,金工,Aboutルール除外: 金工
https://jpsearch.go.jp/data/nij16-1417501,智証大師年譜,伝記,Aboutルール除外: 伝記
https://jpsearch.go.jp/data/nij16-1417512,智証大師年譜,伝記,Aboutルール除外: 伝記
https://jpsearch.go.jp/data/nij16-1428666,朝鮮諺文譜朝鮮諺文訳,外国語,Aboutルール除外: 外国語
https://jpsearch.go.jp/data/nij16-1430951,大内家譜,総記,Aboutルール除外: 総記
https://jpsearch.go.jp/data/nij16-1431614,夢窓国師年譜,仏教,Aboutルール除外: 仏教
https://jpsearch.go.jp/data/nij16-1436244,大掾氏譜,歴史,Aboutルール除外: 歴史
https://jpsearch.go.jp/data/nij16-1436266,小田氏譜,歴史,Aboutルール除外: 歴史
https://jpsearch.go.jp/data/nij16-1436277,笠間氏譜,歴史,Aboutルール除外: 歴史
https://jpsearch.go.jp/data/nij16-1436299,江戸氏譜,歴史,Aboutルール除外: 歴史
https://jpsearch.go.jp/data/nij16-1436302,常陸平氏譜,歴史,Aboutルール除外: 歴史
https://jpsearch.go.jp/data/nij16-1436313,常陸大掾譜,歴史,Aboutルール除外: 歴史
https://jpsearch.go.jp/data/nij16-1436391,威公年譜,歴史,Aboutルール除外: 歴史
https://jpsearch.go.jp/data/nij16-1436415,水戸威公年譜,歴史,Aboutルール除外: 歴史
https://jpsearch.go.jp/data/nij16-1436426,水戸義公年譜,歴史,Aboutルール除外: 歴史
https://jpsearch.go.jp/data/nij16-1436437,威公義公年譜採余,歴史,Aboutルール除外: 歴史
https://jpsearch.go.jp/data/nij16-1436664,松岡先生年譜稿,歴史,Aboutルール除外: 歴史
https://jpsearch.go.jp/data/nij16-1436755,好逑譜略,歴史,Aboutルール除外: 歴史
https://jpsearch.go.jp/data/nij16-1439823,万国旗章図譜,政治,Aboutルール除外: 政治
https://jpsearch.go.jp/data/nij16-1439834,増補万国旗譜,政治,Aboutルール除外: 政治
https://jpsearch.go.jp/data/nij16-1444797,佐竹家譜,歴史,Aboutルール除外: 歴史
https://jpsearch.go.jp/data/nij16-1445121,系譜書出,歴史,Aboutルール除外: 歴史
https://jpsearch.go.jp/data/nij16-1445154,浅井氏系譜,歴史,Aboutルール除外: 歴史
https://jpsearch.go.jp/data/nij16-1445176,藩翰譜／目録,歴史,Aboutルール除外: 歴史
https://jpsearch.go.jp/data/nij16-1445187,寛永諸家譜,歴史,Aboutルール除外: 歴史
https://jpsearch.go.jp/data/nij16-1445198,松源大譜,歴史,Aboutルール除外: 歴史
https://jpsearch.go.jp/data/nij16-1445358,白石先生年譜,歴史,Aboutルール除外: 歴史
https://jpsearch.go.jp/data/nij16-1445416,常陸御家譜,歴史,Aboutルール除外: 歴史
https://jpsearch.go.jp/data/nij16-1453845,大内多々良譜牒,歴史,Aboutルール除外: 歴史
https://jpsearch.go.jp/data/nij16-1457223,鼓譜,社会科学--国防・軍事,Aboutルール除外: 社会科学--国防・軍事
https://jpsearch.go.jp/data/nij16-1458384,人物草花／早席画譜,産業,Aboutルール除外: 産業
https://jpsearch.go.jp/data/nij16-1458395,早席画譜／二編,産業,Aboutルール除外: 産業
https://jpsearch.go.jp/data/nij16-1458408,蘭斎画譜,産業,Aboutルール除外: 産業
https://jpsearch.go.jp/data/nij16-1458419,蘭斎画譜,産業,Aboutルール除外: 産業
https://jpsearch.go.jp/data/nij16-1458420,蘭竹画譜,産業,Aboutルール除外: 産業
https://jpsearch.go.jp/data/nij16-1458497,名数画譜,産業,Aboutルール除外: 産業
https://jpsearch.go.jp/data/nij16-1458533,米庵蔵筆譜,産業,Aboutルール除外: 産業
https://jpsearch.go.jp/data/nij16-1458851,封印譜,産業--版画,Aboutルール除外: 産業--版画
https://jpsearch.go.jp/data/nij16-1458920,撫箏雅譜集,産業,Aboutルール除外: 産業
https://jpsearch.go.jp/data/nij16-1458931,箏曲新譜,産業,Aboutルール除外: 産業
https://jpsearch.go.jp/data/nij16-1458953,吾嬬箏譜,産業,Aboutルール除外: 産業
https://jpsearch.go.jp/data/nij16-1458964,吾嬬箏譜,産業,Aboutルール除外: 産業
https://jpsearch.go.jp/data/nij16-1458975,吾嬬箏譜,産業,Aboutルール除外: 産業
https://jpsearch.go.jp/data/nij16-1458986,吾嬬箏譜,産業,Aboutルール除外: 産業
https://jpsearch.go.jp/data/nij16-1458997,吾嬬箏譜,産業,Aboutルール除外: 産業
https://jpsearch.go.jp/data/nij16-1459003,吾嬬箏譜,産業,Aboutルール除外: 産業
https://jpsearch.go.jp/data/nij16-1459014,吾嬬箏譜,産業,Aboutルール除外: 産業
https://jpsearch.go.jp/data/nij16-1459398,〔謡本〕,演劇,Aboutルール除外: 演劇
https://jpsearch.go.jp/data/nij16-1460602,〔謡本〕,演劇,Aboutルール除外: 演劇
https://jpsearch.go.jp/data/nij16-1461934,〔謡本〕,演劇,Aboutルール除外: 演劇
https://jpsearch.go.jp/data/nij16-1463269,〔謡本〕,演劇,Aboutルール除外: 演劇
https://jpsearch.go.jp/data/nij16-1464024,〔謡本〕,演劇,Aboutルール除外: 演劇
https://jpsearch.go.jp/data/nij16-1464035,〔謡本〕,演劇,Aboutルール除外: 演劇
https://jpsearch.go.jp/data/nij16-1464386,〔謡本〕,演劇,Aboutルール除外: 演劇
https://jpsearch.go.jp/data/nij16-1464397,〔謡本〕,演劇,Aboutルール除外: 演劇
https://jpsearch.go.jp/data/nij16-1465607,〔謡本〕,演劇,Aboutルール除外: 演劇
https://jpsearch.go.jp/data/nij16-1466815,〔謡本〕,演劇,Aboutルール除外: 演劇
https://jpsearch.go.jp/data/nij16-1468140,〔謡本〕,演劇,Aboutルール除外: 演劇
https://jpsearch.go.jp/data/nij16-1469416,東渓石先生年譜,伝記,Aboutルール除外: 伝記
https://jpsearch.go.jp/data/nij16-1478166,道中画譜,絵画,Aboutルール除外: 絵画
https://jpsearch.go.jp/data/nij16-1479205,藤堂高山公年譜,伝記,Aboutルール除外: 伝記
https://jpsearch.go.jp/data/nij16-1479454,藤堂高吉譜,伝記,Aboutルール除外: 伝記
https://jpsearch.go.jp/data/nij16-1480553,藤樹年譜,総記,Aboutルール除外: 総記
https://jpsearch.go.jp/data/nij16-1484862,松平家譜録,歴史,Aboutルール除外: 歴史
https://jpsearch.go.jp/data/nij16-1484873,松平譜伝録,歴史,Aboutルール除外: 歴史
https://jpsearch.go.jp/data/nij16-1485547,将軍家譜,歴史,Aboutルール除外: 歴史
https://jpsearch.go.jp/data/nij16-1485558,将軍家譜,歴史,Aboutルール除外: 歴史
https://jpsearch.go.jp/data/nij16-1485569,将軍家譜,歴史,Aboutルール除外: 歴史
https://jpsearch.go.jp/data/nij16-1485581,将軍略譜記,歴史,Aboutルール除外: 歴史
https://jpsearch.go.jp/data/nij16-1485592,豊臣秀吉家譜録,歴史,Aboutルール除外: 歴史
https://jpsearch.go.jp/data/nij16-1485605,御当家系譜録,歴史,Aboutルール除外: 歴史
https://jpsearch.go.jp/data/nij16-1485627,御年譜,歴史,Aboutルール除外: 歴史
https://jpsearch.go.jp/data/nij16-1485638,御年譜,歴史,Aboutルール除外: 歴史
https://jpsearch.go.jp/data/nij16-1485649,御年譜附尾,歴史,Aboutルール除外: 歴史
https://jpsearch.go.jp/data/nij16-1485796,利家譜伝録,歴史,Aboutルール除外: 歴史
https://jpsearch.go.jp/data/nij16-1488137,名数画譜,国書の部--芸術--書道・絵画,Aboutルール除外: 国書の部--芸術--書道・絵画
https://jpsearch.go.jp/data/nij16-1488148,南画人物画譜,国書の部--芸術--書道・絵画,Aboutルール除外: 国書の部--芸術--書道・絵画
https://jpsearch.go.jp/data/nij16-1488193,〔謡本〕,演劇,Aboutルール除外: 演劇
https://jpsearch.go.jp/data/nij16-1488422,徳川義直御年譜,伝記,Aboutルール除外: 伝記
https://jpsearch.go.jp/data/nij16-1488671,〔観世流謡本〕,演劇,Aboutルール除外: 演劇
https://jpsearch.go.jp/data/nij16-1491436,許氏説文解字五音韻譜,漢籍,Aboutルール除外: 漢籍
https://jpsearch.go.jp/data/nij16-1492428,独妙禅師年譜補註,伝記,Aboutルール除外: 伝記
https://jpsearch.go.jp/data/nij16-1493910,土佐国老年譜,伝記,Aboutルール除外: 伝記
https://jpsearch.go.jp/data/nij16-1495621,利胤公譜,伝記,Aboutルール除外: 伝記
https://jpsearch.go.jp/data/nij16-1495870,利長公年譜,伝記,Aboutルール除外: 伝記
https://jpsearch.go.jp/data/nij16-1499032,富田年譜,伝記,Aboutルール除外: 伝記
https://jpsearch.go.jp/data/nij16-1502085,取替はや物語年立系譜,注釈,Aboutルール除外: 注釈
https://jpsearch.go.jp/data/nij16-1505357,尚久主一流歴代之譜並采邑宮城記,伝記,Aboutルール除外: 伝記
https://jpsearch.go.jp/data/nij16-1505482,直正公譜要略,伝記,Aboutルール除外: 伝記
https://jpsearch.go.jp/data/nij16-1506394,中川漁村先生行状年譜,伝記,Aboutルール除外: 伝記
https://jpsearch.go.jp/data/nij16-1506543,長湫合戦前後略譜,戦記,Aboutルール除外: 戦記
https://jpsearch.go.jp/data/nij16-1506894,長湫柳瀬合戦前後略譜,戦記,Aboutルール除外: 戦記
https://jpsearch.go.jp/data/nij16-1508470,中島雪居画譜,絵画,Aboutルール除外: 絵画
https://jpsearch.go.jp/data/nij16-1508867,長忠卿記,日記,Aboutルール除外: 日記
https://jpsearch.go.jp/data/nij16-1512567,中ノ内年譜書抜抄,伝記,Aboutルール除外: 伝記
https://jpsearch.go.jp/data/nij16-1516729,瞿麦草譜,和歌,Aboutルール除外: 和歌
https://jpsearch.go.jp/data/nij16-1518838,浪花十二月画譜,絵画,Aboutルール除外: 絵画
https://jpsearch.go.jp/data/nij16-1519740,浪速俳諧系譜,俳諧,Aboutルール除外: 俳諧
https://jpsearch.go.jp/data/nij16-1520509,藤原惣系譜並諸流之祖,家伝,Aboutルール除外: 家伝
https://jpsearch.go.jp/data/nij16-1527088,南朝伺候諸家略譜,伝記,Aboutルール除外: 伝記
https://jpsearch.go.jp/data/nij16-1528843,南溟君年譜略,伝記,Aboutルール除外: 伝記
https://jpsearch.go.jp/data/nij16-1529302,南竜院様御年譜,伝記,Aboutルール除外: 伝記
https://jpsearch.go.jp/data/nij16-1529324,南竜公譜略,伝記,Aboutルール除外: 伝記
https://jpsearch.go.jp/data/nij16-1529335,南竜公譜略,伝記,Aboutルール除外: 伝記
https://jpsearch.go.jp/data/nij16-1529697,新納忠清譜,伝記,Aboutルール除外: 伝記
https://jpsearch.go.jp/data/nij16-1529700,新納忠尭譜,伝記,Aboutルール除外: 伝記
https://jpsearch.go.jp/data/nij16-1529711,新納忠秀譜,伝記,Aboutルール除外: 伝記
https://jpsearch.go.jp/data/nij16-1529777,新納忠元譜,伝記,Aboutルール除外: 伝記
https://jpsearch.go.jp/data/nij16-1530310,帝王譜略国朝記,総記,Aboutルール除外: 総記
https://jpsearch.go.jp/data/nij16-1535611,日光御門跡御代々年譜,伝記,Aboutルール除外: 伝記
https://jpsearch.go.jp/data/nij16-153593,誹諧家譜,俳諧,Aboutルール除外: 俳諧
https://jpsearch.go.jp/data/nij16-1537173,日東周易蘇卦爻象系譜,漢学,Aboutルール除外: 漢学
https://jpsearch.go.jp/data/nij16-1540063,国音譜序,総記,Aboutルール除外: 総記
https://jpsearch.go.jp/data/nij16-1541180,帝皇略譜,歴史,Aboutルール除外: 歴史
https://jpsearch.go.jp/data/nij16-1541828,池大雅伊孚九山水画譜,芸術--絵画,Aboutルール除外: 芸術--絵画
https://jpsearch.go.jp/data/nij16-1541840,辺氏画譜,芸術--絵画,Aboutルール除外: 芸術--絵画
https://jpsearch.go.jp/data/nij16-1541851,辺氏画譜／山水部,芸術--絵画,Aboutルール除外: 芸術--絵画
https://jpsearch.go.jp/data/nij16-1543868,詩余作例／塡詞図譜,漢詩,Aboutルール除外: 漢詩
https://jpsearch.go.jp/data/nij16-1545579,丹羽家譜伝・大聖寺浅井畷之戦,戦記,Aboutルール除外: 戦記
https://jpsearch.go.jp/data/nij16-1545784,丹羽長重年譜,伝記,Aboutルール除外: 伝記
https://jpsearch.go.jp/data/nij16-1545795,丹羽長重年譜並家臣小伝,伝記,Aboutルール除外: 伝記
https://jpsearch.go.jp/data/nij16-1556985,加藤家御系譜,系譜,Aboutルール除外: 系譜
https://jpsearch.go.jp/data/nij16-1557068,家系と系譜,系譜,Aboutルール除外: 系譜
https://jpsearch.go.jp/data/nij16-1558481,太閤記,伝記,Aboutルール除外: 伝記
https://jpsearch.go.jp/data/nij16-1559428,佐久間系譜,系譜,Aboutルール除外: 系譜
https://jpsearch.go.jp/data/nij16-1565191,古今茶人系譜小伝附録,茶道,Aboutルール除外: 茶道
https://jpsearch.go.jp/data/nij16-1566285,香譜,香道,Aboutルール除外: 香道
https://jpsearch.go.jp/data/nij16-1566865,翠渓先生譜,絵画,Aboutルール除外: 絵画
https://jpsearch.go.jp/data/nij16-1567017,宗氏家譜,系譜,Aboutルール除外: 系譜
https://jpsearch.go.jp/data/nij16-1567788,善御譜伝書,馬術,Aboutルール除外: 馬術
https://jpsearch.go.jp/data/nij16-1574318,本草綱目啓蒙圖譜,歴史,Aboutルール除外: 歴史
https://jpsearch.go.jp/data/nij16-1574534,名數畫譜,芸術--書画,Aboutルール除外: 芸術--書画
https://jpsearch.go.jp/data/nij16-1576245,誹諧家譜後拾遺,俳諧_系譜,Aboutルール除外: 俳諧_系譜
https://jpsearch.go.jp/data/nij16-1576256,俳諧画譜集,俳諧,Aboutルール除外: 俳諧
https://jpsearch.go.jp/data/nij16-15816,織田信長譜,伝記,Aboutルール除外: 伝記
https://jpsearch.go.jp/data/nij16-1582134,誹諧点業家譜,俳諧_系譜,Aboutルール除外: 俳諧_系譜
https://jpsearch.go.jp/data/nij16-1582270,俳諧点譜,俳諧,Aboutルール除外: 俳諧
https://jpsearch.go.jp/data/nij16-1588201,俳句集印譜入,俳諧,Aboutルール除外: 俳諧
https://jpsearch.go.jp/data/nij16-1589817,梅道人墨竹譜,絵画,Aboutルール除外: 絵画
https://jpsearch.go.jp/data/nij16-1590507,帝王譜略国朝紀,総記,Aboutルール除外: 総記
https://jpsearch.go.jp/data/nij16-1592172,鎌倉将軍家譜,和書--歴史--系譜・伝記,Aboutルール除外: 和書--歴史--系譜・伝記
https://jpsearch.go.jp/data/nij16-1592183,豊臣秀吉譜,和書--歴史--系譜・伝記,Aboutルール除外: 和書--歴史--系譜・伝記
https://jpsearch.go.jp/data/nij16-1593186,日東魚譜,和書--自然科学,Aboutルール除外: 和書--自然科学
https://jpsearch.go.jp/data/nij16-1597859,芭蕉翁年譜,伝記,Aboutルール除外: 伝記
https://jpsearch.go.jp/data/nij16-1598023,芭蕉翁略年譜,伝記,Aboutルール除外: 伝記
https://jpsearch.go.jp/data/nij16-1599559,鉢形之由来并町田之年譜,地誌,Aboutルール除外: 地誌
https://jpsearch.go.jp/data/nij16-1600006,八丈島図譜,地誌,Aboutルール除外: 地誌
https://jpsearch.go.jp/data/nij16-1605329,初鎧源氏譜,絵本,Aboutルール除外: 絵本
https://jpsearch.go.jp/data/nij16-1614308,塙前総検校年譜,伝記,Aboutルール除外: 伝記
https://jpsearch.go.jp/data/nij16-1615481,浜松中納言物語系譜,注釈,Aboutルール除外: 注釈
https://jpsearch.go.jp/data/nij16-1615721,葉室頼要年譜,伝記,Aboutルール除外: 伝記
https://jpsearch.go.jp/data/nij16-1616393,林春斎自叙譜略,伝記,Aboutルール除外: 伝記
https://jpsearch.go.jp/data/nij16-1617476,原田環翠年譜,伝記,Aboutルール除外: 伝記
https://jpsearch.go.jp/data/nij16-1617512,原田譜,雑史,Aboutルール除外: 雑史
https://jpsearch.go.jp/data/nij16-161762,〔花押譜〕,歴史,Aboutルール除外: 歴史
https://jpsearch.go.jp/data/nij16-161784,鳳山楼印譜,歴史,Aboutルール除外: 歴史
https://jpsearch.go.jp/data/nij16-161795,咊亭印譜,歴史,Aboutルール除外: 歴史
https://jpsearch.go.jp/data/nij16-161808,椿山印譜,歴史,Aboutルール除外: 歴史
https://jpsearch.go.jp/data/nij16-1621109,治憲公年譜附録,伝記,Aboutルール除外: 伝記
https://jpsearch.go.jp/data/nij16-1621176,治広公御年譜銘目,伝記,Aboutルール除外: 伝記
https://jpsearch.go.jp/data/nij16-1622226,藩翰譜島津氏篇誤之辨,考証,Aboutルール除外: 考証
https://jpsearch.go.jp/data/nij16-1622237,藩翰譜島津伝記辨誤,考証,Aboutルール除外: 考証
https://jpsearch.go.jp/data/nij16-1622293,藩君初三代御年譜,伝記,Aboutルール除外: 伝記
https://jpsearch.go.jp/data/nij16-1623241,飯山松林君年譜,伝記,Aboutルール除外: 伝記
https://jpsearch.go.jp/data/nij16-1624802,藩祖公略譜,伝記,Aboutルール除外: 伝記
https://jpsearch.go.jp/data/nij16-1625838,藩譜拾遺抄,雑史,Aboutルール除外: 雑史
https://jpsearch.go.jp/data/nij16-1627276,檜垣通林年譜,伝記,Aboutルール除外: 伝記
https://jpsearch.go.jp/data/nij16-1629227,彦山歴代及名匠忌辰譜,伝記,Aboutルール除外: 伝記
https://jpsearch.go.jp/data/nij16-1637861,人まね道成寺,黄表紙,Aboutルール除外: 黄表紙
https://jpsearch.go.jp/data/nij16-1639301,鄙拍子,俳諧,Aboutルール除外: 俳諧
https://jpsearch.go.jp/data/nij16-1639721,日次記年譜,日記,Aboutルール除外: 日記
https://jpsearch.go.jp/data/nij16-1644048,百人一首系譜,和歌,Aboutルール除外: 和歌
https://jpsearch.go.jp/data/nij16-1646419,百花鳥譜,絵画,Aboutルール除外: 絵画
https://jpsearch.go.jp/data/nij16-1646657,百筆譜,書道,Aboutルール除外: 書道
https://jpsearch.go.jp/data/nij16-165753,群賢押譜,花押,Aboutルール除外: 花押
https://jpsearch.go.jp/data/nij16-1657905,笛之譜,楽譜,Aboutルール除外: 楽譜
https://jpsearch.go.jp/data/nij16-1658022,譜外城領録,地誌,Aboutルール除外: 地誌
https://jpsearch.go.jp/data/nij16-1658817,富岳雪譜,地誌,Aboutルール除外: 地誌
https://jpsearch.go.jp/data/nij16-1660828,南部歴代譜録,歴史,Aboutルール除外: 歴史
https://jpsearch.go.jp/data/nij16-1662619,普賢院寿諦禅尼年譜,伝記,Aboutルール除外: 伝記
https://jpsearch.go.jp/data/nij16-166574,芸苑譜,漢詩,Aboutルール除外: 漢詩
https://jpsearch.go.jp/data/nij16-166585,芸苑譜,漢詩,Aboutルール除外: 漢詩
https://jpsearch.go.jp/data/nij16-166621,桂花園墨譜,書道,Aboutルール除外: 書道
https://jpsearch.go.jp/data/nij16-1666304,普照国師年譜,伝記,Aboutルール除外: 伝記
https://jpsearch.go.jp/data/nij16-1666315,普照国師譜略,伝記,Aboutルール除外: 伝記
https://jpsearch.go.jp/data/nij16-1666791,藤原内府公年譜,伝記,Aboutルール除外: 伝記
https://jpsearch.go.jp/data/nij16-1668286,扶桑名公画譜,絵画_伝記,Aboutルール除外: 絵画_伝記
https://jpsearch.go.jp/data/nij16-1670048,御写本譜,総記,Aboutルール除外: 総記
https://jpsearch.go.jp/data/nij16-1670571,帝王譜略国朝紀,総記,Aboutルール除外: 総記
https://jpsearch.go.jp/data/nij16-1672055,将軍家譜,歴史--日本史,Aboutルール除外: 歴史--日本史
https://jpsearch.go.jp/data/nij16-1672077,京都将軍家譜,歴史--日本史,Aboutルール除外: 歴史--日本史
https://jpsearch.go.jp/data/nij16-1672088,信長譜,歴史--日本史,Aboutルール除外: 歴史--日本史
https://jpsearch.go.jp/data/nij16-1672099,豊臣秀吉譜,歴史--日本史,Aboutルール除外: 歴史--日本史
https://jpsearch.go.jp/data/nij16-1672102,豊臣秀吉譜,歴史--日本史,Aboutルール除外: 歴史--日本史
https://jpsearch.go.jp/data/nij16-1672113,万世家譜,歴史--日本史,Aboutルール除外: 歴史--日本史
https://jpsearch.go.jp/data/nij16-1672124,藩翰譜,歴史--日本史,Aboutルール除外: 歴史--日本史
https://jpsearch.go.jp/data/nij16-1673241,譜伝実録,雑史,Aboutルール除外: 雑史
https://jpsearch.go.jp/data/nij16-1674802,賦譜・文筆要決,漢詩,Aboutルール除外: 漢詩
https://jpsearch.go.jp/data/nij16-1677038,武陽観場画譜,絵画,Aboutルール除外: 絵画
https://jpsearch.go.jp/data/nij16-1677583,譜略,伝記,Aboutルール除外: 伝記
https://jpsearch.go.jp/data/nij16-1679896,文化年間藩侯日譜,日記,Aboutルール除外: 日記
https://jpsearch.go.jp/data/nij16-1680791,安政四年丁巳／御家譜,紋章,Aboutルール除外: 紋章
https://jpsearch.go.jp/data/nij16-1682286,俳諧家譜後拾遺,俳諧,Aboutルール除外: 俳諧
https://jpsearch.go.jp/data/nij16-1683314,豊家伝授四大曲譜,楽譜,Aboutルール除外: 楽譜
https://jpsearch.go.jp/data/nij16-1688091,平城天皇御年譜,伝記,Aboutルール除外: 伝記
https://jpsearch.go.jp/data/nij16-1692100,抱一画譜,絵画,Aboutルール除外: 絵画
https://jpsearch.go.jp/data/nij16-1692122,抱一上人画譜,絵画,Aboutルール除外: 絵画
https://jpsearch.go.jp/data/nij16-1692291,法雲明洞禅師年譜,伝記,Aboutルール除外: 伝記
https://jpsearch.go.jp/data/nij16-1693249,鳳音譜,楽譜,Aboutルール除外: 楽譜
https://jpsearch.go.jp/data/nij16-1696522,鳳笙管弦之秘譜,楽譜,Aboutルール除外: 楽譜
https://jpsearch.go.jp/data/nij16-1696657,鳳笙五十五曲之譜,楽譜,Aboutルール除外: 楽譜
https://jpsearch.go.jp/data/nij16-1696680,鳳笙古譜,楽譜,Aboutルール除外: 楽譜
https://jpsearch.go.jp/data/nij16-1696828,豊城世譜,雑史,Aboutルール除外: 雑史
https://jpsearch.go.jp/data/nij16-1696953,鳳笙稚譜,楽譜,Aboutルール除外: 楽譜
https://jpsearch.go.jp/data/nij16-1696964,鳳笙中小曲譜,楽譜,Aboutルール除外: 楽譜
https://jpsearch.go.jp/data/nij16-1696975,鳳簫調子安譜註,楽譜,Aboutルール除外: 楽譜
https://jpsearch.go.jp/data/nij16-1696986,鳳笙調譜,楽譜,Aboutルール除外: 楽譜
https://jpsearch.go.jp/data/nij16-1697161,鳳笙要略譜,楽譜,Aboutルール除外: 楽譜
https://jpsearch.go.jp/data/nij16-1697183,鳳笙略譜,楽譜,Aboutルール除外: 楽譜
https://jpsearch.go.jp/data/nij16-1697285,鳳笙竜笛譜,楽譜,Aboutルール除外: 楽譜
https://jpsearch.go.jp/data/nij16-1697296,鳳笙呂律秘譜,楽譜,Aboutルール除外: 楽譜
https://jpsearch.go.jp/data/nij16-1698142,芳中画譜,絵画,Aboutルール除外: 絵画
https://jpsearch.go.jp/data/nij16-1699214,法然年譜,伝記,Aboutルール除外: 伝記
https://jpsearch.go.jp/data/nij16-1700692,鳳鳴譜,楽譜,Aboutルール除外: 楽譜
https://jpsearch.go.jp/data/nij16-1700705,鳳鳴譜／壱越調・平調・雙調,楽譜,Aboutルール除外: 楽譜
https://jpsearch.go.jp/data/nij16-1702370,芳烈公年譜草稿,伝記,Aboutルール除外: 伝記
https://jpsearch.go.jp/data/nij16-17027,海僊画譜,絵画,Aboutルール除外: 絵画
https://jpsearch.go.jp/data/nij16-1703088,北斎画譜,絵画,Aboutルール除外: 絵画
https://jpsearch.go.jp/data/nij16-1703135,北斎写真画譜,絵画,Aboutルール除外: 絵画
https://jpsearch.go.jp/data/nij16-1703259,北斎道中画譜,絵画,Aboutルール除外: 絵画
https://jpsearch.go.jp/data/nij16-1704285,墨池掌譜,書道,Aboutルール除外: 書道
https://jpsearch.go.jp/data/nij16-1704694,北明画譜,絵画,Aboutルール除外: 絵画
https://jpsearch.go.jp/data/nij16-1705028,墨蘭譜,絵画,Aboutルール除外: 絵画
https://jpsearch.go.jp/data/nij16-1706656,細川忠興公御年譜,伝記,Aboutルール除外: 伝記
https://jpsearch.go.jp/data/nij16-1706689,細川忠興年譜抜萃,伝記,Aboutルール除外: 伝記
https://jpsearch.go.jp/data/nij16-1706690,細川忠興譜附録,伝記,Aboutルール除外: 伝記
https://jpsearch.go.jp/data/nij16-1706725,細川／綱利公御年譜,伝記,Aboutルール除外: 伝記
https://jpsearch.go.jp/data/nij16-1707411,法橋／玉山画譜,絵画,Aboutルール除外: 絵画
https://jpsearch.go.jp/data/nij16-1708312,北行日譜,紀行,Aboutルール除外: 紀行
https://jpsearch.go.jp/data/nij16-1709440,ほと拍子,俳諧,Aboutルール除外: 俳諧
https://jpsearch.go.jp/data/nij16-1709860,堀頤貞先生年譜稿本,伝記,Aboutルール除外: 伝記
https://jpsearch.go.jp/data/nij16-1710925,本願寺宗主年譜,伝記,Aboutルール除外: 伝記
https://jpsearch.go.jp/data/nij16-1711677,本照院宮御年譜,伝記,Aboutルール除外: 伝記
https://jpsearch.go.jp/data/nij16-17130,貝尽浦の錦,本草,Aboutルール除外: 本草
https://jpsearch.go.jp/data/nij16-1713402,本朝女帝年譜／上代,伝記,Aboutルール除外: 伝記
https://jpsearch.go.jp/data/nij16-1714347,本朝名画伝并印譜,印章,Aboutルール除外: 印章
https://jpsearch.go.jp/data/nij16-1714643,本鎮侯年譜,伝記,Aboutルール除外: 伝記
https://jpsearch.go.jp/data/nij16-1715022,本藩歴譜同公族譜目録,系譜_目録,Aboutルール除外: 系譜_目録
https://jpsearch.go.jp/data/nij16-1715577,売茶東牛翁年譜,伝記,Aboutルール除外: 伝記
https://jpsearch.go.jp/data/nij16-1716694,前田年譜,伝記,Aboutルール除外: 伝記
https://jpsearch.go.jp/data/nij16-1721900,松平越中守源定綱公年譜略,伝記,Aboutルール除外: 伝記
https://jpsearch.go.jp/data/nij16-1721966,松平容敬年譜,伝記,Aboutルール除外: 伝記
https://jpsearch.go.jp/data/nij16-1722061,松平定綱略譜,伝記,Aboutルール除外: 伝記
https://jpsearch.go.jp/data/nij16-1722118,松平氏御年譜,伝記,Aboutルール除外: 伝記
https://jpsearch.go.jp/data/nij16-1722254,松平直政年譜,伝記,Aboutルール除外: 伝記
https://jpsearch.go.jp/data/nij16-1722323,松平光悌君御譜草稿,伝記,Aboutルール除外: 伝記
https://jpsearch.go.jp/data/nij16-1724910,松山年譜,雑史,Aboutルール除外: 雑史
https://jpsearch.go.jp/data/nij16-1727942,卍翁艸筆画譜,絵画,Aboutルール除外: 絵画
https://jpsearch.go.jp/data/nij16-173740,硯譜,書道,Aboutルール除外: 書道
https://jpsearch.go.jp/data/nij16-1743517,光尚公御年譜書抜,伝記,Aboutルール除外: 伝記
https://jpsearch.go.jp/data/nij16-1743675,光政公筆御年譜写,伝記,Aboutルール除外: 伝記
https://jpsearch.go.jp/data/nij16-1743686,光政公筆御年譜覚書,伝記,Aboutルール除外: 伝記
https://jpsearch.go.jp/data/nij16-1749684,■梅枝伝譜,黄表紙,Aboutルール除外: 黄表紙
https://jpsearch.go.jp/data/nij16-1750090,鳴門画譜,絵画,Aboutルール除外: 絵画
https://jpsearch.go.jp/data/nij16-1751980,面山和尚年譜,伝記,Aboutルール除外: 伝記
https://jpsearch.go.jp/data/nij16-1752109,綿譜,楽譜,Aboutルール除外: 楽譜
https://jpsearch.go.jp/data/nij16-1754456,孟子年譜,伝記,Aboutルール除外: 伝記
https://jpsearch.go.jp/data/nij16-1754467,孟子年譜,伝記,Aboutルール除外: 伝記
https://jpsearch.go.jp/data/nij16-1755437,毛利氏公子譜録,伝記,Aboutルール除外: 伝記
https://jpsearch.go.jp/data/nij16-1756065,黙山和尚年譜,伝記,Aboutルール除外: 伝記
https://jpsearch.go.jp/data/nij16-1756098,黙子和尚年譜,伝記,Aboutルール除外: 伝記
https://jpsearch.go.jp/data/nij16-1757353,本居内遠年譜,伝記,Aboutルール除外: 伝記
https://jpsearch.go.jp/data/nij16-1757864,元春略譜,伝記,Aboutルール除外: 伝記
https://jpsearch.go.jp/data/nij16-1757933,基政譜,楽譜,Aboutルール除外: 楽譜
https://jpsearch.go.jp/data/nij16-1762545,門院譜,伝記,Aboutルール除外: 伝記
https://jpsearch.go.jp/data/nij16-1763593,主水佑鍋島茂里譜,伝記,Aboutルール除外: 伝記
https://jpsearch.go.jp/data/nij16-1766401,役者師弟系譜,演劇,Aboutルール除外: 演劇
https://jpsearch.go.jp/data/nij16-1771079,豊臣秀吉譜,歴史,Aboutルール除外: 歴史
https://jpsearch.go.jp/data/nij16-1771091,京都将軍家譜,歴史,Aboutルール除外: 歴史
https://jpsearch.go.jp/data/nij16-1771104,鎌倉将軍家譜,歴史,Aboutルール除外: 歴史
https://jpsearch.go.jp/data/nij16-1771739,東音譜,語学,Aboutルール除外: 語学
https://jpsearch.go.jp/data/nij16-1773280,山鹿家譜,系譜_日記,Aboutルール除外: 系譜_日記
https://jpsearch.go.jp/data/nij16-1778296,山井流琴譜,楽譜,Aboutルール除外: 楽譜
https://jpsearch.go.jp/data/nij16-1779095,山本神右衛門重澄法名孝白善忠年譜,伝記,Aboutルール除外: 伝記
https://jpsearch.go.jp/data/nij16-1779108,山本神右衛門常朝年譜,伝記,Aboutルール除外: 伝記
https://jpsearch.go.jp/data/nij16-177946,考古画譜,絵画,Aboutルール除外: 絵画
https://jpsearch.go.jp/data/nij16-1780832,琴曲洋峨／撫箏雅譜集,演劇,Aboutルール除外: 演劇
https://jpsearch.go.jp/data/nij16-1782725,幽谷先生略譜,伝記,Aboutルール除外: 伝記
https://jpsearch.go.jp/data/nij16-1782770,幽斎公年譜,伝記,Aboutルール除外: 伝記
https://jpsearch.go.jp/data/nij16-1782850,融斎翎毛譜,絵画,Aboutルール除外: 絵画
https://jpsearch.go.jp/data/nij16-1782952,有山堂画譜,絵画,Aboutルール除外: 絵画
https://jpsearch.go.jp/data/nij16-1783320,有章公譜,伝記,Aboutルール除外: 伝記
https://jpsearch.go.jp/data/nij16-178370,高氏研譜,書道,Aboutルール除外: 書道
https://jpsearch.go.jp/data/nij16-178381,公私古印譜,印章,Aboutルール除外: 印章
https://jpsearch.go.jp/data/nij16-1784436,有徳公譜,伝記,Aboutルール除外: 伝記
https://jpsearch.go.jp/data/nij16-1785257,幽蘭堂年譜,伝記,Aboutルール除外: 伝記
https://jpsearch.go.jp/data/nij16-1785268,幽蘭堂年譜抄,伝記,Aboutルール除外: 伝記
https://jpsearch.go.jp/data/nij16-1785279,幽蘭譜別記,楽譜,Aboutルール除外: 楽譜
https://jpsearch.go.jp/data/nij16-1785882,雪女譜鉢木,絵本,Aboutルール除外: 絵本
https://jpsearch.go.jp/data/nij16-1793051,鷹峰和尚年譜,伝記,Aboutルール除外: 伝記
https://jpsearch.go.jp/data/nij16-1793700,横川堂舎并各坊世譜,伝記,Aboutルール除外: 伝記
https://jpsearch.go.jp/data/nij16-1795773,義高年譜,伝記,Aboutルール除外: 伝記
https://jpsearch.go.jp/data/nij16-1796696,義経略譜,伝記,Aboutルール除外: 伝記
https://jpsearch.go.jp/data/nij16-1797484,義宣家譜,伝記,Aboutルール除外: 伝記
https://jpsearch.go.jp/data/nij16-1797779,吉徳公御年譜,伝記,Aboutルール除外: 伝記
https://jpsearch.go.jp/data/nij16-180790,弘法大師弟子譜,真言,Aboutルール除外: 真言
https://jpsearch.go.jp/data/nij16-1809569,三輪流神道灌頂附楽譜集,楽譜,Aboutルール除外: 楽譜
https://jpsearch.go.jp/data/nij16-1810737,華山翁蘭竹畫譜,画帖,Aboutルール除外: 画帖
https://jpsearch.go.jp/data/nij16-1810920,北齋画譜,画帖,Aboutルール除外: 画帖
https://jpsearch.go.jp/data/nij16-1811423,下掛寳生流謡本,雑書,Aboutルール除外: 雑書
https://jpsearch.go.jp/data/nij16-1811434,下掛寳生流謡本,雑書,Aboutルール除外: 雑書
https://jpsearch.go.jp/data/nij16-1812437,無間鐘梅枝伝譜,黄表紙,Aboutルール除外: 黄表紙
https://jpsearch.go.jp/data/nij16-1813894,無着道忠禅師年譜,伝記,Aboutルール除外: 伝記
https://jpsearch.go.jp/data/nij16-1813918,無着妙融大和尚年譜,伝記,Aboutルール除外: 伝記
https://jpsearch.go.jp/data/nij16-1818719,室鳩巣先生年譜,伝記,Aboutルール除外: 伝記
https://jpsearch.go.jp/data/nij16-1820606,藩翰譜,家伝,Aboutルール除外: 家伝
https://jpsearch.go.jp/data/nij16-1821154,本草図譜,自然科学--薬学,Aboutルール除外: 自然科学--薬学
https://jpsearch.go.jp/data/nij16-1823047,羅漢印譜,印章,Aboutルール除外: 印章
https://jpsearch.go.jp/data/nij16-1823218,楽翁公一代略譜,伝記,Aboutルール除外: 伝記
https://jpsearch.go.jp/data/nij16-1824471,羅山先生年譜,伝記,Aboutルール除外: 伝記
https://jpsearch.go.jp/data/nij16-1824608,落欵譜,俳諧,Aboutルール除外: 俳諧
https://jpsearch.go.jp/data/nij16-1825054,蘭画譜,絵画,Aboutルール除外: 絵画
https://jpsearch.go.jp/data/nij16-1828064,理源大師御年譜,伝記,Aboutルール除外: 伝記
https://jpsearch.go.jp/data/nij16-1828100,俚諺譜,伝記,Aboutルール除外: 伝記
https://jpsearch.go.jp/data/nij16-1830235,柳営御年譜附尾,伝記,Aboutルール除外: 伝記
https://jpsearch.go.jp/data/nij16-183040,東福寺開山／聖一國師年譜,宗教--仏教,Aboutルール除外: 宗教--仏教
https://jpsearch.go.jp/data/nij16-1830531,竜淵寺歴住略年譜,伝記,Aboutルール除外: 伝記
https://jpsearch.go.jp/data/nij16-1831852,竜吟仮名譜,楽譜,Aboutルール除外: 楽譜
https://jpsearch.go.jp/data/nij16-1832902,竜造寺隆信譜,伝記,Aboutルール除外: 伝記
https://jpsearch.go.jp/data/nij16-183379,紫巖譜略,宗教--仏教,Aboutルール除外: 宗教--仏教
https://jpsearch.go.jp/data/nij16-1834771,亮英法師年譜事蹟記,伝記,Aboutルール除外: 伝記
https://jpsearch.go.jp/data/nij16-1837678,梁麗日譜,日記,Aboutルール除外: 日記
https://jpsearch.go.jp/data/nij16-1838024,呂氏系譜,漢学,Aboutルール除外: 漢学
https://jpsearch.go.jp/data/nij16-1838842,林谷詩鈔,漢詩,Aboutルール除外: 漢詩
https://jpsearch.go.jp/data/nij16-1838966,林氏三先生年譜,伝記,Aboutルール除外: 伝記
https://jpsearch.go.jp/data/nij16-1839607,霊隠妙応禅師年譜,伝記,Aboutルール除外: 伝記
https://jpsearch.go.jp/data/nij16-1839641,輪王寺御室御歴代御年譜,伝記,Aboutルール除外: 伝記
https://jpsearch.go.jp/data/nij16-1839652,輪王寺守澄尊敬法親王年譜,伝記,Aboutルール除外: 伝記
https://jpsearch.go.jp/data/nij16-1839674,輪王寺宮御年譜,伝記,Aboutルール除外: 伝記
https://jpsearch.go.jp/data/nij16-1839696,輪王寺宮年譜,伝記,Aboutルール除外: 伝記
https://jpsearch.go.jp/data/nij16-1839787,霖竜和尚年譜並行実,伝記,Aboutルール除外: 伝記
https://jpsearch.go.jp/data/nij16-1839823,林麓画譜,絵画,Aboutルール除外: 絵画
https://jpsearch.go.jp/data/nij16-18406,活語断続譜,文法,Aboutルール除外: 文法
https://jpsearch.go.jp/data/nij16-1840831,藩翰譜,アイヌ関係,Aboutルール除外: アイヌ関係
https://jpsearch.go.jp/data/nij16-1840864,藩祖前譜,アイヌ関係,Aboutルール除外: アイヌ関係
https://jpsearch.go.jp/data/nij16-1841618,霊雲開山浄厳和尚年譜,伝記,Aboutルール除外: 伝記
https://jpsearch.go.jp/data/nij16-1842111,霊空和尚年譜,伝記,Aboutルール除外: 伝記
https://jpsearch.go.jp/data/nij16-1842428,霊光禅師年譜,伝記,Aboutルール除外: 伝記
https://jpsearch.go.jp/data/nij16-184316,弘法大師弟子譜,宗教--仏教,Aboutルール除外: 宗教--仏教
https://jpsearch.go.jp/data/nij16-1844322,歴代藩公年譜,伝記,Aboutルール除外: 伝記
https://jpsearch.go.jp/data/nij16-1845132,烈祖年譜,伝記,Aboutルール除外: 伝記
https://jpsearch.go.jp/data/nij16-1851714,鬼頭氏系図譜,歴史,Aboutルール除外: 歴史
https://jpsearch.go.jp/data/nij16-1852660,六段／本調子,楽譜,Aboutルール除外: 楽譜
https://jpsearch.go.jp/data/nij16-1856617,竹譜,芸術--書・画,Aboutルール除外: 芸術--書・画
https://jpsearch.go.jp/data/nij16-1856811,茶人大系譜,芸術--茶湯・生花,Aboutルール除外: 芸術--茶湯・生花
https://jpsearch.go.jp/data/nij16-1856822,茶花押譜,芸術--茶湯・生花,Aboutルール除外: 芸術--茶湯・生花
https://jpsearch.go.jp/data/nij16-1863247,名数画譜,芸術--絵画,Aboutルール除外: 芸術--絵画
https://jpsearch.go.jp/data/nij16-1863281,融斎画譜,芸術--絵画,Aboutルール除外: 芸術--絵画
https://jpsearch.go.jp/data/nij16-1863292,皴石法／山水徴,芸術--絵画,Aboutルール除外: 芸術--絵画
https://jpsearch.go.jp/data/nij16-1863338,印籠譜,国書之部--芸術--工芸,Aboutルール除外: 国書之部--芸術--工芸
https://jpsearch.go.jp/data/nij16-1866371,吾藩譜牒政蹟,系譜,Aboutルール除外: 系譜
https://jpsearch.go.jp/data/nij16-1866439,和歌披講並郢曲墨譜,楽譜,Aboutルール除外: 楽譜
https://jpsearch.go.jp/data/nij16-1866440,和歌披講之譜,楽譜,Aboutルール除外: 楽譜
https://jpsearch.go.jp/data/nij16-1868822,和漢鍼医譜,伝記,Aboutルール除外: 伝記
https://jpsearch.go.jp/data/nij16-1869381,龢漢名筆画譜,絵画,Aboutルール除外: 絵画
https://jpsearch.go.jp/data/nij16-1870151,加藤家御系譜,郷土資料_筆書,Aboutルール除外: 郷土資料_筆書
https://jpsearch.go.jp/data/nij16-1870231,家系と系譜,郷土資料_筆書,Aboutルール除外: 郷土資料_筆書
https://jpsearch.go.jp/data/nij16-1870399,水口藩士先祖系譜録,郷土資料_筆書,Aboutルール除外: 郷土資料_筆書
https://jpsearch.go.jp/data/nij16-1871278,帝皇略譜,歴史,Aboutルール除外: 歴史
https://jpsearch.go.jp/data/nij16-1871290,豊臣秀吉譜,歴史,Aboutルール除外: 歴史
https://jpsearch.go.jp/data/nij16-1874824,藤樹先生年譜,歴史,Aboutルール除外: 歴史
https://jpsearch.go.jp/data/nij16-1874959,校刻／藩翰譜,歴史,Aboutルール除外: 歴史
https://jpsearch.go.jp/data/nij16-1877481,古押譜,美術,Aboutルール除外: 美術
https://jpsearch.go.jp/data/nij16-1877630,八雲琴譜,美術,Aboutルール除外: 美術
https://jpsearch.go.jp/data/nij16-1880906,藩翰譜,歴史,Aboutルール除外: 歴史
https://jpsearch.go.jp/data/nij16-1880940,織田信長譜,歴史,Aboutルール除外: 歴史
https://jpsearch.go.jp/data/nij16-1880951,大閤記,歴史,Aboutルール除外: 歴史
https://jpsearch.go.jp/data/nij16-1880962,豊臣秀吉譜,歴史,Aboutルール除外: 歴史
https://jpsearch.go.jp/data/nij16-1881841,鏨工譜略,芸術--工芸,Aboutルール除外: 芸術--工芸
https://jpsearch.go.jp/data/nij16-1882106,無拍子流和序／他,芸術--武芸,Aboutルール除外: 芸術--武芸
https://jpsearch.go.jp/data/nij16-1886711,医家多紀氏系譜及記録,家伝,Aboutルール除外: 家伝
https://jpsearch.go.jp/data/nij16-1887189,医家藩翰譜,系譜,Aboutルール除外: 系譜
https://jpsearch.go.jp/data/nij16-1887225,医家譜,系譜,Aboutルール除外: 系譜
https://jpsearch.go.jp/data/nij16-1887543,医官家譜,系譜,Aboutルール除外: 系譜
https://jpsearch.go.jp/data/nij16-1887894,伊木家譜,系譜,Aboutルール除外: 系譜
https://jpsearch.go.jp/data/nij16-1888535,医業家譜,系譜,Aboutルール除外: 系譜
https://jpsearch.go.jp/data/nij16-1888546,医業家譜元起,系譜,Aboutルール除外: 系譜
https://jpsearch.go.jp/data/nij16-1889436,異魚奇獣譜,本草,Aboutルール除外: 本草
https://jpsearch.go.jp/data/nij16-1889481,異魚図譜,魚介,Aboutルール除外: 魚介
https://jpsearch.go.jp/data/nij16-189333,廓中艶譜,語学,Aboutルール除外: 語学
https://jpsearch.go.jp/data/nij16-1894526,雪譜,天文・暦・測量・航海・地方・度量衡・雑,Aboutルール除外: 天文・暦・測量・航海・地方・度量衡・雑
https://jpsearch.go.jp/data/nij16-18962,鎌倉将軍家譜,伝記,Aboutルール除外: 伝記
https://jpsearch.go.jp/data/nij16-1896986,生駒家譜正疑論,家伝,Aboutルール除外: 家伝
https://jpsearch.go.jp/data/nij16-189731,粟島譜嫁入雛形,語学,Aboutルール除外: 語学
https://jpsearch.go.jp/data/nij16-1898540,石井家譜,系譜,Aboutルール除外: 系譜
https://jpsearch.go.jp/data/nij16-1898915,医師家譜,系譜,Aboutルール除外: 系譜
https://jpsearch.go.jp/data/nij16-1898960,石川伊織家譜,系譜,Aboutルール除外: 系譜
https://jpsearch.go.jp/data/nij16-1898971,石川伊織組士家譜,系譜,Aboutルール除外: 系譜
https://jpsearch.go.jp/data/nij16-1899009,石川家譜,系譜,Aboutルール除外: 系譜
https://jpsearch.go.jp/data/nij16-1899010,石川家譜,系譜,Aboutルール除外: 系譜
https://jpsearch.go.jp/data/nij16-1899203,石川権兵衛／其他／家譜,系譜,Aboutルール除外: 系譜
https://jpsearch.go.jp/data/nij16-1902745,草木性譜,医学,Aboutルール除外: 医学
https://jpsearch.go.jp/data/nij16-1904832,伊豆本草譜,本草,Aboutルール除外: 本草
https://jpsearch.go.jp/data/nij16-1905197,出雲国造系譜考,系譜,Aboutルール除外: 系譜
https://jpsearch.go.jp/data/nij16-1905200,出雲国造世系譜,系譜,Aboutルール除外: 系譜
https://jpsearch.go.jp/data/nij16-190556,藝苑譜,文学・語学--文集・随筆・雑考,Aboutルール除外: 文学・語学--文集・随筆・雑考
https://jpsearch.go.jp/data/nij16-1906247,医聖書院合薬房略方譜,薬物,Aboutルール除外: 薬物
https://jpsearch.go.jp/data/nij16-1907933,伊勢家花押譜,花押,Aboutルール除外: 花押
https://jpsearch.go.jp/data/nij16-1909893,会津石譜,考古,Aboutルール除外: 考古
https://jpsearch.go.jp/data/nij16-1909906,会津石譜／巻之四彫刻類,考古,Aboutルール除外: 考古
https://jpsearch.go.jp/data/nij16-1909951,会津年譜残欠,年譜,Aboutルール除外: 年譜
https://jpsearch.go.jp/data/nij16-1910141,年譜書,国書等和装本--郷土資料--論文集・講演集,Aboutルール除外: 国書等和装本--郷土資料--論文集・講演集
https://jpsearch.go.jp/data/nij16-1913979,神樂歌入文／催馬樂譜入文,文学--日本文学--詩歌,Aboutルール除外: 文学--日本文学--詩歌
https://jpsearch.go.jp/data/nij16-1913980,青山家譜,系譜,Aboutルール除外: 系譜
https://jpsearch.go.jp/data/nij16-1913991,青山家譜,系譜,Aboutルール除外: 系譜
https://jpsearch.go.jp/data/nij16-1914858,唐音和解音曲笛譜,文学--日本文学--詩歌,Aboutルール除外: 文学--日本文学--詩歌
https://jpsearch.go.jp/data/nij16-1914870,塡詞図譜,文学--日本文学--詩歌,Aboutルール除外: 文学--日本文学--詩歌
https://jpsearch.go.jp/data/nij16-1915453,書畫譜略,漢籍,Aboutルール除外: 漢籍
https://jpsearch.go.jp/data/nij16-1915839,赤松宇野春名氏族譜,系譜,Aboutルール除外: 系譜
https://jpsearch.go.jp/data/nij16-1916047,赤松氏族譜,系譜,Aboutルール除外: 系譜
https://jpsearch.go.jp/data/nij16-1916070,赤松族譜集,系譜,Aboutルール除外: 系譜
https://jpsearch.go.jp/data/nij16-1916149,赤松略譜,系譜,Aboutルール除外: 系譜
https://jpsearch.go.jp/data/nij16-1916456,秋月家譜,系譜,Aboutルール除外: 系譜
https://jpsearch.go.jp/data/nij16-1916503,秋月御年譜,藩史,Aboutルール除外: 藩史
https://jpsearch.go.jp/data/nij16-1916683,秋田家譜,系譜,Aboutルール除外: 系譜
https://jpsearch.go.jp/data/nij16-1917584,秋元家譜,系譜,Aboutルール除外: 系譜
https://jpsearch.go.jp/data/nij16-1917595,秋元家譜,系譜,Aboutルール除外: 系譜
https://jpsearch.go.jp/data/nij16-1917686,秋元世譜,系譜,Aboutルール除外: 系譜
https://jpsearch.go.jp/data/nij16-1919568,朝比奈氏家譜,系譜,Aboutルール除外: 系譜
https://jpsearch.go.jp/data/nij16-1919795,朝顔花譜,本草,Aboutルール除外: 本草
https://jpsearch.go.jp/data/nij16-1919808,朝顔奇花譜,本草,Aboutルール除外: 本草
https://jpsearch.go.jp/data/nij16-1919966,朝顔図譜,本草,Aboutルール除外: 本草
https://jpsearch.go.jp/data/nij16-1919977,朝顔図譜,本草,Aboutルール除外: 本草
https://jpsearch.go.jp/data/nij16-1923337,足利家譜,系譜,Aboutルール除外: 系譜
https://jpsearch.go.jp/data/nij16-1923553,足利将軍系譜,系譜,Aboutルール除外: 系譜
https://jpsearch.go.jp/data/nij16-1923655,足利高経以下代々家譜,系譜,Aboutルール除外: 系譜
https://jpsearch.go.jp/data/nij16-1923713,足利譜略,家伝,Aboutルール除外: 家伝
https://jpsearch.go.jp/data/nij16-1925775,御年譜,歴史,Aboutルール除外: 歴史
https://jpsearch.go.jp/data/nij16-1925822,北越雪譜,国書--地理--日本地誌--地方誌,Aboutルール除外: 国書--地理--日本地誌--地方誌
https://jpsearch.go.jp/data/nij16-1927113,山水画譜／伊孚九,芸術--書画,Aboutルール除外: 芸術--書画
https://jpsearch.go.jp/data/nij16-1927124,福善斎画譜,芸術--書画,Aboutルール除外: 芸術--書画
https://jpsearch.go.jp/data/nij16-1927168,華山翁蘭竹画譜,芸術--書画,Aboutルール除外: 芸術--書画
https://jpsearch.go.jp/data/nij16-1927204,海仙画譜,芸術--書画,Aboutルール除外: 芸術--書画
https://jpsearch.go.jp/data/nij16-1927475,花譜,博物,Aboutルール除外: 博物
https://jpsearch.go.jp/data/nij16-1928490,阿蘇家譜,系譜,Aboutルール除外: 系譜
https://jpsearch.go.jp/data/nij16-1929460,新家譜,系譜,Aboutルール除外: 系譜
https://jpsearch.go.jp/data/nij16-1935655,余目氏家譜略,系譜,Aboutルール除外: 系譜
https://jpsearch.go.jp/data/nij16-1937775,阿弥陀三昧／譜付,真言,Aboutルール除外: 真言
https://jpsearch.go.jp/data/nij16-1940723,虫豸図譜,自然科学--動物学,Aboutルール除外: 自然科学--動物学
https://jpsearch.go.jp/data/nij16-1940734,虫譜図説,自然科学--動物学,Aboutルール除外: 自然科学--動物学
https://jpsearch.go.jp/data/nij16-1941362,花譜,自然科学--薬学--本草学,Aboutルール除外: 自然科学--薬学--本草学
https://jpsearch.go.jp/data/nij16-1941395,菌譜,自然科学--薬学--本草学,Aboutルール除外: 自然科学--薬学--本草学
https://jpsearch.go.jp/data/nij16-1941486,救荒野譜啓蒙,自然科学--薬学--本草学,Aboutルール除外: 自然科学--薬学--本草学
https://jpsearch.go.jp/data/nij16-1941599,信陽菌譜,自然科学--薬学--本草学,Aboutルール除外: 自然科学--薬学--本草学
https://jpsearch.go.jp/data/nij16-1941657,諸菜譜,自然科学--薬学--本草学,Aboutルール除外: 自然科学--薬学--本草学
https://jpsearch.go.jp/data/nij16-1941668,諸菜譜,自然科学--薬学--本草学,Aboutルール除外: 自然科学--薬学--本草学
https://jpsearch.go.jp/data/nij16-1941726,草木花実写真図譜,自然科学--薬学--本草学,Aboutルール除外: 自然科学--薬学--本草学
https://jpsearch.go.jp/data/nij16-1941737,草木花実写真図譜,自然科学--薬学--本草学,Aboutルール除外: 自然科学--薬学--本草学
https://jpsearch.go.jp/data/nij16-1941748,草木性譜,自然科学--薬学--本草学,Aboutルール除外: 自然科学--薬学--本草学
https://jpsearch.go.jp/data/nij16-1943788,植物図譜,産業--園芸,Aboutルール除外: 産業--園芸
https://jpsearch.go.jp/data/nij16-1943926,金生樹譜,園芸,Aboutルール除外: 園芸
https://jpsearch.go.jp/data/nij16-1943937,金生樹譜／万年生譜,園芸,Aboutルール除外: 園芸
https://jpsearch.go.jp/data/nij16-1944087,菊花写生図譜,園芸,Aboutルール除外: 園芸
https://jpsearch.go.jp/data/nij16-1944189,松葉蘭譜,園芸,Aboutルール除外: 園芸
https://jpsearch.go.jp/data/nij16-1944747,草名集,文学,Aboutルール除外: 文学
https://jpsearch.go.jp/data/nij16-1948716,遠西医範眼目篇訳図譜校訂,自然科学--眼科学,Aboutルール除外: 自然科学--眼科学
https://jpsearch.go.jp/data/nij16-1952143,安藤家譜,系譜,Aboutルール除外: 系譜
https://jpsearch.go.jp/data/nij16-1952154,安藤家譜,系譜,Aboutルール除外: 系譜
https://jpsearch.go.jp/data/nij16-1952529,鞍鐙彫刻系譜,馬具,Aboutルール除外: 馬具
https://jpsearch.go.jp/data/nij16-1953000,安中藩翰譜,藩史,Aboutルール除外: 藩史
https://jpsearch.go.jp/data/nij16-1954809,鎌倉将軍家譜,伝記,Aboutルール除外: 伝記
https://jpsearch.go.jp/data/nij16-195608,催馬樂譜入文,和歌,Aboutルール除外: 和歌
https://jpsearch.go.jp/data/nij16-1956725,〔観世流謡本〕,文学,Aboutルール除外: 文学
https://jpsearch.go.jp/data/nij16-1956792,慊堂印譜,印章,Aboutルール除外: 印章
https://jpsearch.go.jp/data/nij16-1956850,六止斎珎蔵印譜,印章,Aboutルール除外: 印章
https://jpsearch.go.jp/data/nij16-1957091,将棋新譜,将棋,Aboutルール除外: 将棋
https://jpsearch.go.jp/data/nij16-1957217,人道系譜,漢学,Aboutルール除外: 漢学
https://jpsearch.go.jp/data/nij16-1964176,名家押譜,歴史,Aboutルール除外: 歴史
https://jpsearch.go.jp/data/nij16-1965191,諸家知譜拙記,近世刊本--歴史--伝記--系譜,Aboutルール除外: 近世刊本--歴史--伝記--系譜
https://jpsearch.go.jp/data/nij16-1965204,諸家知譜拙記,近世刊本--歴史--伝記--系譜,Aboutルール除外: 近世刊本--歴史--伝記--系譜
https://jpsearch.go.jp/data/nij16-1965215,帝皇略譜,近世刊本--歴史--伝記--系譜,Aboutルール除外: 近世刊本--歴史--伝記--系譜
https://jpsearch.go.jp/data/nij16-1969660,本草図譜,近世刊本--自然科学--薬学_薬物_--本草学,Aboutルール除外: 近世刊本--自然科学--薬学_薬物_--本草学
https://jpsearch.go.jp/data/nij16-1970101,金生樹譜別録,産業--園芸,Aboutルール除外: 産業--園芸
https://jpsearch.go.jp/data/nij16-1970372,錦心綉口／珍画譜,芸術--絵画,Aboutルール除外: 芸術--絵画
https://jpsearch.go.jp/data/nij16-1970543,北斎画譜,芸術--絵画,Aboutルール除外: 芸術--絵画
https://jpsearch.go.jp/data/nij16-1970565,素絢山水画譜,芸術--絵画,Aboutルール除外: 芸術--絵画
https://jpsearch.go.jp/data/nij16-1970576,通神画譜,芸術--絵画,Aboutルール除外: 芸術--絵画
https://jpsearch.go.jp/data/nij16-1970601,一勇画譜,芸術--絵画,Aboutルール除外: 芸術--絵画
https://jpsearch.go.jp/data/nij16-1970612,草筆画譜,芸術--絵画,Aboutルール除外: 芸術--絵画
https://jpsearch.go.jp/data/nij16-1970667,柳川画譜,芸術--絵画,Aboutルール除外: 芸術--絵画
https://jpsearch.go.jp/data/nij16-1970714,辺氏画譜,芸術--絵画,Aboutルール除外: 芸術--絵画
https://jpsearch.go.jp/data/nij16-1970747,真像／太閤記図譜,芸術--絵画,Aboutルール除外: 芸術--絵画
https://jpsearch.go.jp/data/nij16-1971035,鳥羽絵筆拍子,絵本,Aboutルール除外: 絵本
https://jpsearch.go.jp/data/nij16-1971217,名数画譜,芸術--絵画,Aboutルール除外: 芸術--絵画
https://jpsearch.go.jp/data/nij16-1971228,古人真蹟短冊名譜,芸術--絵画,Aboutルール除外: 芸術--絵画
https://jpsearch.go.jp/data/nij16-1971331,清書画人名譜,芸術--絵画,Aboutルール除外: 芸術--絵画
https://jpsearch.go.jp/data/nij16-1972298,増補／茶花押譜,近世刊本--芸術--茶道,Aboutルール除外: 近世刊本--芸術--茶道
https://jpsearch.go.jp/data/nij16-1975902,俳諧画譜集,俳諧,Aboutルール除外: 俳諧
https://jpsearch.go.jp/data/nij16-1977500,囃小唱歌当度々逸,近世刊本--文学--詩歌_歌文_--歌謡,Aboutルール除外: 近世刊本--文学--詩歌_歌文_--歌謡
https://jpsearch.go.jp/data/nij16-1978150,雑唱歌長崎土産,近世刊本--文学--戯曲・脚本--歌舞伎脚本_絵入根本,Aboutルール除外: 近世刊本--文学--戯曲・脚本--歌舞伎脚本_絵入根本
https://jpsearch.go.jp/data/nij16-1980967,至聖譜系図,歴史--日本史,Aboutルール除外: 歴史--日本史
https://jpsearch.go.jp/data/nij16-1983013,伊藤武右衛門家譜,系譜,Aboutルール除外: 系譜
https://jpsearch.go.jp/data/nij16-1983808,稲垣家譜,系譜,Aboutルール除外: 系譜
https://jpsearch.go.jp/data/nij16-1983819,稲垣家譜,系譜,Aboutルール除外: 系譜
https://jpsearch.go.jp/data/nij16-1984130,伊奈郡菌類図譜,植物,Aboutルール除外: 植物
https://jpsearch.go.jp/data/nij16-1984390,伊奈伝草,植物,Aboutルール除外: 植物
https://jpsearch.go.jp/data/nij16-1984914,稲葉家譜,系譜,Aboutルール除外: 系譜
https://jpsearch.go.jp/data/nij16-1984925,稲葉家譜,系譜,Aboutルール除外: 系譜
https://jpsearch.go.jp/data/nij16-1984936,稲葉家譜,系譜,Aboutルール除外: 系譜
https://jpsearch.go.jp/data/nij16-1984947,稲葉家譜,系譜,Aboutルール除外: 系譜
https://jpsearch.go.jp/data/nij16-1984958,稲葉家譜,系譜,Aboutルール除外: 系譜
https://jpsearch.go.jp/data/nij16-1985848,稲荷神社神主家略譜,系譜,Aboutルール除外: 系譜
https://jpsearch.go.jp/data/nij16-1989351,井上家譜,系譜,Aboutルール除外: 系譜
https://jpsearch.go.jp/data/nij16-1990450,伊庭石巻石寺譜,系譜,Aboutルール除外: 系譜
https://jpsearch.go.jp/data/nij16-1991544,医譜雑病治法考,医学,Aboutルール除外: 医学
https://jpsearch.go.jp/data/nij16-1993415,異本楽系譜,系譜,Aboutルール除外: 系譜
https://jpsearch.go.jp/data/nij16-1993426,今井系譜記,系譜,Aboutルール除外: 系譜
https://jpsearch.go.jp/data/nij16-1993700,今枝氏家譜,系譜,Aboutルール除外: 系譜
https://jpsearch.go.jp/data/nij16-1993971,今川家譜,家譜,Aboutルール除外: 家譜
https://jpsearch.go.jp/data/nij16-1994145,今川氏譜別勘,系譜,Aboutルール除外: 系譜
https://jpsearch.go.jp/data/nij16-1994496,今小路天金山常楽台家譜,系譜,Aboutルール除外: 系譜
https://jpsearch.go.jp/data/nij16-1994714,今橋家々譜,系譜,Aboutルール除外: 系譜
https://jpsearch.go.jp/data/nij16-1996265,伊予諸藩家譜,系譜,Aboutルール除外: 系譜
https://jpsearch.go.jp/data/nij16-1996630,入江家譜,系譜,Aboutルール除外: 系譜
https://jpsearch.go.jp/data/nij16-1998943,岩尾家譜,系譜,Aboutルール除外: 系譜
https://jpsearch.go.jp/data/nij16-1999026,岩城家譜,系譜,Aboutルール除外: 系譜
https://jpsearch.go.jp/data/nij16-1999037,岩城家譜,系譜,Aboutルール除外: 系譜
https://jpsearch.go.jp/data/nij16-1999480,岩倉家譜,系譜,Aboutルール除外: 系譜
https://jpsearch.go.jp/data/nij16-1999515,岩倉家系譜／附伝,系譜,Aboutルール除外: 系譜
https://jpsearch.go.jp/data/nij16-2000886,校刻／藩翰譜,歴史,Aboutルール除外: 歴史
https://jpsearch.go.jp/data/nij16-2001196,五十三次北斎道中画譜,芸術--絵画,Aboutルール除外: 芸術--絵画
https://jpsearch.go.jp/data/nij16-2004388,岩田流香譜,香道,Aboutルール除外: 香道
https://jpsearch.go.jp/data/nij16-2004924,岩室家譜,系譜,Aboutルール除外: 系譜
https://jpsearch.go.jp/data/nij16-2005007,岩屋鶴田家譜,系譜,Aboutルール除外: 系譜
https://jpsearch.go.jp/data/nij16-2007412,韻勝園梅譜,本草,Aboutルール除外: 本草
https://jpsearch.go.jp/data/nij16-2009521,印譜,印章,Aboutルール除外: 印章
https://jpsearch.go.jp/data/nij16-2009532,印譜,印章,Aboutルール除外: 印章
https://jpsearch.go.jp/data/nij16-2009543,印譜,印章,Aboutルール除外: 印章
https://jpsearch.go.jp/data/nij16-2009554,印譜,印章,Aboutルール除外: 印章
https://jpsearch.go.jp/data/nij16-2009565,印譜,印章,Aboutルール除外: 印章
https://jpsearch.go.jp/data/nij16-2009576,印譜,印章,Aboutルール除外: 印章
https://jpsearch.go.jp/data/nij16-2009587,印譜,印章,Aboutルール除外: 印章
https://jpsearch.go.jp/data/nij16-2009598,印譜／諸名家刻,印章,Aboutルール除外: 印章
https://jpsearch.go.jp/data/nij16-2009634,印譜君子帖,印章,Aboutルール除外: 印章
https://jpsearch.go.jp/data/nij16-2009645,印譜警語抄,印章,Aboutルール除外: 印章
https://jpsearch.go.jp/data/nij16-2009656,印譜帖,印章,Aboutルール除外: 印章
https://jpsearch.go.jp/data/nij16-2009678,印譜随見録,印章,Aboutルール除外: 印章
https://jpsearch.go.jp/data/nij16-2009689,印譜千字文,印章,Aboutルール除外: 印章
https://jpsearch.go.jp/data/nij16-2009827,印譜品目,印章,Aboutルール除外: 印章
https://jpsearch.go.jp/data/nij16-2011258,国公家譜歴略,歴史,Aboutルール除外: 歴史
https://jpsearch.go.jp/data/nij16-2011598,万国旗図譜,歴史,Aboutルール除外: 歴史
https://jpsearch.go.jp/data/nij16-2013118,本草綱目図譜,理学・医学--和漢方,Aboutルール除外: 理学・医学--和漢方
https://jpsearch.go.jp/data/nij16-2014871,寒葉斎画譜／序,芸術--絵画,Aboutルール除外: 芸術--絵画
https://jpsearch.go.jp/data/nij16-2018022,宇佐宮成家譜,系譜,Aboutルール除外: 系譜
https://jpsearch.go.jp/data/nij16-2018033,宇佐美略譜,系譜,Aboutルール除外: 系譜
https://jpsearch.go.jp/data/nij16-2018704,牛田家譜,系譜,Aboutルール除外: 系譜
https://jpsearch.go.jp/data/nij16-2019730,有譙別緒自剡分宗,仏教,Aboutルール除外: 仏教
https://jpsearch.go.jp/data/nij16-2019901,臼井家譜,系譜,Aboutルール除外: 系譜
https://jpsearch.go.jp/data/nij16-2019990,臼井正譜,系譜,Aboutルール除外: 系譜
https://jpsearch.go.jp/data/nij16-2020373,国譜捷逕,歴史,Aboutルール除外: 歴史
https://jpsearch.go.jp/data/nij16-2020384,菅家累譜,歴史,Aboutルール除外: 歴史
https://jpsearch.go.jp/data/nij16-2020395,御年譜,歴史,Aboutルール除外: 歴史
https://jpsearch.go.jp/data/nij16-2020408,公譜要略,歴史,Aboutルール除外: 歴史
https://jpsearch.go.jp/data/nij16-2020420,諸家知譜拙記,歴史,Aboutルール除外: 歴史
https://jpsearch.go.jp/data/nij16-2021274,古今茶人系譜小伝附録,茶道,Aboutルール除外: 茶道
https://jpsearch.go.jp/data/nij16-2022802,宇津木家譜,系譜,Aboutルール除外: 系譜
https://jpsearch.go.jp/data/nij16-2023021,宇都宮御譜代帳,名鑑,Aboutルール除外: 名鑑
https://jpsearch.go.jp/data/nij16-2023612,鵜殿略譜,系譜,Aboutルール除外: 系譜
https://jpsearch.go.jp/data/nij16-2024411,増補／正燈世譜,宗教--仏教,Aboutルール除外: 宗教--仏教
https://jpsearch.go.jp/data/nij16-2025038,香譜,芸術--香道,Aboutルール除外: 芸術--香道
https://jpsearch.go.jp/data/nij16-2026768,梅小路家譜,系譜,Aboutルール除外: 系譜
https://jpsearch.go.jp/data/nij16-2026984,梅渓家譜,系譜,Aboutルール除外: 系譜
https://jpsearch.go.jp/data/nij16-2028811,浦野氏家譜,系譜,Aboutルール除外: 系譜
https://jpsearch.go.jp/data/nij16-2028980,卜部家譜,系譜,Aboutルール除外: 系譜
https://jpsearch.go.jp/data/nij16-2028991,卜部系譜備忘,系譜,Aboutルール除外: 系譜
https://jpsearch.go.jp/data/nij16-2029563,裏松家譜,系譜,Aboutルール除外: 系譜
https://jpsearch.go.jp/data/nij16-2030719,雲煙家印譜,印章,Aboutルール除外: 印章
https://jpsearch.go.jp/data/nij16-2031416,運気暦象図譜,暦,Aboutルール除外: 暦
https://jpsearch.go.jp/data/nij16-203167,佐竹家譜,系譜,Aboutルール除外: 系譜
https://jpsearch.go.jp/data/nij16-203178,佐竹家譜,系譜,Aboutルール除外: 系譜
https://jpsearch.go.jp/data/nij16-203189,佐竹家譜,系譜,Aboutルール除外: 系譜
https://jpsearch.go.jp/data/nij16-203190,佐竹家譜,系譜,Aboutルール除外: 系譜
https://jpsearch.go.jp/data/nij16-2032555,雲上新家伝譜,系譜,Aboutルール除外: 系譜
https://jpsearch.go.jp/data/nij16-2032646,雲上譜略凡例,有職故実,Aboutルール除外: 有職故実
https://jpsearch.go.jp/data/nij16-2032920,雲箋小譜,染織,Aboutルール除外: 染織
https://jpsearch.go.jp/data/nij16-2035510,叡山血脈譜,天台,Aboutルール除外: 天台
https://jpsearch.go.jp/data/nij16-2036115,栄寿堂銭譜,貨幣,Aboutルール除外: 貨幣
https://jpsearch.go.jp/data/nij16-2036524,英勝寺歴代御系譜,寺院,Aboutルール除外: 寺院
https://jpsearch.go.jp/data/nij16-2036568,永松堂金譜,貨幣,Aboutルール除外: 貨幣
https://jpsearch.go.jp/data/nij16-2038484,永平高祖年譜偈,曹洞,Aboutルール除外: 曹洞
https://jpsearch.go.jp/data/nij16-2038495,永平高祖年譜偈註解,曹洞,Aboutルール除外: 曹洞
https://jpsearch.go.jp/data/nij16-2038508,永平高祖年譜偈註解訂議,曹洞,Aboutルール除外: 曹洞
https://jpsearch.go.jp/data/nij16-2046153,越後国植物写生図譜,植物,Aboutルール除外: 植物
https://jpsearch.go.jp/data/nij16-2046482,越前家譜,系譜,Aboutルール除外: 系譜
https://jpsearch.go.jp/data/nij16-2046493,越前家譜,系譜,Aboutルール除外: 系譜
https://jpsearch.go.jp/data/nij16-2046506,越前家譜同家系,系譜,Aboutルール除外: 系譜
https://jpsearch.go.jp/data/nij16-2046620,越前家／御長家譜,系譜,Aboutルール除外: 系譜
https://jpsearch.go.jp/data/nij16-2046642,越前家家譜,系譜,Aboutルール除外: 系譜
https://jpsearch.go.jp/data/nij16-2046744,越前家御世譜,系譜,Aboutルール除外: 系譜
https://jpsearch.go.jp/data/nij16-2046857,越前家分脈譜,系譜,Aboutルール除外: 系譜
https://jpsearch.go.jp/data/nij16-2047065,越前世譜,系譜,Aboutルール除外: 系譜
https://jpsearch.go.jp/data/nij16-2047076,越前世譜抜書,系譜,Aboutルール除外: 系譜
https://jpsearch.go.jp/data/nij16-2047452,越前譜,系譜,Aboutルール除外: 系譜
https://jpsearch.go.jp/data/nij16-2047930,越水印譜,印章,Aboutルール除外: 印章
https://jpsearch.go.jp/data/nij16-2048206,越中立山山草譜,植物,Aboutルール除外: 植物
https://jpsearch.go.jp/data/nij16-2050295,帝王譜略國朝紀,総記,Aboutルール除外: 総記
https://jpsearch.go.jp/data/nij16-2050842,芸苑譜,総記--随叢,Aboutルール除外: 総記--随叢
https://jpsearch.go.jp/data/nij16-2059543,東川手筆行状年譜,歴史--日本史,Aboutルール除外: 歴史--日本史
https://jpsearch.go.jp/data/nij16-2059576,柴氏家譜,歴史--日本史,Aboutルール除外: 歴史--日本史
https://jpsearch.go.jp/data/nij16-2059974,柳営譜略,歴史--日本史,Aboutルール除外: 歴史--日本史
https://jpsearch.go.jp/data/nij16-2059985,藩翰譜續編,歴史--日本史,Aboutルール除外: 歴史--日本史
https://jpsearch.go.jp/data/nij16-2061134,寛永銭譜,貨幣,Aboutルール除外: 貨幣
https://jpsearch.go.jp/data/nij16-2062160,紫川館蔵書画落款譜,芸術--書画,Aboutルール除外: 芸術--書画
https://jpsearch.go.jp/data/nij16-2062819,白華印譜,印譜,Aboutルール除外: 印譜
https://jpsearch.go.jp/data/nij16-2062820,白華印譜,印譜,Aboutルール除外: 印譜
https://jpsearch.go.jp/data/nij16-2062831,白華印譜,印譜,Aboutルール除外: 印譜
https://jpsearch.go.jp/data/nij16-2062900,名家印譜,印譜,Aboutルール除外: 印譜
https://jpsearch.go.jp/data/nij16-2062933,古鋳印譜,印譜,Aboutルール除外: 印譜
https://jpsearch.go.jp/data/nij16-2062955,摹蔵書印譜,印譜,Aboutルール除外: 印譜
https://jpsearch.go.jp/data/nij16-2062966,蘐園印譜,印譜,Aboutルール除外: 印譜
https://jpsearch.go.jp/data/nij16-2062977,円山氏印譜,印譜,Aboutルール除外: 印譜
https://jpsearch.go.jp/data/nij16-2062988,竜岡印譜,印譜,Aboutルール除外: 印譜
https://jpsearch.go.jp/data/nij16-2063005,博古齋印譜,印譜,Aboutルール除外: 印譜
https://jpsearch.go.jp/data/nij16-2063016,華岡印譜,印譜,Aboutルール除外: 印譜
https://jpsearch.go.jp/data/nij16-2063027,内藤紀州公印譜,印譜,Aboutルール除外: 印譜
https://jpsearch.go.jp/data/nij16-2063038,燕々居印譜,印譜,Aboutルール除外: 印譜
https://jpsearch.go.jp/data/nij16-2063049,平林惇徳印譜,印譜,Aboutルール除外: 印譜
https://jpsearch.go.jp/data/nij16-2063050,平山兵原翁印譜,印譜,Aboutルール除外: 印譜
https://jpsearch.go.jp/data/nij16-2063061,印譜,印譜,Aboutルール除外: 印譜
https://jpsearch.go.jp/data/nij16-2063072,慊堂印譜,印譜,Aboutルール除外: 印譜
https://jpsearch.go.jp/data/nij16-2063083,崋山印譜,印譜,Aboutルール除外: 印譜
https://jpsearch.go.jp/data/nij16-2063094,廣重印譜,印譜,Aboutルール除外: 印譜
https://jpsearch.go.jp/data/nij16-2063118,竹田印譜,印譜,Aboutルール除外: 印譜
https://jpsearch.go.jp/data/nij16-2063129,印譜,印譜,Aboutルール除外: 印譜
https://jpsearch.go.jp/data/nij16-2063130,寛畝印譜,印譜,Aboutルール除外: 印譜
https://jpsearch.go.jp/data/nij16-2063141,崇古堂印譜,印譜,Aboutルール除外: 印譜
https://jpsearch.go.jp/data/nij16-2063152,南溟印譜,印譜,Aboutルール除外: 印譜
https://jpsearch.go.jp/data/nij16-2063163,六止齋珎蔵印譜,印譜,Aboutルール除外: 印譜
https://jpsearch.go.jp/data/nij16-2063185,花月印譜,印譜,Aboutルール除外: 印譜
https://jpsearch.go.jp/data/nij16-2063196,笠澤印譜,印譜,Aboutルール除外: 印譜
https://jpsearch.go.jp/data/nij16-2063209,静正居印譜,印譜,Aboutルール除外: 印譜
https://jpsearch.go.jp/data/nij16-2063221,前川虚舟印譜,印譜,Aboutルール除外: 印譜
https://jpsearch.go.jp/data/nij16-2063232,高芙蓉印譜,印譜,Aboutルール除外: 印譜
https://jpsearch.go.jp/data/nij16-2063254,擬古堂印譜,印譜,Aboutルール除外: 印譜
https://jpsearch.go.jp/data/nij16-2063265,富山景純印譜,印譜,Aboutルール除外: 印譜
https://jpsearch.go.jp/data/nij16-2063276,三井親清印譜,印譜,Aboutルール除外: 印譜
https://jpsearch.go.jp/data/nij16-2063301,水竹印譜,印譜,Aboutルール除外: 印譜
https://jpsearch.go.jp/data/nij16-2063312,保公馮印譜,印譜,Aboutルール除外: 印譜
https://jpsearch.go.jp/data/nij16-2063323,尚文堂蔵古銅印譜,印譜,Aboutルール除外: 印譜
https://jpsearch.go.jp/data/nij16-2063334,南台印譜,印譜,Aboutルール除外: 印譜
https://jpsearch.go.jp/data/nij16-2063345,富士山房印譜,印譜,Aboutルール除外: 印譜
https://jpsearch.go.jp/data/nij16-2063356,笠澤印譜,印譜,Aboutルール除外: 印譜
https://jpsearch.go.jp/data/nij16-2063390,丘園絲印譜,印譜,Aboutルール除外: 印譜
https://jpsearch.go.jp/data/nij16-2064586,遠藤家譜,系譜,Aboutルール除外: 系譜
https://jpsearch.go.jp/data/nij16-2064597,遠藤家譜,系譜,Aboutルール除外: 系譜
https://jpsearch.go.jp/data/nij16-2065227,円頓戒譜,仏教,Aboutルール除外: 仏教
https://jpsearch.go.jp/data/nij16-2065283,円頓戒脈譜,仏教,Aboutルール除外: 仏教
https://jpsearch.go.jp/data/nij16-2065294,円頓戒脈譜,浄土,Aboutルール除外: 浄土
https://jpsearch.go.jp/data/nij16-2066264,役小角年譜伝,修験道,Aboutルール除外: 修験道
https://jpsearch.go.jp/data/nij16-207023,佐野譜曾我館染,絵本,Aboutルール除外: 絵本
https://jpsearch.go.jp/data/nij16-2071923,応永三十五年以来灌頂脈譜開壇抜書,天台,Aboutルール除外: 天台
https://jpsearch.go.jp/data/nij16-2072562,桜花画譜,植物,Aboutルール除外: 植物
https://jpsearch.go.jp/data/nij16-2072697,桜花譜,植物,Aboutルール除外: 植物
https://jpsearch.go.jp/data/nij16-2072700,桜花譜,植物,Aboutルール除外: 植物
https://jpsearch.go.jp/data/nij16-2072711,桜花譜,植物,Aboutルール除外: 植物
https://jpsearch.go.jp/data/nij16-2073101,応挙印譜,印章,Aboutルール除外: 印章
https://jpsearch.go.jp/data/nij16-2078457,黄檗逓代譜略,寺院,Aboutルール除外: 寺院
https://jpsearch.go.jp/data/nij16-2078582,桜譜,植物,Aboutルール除外: 植物
https://jpsearch.go.jp/data/nij16-2078593,桜譜,植物,Aboutルール除外: 植物
https://jpsearch.go.jp/data/nij16-2078606,桜譜,植物,Aboutルール除外: 植物
https://jpsearch.go.jp/data/nij16-2078617,桜譜,植物,Aboutルール除外: 植物
https://jpsearch.go.jp/data/nij16-2078628,桜譜,植物,Aboutルール除外: 植物
https://jpsearch.go.jp/data/nij16-2078651,桜譜料,植物,Aboutルール除外: 植物
https://jpsearch.go.jp/data/nij16-2079096,近江中将殿藩譜,家伝,Aboutルール除外: 家伝
https://jpsearch.go.jp/data/nij16-20791,寒葉斎画譜,絵画,Aboutルール除外: 絵画
https://jpsearch.go.jp/data/nij16-2079552,鸚鵡譜,動物,Aboutルール除外: 動物
https://jpsearch.go.jp/data/nij16-2079745,御裏方譜,系譜,Aboutルール除外: 系譜
https://jpsearch.go.jp/data/nij16-2079994,麻殖氏系譜并家領記,家伝,Aboutルール除外: 家伝
https://jpsearch.go.jp/data/nij16-2080593,大炊御門家譜,系譜,Aboutルール除外: 系譜
https://jpsearch.go.jp/data/nij16-2081063,大江家景譜略,系譜,Aboutルール除外: 系譜
https://jpsearch.go.jp/data/nij16-2081074,大江家譜大全,系譜,Aboutルール除外: 系譜
https://jpsearch.go.jp/data/nij16-2081132,大江御家譜,系譜,Aboutルール除外: 系譜
https://jpsearch.go.jp/data/nij16-2081381,大岡家譜,系譜,Aboutルール除外: 系譜
https://jpsearch.go.jp/data/nij16-2081392,大岡家譜,系譜,Aboutルール除外: 系譜
https://jpsearch.go.jp/data/nij16-20815,閑林画譜,絵画,Aboutルール除外: 絵画
https://jpsearch.go.jp/data/nij16-2082099,大木家譜,系譜,Aboutルール除外: 系譜
https://jpsearch.go.jp/data/nij16-2082157,大木氏略譜,系譜,Aboutルール除外: 系譜
https://jpsearch.go.jp/data/nij16-2082282,正親町家譜,系譜,Aboutルール除外: 系譜
https://jpsearch.go.jp/data/nij16-2082599,大草流庖丁譜,料理,Aboutルール除外: 料理
https://jpsearch.go.jp/data/nij16-20826,紀伊国造家譜,系譜,Aboutルール除外: 系譜
https://jpsearch.go.jp/data/nij16-2082806,大久保家譜,系譜,Aboutルール除外: 系譜
https://jpsearch.go.jp/data/nij16-2082817,大久保家譜,系譜,Aboutルール除外: 系譜
https://jpsearch.go.jp/data/nij16-2082828,大久保家譜,系譜,Aboutルール除外: 系譜
https://jpsearch.go.jp/data/nij16-2082839,大久保家譜,系譜,Aboutルール除外: 系譜
https://jpsearch.go.jp/data/nij16-2082953,大窪虫譜,動物,Aboutルール除外: 動物
https://jpsearch.go.jp/data/nij16-2082975,大窪動物譜,動物,Aboutルール除外: 動物
https://jpsearch.go.jp/data/nij16-2083036,大久保譜,系譜,Aboutルール除外: 系譜
https://jpsearch.go.jp/data/nij16-2083309,大河内家譜,系譜,Aboutルール除外: 系譜
https://jpsearch.go.jp/data/nij16-2083310,大河内家譜,系譜,Aboutルール除外: 系譜
https://jpsearch.go.jp/data/nij16-2083354,大河内御系譜輯録,系譜,Aboutルール除外: 系譜
https://jpsearch.go.jp/data/nij16-2083365,大河内支流譜,系譜,Aboutルール除外: 系譜
https://jpsearch.go.jp/data/nij16-2083569,大小将略譜,系譜,Aboutルール除外: 系譜
https://jpsearch.go.jp/data/nij16-2085327,大阪城代諸家譜,家伝,Aboutルール除外: 家伝
https://jpsearch.go.jp/data/nij16-2086160,大坂役前譜代藩士子孫有無調書,記録,Aboutルール除外: 記録
https://jpsearch.go.jp/data/nij16-208811,鏨工譜略,金工,Aboutルール除外: 金工
https://jpsearch.go.jp/data/nij16-2088166,大洲家中略譜,系譜,Aboutルール除外: 系譜
https://jpsearch.go.jp/data/nij16-2088199,大洲加藤家譜伝記,家伝,Aboutルール除外: 家伝
https://jpsearch.go.jp/data/nij16-208822,三光譜録,雑史,Aboutルール除外: 雑史
https://jpsearch.go.jp/data/nij16-2088246,大洲寛延藩臣譜,系譜,Aboutルール除外: 系譜
https://jpsearch.go.jp/data/nij16-2088713,大関家譜,系譜,Aboutルール除外: 系譜
https://jpsearch.go.jp/data/nij16-2088951,太田家譜,系譜,Aboutルール除外: 系譜
https://jpsearch.go.jp/data/nij16-2088962,太田家譜,系譜,Aboutルール除外: 系譜
https://jpsearch.go.jp/data/nij16-2088973,太田家譜,系譜,Aboutルール除外: 系譜
https://jpsearch.go.jp/data/nij16-2088984,太田家譜略,系譜,Aboutルール除外: 系譜
https://jpsearch.go.jp/data/nij16-2088995,太田家譜略説,系譜,Aboutルール除外: 系譜
https://jpsearch.go.jp/data/nij16-2089250,大田氏家譜,系譜,Aboutルール除外: 系譜
https://jpsearch.go.jp/data/nij16-2089329,太田氏世族系譜並序,系譜,Aboutルール除外: 系譜
https://jpsearch.go.jp/data/nij16-2089658,大谷一流諸家分脈系譜,真宗,Aboutルール除外: 真宗
https://jpsearch.go.jp/data/nij16-2089669,大谷一流諸家分脈系譜評破,真宗,Aboutルール除外: 真宗
https://jpsearch.go.jp/data/nij16-2089761,大谷氏系譜及事蹟,系譜,Aboutルール除外: 系譜
https://jpsearch.go.jp/data/nij16-2089772,大谷氏事跡,家伝,Aboutルール除外: 家伝
https://jpsearch.go.jp/data/nij16-2090133,大谷略年譜,年譜,Aboutルール除外: 年譜
https://jpsearch.go.jp/data/nij16-2090144,大谷略譜,系譜,Aboutルール除外: 系譜
https://jpsearch.go.jp/data/nij16-2090359,太田六代家譜,系譜,Aboutルール除外: 系譜
https://jpsearch.go.jp/data/nij16-2090406,大田原家譜,系譜,Aboutルール除外: 系譜
https://jpsearch.go.jp/data/nij16-2090688,大槻民治家譜,系譜,Aboutルール除外: 系譜
https://jpsearch.go.jp/data/nij16-2090939,大坪当流伝統譜略,馬術,Aboutルール除外: 馬術
https://jpsearch.go.jp/data/nij16-2091341,大坪本流常馭善御譜補任,馬術,Aboutルール除外: 馬術
https://jpsearch.go.jp/data/nij16-2091410,大坪本流善御譜聞書,馬術,Aboutルール除外: 馬術
https://jpsearch.go.jp/data/nij16-2091421,大坪本流善御譜註解,馬術,Aboutルール除外: 馬術
https://jpsearch.go.jp/data/nij16-2092480,大坪流手綱之秘譜,馬術,Aboutルール除外: 馬術
https://jpsearch.go.jp/data/nij16-2093416,大友家略譜,系譜,Aboutルール除外: 系譜
https://jpsearch.go.jp/data/nij16-2093494,大伴氏佐伯氏阿刀氏譜,系譜,Aboutルール除外: 系譜
https://jpsearch.go.jp/data/nij16-2093698,大鳥居家譜,系譜,Aboutルール除外: 系譜
https://jpsearch.go.jp/data/nij16-2094088,大新田後閑家譜,家伝,Aboutルール除外: 家伝
https://jpsearch.go.jp/data/nij16-2094522,大野毛利譜録,家伝,Aboutルール除外: 家伝
https://jpsearch.go.jp/data/nij16-2094782,大橋太郎家譜,系譜,Aboutルール除外: 系譜
https://jpsearch.go.jp/data/nij16-2095047,大原家譜,系譜,Aboutルール除外: 系譜
https://jpsearch.go.jp/data/nij16-2095887,大原問答詞,浄土,Aboutルール除外: 浄土
https://jpsearch.go.jp/data/nij16-2097394,大宮家譜,系譜,Aboutルール除外: 系譜
https://jpsearch.go.jp/data/nij16-2097667,大神玉手家譜,系譜,Aboutルール除外: 系譜
https://jpsearch.go.jp/data/nij16-2097714,大村家譜,系譜,Aboutルール除外: 系譜
https://jpsearch.go.jp/data/nij16-2097725,大村家譜,系譜,Aboutルール除外: 系譜
https://jpsearch.go.jp/data/nij16-2099425,岡崎家譜,系譜,Aboutルール除外: 系譜
https://jpsearch.go.jp/data/nij16-2100007,小笠原家譜,系譜,Aboutルール除外: 系譜
https://jpsearch.go.jp/data/nij16-2100018,小笠原家譜,系譜,Aboutルール除外: 系譜
https://jpsearch.go.jp/data/nij16-2100029,小笠原家譜,系譜,Aboutルール除外: 系譜
https://jpsearch.go.jp/data/nij16-2100030,小笠原家譜,系譜,Aboutルール除外: 系譜
https://jpsearch.go.jp/data/nij16-2100041,小笠原家譜,系譜,Aboutルール除外: 系譜
https://jpsearch.go.jp/data/nij16-2100052,小笠原家譜註,系譜,Aboutルール除外: 系譜
https://jpsearch.go.jp/data/nij16-2100165,小笠原系図家譜,系譜,Aboutルール除外: 系譜
https://jpsearch.go.jp/data/nij16-2102229,小笠原流伝統略譜,系譜,Aboutルール除外: 系譜
https://jpsearch.go.jp/data/nij16-2102730,岡島仮名家譜,系譜,Aboutルール除外: 系譜
https://jpsearch.go.jp/data/nij16-2103095,岡田桑里印譜,印章,Aboutルール除外: 印章
https://jpsearch.go.jp/data/nij16-2103391,尾形流略印譜,印章,Aboutルール除外: 印章
https://jpsearch.go.jp/data/nij16-2103799,岡部家譜,系譜,Aboutルール除外: 系譜
https://jpsearch.go.jp/data/nij16-2103802,岡部家譜,系譜,Aboutルール除外: 系譜
https://jpsearch.go.jp/data/nij16-2103813,岡部家譜,系譜,Aboutルール除外: 系譜
https://jpsearch.go.jp/data/nij16-2104167,小亀氏系譜及小亀社記,系譜,Aboutルール除外: 系譜
https://jpsearch.go.jp/data/nij16-2105217,小川之家譜,系譜,Aboutルール除外: 系譜
https://jpsearch.go.jp/data/nij16-2105466,御冠礼式解同図譜,有職故実,Aboutルール除外: 有職故実
https://jpsearch.go.jp/data/nij16-2107304,大給家譜,系譜,Aboutルール除外: 系譜
https://jpsearch.go.jp/data/nij16-2107315,大給家譜,系譜,Aboutルール除外: 系譜
https://jpsearch.go.jp/data/nij16-2108067,屋山印譜,印章,Aboutルール除外: 印章
https://jpsearch.go.jp/data/nij16-2108341,奥平家譜,系譜,Aboutルール除外: 系譜
https://jpsearch.go.jp/data/nij16-2108352,奥平家譜,系譜,Aboutルール除外: 系譜
https://jpsearch.go.jp/data/nij16-2108374,奥平急賀斎家譜,家伝,Aboutルール除外: 家伝
https://jpsearch.go.jp/data/nij16-2109888,奥村家譜,系譜,Aboutルール除外: 系譜
https://jpsearch.go.jp/data/nij16-2109924,奥村系譜異聞,系譜,Aboutルール除外: 系譜
https://jpsearch.go.jp/data/nij16-2110249,小倉家譜,系譜,Aboutルール除外: 系譜
https://jpsearch.go.jp/data/nij16-2110603,小栗家譜,系譜,Aboutルール除外: 系譜
https://jpsearch.go.jp/data/nij16-2110681,小栗譜,系譜,Aboutルール除外: 系譜
https://jpsearch.go.jp/data/nij16-2110943,屋漏堂花譜,植物,Aboutルール除外: 植物
https://jpsearch.go.jp/data/nij16-2114376,押小路家譜,系譜,Aboutルール除外: 系譜
https://jpsearch.go.jp/data/nij16-2114387,押小路家譜,系譜,Aboutルール除外: 系譜
https://jpsearch.go.jp/data/nij16-2115233,御城碁譜,囲碁,Aboutルール除外: 囲碁
https://jpsearch.go.jp/data/nij16-2116952,織田家譜,系譜,Aboutルール除外: 系譜
https://jpsearch.go.jp/data/nij16-2116963,織田家譜,系譜,Aboutルール除外: 系譜
https://jpsearch.go.jp/data/nij16-2116974,織田家譜,系譜,Aboutルール除外: 系譜
https://jpsearch.go.jp/data/nij16-2116985,織田家譜,系譜,Aboutルール除外: 系譜
https://jpsearch.go.jp/data/nij16-2117002,愛宕家譜,系譜,Aboutルール除外: 系譜
https://jpsearch.go.jp/data/nij16-2117842,小田原北条譜,系譜,Aboutルール除外: 系譜
https://jpsearch.go.jp/data/nij16-2117955,越智家譜伝,系譜,Aboutルール除外: 系譜
https://jpsearch.go.jp/data/nij16-2117966,越知家譜附録,系譜,Aboutルール除外: 系譜
https://jpsearch.go.jp/data/nij16-2118094,越智家年譜,家伝,Aboutルール除外: 家伝
https://jpsearch.go.jp/data/nij16-2118367,越智松平略譜,系譜,Aboutルール除外: 系譜
https://jpsearch.go.jp/data/nij16-2119451,男山栞,系譜,Aboutルール除外: 系譜
https://jpsearch.go.jp/data/nij16-2119597,乙部家譜内伝,系譜,Aboutルール除外: 系譜
https://jpsearch.go.jp/data/nij16-2120549,小野家譜,系譜,Aboutルール除外: 系譜
https://jpsearch.go.jp/data/nij16-2120992,小野寺家譜,系譜,Aboutルール除外: 系譜
https://jpsearch.go.jp/data/nij16-2121393,小野蘭山石譜略,博物,Aboutルール除外: 博物
https://jpsearch.go.jp/data/nij16-2121677,小畠景憲家譜,系譜,Aboutルール除外: 系譜
https://jpsearch.go.jp/data/nij16-2121702,小幡家譜,系譜,Aboutルール除外: 系譜
https://jpsearch.go.jp/data/nij16-2121757,小幡家年譜,家伝,Aboutルール除外: 家伝
https://jpsearch.go.jp/data/nij16-2122738,小原家譜,系譜,Aboutルール除外: 系譜
https://jpsearch.go.jp/data/nij16-2126694,御賄方御用達町人家譜,系譜,Aboutルール除外: 系譜
https://jpsearch.go.jp/data/nij16-212680,塙保己一年譜,語学,Aboutルール除外: 語学
https://jpsearch.go.jp/data/nij16-212726,塡詞圖譜,語学,Aboutルール除外: 語学
https://jpsearch.go.jp/data/nij16-212737,塡詞圖譜,語学,Aboutルール除外: 語学
https://jpsearch.go.jp/data/nij16-2127482,御室御代々年譜,真言,Aboutルール除外: 真言
https://jpsearch.go.jp/data/nij16-2128043,御目見以下譜,系譜,Aboutルール除外: 系譜
https://jpsearch.go.jp/data/nij16-2128587,表流千家系譜略／其他,茶道,Aboutルール除外: 茶道
https://jpsearch.go.jp/data/nij16-2128634,於毛登譜,園芸,Aboutルール除外: 園芸
https://jpsearch.go.jp/data/nij16-2128645,万年青譜,園芸,Aboutルール除外: 園芸
https://jpsearch.go.jp/data/nij16-2128656,万年青盆図譜,園芸,Aboutルール除外: 園芸
https://jpsearch.go.jp/data/nij16-2128929,御役家花押譜,花押,Aboutルール除外: 花押
https://jpsearch.go.jp/data/nij16-2129046,御役人系譜,名鑑,Aboutルール除外: 名鑑
https://jpsearch.go.jp/data/nij16-2129568,小山家譜代記録,系譜,Aboutルール除外: 系譜
https://jpsearch.go.jp/data/nij16-2129682,小山譜代帳,名鑑,Aboutルール除外: 名鑑
https://jpsearch.go.jp/data/nij16-2132936,和蘭薬剤譜,薬物,Aboutルール除外: 薬物
https://jpsearch.go.jp/data/nij16-2133020,和蘭薬譜,薬物,Aboutルール除外: 薬物
https://jpsearch.go.jp/data/nij16-2133031,和蘭薬譜,薬物,Aboutルール除外: 薬物
https://jpsearch.go.jp/data/nij16-2136461,尾張／寺院譜,寺誌,Aboutルール除外: 寺誌
https://jpsearch.go.jp/data/nij16-2138718,御学寮系譜並講本録,真宗,Aboutルール除外: 真宗
https://jpsearch.go.jp/data/nij16-2138810,御菓子雛形図譜,飲食,Aboutルール除外: 飲食
https://jpsearch.go.jp/data/nij16-2139460,温故斎菌譜,植物,Aboutルール除外: 植物
https://jpsearch.go.jp/data/nij16-2139971,御室歴代記,記録,Aboutルール除外: 記録
https://jpsearch.go.jp/data/nij16-2140310,温姓家譜／支流,系譜,Aboutルール除外: 系譜
https://jpsearch.go.jp/data/nij16-2143488,草木魚鼈之画譜,絵画,Aboutルール除外: 絵画
https://jpsearch.go.jp/data/nij16-2144878,文筌古文譜,語学,Aboutルール除外: 語学
https://jpsearch.go.jp/data/nij16-214528,増補／考古畫譜,歴史,Aboutルール除外: 歴史
https://jpsearch.go.jp/data/nij16-2146932,中拍子勤行,真宗,Aboutルール除外: 真宗
https://jpsearch.go.jp/data/nij16-2148074,碁譜,囲碁,Aboutルール除外: 囲碁
https://jpsearch.go.jp/data/nij16-2149851,海外貨幣小譜,貨幣,Aboutルール除外: 貨幣
https://jpsearch.go.jp/data/nij16-2150052,海河魚譜,動物,Aboutルール除外: 動物
https://jpsearch.go.jp/data/nij16-2150416,解観大意図譜,医学,Aboutルール除外: 医学
https://jpsearch.go.jp/data/nij16-215178,藩翰譜,歴史,Aboutルール除外: 歴史
https://jpsearch.go.jp/data/nij16-215225,改選／土岐系譜,歴史,Aboutルール除外: 歴史
https://jpsearch.go.jp/data/nij16-215236,備陽池田家譜,歴史,Aboutルール除外: 歴史
https://jpsearch.go.jp/data/nij16-2153346,甲斐源氏系譜,系譜,Aboutルール除外: 系譜
https://jpsearch.go.jp/data/nij16-2155466,外国旗譜,外事,Aboutルール除外: 外事
https://jpsearch.go.jp/data/nij16-2157053,海産魚譜,本草,Aboutルール除外: 本草
https://jpsearch.go.jp/data/nij16-2157451,開山伝譜,真言,Aboutルール除外: 真言
https://jpsearch.go.jp/data/nij16-2157882,芥子梅花譜,本草,Aboutルール除外: 本草
https://jpsearch.go.jp/data/nij16-2158432,会繡譜,服飾,Aboutルール除外: 服飾
https://jpsearch.go.jp/data/nij16-2158443,海獣譜,動物,Aboutルール除外: 動物
https://jpsearch.go.jp/data/nij16-215861,譜法,歴史,Aboutルール除外: 歴史
https://jpsearch.go.jp/data/nij16-2159888,皆清印譜,印章,Aboutルール除外: 印章
https://jpsearch.go.jp/data/nij16-2159968,艾姓家譜／支流,系譜,Aboutルール除外: 系譜
https://jpsearch.go.jp/data/nij16-216160,歌道正傳／二条冷泉兩家御系譜,歴史,Aboutルール除外: 歴史
https://jpsearch.go.jp/data/nij16-2161695,海藻譜,本草,Aboutルール除外: 本草
https://jpsearch.go.jp/data/nij16-216171,兒嶋三宅系譜,歴史,Aboutルール除外: 歴史
https://jpsearch.go.jp/data/nij16-2162245,解体図譜,医学,Aboutルール除外: 医学
https://jpsearch.go.jp/data/nij16-2162347,解体譜,医学,Aboutルール除外: 医学
https://jpsearch.go.jp/data/nij16-2163033,藤樹先生年譜,総記,Aboutルール除外: 総記
https://jpsearch.go.jp/data/nij16-2164321,〔大田南畝印譜幅〕,芸術--絵画,Aboutルール除外: 芸術--絵画
https://jpsearch.go.jp/data/nij16-2165697,狂詩畫譜,文学--日本文学--日本漢詩文,Aboutルール除外: 文学--日本文学--日本漢詩文
https://jpsearch.go.jp/data/nij16-2167386,解剖図譜,医学,Aboutルール除外: 医学
https://jpsearch.go.jp/data/nij16-2167400,解剖図譜,医学,Aboutルール除外: 医学
https://jpsearch.go.jp/data/nij16-2168925,鎧毛図譜,武具,Aboutルール除外: 武具
https://jpsearch.go.jp/data/nij16-2169280,会薬譜,薬物,Aboutルール除外: 薬物
https://jpsearch.go.jp/data/nij16-2169440,会陽刀匠／略系譜伝,刀剣,Aboutルール除外: 刀剣
https://jpsearch.go.jp/data/nij16-2169451,開陽堂水晶印譜,印章,Aboutルール除外: 印章
https://jpsearch.go.jp/data/nij16-2169542,貝よせの記,魚介,Aboutルール除外: 魚介
https://jpsearch.go.jp/data/nij16-2170414,甲斐歴代譜,系譜,Aboutルール除外: 系譜
https://jpsearch.go.jp/data/nij16-2174994,華押印譜,花押_印章,Aboutルール除外: 花押_印章
https://jpsearch.go.jp/data/nij16-2175135,花押集及印譜,花押_印章,Aboutルール除外: 花押_印章
https://jpsearch.go.jp/data/nij16-2175293,花押譜草稿,花押,Aboutルール除外: 花押
https://jpsearch.go.jp/data/nij16-2175420,花魁園梅譜,植物,Aboutルール除外: 植物
https://jpsearch.go.jp/data/nij16-2175566,画家印譜,印章,Aboutルール除外: 印章
https://jpsearch.go.jp/data/nij16-2175760,画学斎梅譜,画帖,Aboutルール除外: 画帖
https://jpsearch.go.jp/data/nij16-2176003,加賀爪家譜,系譜,Aboutルール除外: 系譜
https://jpsearch.go.jp/data/nij16-2176241,加賀藩士譜,系譜,Aboutルール除外: 系譜
https://jpsearch.go.jp/data/nij16-2176387,加賀藩歴譜,系譜,Aboutルール除外: 系譜
https://jpsearch.go.jp/data/nij16-2176832,香川灸譜,鍼灸,Aboutルール除外: 鍼灸
https://jpsearch.go.jp/data/nij16-2176990,賀川産科図譜,医学,Aboutルール除外: 医学
https://jpsearch.go.jp/data/nij16-217721,北越雪譜,国書--地理・交通--名所図会・案内・地図,Aboutルール除外: 国書--地理・交通--名所図会・案内・地図
https://jpsearch.go.jp/data/nij16-2177595,花卉介虫図譜,博物,Aboutルール除外: 博物
https://jpsearch.go.jp/data/nij16-2179206,覚巌禅師年譜,曹洞,Aboutルール除外: 曹洞
https://jpsearch.go.jp/data/nij16-2179411,岳月印譜,印章,Aboutルール除外: 印章
https://jpsearch.go.jp/data/nij16-21807,九峰堂画譜,絵画,Aboutルール除外: 絵画
https://jpsearch.go.jp/data/nij16-2181422,郭姓家譜,系譜,Aboutルール除外: 系譜
https://jpsearch.go.jp/data/nij16-2181740,革＆K8fc0;図譜,武具,Aboutルール除外: 武具
https://jpsearch.go.jp/data/nij16-2182992,学半斎印譜,印章,Aboutルール除外: 印章
https://jpsearch.go.jp/data/nij16-2183166,鶴譜,動物,Aboutルール除外: 動物
https://jpsearch.go.jp/data/nij16-21841,九老画譜,絵画,Aboutルール除外: 絵画
https://jpsearch.go.jp/data/nij16-2185424,学林年譜,真宗,Aboutルール除外: 真宗
https://jpsearch.go.jp/data/nij16-2189186,笠置山直純寺系譜並序,寺院,Aboutルール除外: 寺院
https://jpsearch.go.jp/data/nij16-2189368,笠沢万印譜,印章,Aboutルール除外: 印章
https://jpsearch.go.jp/data/nij16-2189562,風早家譜,系譜,Aboutルール除外: 系譜
https://jpsearch.go.jp/data/nij16-2190832,隠之和尚年譜,伝記,Aboutルール除外: 伝記
https://jpsearch.go.jp/data/nij16-2190945,潮音和尚年譜,伝記,Aboutルール除外: 伝記
https://jpsearch.go.jp/data/nij16-2191006,（黄檗二代賜紫）木菴和尚年譜,伝記,Aboutルール除外: 伝記
https://jpsearch.go.jp/data/nij16-2191040,（西來）徳翁高和尚年譜,伝記,Aboutルール除外: 伝記
https://jpsearch.go.jp/data/nij16-2191051,永福開山／面山和尚年譜,伝記,Aboutルール除外: 伝記
https://jpsearch.go.jp/data/nij16-2191062,天龍／夢窓國師年譜,伝記,Aboutルール除外: 伝記
https://jpsearch.go.jp/data/nij16-2191073,（黄檗開山）普照國師年譜,伝記,Aboutルール除外: 伝記
https://jpsearch.go.jp/data/nij16-2191108,黙山和尚年譜,伝記,Aboutルール除外: 伝記
https://jpsearch.go.jp/data/nij16-2191153,東福開山／聖一國師年譜,伝記,Aboutルール除外: 伝記
https://jpsearch.go.jp/data/nij16-2204162,カスパル伝方／附図譜,薬物,Aboutルール除外: 薬物
https://jpsearch.go.jp/data/nij16-2204424,夏姓家譜／大宗,系譜,Aboutルール除外: 系譜
https://jpsearch.go.jp/data/nij16-2204662,化石奇異貝品画譜,博物,Aboutルール除外: 博物
https://jpsearch.go.jp/data/nij16-220495,和漢古今稀世泉譜,法制,Aboutルール除外: 法制
https://jpsearch.go.jp/data/nij16-220564,新撰泉譜,法制,Aboutルール除外: 法制
https://jpsearch.go.jp/data/nij16-2205701,永平高祖年譜偈註解,伝記,Aboutルール除外: 伝記
https://jpsearch.go.jp/data/nij16-220575,新撰錢譜,法制,Aboutルール除外: 法制
https://jpsearch.go.jp/data/nij16-220586,新渡大錢譜,法制,Aboutルール除外: 法制
https://jpsearch.go.jp/data/nij16-220597,對泉譜,法制,Aboutルール除外: 法制
https://jpsearch.go.jp/data/nij16-220600,對泉譜,法制,Aboutルール除外: 法制
https://jpsearch.go.jp/data/nij16-2208437,（江州常徳開山）／明菴了禪師年譜,禅学--日本語録--日本曹洞語録,Aboutルール除外: 禅学--日本語録--日本曹洞語録
https://jpsearch.go.jp/data/nij16-221045,鏨工譜畧,国書--兵事・武技--武器,Aboutルール除外: 国書--兵事・武技--武器
https://jpsearch.go.jp/data/nij16-221090,鞍鐙工譜,国書--兵事・武技--武器,Aboutルール除外: 国書--兵事・武技--武器
https://jpsearch.go.jp/data/nij16-221103,鞍鐙工花譜,国書--兵事・武技--武器,Aboutルール除外: 国書--兵事・武技--武器
https://jpsearch.go.jp/data/nij16-2216060,畫竹譜,産業,Aboutルール除外: 産業
https://jpsearch.go.jp/data/nij16-2216662,瞎驢山住持譜,臨済,Aboutルール除外: 臨済
https://jpsearch.go.jp/data/nij16-2216684,瓜蒂印譜,印章,Aboutルール除外: 印章
https://jpsearch.go.jp/data/nij16-2216797,勘解由小路家譜,系譜,Aboutルール除外: 系譜
https://jpsearch.go.jp/data/nij16-2217574,家伝譜,系譜,Aboutルール除外: 系譜
https://jpsearch.go.jp/data/nij16-2217972,加藤家譜,系譜,Aboutルール除外: 系譜
https://jpsearch.go.jp/data/nij16-2217983,加藤家譜,系譜,Aboutルール除外: 系譜
https://jpsearch.go.jp/data/nij16-2217994,加藤家譜,系譜,Aboutルール除外: 系譜
https://jpsearch.go.jp/data/nij16-2218000,加藤家譜,系譜,Aboutルール除外: 系譜
https://jpsearch.go.jp/data/nij16-2218124,悉曇血脈譜,仏教学,Aboutルール除外: 仏教学
https://jpsearch.go.jp/data/nij16-2221785,法燈行状,日本・中国思想・宗教学・神道--仏教--禅宗,Aboutルール除外: 日本・中国思想・宗教学・神道--仏教--禅宗
https://jpsearch.go.jp/data/nij16-2221809,法燈国師年譜并縁起,日本・中国思想・宗教学・神道--仏教--禅宗,Aboutルール除外: 日本・中国思想・宗教学・神道--仏教--禅宗
https://jpsearch.go.jp/data/nij16-2221865,大圓宝鑑国師年譜,日本・中国思想・宗教学・神道--仏教--禅宗,Aboutルール除外: 日本・中国思想・宗教学・神道--仏教--禅宗
https://jpsearch.go.jp/data/nij16-2221876,松島瑞巖中興大悲圓満国師雲居和尚年譜,日本・中国思想・宗教学・神道--仏教--禅宗,Aboutルール除外: 日本・中国思想・宗教学・神道--仏教--禅宗
https://jpsearch.go.jp/data/nij16-2222777,定慧明光仏頂国師語録／年譜／塔銘,日本・中国思想・宗教学・神道--仏教--禅宗,Aboutルール除外: 日本・中国思想・宗教学・神道--仏教--禅宗
https://jpsearch.go.jp/data/nij16-2223645,江州今津之城主村上氏譜図,歴史・伝記・地理--伝記,Aboutルール除外: 歴史・伝記・地理--伝記
https://jpsearch.go.jp/data/nij16-2224648,家譜,系譜,Aboutルール除外: 系譜
https://jpsearch.go.jp/data/nij16-2224659,家譜,系譜,Aboutルール除外: 系譜
https://jpsearch.go.jp/data/nij16-2224660,家譜,系譜,Aboutルール除外: 系譜
https://jpsearch.go.jp/data/nij16-2224671,家譜／赤井家,系譜,Aboutルール除外: 系譜
https://jpsearch.go.jp/data/nij16-2224693,瓦譜,考古,Aboutルール除外: 考古
https://jpsearch.go.jp/data/nij16-2224751,家譜書上,系譜,Aboutルール除外: 系譜
https://jpsearch.go.jp/data/nij16-2224762,家譜書上抜記,系譜,Aboutルール除外: 系譜
https://jpsearch.go.jp/data/nij16-2224773,家譜書出,系譜,Aboutルール除外: 系譜
https://jpsearch.go.jp/data/nij16-2224784,家譜書出,系譜,Aboutルール除外: 系譜
https://jpsearch.go.jp/data/nij16-222479,菜譜,国書--産業・科学--医学,Aboutルール除外: 国書--産業・科学--医学
https://jpsearch.go.jp/data/nij16-2224795,家譜書出,系譜,Aboutルール除外: 系譜
https://jpsearch.go.jp/data/nij16-2224808,家譜書出,系譜,Aboutルール除外: 系譜
https://jpsearch.go.jp/data/nij16-2224819,家譜書抜,系譜,Aboutルール除外: 系譜
https://jpsearch.go.jp/data/nij16-222491,諸菜譜,国書--産業・科学--医学,Aboutルール除外: 国書--産業・科学--医学
https://jpsearch.go.jp/data/nij16-2224999,家譜事実,系譜,Aboutルール除外: 系譜
https://jpsearch.go.jp/data/nij16-2225005,家譜下書,系譜,Aboutルール除外: 系譜
https://jpsearch.go.jp/data/nij16-222651,草木性譜,国書--産業・科学--医学,Aboutルール除外: 国書--産業・科学--医学
https://jpsearch.go.jp/data/nij16-2227772,釜譜,茶道,Aboutルール除外: 茶道
https://jpsearch.go.jp/data/nij16-2227783,釜譜／三十六品,茶道,Aboutルール除外: 茶道
https://jpsearch.go.jp/data/nij16-2227807,鎌宝蔵院世譜略,槍術,Aboutルール除外: 槍術
https://jpsearch.go.jp/data/nij16-222822,清書畫人名譜,美術,Aboutルール除外: 美術
https://jpsearch.go.jp/data/nij16-2229289,上御倉家譜,系譜,Aboutルール除外: 系譜
https://jpsearch.go.jp/data/nij16-222935,米庵藏筆譜,美術,Aboutルール除外: 美術
https://jpsearch.go.jp/data/nij16-2229972,亀井家譜,系譜,Aboutルール除外: 系譜
https://jpsearch.go.jp/data/nij16-223074,桂花園墨譜,美術,Aboutルール除外: 美術
https://jpsearch.go.jp/data/nij16-223154,硯譜,美術,Aboutルール除外: 美術
https://jpsearch.go.jp/data/nij16-223325,和漢研譜,美術,Aboutルール除外: 美術
https://jpsearch.go.jp/data/nij16-223336,高氏研譜,美術,Aboutルール除外: 美術
https://jpsearch.go.jp/data/nij16-223347,茅氏研譜,美術,Aboutルール除外: 美術
https://jpsearch.go.jp/data/nij16-2235429,京師点者家譜,歴史,Aboutルール除外: 歴史
https://jpsearch.go.jp/data/nij16-2235430,黒田家譜,歴史,Aboutルール除外: 歴史
https://jpsearch.go.jp/data/nij16-2235645,浪華擷芳譜,歴史,Aboutルール除外: 歴史
https://jpsearch.go.jp/data/nij16-2236273,新撰銭譜,経済,Aboutルール除外: 経済
https://jpsearch.go.jp/data/nij16-2236295,対泉譜,経済,Aboutルール除外: 経済
https://jpsearch.go.jp/data/nij16-2236513,諸菜譜,理学,Aboutルール除外: 理学
https://jpsearch.go.jp/data/nij16-223756,鴻寳堂書譜,美術,Aboutルール除外: 美術
https://jpsearch.go.jp/data/nij16-2238473,加陽公譜要略,系譜,Aboutルール除外: 系譜
https://jpsearch.go.jp/data/nij16-2238508,加陽御年譜,通史,Aboutルール除外: 通史
https://jpsearch.go.jp/data/nij16-2239169,唐草模様画譜,図案,Aboutルール除外: 図案
https://jpsearch.go.jp/data/nij16-2239750,烏丸家譜,系譜,Aboutルール除外: 系譜
https://jpsearch.go.jp/data/nij16-22399,狂斎画譜,絵画,Aboutルール除外: 絵画
https://jpsearch.go.jp/data/nij16-224011,古梅園墨譜,美術,Aboutルール除外: 美術
https://jpsearch.go.jp/data/nij16-224066,梅屋畫譜,国書--美術・諸芸--画,Aboutルール除外: 国書--美術・諸芸--画
https://jpsearch.go.jp/data/nij16-224088,文鳳畫譜,国書--美術・諸芸--画,Aboutルール除外: 国書--美術・諸芸--画
https://jpsearch.go.jp/data/nij16-224099,文晁畫譜,国書--美術・諸芸--画,Aboutルール除外: 国書--美術・諸芸--画
https://jpsearch.go.jp/data/nij16-224102,文晁山水畫譜,国書--美術・諸芸--画,Aboutルール除外: 国書--美術・諸芸--画
https://jpsearch.go.jp/data/nij16-224113,墨蘭譜,国書--美術・諸芸--画,Aboutルール除外: 国書--美術・諸芸--画
https://jpsearch.go.jp/data/nij16-224135,圓翁畫譜,国書--美術・諸芸--画,Aboutルール除外: 国書--美術・諸芸--画
https://jpsearch.go.jp/data/nij16-2241454,藩翰譜,歴史,Aboutルール除外: 歴史
https://jpsearch.go.jp/data/nij16-224237,玄對畫譜,国書--美術・諸芸--画,Aboutルール除外: 国書--美術・諸芸--画
https://jpsearch.go.jp/data/nij16-224248,玄對畫譜遺稿,国書--美術・諸芸--画,Aboutルール除外: 国書--美術・諸芸--画
https://jpsearch.go.jp/data/nij16-224339,福善齋畫譜,国書--美術・諸芸--画,Aboutルール除外: 国書--美術・諸芸--画
https://jpsearch.go.jp/data/nij16-224340,扶桑畫譜,国書--美術・諸芸--画,Aboutルール除外: 国書--美術・諸芸--画
https://jpsearch.go.jp/data/nij16-22435,胸中山,絵画,Aboutルール除外: 絵画
https://jpsearch.go.jp/data/nij16-224362,百人一詩畫譜,国書--美術・諸芸--画,Aboutルール除外: 国書--美術・諸芸--画
https://jpsearch.go.jp/data/nij16-224384,一蝶畫譜,国書--美術・諸芸--画,Aboutルール除外: 国書--美術・諸芸--画
https://jpsearch.go.jp/data/nij16-224453,寒葉齋畫譜,国書--美術・諸芸--画,Aboutルール除外: 国書--美術・諸芸--画
https://jpsearch.go.jp/data/nij16-224464,蕙齋畫譜,国書--美術・諸芸--画,Aboutルール除外: 国書--美術・諸芸--画
https://jpsearch.go.jp/data/nij16-224555,楠亭畫譜,国書--美術・諸芸--画,Aboutルール除外: 国書--美術・諸芸--画
https://jpsearch.go.jp/data/nij16-224566,名家畫譜,国書--美術・諸芸--画,Aboutルール除外: 国書--美術・諸芸--画
https://jpsearch.go.jp/data/nij16-224588,名數畫譜,国書--美術・諸芸--画,Aboutルール除外: 国書--美術・諸芸--画
https://jpsearch.go.jp/data/nij16-224602,鳴門畫譜,国書--美術・諸芸--画,Aboutルール除外: 国書--美術・諸芸--画
https://jpsearch.go.jp/data/nij16-224613,蘭齋畫譜,国書--美術・諸芸--画,Aboutルール除外: 国書--美術・諸芸--画
https://jpsearch.go.jp/data/nij16-224624,歴代名公畫譜,国書--美術・諸芸--画,Aboutルール除外: 国書--美術・諸芸--画
https://jpsearch.go.jp/data/nij16-224646,李用雲竹譜,国書--美術・諸芸--画,Aboutルール除外: 国書--美術・諸芸--画
https://jpsearch.go.jp/data/nij16-224726,大雅堂畫譜,国書--美術・諸芸--画,Aboutルール除外: 国書--美術・諸芸--画
https://jpsearch.go.jp/data/nij16-224737,探幽畫譜,国書--美術・諸芸--画,Aboutルール除外: 国書--美術・諸芸--画
https://jpsearch.go.jp/data/nij16-22479,京都将軍家譜,系譜,Aboutルール除外: 系譜
https://jpsearch.go.jp/data/nij16-224793,東溪畫譜,国書--美術・諸芸--画,Aboutルール除外: 国書--美術・諸芸--画
https://jpsearch.go.jp/data/nij16-2248126,寛永正保間年譜,年譜,Aboutルール除外: 年譜
https://jpsearch.go.jp/data/nij16-2248160,寛永諸家系図伝条例寛政重修諸家系譜条例并総目,系譜,Aboutルール除外: 系譜
https://jpsearch.go.jp/data/nij16-2248182,寛永諸家譜目録,系譜,Aboutルール除外: 系譜
https://jpsearch.go.jp/data/nij16-2248240,寛永銭譜,貨幣,Aboutルール除外: 貨幣
https://jpsearch.go.jp/data/nij16-2248251,寛永銭譜,貨幣,Aboutルール除外: 貨幣
https://jpsearch.go.jp/data/nij16-2248262,寛永銭譜,貨幣,Aboutルール除外: 貨幣
https://jpsearch.go.jp/data/nij16-2248273,寛永銭譜,貨幣,Aboutルール除外: 貨幣
https://jpsearch.go.jp/data/nij16-2248284,寛永銭譜,貨幣,Aboutルール除外: 貨幣
https://jpsearch.go.jp/data/nij16-224840,人物畫譜,国書--美術・諸芸--画,Aboutルール除外: 国書--美術・諸芸--画
https://jpsearch.go.jp/data/nij16-224862,倭人物畫譜,国書--美術・諸芸--画,Aboutルール除外: 国書--美術・諸芸--画
https://jpsearch.go.jp/data/nij16-2248717,寛永譜系,系譜,Aboutルール除外: 系譜
https://jpsearch.go.jp/data/nij16-2248728,寛永譜略抄,系譜,Aboutルール除外: 系譜
https://jpsearch.go.jp/data/nij16-224884,十竹齋畫譜,国書--美術・諸芸--画,Aboutルール除外: 国書--美術・諸芸--画
https://jpsearch.go.jp/data/nij16-2249016,灌園花譜,本草,Aboutルール除外: 本草
https://jpsearch.go.jp/data/nij16-224964,寒葉齋畫譜,国書--美術・諸芸--画,Aboutルール除外: 国書--美術・諸芸--画
https://jpsearch.go.jp/data/nij16-225070,宋紫石畫譜,国書--美術・諸芸--画,Aboutルール除外: 国書--美術・諸芸--画
https://jpsearch.go.jp/data/nij16-225092,圓翁畫譜,国書--美術・諸芸--画,Aboutルール除外: 国書--美術・諸芸--画
https://jpsearch.go.jp/data/nij16-2250955,西洋銭譜,歴史,Aboutルール除外: 歴史
https://jpsearch.go.jp/data/nij16-225172,幽蘭譜,国書--美術・諸芸--画,Aboutルール除外: 国書--美術・諸芸--画
https://jpsearch.go.jp/data/nij16-225263,林谷印譜,国書--美術・諸芸--画,Aboutルール除外: 国書--美術・諸芸--画
https://jpsearch.go.jp/data/nij16-2252882,闇斎先生年譜,一般図書--哲学,Aboutルール除外: 一般図書--哲学
https://jpsearch.go.jp/data/nij16-225296,邊氏畫譜,国書--美術・諸芸--画,Aboutルール除外: 国書--美術・諸芸--画
https://jpsearch.go.jp/data/nij16-2252973,聖一國師年譜語録,一般図書--哲学,Aboutルール除外: 一般図書--哲学
https://jpsearch.go.jp/data/nij16-2252984,聖一國師年譜語録,一般図書--哲学,Aboutルール除外: 一般図書--哲学
https://jpsearch.go.jp/data/nij16-225309,海仙畫譜,国書--美術・諸芸--画,Aboutルール除外: 国書--美術・諸芸--画
https://jpsearch.go.jp/data/nij16-2253103,独妙禅師年譜,一般図書--哲学,Aboutルール除外: 一般図書--哲学
https://jpsearch.go.jp/data/nij16-2253125,弘法大師年譜和讃,一般図書--哲学,Aboutルール除外: 一般図書--哲学
https://jpsearch.go.jp/data/nij16-225321,文晁畫譜,国書--美術・諸芸--画,Aboutルール除外: 国書--美術・諸芸--画
https://jpsearch.go.jp/data/nij16-2253625,浪華擷芳譜,歴史,Aboutルール除外: 歴史
https://jpsearch.go.jp/data/nij16-225401,墨竹譜,国書--美術・諸芸--画,Aboutルール除外: 国書--美術・諸芸--画
https://jpsearch.go.jp/data/nij16-225434,玄々瓷印譜,国書--美術・諸芸--花押・印章,Aboutルール除外: 国書--美術・諸芸--花押・印章
https://jpsearch.go.jp/data/nij16-2254695,東音譜,一般図書--語学,Aboutルール除外: 一般図書--語学
https://jpsearch.go.jp/data/nij16-225478,印籠譜,国書--美術・諸芸--花押・印章,Aboutルール除外: 国書--美術・諸芸--花押・印章
https://jpsearch.go.jp/data/nij16-2254797,唐音和解音曲笛譜,一般図書--語学,Aboutルール除外: 一般図書--語学
https://jpsearch.go.jp/data/nij16-225489,印籠譜,国書--美術・諸芸--花押・印章,Aboutルール除外: 国書--美術・諸芸--花押・印章
https://jpsearch.go.jp/data/nij16-225490,小石山房印譜,国書--美術・諸芸--花押・印章,Aboutルール除外: 国書--美術・諸芸--花押・印章
https://jpsearch.go.jp/data/nij16-225514,千字文印譜,国書--美術・諸芸--花押・印章,Aboutルール除外: 国書--美術・諸芸--花押・印章
https://jpsearch.go.jp/data/nij16-225570,笠澤印譜,国書--美術・諸芸--花押・印章,Aboutルール除外: 国書--美術・諸芸--花押・印章
https://jpsearch.go.jp/data/nij16-225581,西遊印譜,国書--美術・諸芸--花押・印章,Aboutルール除外: 国書--美術・諸芸--花押・印章
https://jpsearch.go.jp/data/nij16-225592,石齋集古印譜,国書--美術・諸芸--花押・印章,Aboutルール除外: 国書--美術・諸芸--花押・印章
https://jpsearch.go.jp/data/nij16-22560,魚貝譜,魚介,Aboutルール除外: 魚介
https://jpsearch.go.jp/data/nij16-225605,尚古館印譜,国書--美術・諸芸--花押・印章,Aboutルール除外: 国書--美術・諸芸--花押・印章
https://jpsearch.go.jp/data/nij16-225616,澹寧居印譜,国書--美術・諸芸--花押・印章,Aboutルール除外: 国書--美術・諸芸--花押・印章
https://jpsearch.go.jp/data/nij16-225627,僊遊閣印譜,国書--美術・諸芸--花押・印章,Aboutルール除外: 国書--美術・諸芸--花押・印章
https://jpsearch.go.jp/data/nij16-225650,印譜集,国書--美術・諸芸--花押・印章,Aboutルール除外: 国書--美術・諸芸--花押・印章
https://jpsearch.go.jp/data/nij16-22571,魚貝譜,魚介,Aboutルール除外: 魚介
https://jpsearch.go.jp/data/nij16-225729,里東白印譜,国書--美術・諸芸--花押・印章,Aboutルール除外: 国書--美術・諸芸--花押・印章
https://jpsearch.go.jp/data/nij16-2257683,涵月楼印譜,印章,Aboutルール除外: 印章
https://jpsearch.go.jp/data/nij16-225809,博古齋印譜,国書--美術・諸芸--花押・印章,Aboutルール除外: 国書--美術・諸芸--花押・印章
https://jpsearch.go.jp/data/nij16-2258095,菅家累譜,系譜,Aboutルール除外: 系譜
https://jpsearch.go.jp/data/nij16-225810,博古齋印譜,国書--美術・諸芸--花押・印章,Aboutルール除外: 国書--美術・諸芸--花押・印章
https://jpsearch.go.jp/data/nij16-22582,魚貝譜,魚介,Aboutルール除外: 魚介
https://jpsearch.go.jp/data/nij16-225821,笠澤印譜,国書--美術・諸芸--花押・印章,Aboutルール除外: 国書--美術・諸芸--花押・印章
https://jpsearch.go.jp/data/nij16-225832,笠澤印譜,国書--美術・諸芸--花押・印章,Aboutルール除外: 国書--美術・諸芸--花押・印章
https://jpsearch.go.jp/data/nij16-225843,笠澤印譜,国書--美術・諸芸--花押・印章,Aboutルール除外: 国書--美術・諸芸--花押・印章
https://jpsearch.go.jp/data/nij16-225854,印譜,国書--美術・諸芸--花押・印章,Aboutルール除外: 国書--美術・諸芸--花押・印章
https://jpsearch.go.jp/data/nij16-225865,江都金工名譜,国書--美術・諸芸--工芸,Aboutルール除外: 国書--美術・諸芸--工芸
https://jpsearch.go.jp/data/nij16-2259338,嫺古字譜,印章,Aboutルール除外: 印章
https://jpsearch.go.jp/data/nij16-2259521,官材画譜,林業,Aboutルール除外: 林業
https://jpsearch.go.jp/data/nij16-2259849,含菜房方譜,薬物,Aboutルール除外: 薬物
https://jpsearch.go.jp/data/nij16-226380,玉堂琴譜,美術,Aboutルール除外: 美術
https://jpsearch.go.jp/data/nij16-226415,古樂龍笛譜,美術,Aboutルール除外: 美術
https://jpsearch.go.jp/data/nij16-226493,樂譜類集,美術,Aboutルール除外: 美術
https://jpsearch.go.jp/data/nij16-226857,茶人系譜,美術,Aboutルール除外: 美術
https://jpsearch.go.jp/data/nij16-2272642,俳諧家譜,俳諧,Aboutルール除外: 俳諧
https://jpsearch.go.jp/data/nij16-227689,和琴譜,美術,Aboutルール除外: 美術
https://jpsearch.go.jp/data/nij16-2277750,〔慶子画譜〕,俳諧,Aboutルール除外: 俳諧
https://jpsearch.go.jp/data/nij16-2279609,誹諧／家譜後拾遺,俳諧--寛政9年,Aboutルール除外: 俳諧--寛政9年
https://jpsearch.go.jp/data/nij16-2279610,誹諧家譜後拾遺,俳諧--寛政9年,Aboutルール除外: 俳諧--寛政9年
https://jpsearch.go.jp/data/nij16-2283343,名家画譜／草名集,俳諧,Aboutルール除外: 俳諧
https://jpsearch.go.jp/data/nij16-2285327,俳諧画譜,俳諧,Aboutルール除外: 俳諧
https://jpsearch.go.jp/data/nij16-2287823,月樵画譜／発句入,俳諧,Aboutルール除外: 俳諧
https://jpsearch.go.jp/data/nij16-2297827,素檗書簡／星譜宛,俳諧,Aboutルール除外: 俳諧
https://jpsearch.go.jp/data/nij16-230433,尚古館印譜,印章,Aboutルール除外: 印章
https://jpsearch.go.jp/data/nij16-2309311,義舜公御家譜抄・同金砂御籠城記,記録,Aboutルール除外: 記録
https://jpsearch.go.jp/data/nij16-2309651,奇賞堂印譜,印章,Aboutルール除外: 印章
https://jpsearch.go.jp/data/nij16-231334,勝定国師年譜,伝記,Aboutルール除外: 伝記
https://jpsearch.go.jp/data/nij16-2313500,木曾産物図譜,物産,Aboutルール除外: 物産
https://jpsearch.go.jp/data/nij16-2313873,木曾薬譜,本草,Aboutルール除外: 本草
https://jpsearch.go.jp/data/nij16-2314569,北蝦夷草木譜,植物,Aboutルール除外: 植物
https://jpsearch.go.jp/data/nij16-2315073,北島家譜,系譜,Aboutルール除外: 系譜
https://jpsearch.go.jp/data/nij16-2315084,北島系図並家譜,系譜,Aboutルール除外: 系譜
https://jpsearch.go.jp/data/nij16-2315095,北島系譜並事蹟記,家伝,Aboutルール除外: 家伝
https://jpsearch.go.jp/data/nij16-2315437,北小路家譜,系譜,Aboutルール除外: 系譜
https://jpsearch.go.jp/data/nij16-2316725,北畠家譜,系譜,Aboutルール除外: 系譜
https://jpsearch.go.jp/data/nij16-2316736,北畠家譜松崎家譜,系譜,Aboutルール除外: 系譜
https://jpsearch.go.jp/data/nij16-2319280,吉川之譜内覧,系譜,Aboutルール除外: 系譜
https://jpsearch.go.jp/data/nij16-2319348,橘柑譜,本草,Aboutルール除外: 本草
https://jpsearch.go.jp/data/nij16-2319473,吉家系譜伝,系譜,Aboutルール除外: 系譜
https://jpsearch.go.jp/data/nij16-2320323,橘窓自譜雑鈔,雑記,Aboutルール除外: 雑記
https://jpsearch.go.jp/data/nij16-2320436,橘譜,本草,Aboutルール除外: 本草
https://jpsearch.go.jp/data/nij16-2321848,衣笠氏族譜,系譜,Aboutルール除外: 系譜
https://jpsearch.go.jp/data/nij16-2322385,紀量弘家譜,系譜,Aboutルール除外: 系譜
https://jpsearch.go.jp/data/nij16-2322465,菌の譜,植物,Aboutルール除外: 植物
https://jpsearch.go.jp/data/nij16-2322512,城崎郡名家譜,系譜,Aboutルール除外: 系譜
https://jpsearch.go.jp/data/nij16-2322567,木下家譜,系譜,Aboutルール除外: 系譜
https://jpsearch.go.jp/data/nij16-2322578,木下家譜,系譜,Aboutルール除外: 系譜
https://jpsearch.go.jp/data/nij16-2322749,紀真継家譜,系譜,Aboutルール除外: 系譜
https://jpsearch.go.jp/data/nij16-2323719,棊譜,囲碁,Aboutルール除外: 囲碁
https://jpsearch.go.jp/data/nij16-2324405,紀平洲先生年譜,年譜,Aboutルール除外: 年譜
https://jpsearch.go.jp/data/nij16-2325511,卉木譜,本草,Aboutルール除外: 本草
https://jpsearch.go.jp/data/nij16-2326401,木村家譜,系譜,Aboutルール除外: 系譜
https://jpsearch.go.jp/data/nij16-2326785,帰黙斎方譜,医学,Aboutルール除外: 医学
https://jpsearch.go.jp/data/nij16-2326796,肝付家譜,系譜,Aboutルール除外: 系譜
https://jpsearch.go.jp/data/nij16-232791,勝道尊者年譜,伝記,Aboutルール除外: 伝記
https://jpsearch.go.jp/data/nij16-2328156,旧華押譜,花押,Aboutルール除外: 花押
https://jpsearch.go.jp/data/nij16-233330,浄土真宗五派譜略,真宗,Aboutルール除外: 真宗
https://jpsearch.go.jp/data/nij16-2336063,〔鎮西誌および直茂公譜より抜書〕,総記--歴史,Aboutルール除外: 総記--歴史
https://jpsearch.go.jp/data/nij16-2336121,龍譜肥舊記,総記--歴史,Aboutルール除外: 総記--歴史
https://jpsearch.go.jp/data/nij16-2336369,山本神右衛門重澄法名孝白善忠年譜,総記--歴史,Aboutルール除外: 総記--歴史
https://jpsearch.go.jp/data/nij16-2336370,山本神右衛門常朝年譜,総記--歴史,Aboutルール除外: 総記--歴史
https://jpsearch.go.jp/data/nij16-2336450,井内南涯年譜抄録,総記--歴史,Aboutルール除外: 総記--歴史
https://jpsearch.go.jp/data/nij16-2336529,故主水佑鍋嶋茂里譜,総記--歴史,Aboutルール除外: 総記--歴史
https://jpsearch.go.jp/data/nij16-2336665,山本神右衛門重澄法名孝白善忠年譜,総記--歴史,Aboutルール除外: 総記--歴史
https://jpsearch.go.jp/data/nij16-2336676,山本神右衛門常朝年譜,総記--歴史,Aboutルール除外: 総記--歴史
https://jpsearch.go.jp/data/nij16-2340310,御年譜ヲ始旧記類目録并ニ諸産物,総記--諸目録,Aboutルール除外: 総記--諸目録
https://jpsearch.go.jp/data/nij16-2340467,御年譜其外御書目帳,総記--諸目録,Aboutルール除外: 総記--諸目録
https://jpsearch.go.jp/data/nij16-2341006,御系譜ニ付従公儀御尋之廉々御答書,系譜,Aboutルール除外: 系譜
https://jpsearch.go.jp/data/nij16-2341039,御系譜ニ付従公儀御尋之廉々御答書,系譜,Aboutルール除外: 系譜
https://jpsearch.go.jp/data/nij16-2341131,寛政重修諸家譜・鍋島,系譜,Aboutルール除外: 系譜
https://jpsearch.go.jp/data/nij16-2341211,被差上候御系譜,系譜,Aboutルール除外: 系譜
https://jpsearch.go.jp/data/nij16-2341324,鍋島紀伊守系譜,系譜,Aboutルール除外: 系譜
https://jpsearch.go.jp/data/nij16-2341335,鍋島甲斐守系譜,系譜,Aboutルール除外: 系譜
https://jpsearch.go.jp/data/nij16-2341346,鍋島和泉守系譜,系譜,Aboutルール除外: 系譜
https://jpsearch.go.jp/data/nij16-2341368,鍋島紀伊守系譜,系譜,Aboutルール除外: 系譜
https://jpsearch.go.jp/data/nij16-2341379,鍋島甲斐守系譜,系譜,Aboutルール除外: 系譜
https://jpsearch.go.jp/data/nij16-2341380,鍋島和泉守系譜,系譜,Aboutルール除外: 系譜
https://jpsearch.go.jp/data/nij16-2341404,鍋島紀伊守系譜,系譜,Aboutルール除外: 系譜
https://jpsearch.go.jp/data/nij16-2341415,鍋島統太郎系譜,系譜,Aboutルール除外: 系譜
https://jpsearch.go.jp/data/nij16-2341426,鍋島安次郎系譜,系譜,Aboutルール除外: 系譜
https://jpsearch.go.jp/data/nij16-2341448,鍋島紀伊守系譜,系譜,Aboutルール除外: 系譜
https://jpsearch.go.jp/data/nij16-2341459,鍋島統太郎系譜,系譜,Aboutルール除外: 系譜
https://jpsearch.go.jp/data/nij16-2341460,鍋島安次郎系譜,系譜,Aboutルール除外: 系譜
https://jpsearch.go.jp/data/nij16-2341595,直茂公御系圖,系譜,Aboutルール除外: 系譜
https://jpsearch.go.jp/data/nij16-2341620,鍋島系譜,系譜,Aboutルール除外: 系譜
https://jpsearch.go.jp/data/nij16-2341722,續藩翰譜,系譜,Aboutルール除外: 系譜
https://jpsearch.go.jp/data/nij16-2341744,周煕年譜,系譜,Aboutルール除外: 系譜
https://jpsearch.go.jp/data/nij16-2341766,藩譜採要,系譜,Aboutルール除外: 系譜
https://jpsearch.go.jp/data/nij16-2341788,藩翰譜補正幷書續,系譜,Aboutルール除外: 系譜
https://jpsearch.go.jp/data/nij16-2341802,改選寛永差出諸家系譜抜,系譜,Aboutルール除外: 系譜
https://jpsearch.go.jp/data/nij16-2341824,藩翰譜補正幷書續,系譜,Aboutルール除外: 系譜
https://jpsearch.go.jp/data/nij16-2341835,従五位鍋島直彬家譜,系譜,Aboutルール除外: 系譜
https://jpsearch.go.jp/data/nij16-2341868,藤龍家譜,系譜,Aboutルール除外: 系譜
https://jpsearch.go.jp/data/nij16-2341960,御略譜,系譜,Aboutルール除外: 系譜
https://jpsearch.go.jp/data/nij16-2342010,綱茂公御年譜,系譜,Aboutルール除外: 系譜
https://jpsearch.go.jp/data/nij16-2342021,綱茂公御年譜,系譜,Aboutルール除外: 系譜
https://jpsearch.go.jp/data/nij16-2342032,吉茂公御年譜,系譜,Aboutルール除外: 系譜
https://jpsearch.go.jp/data/nij16-2342043,吉茂公御年譜,系譜,Aboutルール除外: 系譜
https://jpsearch.go.jp/data/nij16-2342054,勝茂公譜考補,系譜,Aboutルール除外: 系譜
https://jpsearch.go.jp/data/nij16-2342065,勝茂公譜考補,系譜,Aboutルール除外: 系譜
https://jpsearch.go.jp/data/nij16-2342076,宗茂公御年譜,系譜,Aboutルール除外: 系譜
https://jpsearch.go.jp/data/nij16-2342087,光茂公譜考補,系譜,Aboutルール除外: 系譜
https://jpsearch.go.jp/data/nij16-2342098,直茂公譜考補,系譜,Aboutルール除外: 系譜
https://jpsearch.go.jp/data/nij16-2342101,宗茂公御年譜,系譜,Aboutルール除外: 系譜
https://jpsearch.go.jp/data/nij16-2342112,勝茂公御年譜,系譜,Aboutルール除外: 系譜
https://jpsearch.go.jp/data/nij16-2342123,齊直公譜地,系譜,Aboutルール除外: 系譜
https://jpsearch.go.jp/data/nij16-2342134,御代々様略譜,系譜,Aboutルール除外: 系譜
https://jpsearch.go.jp/data/nij16-2342156,勝茂公譜考補,系譜,Aboutルール除外: 系譜
https://jpsearch.go.jp/data/nij16-2342167,綱茂公吉茂公宗茂公譜,系譜,Aboutルール除外: 系譜
https://jpsearch.go.jp/data/nij16-2342178,泰巖公御年譜,系譜,Aboutルール除外: 系譜
https://jpsearch.go.jp/data/nij16-2342189,直茂公譜,系譜,Aboutルール除外: 系譜
https://jpsearch.go.jp/data/nij16-2342190,治茂公御年譜,系譜,Aboutルール除外: 系譜
https://jpsearch.go.jp/data/nij16-2342203,齊直公譜地,系譜,Aboutルール除外: 系譜
https://jpsearch.go.jp/data/nij16-2342214,泰巖公譜,系譜,Aboutルール除外: 系譜
https://jpsearch.go.jp/data/nij16-2342225,御代々様略譜,系譜,Aboutルール除外: 系譜
https://jpsearch.go.jp/data/nij16-2342236,寛元事記,系譜,Aboutルール除外: 系譜
https://jpsearch.go.jp/data/nij16-2342247,光茂公譜考補,系譜,Aboutルール除外: 系譜
https://jpsearch.go.jp/data/nij16-2342258,吉茂公御年譜,系譜,Aboutルール除外: 系譜
https://jpsearch.go.jp/data/nij16-2342269,宗茂公御年譜,系譜,Aboutルール除外: 系譜
https://jpsearch.go.jp/data/nij16-2342270,宗茂公御年譜,系譜,Aboutルール除外: 系譜
https://jpsearch.go.jp/data/nij16-2342281,泰巖公年譜,系譜,Aboutルール除外: 系譜
https://jpsearch.go.jp/data/nij16-2342292,隆信公御年譜,系譜,Aboutルール除外: 系譜
https://jpsearch.go.jp/data/nij16-2342305,隆信公御年譜,系譜,Aboutルール除外: 系譜
https://jpsearch.go.jp/data/nij16-2342316,勝茂公御年譜,系譜,Aboutルール除外: 系譜
https://jpsearch.go.jp/data/nij16-2342327,勝茂公御年譜,系譜,Aboutルール除外: 系譜
https://jpsearch.go.jp/data/nij16-2342338,勝茂公御年譜,系譜,Aboutルール除外: 系譜
https://jpsearch.go.jp/data/nij16-2342349,勝茂公御年譜,系譜,Aboutルール除外: 系譜
https://jpsearch.go.jp/data/nij16-2342350,勝茂公御年譜,系譜,Aboutルール除外: 系譜
https://jpsearch.go.jp/data/nij16-2342361,勝茂公御年譜,系譜,Aboutルール除外: 系譜
https://jpsearch.go.jp/data/nij16-2342372,勝茂公譜考補,系譜,Aboutルール除外: 系譜
https://jpsearch.go.jp/data/nij16-2342383,勝茂公譜考補,系譜,Aboutルール除外: 系譜
https://jpsearch.go.jp/data/nij16-2342394,御代々様略譜,系譜,Aboutルール除外: 系譜
https://jpsearch.go.jp/data/nij16-2342407,御代々御花押幷御年譜,系譜,Aboutルール除外: 系譜
https://jpsearch.go.jp/data/nij16-2342418,齊直公譜地,系譜,Aboutルール除外: 系譜
https://jpsearch.go.jp/data/nij16-2342429,治茂公御年譜,系譜,Aboutルール除外: 系譜
https://jpsearch.go.jp/data/nij16-2342430,重茂公御年譜,系譜,Aboutルール除外: 系譜
https://jpsearch.go.jp/data/nij16-2342441,重茂公御年譜,系譜,Aboutルール除外: 系譜
https://jpsearch.go.jp/data/nij16-2342452,鍋嶋直茂公譜,系譜,Aboutルール除外: 系譜
https://jpsearch.go.jp/data/nij16-2342463,直茂公三徳譜,系譜,Aboutルール除外: 系譜
https://jpsearch.go.jp/data/nij16-2342474,直茂公三徳譜,系譜,Aboutルール除外: 系譜
https://jpsearch.go.jp/data/nij16-2342485,直茂公三徳譜,系譜,Aboutルール除外: 系譜
https://jpsearch.go.jp/data/nij16-2342509,直茂公譜,系譜,Aboutルール除外: 系譜
https://jpsearch.go.jp/data/nij16-2342532,直茂公三徳譜,系譜,Aboutルール除外: 系譜
https://jpsearch.go.jp/data/nij16-2342543,鍋嶋直茂公譜,系譜,Aboutルール除外: 系譜
https://jpsearch.go.jp/data/nij16-2342554,直茂公譜,系譜,Aboutルール除外: 系譜
https://jpsearch.go.jp/data/nij16-2342612,直茂公譜考補,系譜,Aboutルール除外: 系譜
https://jpsearch.go.jp/data/nij16-2342623,直茂公譜考補,系譜,Aboutルール除外: 系譜
https://jpsearch.go.jp/data/nij16-2342634,直茂公譜考補,系譜,Aboutルール除外: 系譜
https://jpsearch.go.jp/data/nij16-2342645,直茂公三徳譜,系譜,Aboutルール除外: 系譜
https://jpsearch.go.jp/data/nij16-2342656,勝茂公譜考補,系譜,Aboutルール除外: 系譜
https://jpsearch.go.jp/data/nij16-2342667,勝茂公譜考補,系譜,Aboutルール除外: 系譜
https://jpsearch.go.jp/data/nij16-2342678,光茂公譜考補,系譜,Aboutルール除外: 系譜
https://jpsearch.go.jp/data/nij16-2342689,綱茂公御年譜,系譜,Aboutルール除外: 系譜
https://jpsearch.go.jp/data/nij16-2342690,綱茂公御年譜,系譜,Aboutルール除外: 系譜
https://jpsearch.go.jp/data/nij16-2342703,吉茂公御年譜,系譜,Aboutルール除外: 系譜
https://jpsearch.go.jp/data/nij16-2342714,勝茂公御年譜,系譜,Aboutルール除外: 系譜
https://jpsearch.go.jp/data/nij16-2342725,鍋島家歴代年譜,系譜,Aboutルール除外: 系譜
https://jpsearch.go.jp/data/nij16-2342747,泰國院様御年譜地取書抜,系譜,Aboutルール除外: 系譜
https://jpsearch.go.jp/data/nij16-2342769,〔勝茂公年譜〕,系譜,Aboutルール除外: 系譜
https://jpsearch.go.jp/data/nij16-2342770,元茂公御年譜,系譜,Aboutルール除外: 系譜
https://jpsearch.go.jp/data/nij16-2342781,元茂公御年譜,系譜,Aboutルール除外: 系譜
https://jpsearch.go.jp/data/nij16-2342792,直能公御年譜,系譜,Aboutルール除外: 系譜
https://jpsearch.go.jp/data/nij16-2342805,直能公譜,系譜,Aboutルール除外: 系譜
https://jpsearch.go.jp/data/nij16-2342816,鍋嶋和泉守忠茂譜,系譜,Aboutルール除外: 系譜
https://jpsearch.go.jp/data/nij16-2342827,鹿島年譜,系譜,Aboutルール除外: 系譜
https://jpsearch.go.jp/data/nij16-2342838,鹿島年譜,系譜,Aboutルール除外: 系譜
https://jpsearch.go.jp/data/nij16-2342849,和泉守忠茂殿譜,系譜,Aboutルール除外: 系譜
https://jpsearch.go.jp/data/nij16-2343115,〔龍造寺家年譜〕,系譜,Aboutルール除外: 系譜
https://jpsearch.go.jp/data/nij16-2343579,故主水佑鍋島茂里年譜,藩主--親族,Aboutルール除外: 藩主--親族
https://jpsearch.go.jp/data/nij16-2343580,故主水佑鍋嶋茂里年譜,藩主--親族,Aboutルール除外: 藩主--親族
https://jpsearch.go.jp/data/nij16-2343637,故主水佑鍋嶋茂里譜,藩主--親族,Aboutルール除外: 藩主--親族
https://jpsearch.go.jp/data/nij16-2344845,石井系譜,系譜,Aboutルール除外: 系譜
https://jpsearch.go.jp/data/nij16-2345702,深江家譜并御判物写,系譜,Aboutルール除外: 系譜
https://jpsearch.go.jp/data/nij16-2345724,下村生運年譜抜書写,系譜,Aboutルール除外: 系譜
https://jpsearch.go.jp/data/nij16-2345804,統清年譜,系譜,Aboutルール除外: 系譜
https://jpsearch.go.jp/data/nij16-2345826,統清年譜,系譜,Aboutルール除外: 系譜
https://jpsearch.go.jp/data/nij16-23461,欽慕画譜,絵画,Aboutルール除外: 絵画
https://jpsearch.go.jp/data/nij16-2346158,田尻家譜,系譜,Aboutルール除外: 系譜
https://jpsearch.go.jp/data/nij16-2346169,田尻家譜,系譜,Aboutルール除外: 系譜
https://jpsearch.go.jp/data/nij16-2346170,大蔵姓成冨家譜,系譜,Aboutルール除外: 系譜
https://jpsearch.go.jp/data/nij16-2346181,大蔵姓成富家譜,系譜,Aboutルール除外: 系譜
https://jpsearch.go.jp/data/nij16-2346205,小川之家譜,系譜,Aboutルール除外: 系譜
https://jpsearch.go.jp/data/nij16-2346216,小川之家譜,系譜,Aboutルール除外: 系譜
https://jpsearch.go.jp/data/nij16-2346227,深江家譜,系譜,Aboutルール除外: 系譜
https://jpsearch.go.jp/data/nij16-2346307,成富家譜,系譜,Aboutルール除外: 系譜
https://jpsearch.go.jp/data/nij16-2346330,統清年譜,系譜,Aboutルール除外: 系譜
https://jpsearch.go.jp/data/nij16-235687,書家略譜,系譜,Aboutルール除外: 系譜
https://jpsearch.go.jp/data/nij16-2364207,肥前国画家略譜,産業,Aboutルール除外: 産業
https://jpsearch.go.jp/data/nij16-2364263,肥前国画家略譜,産業,Aboutルール除外: 産業
https://jpsearch.go.jp/data/nij16-2365448,源姓松浦氏系譜,家制・習俗,Aboutルール除外: 家制・習俗
https://jpsearch.go.jp/data/nij16-2367499,泰國院様御年譜地取,系譜,Aboutルール除外: 系譜
https://jpsearch.go.jp/data/nij16-236919,諸家知譜拙記伊呂波別,系譜,Aboutルール除外: 系譜
https://jpsearch.go.jp/data/nij16-236920,諸家知譜拙記画引,系譜,Aboutルール除外: 系譜
https://jpsearch.go.jp/data/nij16-236931,諸家知譜拙記画引／同伊呂波引,系譜,Aboutルール除外: 系譜
https://jpsearch.go.jp/data/nij16-236942,諸家知譜拙記抜書,系譜,Aboutルール除外: 系譜
https://jpsearch.go.jp/data/nij16-2373468,花押譜,和書_慶応以前,Aboutルール除外: 和書_慶応以前
https://jpsearch.go.jp/data/nij16-237445,諸菜譜,本草,Aboutルール除外: 本草
https://jpsearch.go.jp/data/nij16-2378076,藩翰譜,和書_慶応以前,Aboutルール除外: 和書_慶応以前
https://jpsearch.go.jp/data/nij16-2378656,〔改正増補〕／諸家知譜拙記,和書_慶応以前,Aboutルール除外: 和書_慶応以前
https://jpsearch.go.jp/data/nij16-2378667,〔増補〕／諸家知譜拙記,和書_慶応以前,Aboutルール除外: 和書_慶応以前
https://jpsearch.go.jp/data/nij16-2378689,藩瀚譜,和書_慶応以前,Aboutルール除外: 和書_慶応以前
https://jpsearch.go.jp/data/nij16-2378690,藩瀚譜,和書_慶応以前,Aboutルール除外: 和書_慶応以前
https://jpsearch.go.jp/data/nij16-2378703,寛政重脩諸家譜,和書_慶応以前,Aboutルール除外: 和書_慶応以前
https://jpsearch.go.jp/data/nij16-2378714,〔改選〕／諸家系譜,和書_慶応以前,Aboutルール除外: 和書_慶応以前
https://jpsearch.go.jp/data/nij16-2378725,〔改選〕／諸家系譜,和書_慶応以前,Aboutルール除外: 和書_慶応以前
https://jpsearch.go.jp/data/nij16-2378792,京都将軍家譜,和書_慶応以前,Aboutルール除外: 和書_慶応以前
https://jpsearch.go.jp/data/nij16-2378816,藩翰譜続編,和書_慶応以前,Aboutルール除外: 和書_慶応以前
https://jpsearch.go.jp/data/nij16-2378827,藩翰譜補正并書續,和書_慶応以前,Aboutルール除外: 和書_慶応以前
https://jpsearch.go.jp/data/nij16-2378849,藩翰譜,和書_慶応以前,Aboutルール除外: 和書_慶応以前
https://jpsearch.go.jp/data/nij16-2378850,藩翰譜,和書_慶応以前,Aboutルール除外: 和書_慶応以前
https://jpsearch.go.jp/data/nij16-2378941,細川系譜家伝録,和書_慶応以前,Aboutルール除外: 和書_慶応以前
https://jpsearch.go.jp/data/nij16-2379035,〔徳川家家譜〕,和書_慶応以前,Aboutルール除外: 和書_慶応以前
https://jpsearch.go.jp/data/nij16-2379046,〔龍造寺鍋島家家譜〕,和書_慶応以前,Aboutルール除外: 和書_慶応以前
https://jpsearch.go.jp/data/nij16-2379115,黄檗二代木庵和尚年譜,和書_慶応以前,Aboutルール除外: 和書_慶応以前
https://jpsearch.go.jp/data/nij16-2379137,細川忠興公譜／附録,和書_慶応以前,Aboutルール除外: 和書_慶応以前
https://jpsearch.go.jp/data/nij16-2383746,萬象寫眞圖譜,和書_慶応以前,Aboutルール除外: 和書_慶応以前
https://jpsearch.go.jp/data/nij16-2383757,萬象寫眞圖譜,和書_慶応以前,Aboutルール除外: 和書_慶応以前
https://jpsearch.go.jp/data/nij16-2383768,萬象寫眞圖譜,和書_慶応以前,Aboutルール除外: 和書_慶応以前
https://jpsearch.go.jp/data/nij16-2383780,日東魚譜,和書_慶応以前,Aboutルール除外: 和書_慶応以前
https://jpsearch.go.jp/data/nij16-2384170,諸菜譜,和書_慶応以前,Aboutルール除外: 和書_慶応以前
https://jpsearch.go.jp/data/nij16-2384238,草木性譜,和書_慶応以前,Aboutルール除外: 和書_慶応以前
https://jpsearch.go.jp/data/nij16-2384250,本草綱目啓蒙圖譜,和書_慶応以前,Aboutルール除外: 和書_慶応以前
https://jpsearch.go.jp/data/nij16-2385424,清書画人名譜,和書_慶応以前,Aboutルール除外: 和書_慶応以前
https://jpsearch.go.jp/data/nij16-2386325,瑟譜叶,和書_慶応以前,Aboutルール除外: 和書_慶応以前
https://jpsearch.go.jp/data/nij16-2386336,注大家龍笛要録譜,和書_慶応以前,Aboutルール除外: 和書_慶応以前
https://jpsearch.go.jp/data/nij16-2386347,篳篥箏譜,和書_慶応以前,Aboutルール除外: 和書_慶応以前
https://jpsearch.go.jp/data/nij16-2386358,鳳笙譜,和書_慶応以前,Aboutルール除外: 和書_慶応以前
https://jpsearch.go.jp/data/nij16-2386369,鳳笙譜,和書_慶応以前,Aboutルール除外: 和書_慶応以前
https://jpsearch.go.jp/data/nij16-2386370,〔壹越盤渉〕／鳳笙譜稿,和書_慶応以前,Aboutルール除外: 和書_慶応以前
https://jpsearch.go.jp/data/nij16-2386381,楽譜,和書_慶応以前,Aboutルール除外: 和書_慶応以前
https://jpsearch.go.jp/data/nij16-2386392,楽譜,和書_慶応以前,Aboutルール除外: 和書_慶応以前
https://jpsearch.go.jp/data/nij16-2386405,楽譜,和書_慶応以前,Aboutルール除外: 和書_慶応以前
https://jpsearch.go.jp/data/nij16-2386450,〔謡本〕,和書_慶応以前,Aboutルール除外: 和書_慶応以前
https://jpsearch.go.jp/data/nij16-2386494,筑紫流箏譜,和書_慶応以前,Aboutルール除外: 和書_慶応以前
https://jpsearch.go.jp/data/nij16-2386507,撫箏雅譜集,和書_慶応以前,Aboutルール除外: 和書_慶応以前
https://jpsearch.go.jp/data/nij16-2386529,〔増訂〕／撫箏雅譜集,和書_慶応以前,Aboutルール除外: 和書_慶応以前
https://jpsearch.go.jp/data/nij16-2386530,楽譜,和書_慶応以前,Aboutルール除外: 和書_慶応以前
https://jpsearch.go.jp/data/nij16-2386541,楽譜,和書_慶応以前,Aboutルール除外: 和書_慶応以前
https://jpsearch.go.jp/data/nij16-2386643,四天王腕磨名譜,和書_慶応以前,Aboutルール除外: 和書_慶応以前
https://jpsearch.go.jp/data/nij16-2387226,茶人系譜,和書_慶応以前,Aboutルール除外: 和書_慶応以前
https://jpsearch.go.jp/data/nij16-23905,黒田家譜,系譜,Aboutルール除外: 系譜
https://jpsearch.go.jp/data/nij16-239123,諸門跡譜,系譜,Aboutルール除外: 系譜
https://jpsearch.go.jp/data/nij16-23916,黒田家譜,系譜,Aboutルール除外: 系譜
https://jpsearch.go.jp/data/nij16-23927,黒田家譜,系譜,Aboutルール除外: 系譜
https://jpsearch.go.jp/data/nij16-23938,黒田家譜,系譜,Aboutルール除外: 系譜
https://jpsearch.go.jp/data/nij16-2394016,藤樹先生年譜,和書_慶応以前,Aboutルール除外: 和書_慶応以前
https://jpsearch.go.jp/data/nij16-2394050,藤樹年譜,和書_慶応以前,Aboutルール除外: 和書_慶応以前
https://jpsearch.go.jp/data/nij16-2396330,公卿勅使奉幣参役名譜,名鑑,Aboutルール除外: 名鑑
https://jpsearch.go.jp/data/nij16-2396512,公卿譜稿,系譜,Aboutルール除外: 系譜
https://jpsearch.go.jp/data/nij16-2397822,公家略譜,系譜,Aboutルール除外: 系譜
https://jpsearch.go.jp/data/nij16-2398245,日下部家譜,系譜,Aboutルール除外: 系譜
https://jpsearch.go.jp/data/nij16-2398256,日下部家譜大綱,系譜,Aboutルール除外: 系譜
https://jpsearch.go.jp/data/nij16-2400386,櫛笥家譜,系譜,Aboutルール除外: 系譜
https://jpsearch.go.jp/data/nij16-2401287,〔秋田家系譜〕,歴史,Aboutルール除外: 歴史
https://jpsearch.go.jp/data/nij16-2402177,臣翰譜,歴史,Aboutルール除外: 歴史
https://jpsearch.go.jp/data/nij16-2402780,藩翰譜,歴史,Aboutルール除外: 歴史
https://jpsearch.go.jp/data/nij16-2402791,藩翰譜,歴史,Aboutルール除外: 歴史
https://jpsearch.go.jp/data/nij16-2402804,藩翰譜説,歴史,Aboutルール除外: 歴史
https://jpsearch.go.jp/data/nij16-24033,君台観印譜,印章,Aboutルール除外: 印章
https://jpsearch.go.jp/data/nij16-2409167,葛山家譜,系譜,Aboutルール除外: 系譜
https://jpsearch.go.jp/data/nij16-2409485,久世景孝年譜抄,伝記,Aboutルール除外: 伝記
https://jpsearch.go.jp/data/nij16-2409496,久世家譜,系譜,Aboutルール除外: 系譜
https://jpsearch.go.jp/data/nij16-2409509,久世家譜,系譜,Aboutルール除外: 系譜
https://jpsearch.go.jp/data/nij16-2409510,久世家譜,系譜,Aboutルール除外: 系譜
https://jpsearch.go.jp/data/nij16-2418533,熊野長床坊家系譜并略由緒,系譜,Aboutルール除外: 系譜
https://jpsearch.go.jp/data/nij16-2419923,雲井譜略,名鑑,Aboutルール除外: 名鑑
https://jpsearch.go.jp/data/nij16-2421967,倉橋家譜,系譜,Aboutルール除外: 系譜
https://jpsearch.go.jp/data/nij16-242319,神国和歌師資相伝正統／血脈道統之譜,和歌,Aboutルール除外: 和歌
https://jpsearch.go.jp/data/nij16-2423214,栗本虫譜屋代太郎松鈴虫考,動物,Aboutルール除外: 動物
https://jpsearch.go.jp/data/nij16-2423430,久留島家譜,系譜,Aboutルール除外: 系譜
https://jpsearch.go.jp/data/nij16-2424422,蔵人所衆家譜,系譜,Aboutルール除外: 系譜
https://jpsearch.go.jp/data/nij16-2425254,黒御所譜,系譜,Aboutルール除外: 系譜
https://jpsearch.go.jp/data/nij16-2425403,黒田家譜出来改正之覚,系譜,Aboutルール除外: 系譜
https://jpsearch.go.jp/data/nij16-2425414,黒田家譜早鑑,系譜,Aboutルール除外: 系譜
https://jpsearch.go.jp/data/nij16-2425710,黒田公山茶譜,植物,Aboutルール除外: 植物
https://jpsearch.go.jp/data/nij16-2425787,黒田新続家譜,系譜,Aboutルール除外: 系譜
https://jpsearch.go.jp/data/nij16-2425936,黒田年譜,通史,Aboutルール除外: 通史
https://jpsearch.go.jp/data/nij16-2426859,桑原家譜,系譜,Aboutルール除外: 系譜
https://jpsearch.go.jp/data/nij16-2427192,群英譜,本草,Aboutルール除外: 本草
https://jpsearch.go.jp/data/nij16-2427205,群英類聚図譜,本草,Aboutルール除外: 本草
https://jpsearch.go.jp/data/nij16-2427249,群桜花譜,植物,Aboutルール除外: 植物
https://jpsearch.go.jp/data/nij16-242784,神子禅師栄尊大和尚年譜,伝記,Aboutルール除外: 伝記
https://jpsearch.go.jp/data/nij16-2428526,君山印譜,印章,Aboutルール除外: 印章
https://jpsearch.go.jp/data/nij16-243243,清書画人名譜,名鑑,Aboutルール除外: 名鑑
https://jpsearch.go.jp/data/nij16-2435010,法燈行状,伝記,Aboutルール除外: 伝記
https://jpsearch.go.jp/data/nij16-2435714,江州今津之城主村上氏譜図,系譜,Aboutルール除外: 系譜
https://jpsearch.go.jp/data/nij16-2437301,蒙古世譜,外国史,Aboutルール除外: 外国史
https://jpsearch.go.jp/data/nij16-243765,新撰銭譜,貨幣,Aboutルール除外: 貨幣
https://jpsearch.go.jp/data/nij16-2439056,井内南涯年譜抄録,年譜,Aboutルール除外: 年譜
https://jpsearch.go.jp/data/nij16-2440848,弘法大師年譜,宗教--仏教,Aboutルール除外: 宗教--仏教
https://jpsearch.go.jp/data/nij16-2441307,改正増補／諸家智譜拙記,歴史--日本史,Aboutルール除外: 歴史--日本史
https://jpsearch.go.jp/data/nij16-2441329,藩翰譜,歴史--日本史,Aboutルール除外: 歴史--日本史
https://jpsearch.go.jp/data/nij16-2441330,藩翰譜補,歴史--日本史,Aboutルール除外: 歴史--日本史
https://jpsearch.go.jp/data/nij16-2441341,藩翰八家譜抄録,歴史--日本史,Aboutルール除外: 歴史--日本史
https://jpsearch.go.jp/data/nij16-2441512,新羅源氏南部御家御系譜并由緒書,歴史--日本史,Aboutルール除外: 歴史--日本史
https://jpsearch.go.jp/data/nij16-2441523,系譜／〔南部家〕,歴史--日本史,Aboutルール除外: 歴史--日本史
https://jpsearch.go.jp/data/nij16-2441749,小笠原家譜,歴史--日本史,Aboutルール除外: 歴史--日本史
https://jpsearch.go.jp/data/nij16-24453,敬輔画譜,絵画,Aboutルール除外: 絵画
https://jpsearch.go.jp/data/nij16-2453465,〔一番綴謡本〕,演劇,Aboutルール除外: 演劇
https://jpsearch.go.jp/data/nij16-2453476,〔一番綴謡本〕,演劇,Aboutルール除外: 演劇
https://jpsearch.go.jp/data/nij16-2453852,能笛唱歌付,演劇,Aboutルール除外: 演劇
https://jpsearch.go.jp/data/nij16-246071,新渡大銭譜,貨幣,Aboutルール除外: 貨幣
https://jpsearch.go.jp/data/nij16-2461985,盛岡御系譜,歴史,Aboutルール除外: 歴史
https://jpsearch.go.jp/data/nij16-2462046,御家譜抜書,歴史,Aboutルール除外: 歴史
https://jpsearch.go.jp/data/nij16-2467767,琢磨流系譜,砲術,Aboutルール除外: 砲術
https://jpsearch.go.jp/data/nij16-2468599,謡本,文学,Aboutルール除外: 文学
https://jpsearch.go.jp/data/nij16-2468602,謡本,文学,Aboutルール除外: 文学
https://jpsearch.go.jp/data/nij16-2468635,謡本,文学,Aboutルール除外: 文学
https://jpsearch.go.jp/data/nij16-2468691,謡本,文学,Aboutルール除外: 文学
https://jpsearch.go.jp/data/nij16-2468748,謡本,文学,Aboutルール除外: 文学
https://jpsearch.go.jp/data/nij16-2468793,謡本,文学,Aboutルール除外: 文学
https://jpsearch.go.jp/data/nij16-2468953,〔謡本〕,文学,Aboutルール除外: 文学
https://jpsearch.go.jp/data/nij16-2469365,御家中新古譜録,歴史,Aboutルール除外: 歴史
https://jpsearch.go.jp/data/nij16-2471661,俳諧花系譜,俳諧,Aboutルール除外: 俳諧
https://jpsearch.go.jp/data/nij16-2472266,御家譜抜書,歴史,Aboutルール除外: 歴史
https://jpsearch.go.jp/data/nij16-2472277,八戸諸士古新譜録地歓附,歴史,Aboutルール除外: 歴史
https://jpsearch.go.jp/data/nij16-2472288,延享元年以来御徒目付譜録,歴史,Aboutルール除外: 歴史
https://jpsearch.go.jp/data/nij16-2472506,奥向御普譜ニ付御用留,歴史,Aboutルール除外: 歴史
https://jpsearch.go.jp/data/nij16-2476439,御年譜附尾,歴史--史論・通史・雑史・伝記・系譜,Aboutルール除外: 歴史--史論・通史・雑史・伝記・系譜
https://jpsearch.go.jp/data/nij16-2477001,印譜,法制,Aboutルール除外: 法制
https://jpsearch.go.jp/data/nij16-2477476,草木性譜,教育--教科書--理科,Aboutルール除外: 教育--教科書--理科
https://jpsearch.go.jp/data/nij16-2477772,童観詩画譜,芸術・趣味--絵画,Aboutルール除外: 芸術・趣味--絵画
https://jpsearch.go.jp/data/nij16-2477976,思貽斎管城二譜,香道,Aboutルール除外: 香道
https://jpsearch.go.jp/data/nij16-2478979,五番綴観世流謡本,文学,Aboutルール除外: 文学
https://jpsearch.go.jp/data/nij16-2479132,五番綴観世流謡本,文学,Aboutルール除外: 文学
https://jpsearch.go.jp/data/nij16-2479541,五番綴観世流謡本,文学,Aboutルール除外: 文学
https://jpsearch.go.jp/data/nij16-2480559,五番綴宝生流謡本,文学,Aboutルール除外: 文学
https://jpsearch.go.jp/data/nij16-2482511,一番綴観世流謡本,文学,Aboutルール除外: 文学
https://jpsearch.go.jp/data/nij16-2482522,五番綴下掛り謡本,文学,Aboutルール除外: 文学
https://jpsearch.go.jp/data/nij16-24862,玄々瓷印譜,印章,Aboutルール除外: 印章
https://jpsearch.go.jp/data/nij16-2493223,謡本,文学,Aboutルール除外: 文学
https://jpsearch.go.jp/data/nij16-2495310,源家譜牒録,系譜,Aboutルール除外: 系譜
https://jpsearch.go.jp/data/nij16-2499458,元士年譜,名鑑,Aboutルール除外: 名鑑
https://jpsearch.go.jp/data/nij16-2507860,塡詞図譜,文学--漢詩,Aboutルール除外: 文学--漢詩
https://jpsearch.go.jp/data/nij16-2510363,清人書画人名譜,芸術--書画,Aboutルール除外: 芸術--書画
https://jpsearch.go.jp/data/nij16-2510421,扶桑画譜,芸術--絵画,Aboutルール除外: 芸術--絵画
https://jpsearch.go.jp/data/nij16-2510443,倭人物画譜,芸術--絵画,Aboutルール除外: 芸術--絵画
https://jpsearch.go.jp/data/nij16-2510454,倭人物画譜／後編,芸術--絵画,Aboutルール除外: 芸術--絵画
https://jpsearch.go.jp/data/nij16-2510750,梅山種茶譜略,茶道,Aboutルール除外: 茶道
https://jpsearch.go.jp/data/nij16-2510783,茶説図譜,茶道,Aboutルール除外: 茶道
https://jpsearch.go.jp/data/nij16-2510794,茶説図譜,茶道,Aboutルール除外: 茶道
https://jpsearch.go.jp/data/nij16-2512574,世説新語補系譜,歴史,Aboutルール除外: 歴史
https://jpsearch.go.jp/data/nij16-2512803,織田信長譜,歴史,Aboutルール除外: 歴史
https://jpsearch.go.jp/data/nij16-2512847,柳営譜略,歴史,Aboutルール除外: 歴史
https://jpsearch.go.jp/data/nij16-25172,謙徳公略年譜,伝記,Aboutルール除外: 伝記
https://jpsearch.go.jp/data/nij16-251809,催馬樂譜入文,文学,Aboutルール除外: 文学
https://jpsearch.go.jp/data/nij16-251821,都羽二重拍子扇,文学,Aboutルール除外: 文学
https://jpsearch.go.jp/data/nij16-25183,元和一統志,伝記,Aboutルール除外: 伝記
https://jpsearch.go.jp/data/nij16-2518378,五緯行度図譜,天文,Aboutルール除外: 天文
https://jpsearch.go.jp/data/nij16-2518798,御一族系譜摘要,系譜,Aboutルール除外: 系譜
https://jpsearch.go.jp/data/nij16-2519111,御一宗御法脈御系譜書,真宗,Aboutルール除外: 真宗
https://jpsearch.go.jp/data/nij16-2519122,小出家譜,系譜,Aboutルール除外: 系譜
https://jpsearch.go.jp/data/nij16-2520049,古印譜,印章,Aboutルール除外: 印章
https://jpsearch.go.jp/data/nij16-2520050,古印譜,印章,Aboutルール除外: 印章
https://jpsearch.go.jp/data/nij16-2520061,御印譜,印章,Aboutルール除外: 印章
https://jpsearch.go.jp/data/nij16-2520072,御印譜,印章,Aboutルール除外: 印章
https://jpsearch.go.jp/data/nij16-2521280,皇胤御系譜私記,系譜,Aboutルール除外: 系譜
https://jpsearch.go.jp/data/nij16-2521359,皇胤志,系譜,Aboutルール除外: 系譜
https://jpsearch.go.jp/data/nij16-2521677,耕雲種月開基年譜私録,禅宗,Aboutルール除外: 禅宗
https://jpsearch.go.jp/data/nij16-252197,藩翰譜,歴史--日本史,Aboutルール除外: 歴史--日本史
https://jpsearch.go.jp/data/nij16-2525260,弘化系譜伝,系譜,Aboutルール除外: 系譜
https://jpsearch.go.jp/data/nij16-2528769,後宮譜考,系譜,Aboutルール除外: 系譜
https://jpsearch.go.jp/data/nij16-2528770,後宮譜稿,系譜,Aboutルール除外: 系譜
https://jpsearch.go.jp/data/nij16-2528781,後宮譜鈔,系譜,Aboutルール除外: 系譜
https://jpsearch.go.jp/data/nij16-2528792,後宮譜徴,系譜,Aboutルール除外: 系譜
https://jpsearch.go.jp/data/nij16-2528805,後宮譜凡例,系譜,Aboutルール除外: 系譜
https://jpsearch.go.jp/data/nij16-2530123,紅蕙山房蔵印譜,印章,Aboutルール除外: 印章
https://jpsearch.go.jp/data/nij16-2530769,江家略譜,系譜,Aboutルール除外: 系譜
https://jpsearch.go.jp/data/nij16-2531013,高源世譜,臨済,Aboutルール除外: 臨済
https://jpsearch.go.jp/data/nij16-2531557,皇考譜鈔,系譜,Aboutルール除外: 系譜
https://jpsearch.go.jp/data/nij16-2531808,皇国古銭譜,貨幣,Aboutルール除外: 貨幣
https://jpsearch.go.jp/data/nij16-2531842,皇国史講義改正伝統門人之譜,名鑑,Aboutルール除外: 名鑑
https://jpsearch.go.jp/data/nij16-2533213,広古銭譜,貨幣,Aboutルール除外: 貨幣
https://jpsearch.go.jp/data/nij16-2535060,香西藤右衛門家譜,系譜,Aboutルール除外: 系譜
https://jpsearch.go.jp/data/nij16-2535253,香彩譜録,雑記,Aboutルール除外: 雑記
https://jpsearch.go.jp/data/nij16-2536756,香山草木譜,植物,Aboutルール除外: 植物
https://jpsearch.go.jp/data/nij16-2536983,高氏家譜,系譜,Aboutルール除外: 系譜
https://jpsearch.go.jp/data/nij16-2537317,公私古印譜考証稿本,印章,Aboutルール除外: 印章
https://jpsearch.go.jp/data/nij16-2537840,公室譜系,系譜,Aboutルール除外: 系譜
https://jpsearch.go.jp/data/nij16-2537862,公室譜牒,系譜,Aboutルール除外: 系譜
https://jpsearch.go.jp/data/nij16-2538003,興師年譜合運,日蓮,Aboutルール除外: 日蓮
https://jpsearch.go.jp/data/nij16-2538069,公子譜,系譜,Aboutルール除外: 系譜
https://jpsearch.go.jp/data/nij16-2538138,麴町御系譜御書上写並三田様同断,系譜,Aboutルール除外: 系譜
https://jpsearch.go.jp/data/nij16-2538434,江州荒見村聞香寺縁起並家譜,寺院,Aboutルール除外: 寺院
https://jpsearch.go.jp/data/nij16-2538514,篁州印譜,印章,Aboutルール除外: 印章
https://jpsearch.go.jp/data/nij16-2538876,甲州古今全譜,系譜,Aboutルール除外: 系譜
https://jpsearch.go.jp/data/nij16-2539664,甲州別伝秘中極意拍子之巻,兵法,Aboutルール除外: 兵法
https://jpsearch.go.jp/data/nij16-2540741,広象棋譜愚解,将棋,Aboutルール除外: 将棋
https://jpsearch.go.jp/data/nij16-2540989,興正寺系譜,真宗,Aboutルール除外: 真宗
https://jpsearch.go.jp/data/nij16-254228,大徳寺年譜,寺院,Aboutルール除外: 寺院
https://jpsearch.go.jp/data/nij16-2544094,皇親譜鈔,系譜,Aboutルール除外: 系譜
https://jpsearch.go.jp/data/nij16-2544107,皇親譜略,系譜,Aboutルール除外: 系譜
https://jpsearch.go.jp/data/nij16-254626,白山史小説譜,漢文,Aboutルール除外: 漢文
https://jpsearch.go.jp/data/nij16-2546670,行蔵居薬譜,薬物,Aboutルール除外: 薬物
https://jpsearch.go.jp/data/nij16-2546818,高僧秊譜略史,仏教,Aboutルール除外: 仏教
https://jpsearch.go.jp/data/nij16-2547673,公族私譜,系譜,Aboutルール除外: 系譜
https://jpsearch.go.jp/data/nij16-2547731,公族譜,系譜,Aboutルール除外: 系譜
https://jpsearch.go.jp/data/nij16-2547753,皇族略譜稿,系譜,Aboutルール除外: 系譜
https://jpsearch.go.jp/data/nij16-2548949,皇代系図譜,系譜,Aboutルール除外: 系譜
https://jpsearch.go.jp/data/nij16-25503,玄覧,囲碁,Aboutルール除外: 囲碁
https://jpsearch.go.jp/data/nij16-255378,系譜略,系譜,Aboutルール除外: 系譜
https://jpsearch.go.jp/data/nij16-2556152,〔謡本〕,文学--日本文学--謡曲・浄瑠璃,Aboutルール除外: 文学--日本文学--謡曲・浄瑠璃
https://jpsearch.go.jp/data/nij16-2557337,唱歌新声／常盤友,文学--日本文学--謡曲・浄瑠璃,Aboutルール除外: 文学--日本文学--謡曲・浄瑠璃
https://jpsearch.go.jp/data/nij16-2560374,〔観世左近太夫謡本〕,文学,Aboutルール除外: 文学
https://jpsearch.go.jp/data/nij16-2561957,弘法大師俗姓系譜考,系譜,Aboutルール除外: 系譜
https://jpsearch.go.jp/data/nij16-2562596,韻譜,江戸--言語--音韻,Aboutルール除外: 江戸--言語--音韻
https://jpsearch.go.jp/data/nij16-256417,蕙斎画譜,絵画,Aboutルール除外: 絵画
https://jpsearch.go.jp/data/nij16-2564934,謡本,演劇,Aboutルール除外: 演劇
https://jpsearch.go.jp/data/nij16-2564945,謡本,演劇,Aboutルール除外: 演劇
https://jpsearch.go.jp/data/nij16-2564956,謡本,演劇,Aboutルール除外: 演劇
https://jpsearch.go.jp/data/nij16-2564967,謡本,演劇,Aboutルール除外: 演劇
https://jpsearch.go.jp/data/nij16-2564978,謡本,演劇,Aboutルール除外: 演劇
https://jpsearch.go.jp/data/nij16-2564989,謡本,演劇,Aboutルール除外: 演劇
https://jpsearch.go.jp/data/nij16-2565299,〔諸家譜〕,歴史--日本史,Aboutルール除外: 歴史--日本史
https://jpsearch.go.jp/data/nij16-2565379,宗氏家譜略,歴史--日本史,Aboutルール除外: 歴史--日本史
https://jpsearch.go.jp/data/nij16-2565584,卑分脈系譜雑類要集名目抄,歴史--日本史,Aboutルール除外: 歴史--日本史
https://jpsearch.go.jp/data/nij16-2567342,花譜,江戸--理学--化学,Aboutルール除外: 江戸--理学--化学
https://jpsearch.go.jp/data/nij16-2567353,花譜,江戸--理学--化学,Aboutルール除外: 江戸--理学--化学
https://jpsearch.go.jp/data/nij16-2568050,千家歴代家譜,江戸--諸芸--茶道,Aboutルール除外: 江戸--諸芸--茶道
https://jpsearch.go.jp/data/nij16-2569202,高野山相承系譜,寺院,Aboutルール除外: 寺院
https://jpsearch.go.jp/data/nij16-2570061,謡本,美術,Aboutルール除外: 美術
https://jpsearch.go.jp/data/nij16-2570072,謡本,美術,Aboutルール除外: 美術
https://jpsearch.go.jp/data/nij16-2570130,謡本／杜若,美術,Aboutルール除外: 美術
https://jpsearch.go.jp/data/nij16-2570141,謡本,美術,Aboutルール除外: 美術
https://jpsearch.go.jp/data/nij16-2570152,謡本,美術,Aboutルール除外: 美術
https://jpsearch.go.jp/data/nij16-2570163,謡本,美術,Aboutルール除外: 美術
https://jpsearch.go.jp/data/nij16-2570174,謡本,美術,Aboutルール除外: 美術
https://jpsearch.go.jp/data/nij16-2570185,謡本,美術,Aboutルール除外: 美術
https://jpsearch.go.jp/data/nij16-2570436,謡本,美術,Aboutルール除外: 美術
https://jpsearch.go.jp/data/nij16-2570469,謡本,美術,Aboutルール除外: 美術
https://jpsearch.go.jp/data/nij16-2570527,謡本,美術,Aboutルール除外: 美術
https://jpsearch.go.jp/data/nij16-2570561,謡本,美術,Aboutルール除外: 美術
https://jpsearch.go.jp/data/nij16-2570696,謡本,美術,Aboutルール除外: 美術
https://jpsearch.go.jp/data/nij16-2570721,謡本,美術,Aboutルール除外: 美術
https://jpsearch.go.jp/data/nij16-2570743,謡本,美術,Aboutルール除外: 美術
https://jpsearch.go.jp/data/nij16-2570856,謡本,美術,Aboutルール除外: 美術
https://jpsearch.go.jp/data/nij16-2571177,下掛宝生流百五十番謡本,美術,Aboutルール除外: 美術
https://jpsearch.go.jp/data/nij16-2572681,謡本金剛流,美術,Aboutルール除外: 美術
https://jpsearch.go.jp/data/nij16-2573695,謡本木曽,美術,Aboutルール除外: 美術
https://jpsearch.go.jp/data/nij16-2573708,謡本,美術,Aboutルール除外: 美術
https://jpsearch.go.jp/data/nij16-2573899,謡本,美術,Aboutルール除外: 美術
https://jpsearch.go.jp/data/nij16-2575000,謡本,美術,Aboutルール除外: 美術
https://jpsearch.go.jp/data/nij16-2575066,鳳鳴譜,美術,Aboutルール除外: 美術
https://jpsearch.go.jp/data/nij16-2575077,太鼓譜,美術,Aboutルール除外: 美術
https://jpsearch.go.jp/data/nij16-2575113,笛譜,美術,Aboutルール除外: 美術
https://jpsearch.go.jp/data/nij16-2577595,藩翰譜,歴史,Aboutルール除外: 歴史
https://jpsearch.go.jp/data/nij16-2577879,中将直孝譜記,歴史,Aboutルール除外: 歴史
https://jpsearch.go.jp/data/nij16-2578509,京都将軍家譜,系図,Aboutルール除外: 系図
https://jpsearch.go.jp/data/nij16-2578510,豊臣秀吉譜,系図,Aboutルール除外: 系図
https://jpsearch.go.jp/data/nij16-2578521,諸家系譜,系図,Aboutルール除外: 系図
https://jpsearch.go.jp/data/nij16-2578532,改選諸家系譜,系図,Aboutルール除外: 系図
https://jpsearch.go.jp/data/nij16-2578543,改選諸家系譜総目録,系図,Aboutルール除外: 系図
https://jpsearch.go.jp/data/nij16-2578576,御年譜／自天文十一年至天正二年,系図,Aboutルール除外: 系図
https://jpsearch.go.jp/data/nij16-2578587,御年譜附尾,系図,Aboutルール除外: 系図
https://jpsearch.go.jp/data/nij16-2578601,諸家系譜抜書,系図,Aboutルール除外: 系図
https://jpsearch.go.jp/data/nij16-2578612,諸家知譜拙記,系図,Aboutルール除外: 系図
https://jpsearch.go.jp/data/nij16-2578623,家譜集,系図,Aboutルール除外: 系図
https://jpsearch.go.jp/data/nij16-2578792,古押譜,系図,Aboutルール除外: 系図
https://jpsearch.go.jp/data/nij16-2579137,鈴屋翁年譜,歴史,Aboutルール除外: 歴史
https://jpsearch.go.jp/data/nij16-2579262,巨鹿諸士系譜録,系譜,Aboutルール除外: 系譜
https://jpsearch.go.jp/data/nij16-2579591,古瓦図譜,考古,Aboutルール除外: 考古
https://jpsearch.go.jp/data/nij16-2579671,久我断絶庶流家譜,系譜,Aboutルール除外: 系譜
https://jpsearch.go.jp/data/nij16-2585322,草木性譜,自然科学--医学--和漢医学・古方--本草--諸家本草,Aboutルール除外: 自然科学--医学--和漢医学・古方--本草--諸家本草
https://jpsearch.go.jp/data/nij16-2585344,本草図譜,自然科学--医学--和漢医学・古方--本草--諸家本草,Aboutルール除外: 自然科学--医学--和漢医学・古方--本草--諸家本草
https://jpsearch.go.jp/data/nij16-2585742,重訂／解体新書銅版全図,自然科学--医学--基礎医学--解剖学,Aboutルール除外: 自然科学--医学--基礎医学--解剖学
https://jpsearch.go.jp/data/nij16-2591062,五逸画譜,絵本,Aboutルール除外: 絵本
https://jpsearch.go.jp/data/nij16-259267,折下外記先祖并武功之譜,伝記,Aboutルール除外: 伝記
https://jpsearch.go.jp/data/nij16-2592758,〔花実草木写真図譜〕,農業,Aboutルール除外: 農業
https://jpsearch.go.jp/data/nij16-259530,御系譜,系譜,Aboutルール除外: 系譜
https://jpsearch.go.jp/data/nij16-2596614,古研譜,文房具,Aboutルール除外: 文房具
https://jpsearch.go.jp/data/nij16-2596625,古硯譜,文房具,Aboutルール除外: 文房具
https://jpsearch.go.jp/data/nij16-2604491,催馬樂譜入文,文学,Aboutルール除外: 文学
https://jpsearch.go.jp/data/nij16-26062,公長画譜,絵画,Aboutルール除外: 絵画
https://jpsearch.go.jp/data/nij16-2607412,〔謡本〕,演劇,Aboutルール除外: 演劇
https://jpsearch.go.jp/data/nij16-2616786,西洋銭譜,法制,Aboutルール除外: 法制
https://jpsearch.go.jp/data/nij16-2619843,古今名硯譜,文房具,Aboutルール除外: 文房具
https://jpsearch.go.jp/data/nij16-2621569,芙蕖館服部氏系譜,記録,Aboutルール除外: 記録
https://jpsearch.go.jp/data/nij16-2628402,新鐫／詩牌譜,雑書,Aboutルール除外: 雑書
https://jpsearch.go.jp/data/nij16-2628902,辺氏画譜,芸術--絵画,Aboutルール除外: 芸術--絵画
https://jpsearch.go.jp/data/nij16-2629405,印譜,印譜,Aboutルール除外: 印譜
https://jpsearch.go.jp/data/nij16-2629416,印譜,印譜,Aboutルール除外: 印譜
https://jpsearch.go.jp/data/nij16-2629427,〔古印譜〕,印譜,Aboutルール除外: 印譜
https://jpsearch.go.jp/data/nij16-2629438,本朝画印譜,印譜,Aboutルール除外: 印譜
https://jpsearch.go.jp/data/nij16-2630662,柳営略譜,通史,Aboutルール除外: 通史
https://jpsearch.go.jp/data/nij16-2631370,〔御歴代年譜〕,伝記,Aboutルール除外: 伝記
https://jpsearch.go.jp/data/nij16-2631405,郡山侯系譜略,服部家旧蔵一般書--伝記--系譜・家伝,Aboutルール除外: 服部家旧蔵一般書--伝記--系譜・家伝
https://jpsearch.go.jp/data/nij16-2631438,〔辻氏〕系譜,服部家旧蔵一般書--伝記--系譜・家伝,Aboutルール除外: 服部家旧蔵一般書--伝記--系譜・家伝
https://jpsearch.go.jp/data/nij16-2631450,柳営略譜,服部家旧蔵一般書--伝記--系譜・家伝,Aboutルール除外: 服部家旧蔵一般書--伝記--系譜・家伝
https://jpsearch.go.jp/data/nij16-2631461,茶人系譜,服部家旧蔵一般書--伝記--系譜・家伝,Aboutルール除外: 服部家旧蔵一般書--伝記--系譜・家伝
https://jpsearch.go.jp/data/nij16-2631472,刀工系譜,服部家旧蔵一般書--伝記--系譜・家伝,Aboutルール除外: 服部家旧蔵一般書--伝記--系譜・家伝
https://jpsearch.go.jp/data/nij16-2631507,改正増補／諸家知譜拙記,服部家旧蔵一般書--伝記--系譜・家伝,Aboutルール除外: 服部家旧蔵一般書--伝記--系譜・家伝
https://jpsearch.go.jp/data/nij16-2631518,藩翰譜,服部家旧蔵一般書--伝記--系譜・家伝,Aboutルール除外: 服部家旧蔵一般書--伝記--系譜・家伝
https://jpsearch.go.jp/data/nij16-26324,公譜要略,系譜,Aboutルール除外: 系譜
https://jpsearch.go.jp/data/nij16-26335,公譜要略,系譜,Aboutルール除外: 系譜
https://jpsearch.go.jp/data/nij16-26346,公譜要略,系譜,Aboutルール除外: 系譜
https://jpsearch.go.jp/data/nij16-2635601,木曾薬譜,医学,Aboutルール除外: 医学
https://jpsearch.go.jp/data/nij16-2636444,古章印譜,印章,Aboutルール除外: 印章
https://jpsearch.go.jp/data/nij16-2640213,誹諧家譜,俳諧,Aboutルール除外: 俳諧
https://jpsearch.go.jp/data/nij16-2647429,故人／俳諧画譜,俳諧,Aboutルール除外: 俳諧
https://jpsearch.go.jp/data/nij16-2647612,宗匠系譜／古人現在,俳諧,Aboutルール除外: 俳諧
https://jpsearch.go.jp/data/nij16-2647634,飛鳥園正統系譜,俳諧,Aboutルール除外: 俳諧
https://jpsearch.go.jp/data/nij16-2648842,古泉譜,貨幣,Aboutルール除外: 貨幣
https://jpsearch.go.jp/data/nij16-2648853,古泉譜,貨幣,Aboutルール除外: 貨幣
https://jpsearch.go.jp/data/nij16-2648864,古銭譜,貨幣,Aboutルール除外: 貨幣
https://jpsearch.go.jp/data/nij16-2648875,古銭譜,貨幣,Aboutルール除外: 貨幣
https://jpsearch.go.jp/data/nij16-265065,藤樹先生年譜,伝記,Aboutルール除外: 伝記
https://jpsearch.go.jp/data/nij16-265725,活所先生年譜,漢文,Aboutルール除外: 漢文
https://jpsearch.go.jp/data/nij16-2658813,藩翰譜,史書,Aboutルール除外: 史書
https://jpsearch.go.jp/data/nij16-2658835,湯浅氏系譜,史書,Aboutルール除外: 史書
https://jpsearch.go.jp/data/nij16-2659510,里村家謡本筆者目,語学・文学書,Aboutルール除外: 語学・文学書
https://jpsearch.go.jp/data/nij16-2659747,国公正譜牒,系譜,Aboutルール除外: 系譜
https://jpsearch.go.jp/data/nij16-2661601,文政元年十一月院中拍子合之記,歴史,Aboutルール除外: 歴史
https://jpsearch.go.jp/data/nij16-266342,御系譜考訂之図,系譜,Aboutルール除外: 系譜
https://jpsearch.go.jp/data/nij16-2670259,御判譜,花押,Aboutルール除外: 花押
https://jpsearch.go.jp/data/nij16-2671683,御譜,家伝,Aboutルール除外: 家伝
https://jpsearch.go.jp/data/nij16-2672437,碁譜／玄覧,囲碁,Aboutルール除外: 囲碁
https://jpsearch.go.jp/data/nij16-2673189,五譜代,系譜,Aboutルール除外: 系譜
https://jpsearch.go.jp/data/nij16-2673190,御譜代家録,家伝,Aboutルール除外: 家伝
https://jpsearch.go.jp/data/nij16-2673214,御譜代家駿河越名前,名鑑,Aboutルール除外: 名鑑
https://jpsearch.go.jp/data/nij16-2673225,御譜代五役組分,名鑑,Aboutルール除外: 名鑑
https://jpsearch.go.jp/data/nij16-2673236,御譜代衆取替,記録,Aboutルール除外: 記録
https://jpsearch.go.jp/data/nij16-2673247,御譜代順,法制,Aboutルール除外: 法制
https://jpsearch.go.jp/data/nij16-2673338,御譜代大概順,法制,Aboutルール除外: 法制
https://jpsearch.go.jp/data/nij16-2673349,御譜代並御附人覚御馬廻始,武家故実,Aboutルール除外: 武家故実
https://jpsearch.go.jp/data/nij16-2673929,御譜略,系譜,Aboutルール除外: 系譜
https://jpsearch.go.jp/data/nij16-2675,千字印譜,美術,Aboutルール除外: 美術
https://jpsearch.go.jp/data/nij16-2676757,小堀家譜,系譜,Aboutルール除外: 系譜
https://jpsearch.go.jp/data/nij16-2677998,御本丸西丸／大手御門御譜書類印合書,記録,Aboutルール除外: 記録
https://jpsearch.go.jp/data/nij16-2680800,小松御家譜草稿,系譜,Aboutルール除外: 系譜
https://jpsearch.go.jp/data/nij16-26835,御家譜,系譜,Aboutルール除外: 系譜
https://jpsearch.go.jp/data/nij16-268451,大坪本流常術善御譜口伝書,馬術,Aboutルール除外: 馬術
https://jpsearch.go.jp/data/nij16-26846,御家譜,系譜,Aboutルール除外: 系譜
https://jpsearch.go.jp/data/nij16-2684788,薦野家譜,系譜,Aboutルール除外: 系譜
https://jpsearch.go.jp/data/nij16-26857,御家譜,系譜,Aboutルール除外: 系譜
https://jpsearch.go.jp/data/nij16-2686488,古紋図譜,紋章,Aboutルール除外: 紋章
https://jpsearch.go.jp/data/nij16-26868,御家譜,系譜,Aboutルール除外: 系譜
https://jpsearch.go.jp/data/nij16-26879,御家譜,系譜,Aboutルール除外: 系譜
https://jpsearch.go.jp/data/nij16-26880,御家譜,系譜,Aboutルール除外: 系譜
https://jpsearch.go.jp/data/nij16-26891,御家譜,系譜,Aboutルール除外: 系譜
https://jpsearch.go.jp/data/nij16-2689589,後陽成院至桜町院皇子女略譜,系譜,Aboutルール除外: 系譜
https://jpsearch.go.jp/data/nij16-2689681,後陽成天皇他三帝皇親略譜,系譜,Aboutルール除外: 系譜
https://jpsearch.go.jp/data/nij16-26904,御家譜参考周覧,系譜,Aboutルール除外: 系譜
https://jpsearch.go.jp/data/nij16-2691863,御略譜,系譜,Aboutルール除外: 系譜
https://jpsearch.go.jp/data/nij16-2691874,御略譜草稿,系譜,Aboutルール除外: 系譜
https://jpsearch.go.jp/data/nij16-2691885,御略譜備忘,系譜,Aboutルール除外: 系譜
https://jpsearch.go.jp/data/nij16-2693154,西山上人略年譜,宗書--寺院・僧職・布教・信仰,Aboutルール除外: 宗書--寺院・僧職・布教・信仰
https://jpsearch.go.jp/data/nij16-2694237,御両卿御家譜,系譜,Aboutルール除外: 系譜
https://jpsearch.go.jp/data/nij16-2696266,御累譜,系譜,Aboutルール除外: 系譜
https://jpsearch.go.jp/data/nij16-2696733,御歴代抄,系譜,Aboutルール除外: 系譜
https://jpsearch.go.jp/data/nij16-2698524,古渡更紗譜,染織,Aboutルール除外: 染織
https://jpsearch.go.jp/data/nij16-2699845,権現様御年譜初而仰出候時千利久伝記御尋之覚書,記録,Aboutルール除外: 記録
https://jpsearch.go.jp/data/nij16-2701044,鹿島年譜,年譜,Aboutルール除外: 年譜
https://jpsearch.go.jp/data/nij16-2704521,崑陵先生篆刻印譜,印章,Aboutルール除外: 印章
https://jpsearch.go.jp/data/nij16-2706196,西園寺家譜,系譜,Aboutルール除外: 系譜
https://jpsearch.go.jp/data/nij16-2706389,西園寺断絶庶流家譜,系譜,Aboutルール除外: 系譜
https://jpsearch.go.jp/data/nij16-2706663,栽花園福寿草図譜,植物,Aboutルール除外: 植物
https://jpsearch.go.jp/data/nij16-2707520,圓光大師略傳譜,寺院,Aboutルール除外: 寺院
https://jpsearch.go.jp/data/nij16-2708454,三枝系譜稿,系譜,Aboutルール除外: 系譜
https://jpsearch.go.jp/data/nij16-2710283,柴氏家譜,系譜,Aboutルール除外: 系譜
https://jpsearch.go.jp/data/nij16-2713442,采真印譜,印章,Aboutルール除外: 印章
https://jpsearch.go.jp/data/nij16-2714070,細草談林歴譜,日蓮,Aboutルール除外: 日蓮
https://jpsearch.go.jp/data/nij16-2715255,斎藤家譜鈔,系譜,Aboutルール除外: 系譜
https://jpsearch.go.jp/data/nij16-2715733,西塔堂舎并各坊世譜,天台,Aboutルール除外: 天台
https://jpsearch.go.jp/data/nij16-271590,〔観世流謡本〕,演劇,Aboutルール除外: 演劇
https://jpsearch.go.jp/data/nij16-271603,〔観世流謡本〕,演劇,Aboutルール除外: 演劇
https://jpsearch.go.jp/data/nij16-2719804,早乙女譜,系譜,Aboutルール除外: 系譜
https://jpsearch.go.jp/data/nij16-2719951,酒井家譜,系譜,Aboutルール除外: 系譜
https://jpsearch.go.jp/data/nij16-2719962,酒井家譜,系譜,Aboutルール除外: 系譜
https://jpsearch.go.jp/data/nij16-2719973,酒井家譜,系譜,Aboutルール除外: 系譜
https://jpsearch.go.jp/data/nij16-2719984,酒井家譜,系譜,Aboutルール除外: 系譜
https://jpsearch.go.jp/data/nij16-2719995,酒井家譜,系譜,Aboutルール除外: 系譜
https://jpsearch.go.jp/data/nij16-2720005,酒井家譜,系譜,Aboutルール除外: 系譜
https://jpsearch.go.jp/data/nij16-2720016,酒井家譜,系譜,Aboutルール除外: 系譜
https://jpsearch.go.jp/data/nij16-2720027,酒井家譜,系譜,Aboutルール除外: 系譜
https://jpsearch.go.jp/data/nij16-2720107,酒井系譜并事跡,系譜,Aboutルール除外: 系譜
https://jpsearch.go.jp/data/nij16-2720152,酒井家系譜参考,系譜,Aboutルール除外: 系譜
https://jpsearch.go.jp/data/nij16-2720196,酒井家御系譜参考,系譜,Aboutルール除外: 系譜
https://jpsearch.go.jp/data/nij16-2720265,酒井家年譜,年譜,Aboutルール除外: 年譜
https://jpsearch.go.jp/data/nij16-2720276,酒井家年譜,年譜,Aboutルール除外: 年譜
https://jpsearch.go.jp/data/nij16-2720812,嵯峨家譜,系譜,Aboutルール除外: 系譜
https://jpsearch.go.jp/data/nij16-2721031,榊原大須賀家譜,系譜,Aboutルール除外: 系譜
https://jpsearch.go.jp/data/nij16-2721053,榊原家譜,系譜,Aboutルール除外: 系譜
https://jpsearch.go.jp/data/nij16-2721064,榊原家譜,系譜,Aboutルール除外: 系譜
https://jpsearch.go.jp/data/nij16-2721075,榊原家譜別録,系譜,Aboutルール除外: 系譜
https://jpsearch.go.jp/data/nij16-2721144,榊原家／高田藩／系譜及家中姓名,系譜,Aboutルール除外: 系譜
https://jpsearch.go.jp/data/nij16-272128,御年譜,歴史--日本史,Aboutルール除外: 歴史--日本史
https://jpsearch.go.jp/data/nij16-2721611,坂田家譜,系譜,Aboutルール除外: 系譜
https://jpsearch.go.jp/data/nij16-2721882,嵯峨二尊院略譜,寺院,Aboutルール除外: 寺院
https://jpsearch.go.jp/data/nij16-2722,和漢硯譜,諸芸--書道,Aboutルール除外: 諸芸--書道
https://jpsearch.go.jp/data/nij16-2722216,坂本家譜,系譜,Aboutルール除外: 系譜
https://jpsearch.go.jp/data/nij16-272264,〔将軍家譜〕,歴史--日本史,Aboutルール除外: 歴史--日本史
https://jpsearch.go.jp/data/nij16-272275,鎌倉将軍家譜,歴史--日本史,Aboutルール除外: 歴史--日本史
https://jpsearch.go.jp/data/nij16-272286,京都将軍家譜,歴史--日本史,Aboutルール除外: 歴史--日本史
https://jpsearch.go.jp/data/nij16-272297,織田信長譜,歴史--日本史,Aboutルール除外: 歴史--日本史
https://jpsearch.go.jp/data/nij16-272300,豊臣秀吉譜,歴史--日本史,Aboutルール除外: 歴史--日本史
https://jpsearch.go.jp/data/nij16-2725204,佐久間家譜,系譜,Aboutルール除外: 系譜
https://jpsearch.go.jp/data/nij16-2725588,桜井家譜,系譜,Aboutルール除外: 系譜
https://jpsearch.go.jp/data/nij16-2725599,桜井家譜,系譜,Aboutルール除外: 系譜
https://jpsearch.go.jp/data/nij16-2726683,桜百種図譜,植物,Aboutルール除外: 植物
https://jpsearch.go.jp/data/nij16-2727835,鮭延越前守家譜,系譜,Aboutルール除外: 系譜
https://jpsearch.go.jp/data/nij16-272797,武家官職譜,政治・法制,Aboutルール除外: 政治・法制
https://jpsearch.go.jp/data/nij16-2728145,笹岡家譜,系譜,Aboutルール除外: 系譜
https://jpsearch.go.jp/data/nij16-2730849,佐竹系譜事蹟略,系譜,Aboutルール除外: 系譜
https://jpsearch.go.jp/data/nij16-2730861,佐竹家花押譜,花押,Aboutルール除外: 花押
https://jpsearch.go.jp/data/nij16-2730872,佐竹家家譜,系譜,Aboutルール除外: 系譜
https://jpsearch.go.jp/data/nij16-2730929,佐竹家御家譜,系譜,Aboutルール除外: 系譜
https://jpsearch.go.jp/data/nij16-2731046,佐竹侯年譜,系譜,Aboutルール除外: 系譜
https://jpsearch.go.jp/data/nij16-2731057,佐竹御家譜,系譜,Aboutルール除外: 系譜
https://jpsearch.go.jp/data/nij16-2731126,佐竹氏家譜,系譜,Aboutルール除外: 系譜
https://jpsearch.go.jp/data/nij16-2731182,佐竹氏譜外,系譜,Aboutルール除外: 系譜
https://jpsearch.go.jp/data/nij16-2731206,佐竹諸家譜,系譜,Aboutルール除外: 系譜
https://jpsearch.go.jp/data/nij16-2731273,佐竹氏歴世家譜略,系譜,Aboutルール除外: 系譜
https://jpsearch.go.jp/data/nij16-2733677,鑿竅印譜,印章,Aboutルール除外: 印章
https://jpsearch.go.jp/data/nij16-2733804,薩隅日刀剣師系譜,刀剣,Aboutルール除外: 刀剣
https://jpsearch.go.jp/data/nij16-273529,大日本美術図譜,総記,Aboutルール除外: 総記
https://jpsearch.go.jp/data/nij16-2736483,雑草譜,本草,Aboutルール除外: 本草
https://jpsearch.go.jp/data/nij16-2736494,雑草譜,本草,Aboutルール除外: 本草
https://jpsearch.go.jp/data/nij16-2736507,雑草譜,本草,Aboutルール除外: 本草
https://jpsearch.go.jp/data/nij16-2736518,雑草譜,本草,Aboutルール除外: 本草
https://jpsearch.go.jp/data/nij16-2739404,薩摩鳥譜図巻,動物,Aboutルール除外: 動物
https://jpsearch.go.jp/data/nij16-2740729,佐藤一斎家譜,系譜,Aboutルール除外: 系譜
https://jpsearch.go.jp/data/nij16-2740730,佐藤浦之助家譜,系譜,Aboutルール除外: 系譜
https://jpsearch.go.jp/data/nij16-2740774,佐藤家譜略記,系譜,Aboutルール除外: 系譜
https://jpsearch.go.jp/data/nij16-2741766,佐渡島採薬譜,本草,Aboutルール除外: 本草
https://jpsearch.go.jp/data/nij16-2742009,佐渡国物産図譜,本草,Aboutルール除外: 本草
https://jpsearch.go.jp/data/nij16-2742189,里見家譜,系譜,Aboutルール除外: 系譜
https://jpsearch.go.jp/data/nij16-2742349,里見譜,系譜,Aboutルール除外: 系譜
https://jpsearch.go.jp/data/nij16-2742598,佐土原藩譜,家譜,Aboutルール除外: 家譜
https://jpsearch.go.jp/data/nij16-2742690,真田家譜,系譜,Aboutルール除外: 系譜
https://jpsearch.go.jp/data/nij16-2742703,真田家譜略伝,系譜,Aboutルール除外: 系譜
https://jpsearch.go.jp/data/nij16-2742747,真田系譜,系譜,Aboutルール除外: 系譜
https://jpsearch.go.jp/data/nij16-2743057,真田歴代法号譜,名鑑,Aboutルール除外: 名鑑
https://jpsearch.go.jp/data/nij16-2743717,実美公履歴及三条家譜等,系譜,Aboutルール除外: 系譜
https://jpsearch.go.jp/data/nij16-2744890,覇王樹図譜,植物,Aboutルール除外: 植物
https://jpsearch.go.jp/data/nij16-2745213,鮫譜,魚介,Aboutルール除外: 魚介
https://jpsearch.go.jp/data/nij16-2745860,更紗図譜,染織,Aboutルール除外: 染織
https://jpsearch.go.jp/data/nij16-2746454,猿渡氏系譜文書,系譜,Aboutルール除外: 系譜
https://jpsearch.go.jp/data/nij16-2748609,金剛界念誦譜,真言,Aboutルール除外: 真言
https://jpsearch.go.jp/data/nij16-2752752,金剛宝山輪王禅寺系譜,曹洞,Aboutルール除外: 曹洞
https://jpsearch.go.jp/data/nij16-2756641,近藤家譜,系譜,Aboutルール除外: 系譜
https://jpsearch.go.jp/data/nij16-2757064,近藤杢右衛門組士家譜,系譜,Aboutルール除外: 系譜
https://jpsearch.go.jp/data/nij16-2757213,近藤六家譜,系譜,Aboutルール除外: 系譜
https://jpsearch.go.jp/data/nij16-2760421,算家系譜,和算,Aboutルール除外: 和算
https://jpsearch.go.jp/data/nij16-2760432,算家経譜,和算,Aboutルール除外: 和算
https://jpsearch.go.jp/data/nij16-2761457,算家譜略,和算,Aboutルール除外: 和算
https://jpsearch.go.jp/data/nij16-2762289,三巻書及譜脈類,浄土,Aboutルール除外: 浄土
https://jpsearch.go.jp/data/nij16-2762314,三韓世譜,系譜,Aboutルール除外: 系譜
https://jpsearch.go.jp/data/nij16-2764161,三卿譜,系譜,Aboutルール除外: 系譜
https://jpsearch.go.jp/data/nij16-2765493,山家相承経旨深義脈譜,天台,Aboutルール除外: 天台
https://jpsearch.go.jp/data/nij16-2767820,三国相承宗分統譜,臨済,Aboutルール除外: 臨済
https://jpsearch.go.jp/data/nij16-2767944,三国伝来血脈譜,浄土,Aboutルール除外: 浄土
https://jpsearch.go.jp/data/nij16-2768481,参古堂印譜,印章,Aboutルール除外: 印章
https://jpsearch.go.jp/data/nij16-2770823,三州御譜,家譜,Aboutルール除外: 家譜
https://jpsearch.go.jp/data/nij16-2770845,三州海竜院年譜,寺院,Aboutルール除外: 寺院
https://jpsearch.go.jp/data/nij16-277247,高真公大坂御陣御年譜ノ和解,記録,Aboutルール除外: 記録
https://jpsearch.go.jp/data/nij16-2774701,三升印譜,印章,Aboutルール除外: 印章
https://jpsearch.go.jp/data/nij16-2775215,三条西家譜,系譜,Aboutルール除外: 系譜
https://jpsearch.go.jp/data/nij16-2776718,三身座主伝法得略譜／自受用相好,天台,Aboutルール除外: 天台
https://jpsearch.go.jp/data/nij16-277689,御当家御系譜,系譜,Aboutルール除外: 系譜
https://jpsearch.go.jp/data/nij16-2779693,山草譜,本草,Aboutルール除外: 本草
https://jpsearch.go.jp/data/nij16-2779706,山草譜,本草,Aboutルール除外: 本草
https://jpsearch.go.jp/data/nij16-2781637,三代譜録,系譜,Aboutルール除外: 系譜
https://jpsearch.go.jp/data/nij16-278295,天保画譜,絵画,Aboutルール除外: 絵画
https://jpsearch.go.jp/data/nij16-2783859,三徳譜校考脱簡,雑記,Aboutルール除外: 雑記
https://jpsearch.go.jp/data/nij16-2784512,山王院大師黄不動印信譜／五通,天台,Aboutルール除外: 天台
https://jpsearch.go.jp/data/nij16-27849,古秀画譜,絵画,Aboutルール除外: 絵画
https://jpsearch.go.jp/data/nij16-2787759,産物石譜,岩石,Aboutルール除外: 岩石
https://jpsearch.go.jp/data/nij16-2797059,山封水禽譜,動物,Aboutルール除外: 動物
https://jpsearch.go.jp/data/nij16-2801436,算法盟譜抜書,和算,Aboutルール除外: 和算
https://jpsearch.go.jp/data/nij16-2801958,山封陸禽譜,動物,Aboutルール除外: 動物
https://jpsearch.go.jp/data/nij16-2802199,三宝類聚譜暦,天台,Aboutルール除外: 天台
https://jpsearch.go.jp/data/nij16-2806577,山陽頼先生印譜,印章,Aboutルール除外: 印章
https://jpsearch.go.jp/data/nij16-2806748,三余堂印譜,印章,Aboutルール除外: 印章
https://jpsearch.go.jp/data/nij16-2809952,思貽斎管城二譜,文房具,Aboutルール除外: 文房具
https://jpsearch.go.jp/data/nij16-2811236,思永堂印譜,印章,Aboutルール除外: 印章
https://jpsearch.go.jp/data/nij16-2812386,塩川氏家譜,系譜,Aboutルール除外: 系譜
https://jpsearch.go.jp/data/nij16-2812626,塩谷雑話足利譜,系譜,Aboutルール除外: 系譜
https://jpsearch.go.jp/data/nij16-281298,備陽池田家譜,系譜,Aboutルール除外: 系譜
https://jpsearch.go.jp/data/nij16-2813,催馬楽譜入文,演劇,Aboutルール除外: 演劇
https://jpsearch.go.jp/data/nij16-2813787,慈覚相伝一心三観秘事記,天台,Aboutルール除外: 天台
https://jpsearch.go.jp/data/nij16-2816297,志雅堂印譜,印章,Aboutルール除外: 印章
https://jpsearch.go.jp/data/nij16-281685,郁子譜並図,総記,Aboutルール除外: 総記
https://jpsearch.go.jp/data/nij16-2818384,止観微旨掌中譜,天台,Aboutルール除外: 天台
https://jpsearch.go.jp/data/nij16-2819081,式韻私譜,仏教,Aboutルール除外: 仏教
https://jpsearch.go.jp/data/nij16-2820759,直純寺系譜光勝寺縁起,寺院,Aboutルール除外: 寺院
https://jpsearch.go.jp/data/nij16-2826519,滋野井家譜,系譜,Aboutルール除外: 系譜
https://jpsearch.go.jp/data/nij16-2826928,四家前田家譜,系譜,Aboutルール除外: 系譜
https://jpsearch.go.jp/data/nij16-2827921,慈光寺家譜,系譜,Aboutルール除外: 系譜
https://jpsearch.go.jp/data/nij16-2829187,芝山印譜,印章,Aboutルール除外: 印章
https://jpsearch.go.jp/data/nij16-2829201,紫山館蔵書画落款譜,印章,Aboutルール除外: 印章
https://jpsearch.go.jp/data/nij16-2830606,宍戸譜録,系譜,Aboutルール除外: 系譜
https://jpsearch.go.jp/data/nij16-2834517,時宗要略譜註釈,時宗,Aboutルール除外: 時宗
https://jpsearch.go.jp/data/nij16-2834528,時宗要略譜頭書,時宗,Aboutルール除外: 時宗
https://jpsearch.go.jp/data/nij16-2836353,四条家譜,系譜,Aboutルール除外: 系譜
https://jpsearch.go.jp/data/nij16-2836364,四条家譜断絶庶流譜,系譜,Aboutルール除外: 系譜
https://jpsearch.go.jp/data/nij16-283965,横笛譜裏書,総記--随叢,Aboutルール除外: 総記--随叢
https://jpsearch.go.jp/data/nij16-2843756,支桑五家要略世譜,系譜,Aboutルール除外: 系譜
https://jpsearch.go.jp/data/nij16-2848897,七条家譜,系譜,Aboutルール除外: 系譜
https://jpsearch.go.jp/data/nij16-2851594,司中家譜,系譜,Aboutルール除外: 系譜
https://jpsearch.go.jp/data/nij16-2853829,実観印譜,印章,Aboutルール除外: 印章
https://jpsearch.go.jp/data/nij16-2856317,実心繫院宮年譜草,天台,Aboutルール除外: 天台
https://jpsearch.go.jp/data/nij16-2856771,湿草譜,植物,Aboutルール除外: 植物
https://jpsearch.go.jp/data/nij16-2856782,湿草譜,植物,Aboutルール除外: 植物
https://jpsearch.go.jp/data/nij16-2857183,藤堂和泉守伝,歴史,Aboutルール除外: 歴史
https://jpsearch.go.jp/data/nij16-2863903,執当譜／付日光山年中行事,天台,Aboutルール除外: 天台
https://jpsearch.go.jp/data/nij16-2865249,執柄以下家譜雑記,系譜,Aboutルール除外: 系譜
https://jpsearch.go.jp/data/nij16-2867187,紫藤園獣譜,動物,Aboutルール除外: 動物
https://jpsearch.go.jp/data/nij16-2868599,侍読年譜,系譜,Aboutルール除外: 系譜
https://jpsearch.go.jp/data/nij16-2872697,筱崎小竹印譜,印章,Aboutルール除外: 印章
https://jpsearch.go.jp/data/nij16-2872904,不忍禽譜,動物,Aboutルール除外: 動物
https://jpsearch.go.jp/data/nij16-2873974,斯波家譜,系譜,Aboutルール除外: 系譜
https://jpsearch.go.jp/data/nij16-2873985,斯波家譜,系譜,Aboutルール除外: 系譜
https://jpsearch.go.jp/data/nij16-2874604,芝山家譜,系譜,Aboutルール除外: 系譜
https://jpsearch.go.jp/data/nij16-2875016,紙譜,製紙,Aboutルール除外: 製紙
https://jpsearch.go.jp/data/nij16-2878355,島崎譜,系譜,Aboutルール除外: 系譜
https://jpsearch.go.jp/data/nij16-2878515,島津家譜,系譜,Aboutルール除外: 系譜
https://jpsearch.go.jp/data/nij16-2878526,島津家譜,系譜,Aboutルール除外: 系譜
https://jpsearch.go.jp/data/nij16-2878537,島津家譜,系譜,Aboutルール除外: 系譜
https://jpsearch.go.jp/data/nij16-2878548,島津家譜,系譜,Aboutルール除外: 系譜
https://jpsearch.go.jp/data/nij16-2878559,島津家譜叙事,系譜,Aboutルール除外: 系譜
https://jpsearch.go.jp/data/nij16-2878560,島津家譜略,系譜,Aboutルール除外: 系譜
https://jpsearch.go.jp/data/nij16-2878571,島津家譜録,系譜,Aboutルール除外: 系譜
https://jpsearch.go.jp/data/nij16-2878775,島津家系譜録,系譜,Aboutルール除外: 系譜
https://jpsearch.go.jp/data/nij16-2879085,島津家略譜,系譜,Aboutルール除外: 系譜
https://jpsearch.go.jp/data/nij16-2879198,島津氏家譜,系譜,Aboutルール除外: 系譜
https://jpsearch.go.jp/data/nij16-2879201,島津氏家譜,系譜,Aboutルール除外: 系譜
https://jpsearch.go.jp/data/nij16-2879212,島津氏系譜略,系譜,Aboutルール除外: 系譜
https://jpsearch.go.jp/data/nij16-2879234,島津氏支系譜図,系譜,Aboutルール除外: 系譜
https://jpsearch.go.jp/data/nij16-2879427,島津内記家譜,系譜,Aboutルール除外: 系譜
https://jpsearch.go.jp/data/nij16-2879632,島津秘譜,家伝,Aboutルール除外: 家伝
https://jpsearch.go.jp/data/nij16-2880866,唐朝畧譜,系図,Aboutルール除外: 系図
https://jpsearch.go.jp/data/nij16-2881132,吉茂公譜,歴史,Aboutルール除外: 歴史
https://jpsearch.go.jp/data/nij16-2884040,犬追物図譜他,軍事--日本軍学・武芸,Aboutルール除外: 軍事--日本軍学・武芸
https://jpsearch.go.jp/data/nij16-2885043,玄対先生画譜,諸芸--書画,Aboutルール除外: 諸芸--書画
https://jpsearch.go.jp/data/nij16-2885496,〔謡本〕,演劇,Aboutルール除外: 演劇
https://jpsearch.go.jp/data/nij16-2885747,謠本観世流,演劇,Aboutルール除外: 演劇
https://jpsearch.go.jp/data/nij16-2885792,謡本,演劇,Aboutルール除外: 演劇
https://jpsearch.go.jp/data/nij16-2885827,謡本,演劇,Aboutルール除外: 演劇
https://jpsearch.go.jp/data/nij16-2885850,小謡本,演劇,Aboutルール除外: 演劇
https://jpsearch.go.jp/data/nij16-2885918,拍子付,演劇,Aboutルール除外: 演劇
https://jpsearch.go.jp/data/nij16-288802,大徳寺年譜,仏教--寺院,Aboutルール除外: 仏教--寺院
https://jpsearch.go.jp/data/nij16-2888439,謡本,箱入別置本--叢書類,Aboutルール除外: 箱入別置本--叢書類
https://jpsearch.go.jp/data/nij16-2888440,藩翰譜,箱入別置本--叢書類,Aboutルール除外: 箱入別置本--叢書類
https://jpsearch.go.jp/data/nij16-2888451,謡本,箱入別置本--叢書類,Aboutルール除外: 箱入別置本--叢書類
https://jpsearch.go.jp/data/nij16-2888462,謡本,箱入別置本--叢書類,Aboutルール除外: 箱入別置本--叢書類
https://jpsearch.go.jp/data/nij16-2888713,黒田家譜,箱入別置本--叢書類,Aboutルール除外: 箱入別置本--叢書類
https://jpsearch.go.jp/data/nij16-2889374,内謡本,箱入別置本--叢書類,Aboutルール除外: 箱入別置本--叢書類
https://jpsearch.go.jp/data/nij16-2889385,外謡本,箱入別置本--叢書類,Aboutルール除外: 箱入別置本--叢書類
https://jpsearch.go.jp/data/nij16-2889614,金生樹譜,箱入別置本--叢書類,Aboutルール除外: 箱入別置本--叢書類
https://jpsearch.go.jp/data/nij16-2891567,雀巣庵禽譜,動物,Aboutルール除外: 動物
https://jpsearch.go.jp/data/nij16-2891578,雀巣菴虫譜,動物,Aboutルール除外: 動物
https://jpsearch.go.jp/data/nij16-2891589,雀巣菌譜,本草,Aboutルール除外: 本草
https://jpsearch.go.jp/data/nij16-2896302,社寺古印譜,印章,Aboutルール除外: 印章
https://jpsearch.go.jp/data/nij16-289645,活語断続譜,言語--語法,Aboutルール除外: 言語--語法
https://jpsearch.go.jp/data/nij16-2896959,射術略伝系譜,弓術,Aboutルール除外: 弓術
https://jpsearch.go.jp/data/nij16-2898875,寂光寺歴譜,寺院,Aboutルール除外: 寺院
https://jpsearch.go.jp/data/nij16-2899298,遮那業血脈譜,天台,Aboutルール除外: 天台
https://jpsearch.go.jp/data/nij16-2899301,遮那業相承血脈譜,天台,Aboutルール除外: 天台
https://jpsearch.go.jp/data/nij16-2900585,社盟算譜,和算,Aboutルール除外: 和算
https://jpsearch.go.jp/data/nij16-2900596,社盟算譜,和算,Aboutルール除外: 和算
https://jpsearch.go.jp/data/nij16-2900609,社盟算譜解義,和算,Aboutルール除外: 和算
https://jpsearch.go.jp/data/nij16-2900610,社盟算譜私解,和算,Aboutルール除外: 和算
https://jpsearch.go.jp/data/nij16-2900621,社盟算譜等之雑解,和算,Aboutルール除外: 和算
https://jpsearch.go.jp/data/nij16-2903233,十一家譜,系譜,Aboutルール除外: 系譜
https://jpsearch.go.jp/data/nij16-2906118,秋菊譜,園芸,Aboutルール除外: 園芸
https://jpsearch.go.jp/data/nij16-2906129,蹴鞠譜,蹴鞠,Aboutルール除外: 蹴鞠
https://jpsearch.go.jp/data/nij16-2906130,蹴鞠譜／六次第,蹴鞠,Aboutルール除外: 蹴鞠
https://jpsearch.go.jp/data/nij16-29083,催馬楽入綾,注釈,Aboutルール除外: 注釈
https://jpsearch.go.jp/data/nij16-2909673,集古金石譜,岩石,Aboutルール除外: 岩石
https://jpsearch.go.jp/data/nij16-29110098,本阿弥十二家系譜,歴史,Aboutルール除外: 歴史
https://jpsearch.go.jp/data/nij16-29110131,菊譜百詠圖,漢籍,Aboutルール除外: 漢籍
https://jpsearch.go.jp/data/nij16-29110261,御写本譜,総記,Aboutルール除外: 総記
https://jpsearch.go.jp/data/nij16-29110262,御写本譜勅版考,総記,Aboutルール除外: 総記
https://jpsearch.go.jp/data/nij16-29110271,〔謡本〕,演劇,Aboutルール除外: 演劇
https://jpsearch.go.jp/data/nij16-29110273,帝王譜略國朝紀,総記,Aboutルール除外: 総記
https://jpsearch.go.jp/data/nij16-29110686,金生樹譜／上,箱入別置本--叢書類,Aboutルール除外: 箱入別置本--叢書類
https://jpsearch.go.jp/data/nij16-29110687,金生樹譜／萬年青部,箱入別置本--叢書類,Aboutルール除外: 箱入別置本--叢書類
https://jpsearch.go.jp/data/nij16-29111291,新鐫詩牌譜,雑書,Aboutルール除外: 雑書
https://jpsearch.go.jp/data/nij16-29112935,觧部篇圖譜／動脉・神経,一般資料--自然科学,Aboutルール除外: 一般資料--自然科学
https://jpsearch.go.jp/data/nij16-29114496,帝王譜略国朝紀,総記,Aboutルール除外: 総記
https://jpsearch.go.jp/data/nij16-29114614,原本左傳系譜,歴史,Aboutルール除外: 歴史
https://jpsearch.go.jp/data/nij16-29114692,四相八識図譜,宗教--仏教,Aboutルール除外: 宗教--仏教
https://jpsearch.go.jp/data/nij16-29115490,山本亡羊年譜附貝原益軒伝,歴史,Aboutルール除外: 歴史
https://jpsearch.go.jp/data/nij16-29115509,宇野家系世譜,歴史,Aboutルール除外: 歴史
https://jpsearch.go.jp/data/nij16-29115514,纂図本朝尊卑分脈系譜雑類要集,歴史,Aboutルール除外: 歴史
https://jpsearch.go.jp/data/nij16-29115822,山水譜,芸術--絵画,Aboutルール除外: 芸術--絵画
https://jpsearch.go.jp/data/nij16-29116549,碁譜,一般資料--芸術--碁・将棋,Aboutルール除外: 一般資料--芸術--碁・将棋
https://jpsearch.go.jp/data/nij16-29116550,碁譜,一般資料--芸術--碁・将棋,Aboutルール除外: 一般資料--芸術--碁・将棋
https://jpsearch.go.jp/data/nij16-29116946,将軍家譜,歴史--日本史,Aboutルール除外: 歴史--日本史
https://jpsearch.go.jp/data/nij16-29116948,鎌倉将軍家譜,歴史--日本史,Aboutルール除外: 歴史--日本史
https://jpsearch.go.jp/data/nij16-29116949,京都将軍家譜,歴史--日本史,Aboutルール除外: 歴史--日本史
https://jpsearch.go.jp/data/nij16-29116950,織田信長譜,歴史--日本史,Aboutルール除外: 歴史--日本史
https://jpsearch.go.jp/data/nij16-29116952,豊臣秀吉譜,歴史--日本史,Aboutルール除外: 歴史--日本史
https://jpsearch.go.jp/data/nij16-29116957,豊臣秀吉譜,歴史--日本史,Aboutルール除外: 歴史--日本史
https://jpsearch.go.jp/data/nij16-29117021,石山斎茶具図譜／竹田荘泡茶訣／竹田荘茶説／青湾茶話／売茶翁伝／兼葭堂所蔵売茶翁茶具図,香・茶・生花,Aboutルール除外: 香・茶・生花
https://jpsearch.go.jp/data/nij16-29117023,石山斎茶具図譜,香・茶・生花,Aboutルール除外: 香・茶・生花
https://jpsearch.go.jp/data/nij16-29117095,本朝宝貨通用事略／国家金銀銭譜,古銭書,Aboutルール除外: 古銭書
https://jpsearch.go.jp/data/nij16-29117097,国家金銀銭譜,古銭書,Aboutルール除外: 古銭書
https://jpsearch.go.jp/data/nij16-29117121,北越雪譜,地理--日本地誌--地方誌,Aboutルール除外: 地理--日本地誌--地方誌
https://jpsearch.go.jp/data/nij16-29117820,〔動植物図譜〕,博物,Aboutルール除外: 博物
https://jpsearch.go.jp/data/nij16-29117821,〔動植物図譜〕,博物,Aboutルール除外: 博物
https://jpsearch.go.jp/data/nij16-29117836,心遠斎草花譜,博物,Aboutルール除外: 博物
https://jpsearch.go.jp/data/nij16-29117846,菌譜,博物,Aboutルール除外: 博物
https://jpsearch.go.jp/data/nij16-29118042,菜譜,農書,Aboutルール除外: 農書
https://jpsearch.go.jp/data/nij16-29118068,花譜,農書,Aboutルール除外: 農書
https://jpsearch.go.jp/data/nij16-29118240,草木性譜,医学,Aboutルール除外: 医学
https://jpsearch.go.jp/data/nij16-29118243,本草図譜,医学,Aboutルール除外: 医学
https://jpsearch.go.jp/data/nij16-29118254,狂詩画譜,狂詩,Aboutルール除外: 狂詩
https://jpsearch.go.jp/data/nij16-29118279,銅脈先生狂詩画譜,狂詩,Aboutルール除外: 狂詩
https://jpsearch.go.jp/data/nij16-29118306,辺氏画譜,印譜,Aboutルール除外: 印譜
https://jpsearch.go.jp/data/nij16-29118314,名人蘭竹画譜,印譜,Aboutルール除外: 印譜
https://jpsearch.go.jp/data/nij16-29118321,伊孚九池大雅山水画譜,印譜,Aboutルール除外: 印譜
https://jpsearch.go.jp/data/nij16-29118322,海仙画譜,印譜,Aboutルール除外: 印譜
https://jpsearch.go.jp/data/nij16-29118323,華山翁俳画,印譜,Aboutルール除外: 印譜
https://jpsearch.go.jp/data/nij16-29118324,花鳥画譜,印譜,Aboutルール除外: 印譜
https://jpsearch.go.jp/data/nij16-29118325,花鳥画譜,印譜,Aboutルール除外: 印譜
https://jpsearch.go.jp/data/nij16-29118328,寒葉斎画譜,印譜,Aboutルール除外: 印譜
https://jpsearch.go.jp/data/nij16-29118393,内景五臓図,医学,Aboutルール除外: 医学
https://jpsearch.go.jp/data/nij16-29118397,人参譜,医学,Aboutルール除外: 医学
https://jpsearch.go.jp/data/nij16-29118468,融斎画譜,印譜,Aboutルール除外: 印譜
https://jpsearch.go.jp/data/nij16-29118653,続書譜考,芸術--書道--書法・筆法,Aboutルール除外: 芸術--書道--書法・筆法
https://jpsearch.go.jp/data/nij16-29118705,花譜,産業,Aboutルール除外: 産業
https://jpsearch.go.jp/data/nij16-29118714,救荒野譜啓蒙,産業,Aboutルール除外: 産業
https://jpsearch.go.jp/data/nij16-29118737,一蝶画譜,芸術--絵画--画帖・絵本,Aboutルール除外: 芸術--絵画--画帖・絵本
https://jpsearch.go.jp/data/nij16-29118744,扶桑画譜,芸術--絵画--画帖・絵本,Aboutルール除外: 芸術--絵画--画帖・絵本
https://jpsearch.go.jp/data/nij16-29118748,宋紫石画譜,芸術--絵画--画帖・絵本,Aboutルール除外: 芸術--絵画--画帖・絵本
https://jpsearch.go.jp/data/nij16-29118767,蘭斎画譜,芸術--絵画--画帖・絵本,Aboutルール除外: 芸術--絵画--画帖・絵本
https://jpsearch.go.jp/data/nij16-29118774,九老画譜,芸術--絵画--画帖・絵本,Aboutルール除外: 芸術--絵画--画帖・絵本
https://jpsearch.go.jp/data/nij16-29118776,倭人物画譜／後編,芸術--絵画--画帖・絵本,Aboutルール除外: 芸術--絵画--画帖・絵本
https://jpsearch.go.jp/data/nij16-29118778,倭人物画譜／後編,芸術--絵画--画帖・絵本,Aboutルール除外: 芸術--絵画--画帖・絵本
https://jpsearch.go.jp/data/nij16-29118780,素絢画譜草花之部,芸術--絵画--画帖・絵本,Aboutルール除外: 芸術--絵画--画帖・絵本
https://jpsearch.go.jp/data/nij16-29118782,素絢山水画譜,芸術--絵画--画帖・絵本,Aboutルール除外: 芸術--絵画--画帖・絵本
https://jpsearch.go.jp/data/nij16-29118787,辺氏画譜,芸術--絵画--画帖・絵本,Aboutルール除外: 芸術--絵画--画帖・絵本
https://jpsearch.go.jp/data/nij16-29118788,辺氏画譜,芸術--絵画--画帖・絵本,Aboutルール除外: 芸術--絵画--画帖・絵本
https://jpsearch.go.jp/data/nij16-29118791,辺氏画譜,芸術--絵画--画帖・絵本,Aboutルール除外: 芸術--絵画--画帖・絵本
https://jpsearch.go.jp/data/nij16-29118793,水石画譜,芸術--絵画--画帖・絵本,Aboutルール除外: 芸術--絵画--画帖・絵本
https://jpsearch.go.jp/data/nij16-29118795,楠亭画譜,芸術--絵画--画帖・絵本,Aboutルール除外: 芸術--絵画--画帖・絵本
https://jpsearch.go.jp/data/nij16-29118796,楠亭画譜／後編,芸術--絵画--画帖・絵本,Aboutルール除外: 芸術--絵画--画帖・絵本
https://jpsearch.go.jp/data/nij16-29118798,名数画譜,芸術--絵画--画帖・絵本,Aboutルール除外: 芸術--絵画--画帖・絵本
https://jpsearch.go.jp/data/nij16-29118800,名数画譜,芸術--絵画--画帖・絵本,Aboutルール除外: 芸術--絵画--画帖・絵本
https://jpsearch.go.jp/data/nij16-29118804,文鳳画譜,芸術--絵画--画帖・絵本,Aboutルール除外: 芸術--絵画--画帖・絵本
https://jpsearch.go.jp/data/nij16-29118805,金波園画譜,芸術--絵画--画帖・絵本,Aboutルール除外: 芸術--絵画--画帖・絵本
https://jpsearch.go.jp/data/nij16-29118807,文鳳山水遺稿,芸術--絵画--画帖・絵本,Aboutルール除外: 芸術--絵画--画帖・絵本
https://jpsearch.go.jp/data/nij16-29118809,琦鳳画譜,芸術--絵画--画帖・絵本,Aboutルール除外: 芸術--絵画--画帖・絵本
https://jpsearch.go.jp/data/nij16-29118811,琦鳳画譜,芸術--絵画--画帖・絵本,Aboutルール除外: 芸術--絵画--画帖・絵本
https://jpsearch.go.jp/data/nij16-29118815,福善斎画譜,芸術--絵画--画帖・絵本,Aboutルール除外: 芸術--絵画--画帖・絵本
https://jpsearch.go.jp/data/nij16-29118817,福善斎画譜,芸術--絵画--画帖・絵本,Aboutルール除外: 芸術--絵画--画帖・絵本
https://jpsearch.go.jp/data/nij16-29118819,名家画譜／初編二編,芸術--絵画--画帖・絵本,Aboutルール除外: 芸術--絵画--画帖・絵本
https://jpsearch.go.jp/data/nij16-29118824,一老画譜,芸術--絵画--画帖・絵本,Aboutルール除外: 芸術--絵画--画帖・絵本
https://jpsearch.go.jp/data/nij16-29118830,公長画譜,芸術--絵画--画帖・絵本,Aboutルール除外: 芸術--絵画--画帖・絵本
https://jpsearch.go.jp/data/nij16-29118947,道中画譜,芸術--絵画--画帖・絵本,Aboutルール除外: 芸術--絵画--画帖・絵本
https://jpsearch.go.jp/data/nij16-29118965,北斎画譜,芸術--絵画--画帖・絵本,Aboutルール除外: 芸術--絵画--画帖・絵本
https://jpsearch.go.jp/data/nij16-29119059,画式指掌,芸術--絵画--画帖・絵本,Aboutルール除外: 芸術--絵画--画帖・絵本
https://jpsearch.go.jp/data/nij16-29119061,文川画譜,芸術--絵画--画帖・絵本,Aboutルール除外: 芸術--絵画--画帖・絵本
https://jpsearch.go.jp/data/nij16-29119093,平安名家印譜,印譜,Aboutルール除外: 印譜
https://jpsearch.go.jp/data/nij16-29119862,殺活揚心流正伝系譜,馬術,Aboutルール除外: 馬術
https://jpsearch.go.jp/data/nij16-29120248,百人一〔詩画譜〕,百人一首--異種,Aboutルール除外: 百人一首--異種
https://jpsearch.go.jp/data/nij16-29120251,百人一詩画譜,百人一首--異種,Aboutルール除外: 百人一首--異種
https://jpsearch.go.jp/data/nij16-29120858,和漢研譜,書画,Aboutルール除外: 書画
https://jpsearch.go.jp/data/nij16-29120872,和漢書画家印譜,書画,Aboutルール除外: 書画
https://jpsearch.go.jp/data/nij16-2912143,住持世譜略,系譜,Aboutルール除外: 系譜
https://jpsearch.go.jp/data/nij16-29122418,新製五七言狂詩画譜,狂詩,Aboutルール除外: 狂詩
https://jpsearch.go.jp/data/nij16-29122626,宋紫石画譜,絵本,Aboutルール除外: 絵本
https://jpsearch.go.jp/data/nij16-29122628,辺氏画譜,絵本,Aboutルール除外: 絵本
https://jpsearch.go.jp/data/nij16-29122631,建氏画苑,絵本,Aboutルール除外: 絵本
https://jpsearch.go.jp/data/nij16-29122673,九老画譜,絵本,Aboutルール除外: 絵本
https://jpsearch.go.jp/data/nij16-29122675,鵬斎先生画譜／胸中山,絵本,Aboutルール除外: 絵本
https://jpsearch.go.jp/data/nij16-29122679,詩余画譜,絵本,Aboutルール除外: 絵本
https://jpsearch.go.jp/data/nij16-29122685,新刻金氏画譜,絵本,Aboutルール除外: 絵本
https://jpsearch.go.jp/data/nij16-29122691,東坡遺意,絵本,Aboutルール除外: 絵本
https://jpsearch.go.jp/data/nij16-29122692,李用雲竹譜,絵本,Aboutルール除外: 絵本
https://jpsearch.go.jp/data/nij16-29122693,名人／蘭竹画譜,絵本,Aboutルール除外: 絵本
https://jpsearch.go.jp/data/nij16-29122709,翠釜亭戯画譜,絵本,Aboutルール除外: 絵本
https://jpsearch.go.jp/data/nij16-29122715,名数画譜,絵本,Aboutルール除外: 絵本
https://jpsearch.go.jp/data/nij16-29122716,草木性譜,絵本,Aboutルール除外: 絵本
https://jpsearch.go.jp/data/nij16-29122734,福善斎画譜,絵本,Aboutルール除外: 絵本
https://jpsearch.go.jp/data/nij16-29122738,蘭斎画譜,絵本,Aboutルール除外: 絵本
https://jpsearch.go.jp/data/nij16-29122743,錦心綉口／珍画譜,絵本,Aboutルール除外: 絵本
https://jpsearch.go.jp/data/nij16-29122820,貝譜／浦之錦,絵本,Aboutルール除外: 絵本
https://jpsearch.go.jp/data/nij16-29122832,北越雪譜,紀行,Aboutルール除外: 紀行
https://jpsearch.go.jp/data/nij16-29122938,藩翰譜,国漢書--史伝部三_日本伝記,Aboutルール除外: 国漢書--史伝部三_日本伝記
https://jpsearch.go.jp/data/nij16-29122973,豊臣秀吉譜,国漢書--史伝部三_日本伝記,Aboutルール除外: 国漢書--史伝部三_日本伝記
https://jpsearch.go.jp/data/nij16-29123496,藩翰譜,歴史,Aboutルール除外: 歴史
https://jpsearch.go.jp/data/nij16-29123679,社盟算譜,近世編--自然科学,Aboutルール除外: 近世編--自然科学
https://jpsearch.go.jp/data/nij16-29124088,百人一詩畫譜,絵本,Aboutルール除外: 絵本
https://jpsearch.go.jp/data/nij16-29124469,百人一首像讃抄／傳記系譜,注釈,Aboutルール除外: 注釈
https://jpsearch.go.jp/data/nij16-29125022,本化高祖年譜,歴史,Aboutルール除外: 歴史
https://jpsearch.go.jp/data/nij16-29125023,本化高祖年譜攷異,歴史,Aboutルール除外: 歴史
https://jpsearch.go.jp/data/nij16-29125127,世譜抜書,仏書--史伝部二_日本選述普通,Aboutルール除外: 仏書--史伝部二_日本選述普通
https://jpsearch.go.jp/data/nij16-29125214,僧譜年表略例,仏書--史伝部二_日本選述普通,Aboutルール除外: 仏書--史伝部二_日本選述普通
https://jpsearch.go.jp/data/nij16-29125215,僧譜冠字韻類,仏書--史伝部二_日本選述普通,Aboutルール除外: 仏書--史伝部二_日本選述普通
https://jpsearch.go.jp/data/nij16-29125223,淨土傳燈總系譜,仏書--史伝部二_日本選述普通,Aboutルール除外: 仏書--史伝部二_日本選述普通
https://jpsearch.go.jp/data/nij16-29125237,正燈世譜,仏書--史伝部三_日本選述特殊,Aboutルール除外: 仏書--史伝部三_日本選述特殊
https://jpsearch.go.jp/data/nij16-29125242,續弘法大師年譜,仏書--史伝部三_日本選述特殊,Aboutルール除外: 仏書--史伝部三_日本選述特殊
https://jpsearch.go.jp/data/nij16-29125249,釋尊應世編年略譜,仏書--史伝部三_日本選述特殊,Aboutルール除外: 仏書--史伝部三_日本選述特殊
https://jpsearch.go.jp/data/nij16-29125252,弘法大師年譜,仏書--史伝部三_日本選述特殊,Aboutルール除外: 仏書--史伝部三_日本選述特殊
https://jpsearch.go.jp/data/nij16-29125256,黒瀧潮音和尚年譜,仏書--史伝部三_日本選述特殊,Aboutルール除外: 仏書--史伝部三_日本選述特殊
https://jpsearch.go.jp/data/nij16-29125341,東福開山聖一國師年譜,仏書--史伝部三_日本選述特殊,Aboutルール除外: 仏書--史伝部三_日本選述特殊
https://jpsearch.go.jp/data/nij16-29125356,退藏始祖天桂和尚年譜,仏書--史伝部三_日本選述特殊,Aboutルール除外: 仏書--史伝部三_日本選述特殊
https://jpsearch.go.jp/data/nij16-29130,西游印譜,印章,Aboutルール除外: 印章
https://jpsearch.go.jp/data/nij16-2915528,秋水翁遺印譜,印章,Aboutルール除外: 印章
https://jpsearch.go.jp/data/nij16-2915788,修製譜,医学,Aboutルール除外: 医学
https://jpsearch.go.jp/data/nij16-2917171,獣鳥譜,動物,Aboutルール除外: 動物
https://jpsearch.go.jp/data/nij16-2917900,終南悟心印譜,印章,Aboutルール除外: 印章
https://jpsearch.go.jp/data/nij16-292115,白山史小説譜,漢文,Aboutルール除外: 漢文
https://jpsearch.go.jp/data/nij16-2924814,修譜余瀝,系譜,Aboutルール除外: 系譜
https://jpsearch.go.jp/data/nij16-2925011,衆芳軒印譜,印章,Aboutルール除外: 印章
https://jpsearch.go.jp/data/nij16-2925066,袖宝古銭譜,貨幣,Aboutルール除外: 貨幣
https://jpsearch.go.jp/data/nij16-2925146,銃砲伝来録付種子島家略譜,武具,Aboutルール除外: 武具
https://jpsearch.go.jp/data/nij16-2925226,秋芳譜,園芸,Aboutルール除外: 園芸
https://jpsearch.go.jp/data/nij16-2926887,宗門年譜,真宗,Aboutルール除外: 真宗
https://jpsearch.go.jp/data/nij16-2929091,周誉上人譜脈,浄土,Aboutルール除外: 浄土
https://jpsearch.go.jp/data/nij16-2931397,儒家学系及各派画譜,系譜,Aboutルール除外: 系譜
https://jpsearch.go.jp/data/nij16-2941608,狂歌冨士百景畫譜,文学--狂歌・狂文,Aboutルール除外: 文学--狂歌・狂文
https://jpsearch.go.jp/data/nij16-2941802,横笛譜,演劇,Aboutルール除外: 演劇
https://jpsearch.go.jp/data/nij16-2941879,謡本,演劇,Aboutルール除外: 演劇
https://jpsearch.go.jp/data/nij16-2942656,謡曲拾葉集,演劇,Aboutルール除外: 演劇
https://jpsearch.go.jp/data/nij16-2942667,觀世流謡本,演劇,Aboutルール除外: 演劇
https://jpsearch.go.jp/data/nij16-2942678,觀世流謡本,演劇,Aboutルール除外: 演劇
https://jpsearch.go.jp/data/nij16-2942689,觀世流謡本,演劇,Aboutルール除外: 演劇
https://jpsearch.go.jp/data/nij16-2942690,觀世流謡本,演劇,Aboutルール除外: 演劇
https://jpsearch.go.jp/data/nij16-2942703,觀世流謡本,演劇,Aboutルール除外: 演劇
https://jpsearch.go.jp/data/nij16-2942714,觀世流謡本,演劇,Aboutルール除外: 演劇
https://jpsearch.go.jp/data/nij16-2942725,觀世流謡本,演劇,Aboutルール除外: 演劇
https://jpsearch.go.jp/data/nij16-2942736,觀世流謡本,演劇,Aboutルール除外: 演劇
https://jpsearch.go.jp/data/nij16-2942747,寶生流謡本,演劇,Aboutルール除外: 演劇
https://jpsearch.go.jp/data/nij16-2942758,寶生流謡本,演劇,Aboutルール除外: 演劇
https://jpsearch.go.jp/data/nij16-2942770,莊内謡曲,演劇,Aboutルール除外: 演劇
https://jpsearch.go.jp/data/nij16-2943944,南朝皇胤譜,歴史--日本史,Aboutルール除外: 歴史--日本史
https://jpsearch.go.jp/data/nij16-2948110,藤樹先生年譜,歴史--日本史,Aboutルール除外: 歴史--日本史
https://jpsearch.go.jp/data/nij16-2949351,御家譜,歴史--日本史,Aboutルール除外: 歴史--日本史
https://jpsearch.go.jp/data/nij16-2949420,酒井家譜記大全,歴史--日本史,Aboutルール除外: 歴史--日本史
https://jpsearch.go.jp/data/nij16-2949431,御系譜,歴史--日本史,Aboutルール除外: 歴史--日本史
https://jpsearch.go.jp/data/nij16-2949442,酒井御系譜,歴史--日本史,Aboutルール除外: 歴史--日本史
https://jpsearch.go.jp/data/nij16-2949453,御系譜參考,歴史--日本史,Aboutルール除外: 歴史--日本史
https://jpsearch.go.jp/data/nij16-2949464,御系譜參考,歴史--日本史,Aboutルール除外: 歴史--日本史
https://jpsearch.go.jp/data/nij16-2949475,御系譜參考,歴史--日本史,Aboutルール除外: 歴史--日本史
https://jpsearch.go.jp/data/nij16-2949486,御系譜參考,歴史--日本史,Aboutルール除外: 歴史--日本史
https://jpsearch.go.jp/data/nij16-2949497,御系譜參考,歴史--日本史,Aboutルール除外: 歴史--日本史
https://jpsearch.go.jp/data/nij16-2949500,御系譜參考抄書,歴史--日本史,Aboutルール除外: 歴史--日本史
https://jpsearch.go.jp/data/nij16-2949511,御系譜參考抄書,歴史--日本史,Aboutルール除外: 歴史--日本史
https://jpsearch.go.jp/data/nij16-2949522,他説系譜,歴史--日本史,Aboutルール除外: 歴史--日本史
https://jpsearch.go.jp/data/nij16-2949533,酒井家年譜,歴史--日本史,Aboutルール除外: 歴史--日本史
https://jpsearch.go.jp/data/nij16-2949588,泥洹院様御誕生已後年譜,歴史--日本史,Aboutルール除外: 歴史--日本史
https://jpsearch.go.jp/data/nij16-2949599,〔酒井氏御家譜年表〕,歴史--日本史,Aboutルール除外: 歴史--日本史
https://jpsearch.go.jp/data/nij16-2949613,藩中諸系譜,歴史--日本史,Aboutルール除外: 歴史--日本史
https://jpsearch.go.jp/data/nij16-2949704,藩翰譜,歴史--日本史,Aboutルール除外: 歴史--日本史
https://jpsearch.go.jp/data/nij16-2949715,藩翰譜,歴史--日本史,Aboutルール除外: 歴史--日本史
https://jpsearch.go.jp/data/nij16-2949726,藩翰譜,歴史--日本史,Aboutルール除外: 歴史--日本史
https://jpsearch.go.jp/data/nij16-2949737,藩翰譜系圖,歴史--日本史,Aboutルール除外: 歴史--日本史
https://jpsearch.go.jp/data/nij16-2949806,歴代御書譜,歴史--日本史,Aboutルール除外: 歴史--日本史
https://jpsearch.go.jp/data/nij16-2952752,新編古押譜,歴史--日本史,Aboutルール除外: 歴史--日本史
https://jpsearch.go.jp/data/nij16-2953926,北越雪譜,地理--日本地誌--地方誌,Aboutルール除外: 地理--日本地誌--地方誌
https://jpsearch.go.jp/data/nij16-2954338,海陸道中畫譜,地理--日本地誌--遊覧・遊歴--遊覧--案内記,Aboutルール除外: 地理--日本地誌--遊覧・遊歴--遊覧--案内記
https://jpsearch.go.jp/data/nij16-2959366,求古圖譜,政治・法制,Aboutルール除外: 政治・法制
https://jpsearch.go.jp/data/nij16-2959800,和漢稀世泉譜,貨幣,Aboutルール除外: 貨幣
https://jpsearch.go.jp/data/nij16-2959833,和漢稀世泉譜追撰圖鑑,貨幣,Aboutルール除外: 貨幣
https://jpsearch.go.jp/data/nij16-296060,鈴屋翁略年譜,歴史--日本史,Aboutルール除外: 歴史--日本史
https://jpsearch.go.jp/data/nij16-2964990,花譜,産業,Aboutルール除外: 産業
https://jpsearch.go.jp/data/nij16-2965222,救荒野譜會誌,産業,Aboutルール除外: 産業
https://jpsearch.go.jp/data/nij16-296537,帝皇略譜,歴史--日本史,Aboutルール除外: 歴史--日本史
https://jpsearch.go.jp/data/nij16-296559,系譜略,歴史--日本史,Aboutルール除外: 歴史--日本史
https://jpsearch.go.jp/data/nij16-2965813,扶桑畫譜,芸術--書画--絵画--画譜,Aboutルール除外: 芸術--書画--絵画--画譜
https://jpsearch.go.jp/data/nij16-2965857,梅道人墨竹譜,芸術--書画--絵画--画譜,Aboutルール除外: 芸術--書画--絵画--画譜
https://jpsearch.go.jp/data/nij16-2965880,寒葉齋畫譜,芸術--書画--絵画--画譜,Aboutルール除外: 芸術--書画--絵画--画譜
https://jpsearch.go.jp/data/nij16-2965891,宋紫石畫譜,芸術--書画--絵画--画譜,Aboutルール除外: 芸術--書画--絵画--画譜
https://jpsearch.go.jp/data/nij16-2965915,李用雲竹譜,芸術--書画--絵画--画譜,Aboutルール除外: 芸術--書画--絵画--画譜
https://jpsearch.go.jp/data/nij16-296593,御略譜,歴史--日本史,Aboutルール除外: 歴史--日本史
https://jpsearch.go.jp/data/nij16-2965971,唐詩選畫本,芸術--書画--絵画--画譜,Aboutルール除外: 芸術--書画--絵画--画譜
https://jpsearch.go.jp/data/nij16-2966021,敬輔畫譜,芸術--書画--絵画--画譜,Aboutルール除外: 芸術--書画--絵画--画譜
https://jpsearch.go.jp/data/nij16-2966032,倭人物畫譜,芸術--書画--絵画--画譜,Aboutルール除外: 芸術--書画--絵画--画譜
https://jpsearch.go.jp/data/nij16-2966043,玄對畫譜,芸術--書画--絵画--画譜,Aboutルール除外: 芸術--書画--絵画--画譜
https://jpsearch.go.jp/data/nij16-2966054,蘭竹畫譜,芸術--書画--絵画--画譜,Aboutルール除外: 芸術--書画--絵画--画譜
https://jpsearch.go.jp/data/nij16-2966225,文晁山水畫譜,芸術--書画--絵画--画譜,Aboutルール除外: 芸術--書画--絵画--画譜
https://jpsearch.go.jp/data/nij16-2966247,蘭譜,芸術--書画--絵画--画譜,Aboutルール除外: 芸術--書画--絵画--画譜
https://jpsearch.go.jp/data/nij16-296639,諸家知譜拙記,歴史--日本史,Aboutルール除外: 歴史--日本史
https://jpsearch.go.jp/data/nij16-2966656,彫工系譜／同名譜,芸術--工芸,Aboutルール除外: 芸術--工芸
https://jpsearch.go.jp/data/nij16-296684,紀伊国造家譜,歴史--日本史,Aboutルール除外: 歴史--日本史
https://jpsearch.go.jp/data/nij16-296708,鎌倉将軍家譜,歴史--日本史,Aboutルール除外: 歴史--日本史
https://jpsearch.go.jp/data/nij16-296719,豊臣秀吉譜,歴史--日本史,Aboutルール除外: 歴史--日本史
https://jpsearch.go.jp/data/nij16-296720,京都将軍家譜,歴史--日本史,Aboutルール除外: 歴史--日本史
https://jpsearch.go.jp/data/nij16-296742,藩翰譜,歴史--日本史,Aboutルール除外: 歴史--日本史
https://jpsearch.go.jp/data/nij16-2968801,江都金工名譜,武具,Aboutルール除外: 武具
https://jpsearch.go.jp/data/nij16-2968856,鏨工譜畧,武具,Aboutルール除外: 武具
https://jpsearch.go.jp/data/nij16-2971951,浄源脈譜,浄土,Aboutルール除外: 浄土
https://jpsearch.go.jp/data/nij16-2972829,勝興寺系譜,寺院,Aboutルール除外: 寺院
https://jpsearch.go.jp/data/nij16-2973151,性公大徳譜,系譜,Aboutルール除外: 系譜
https://jpsearch.go.jp/data/nij16-2973877,茶説図譜,茶道,Aboutルール除外: 茶道
https://jpsearch.go.jp/data/nij16-2975726,秋田家系譜,系譜,Aboutルール除外: 系譜
https://jpsearch.go.jp/data/nij16-2977960,尚古図譜,金工,Aboutルール除外: 金工
https://jpsearch.go.jp/data/nij16-2978043,尚古堂古銅印譜,印章,Aboutルール除外: 印章
https://jpsearch.go.jp/data/nij16-2979660,畳字印譜,印章,Aboutルール除外: 印章
https://jpsearch.go.jp/data/nij16-2983768,年譜,仏教--宗派--禅宗--語録,Aboutルール除外: 仏教--宗派--禅宗--語録
https://jpsearch.go.jp/data/nij16-2983804,年譜,仏教--宗派--禅宗--語録,Aboutルール除外: 仏教--宗派--禅宗--語録
https://jpsearch.go.jp/data/nij16-2993455,狂詩畫譜,狂詩,Aboutルール除外: 狂詩
https://jpsearch.go.jp/data/nij16-2993466,狂詩畫譜,狂詩,Aboutルール除外: 狂詩
https://jpsearch.go.jp/data/nij16-2999577,正燈正譜,臨済,Aboutルール除外: 臨済
https://jpsearch.go.jp/data/nij16-2999588,正燈世譜,臨済,Aboutルール除外: 臨済
https://jpsearch.go.jp/data/nij16-3000382,浄土教系譜,仏教_系譜,Aboutルール除外: 仏教_系譜
https://jpsearch.go.jp/data/nij16-3001921,名家画譜／艸名集,文学--俳諧--撰集,Aboutルール除外: 文学--俳諧--撰集
https://jpsearch.go.jp/data/nij16-3003303,扇拍子,文学--俳諧--撰集,Aboutルール除外: 文学--俳諧--撰集
https://jpsearch.go.jp/data/nij16-3004895,百花譜,文学--俳諧--俳文,Aboutルール除外: 文学--俳諧--俳文
https://jpsearch.go.jp/data/nij16-3007316,三津拍子相合槌,文学--近世歌謡--江戸長唄,Aboutルール除外: 文学--近世歌謡--江戸長唄
https://jpsearch.go.jp/data/nij16-3008831,支那音樂譜,演劇,Aboutルール除外: 演劇
https://jpsearch.go.jp/data/nij16-3008842,催馬樂譜入文,演劇,Aboutルール除外: 演劇
https://jpsearch.go.jp/data/nij16-3009027,秦曲笛譜,演劇,Aboutルール除外: 演劇
https://jpsearch.go.jp/data/nij16-3009049,都羽二重拍子扇,演劇,Aboutルール除外: 演劇
https://jpsearch.go.jp/data/nij16-3009389,團藏之家譜,雑書,Aboutルール除外: 雑書
https://jpsearch.go.jp/data/nij16-3012111,鈴屋翁畧年譜,歴史--日本史,Aboutルール除外: 歴史--日本史
https://jpsearch.go.jp/data/nij16-3012520,茶人系譜,歴史--日本史,Aboutルール除外: 歴史--日本史
https://jpsearch.go.jp/data/nij16-3012531,茶人系譜,歴史--日本史,Aboutルール除外: 歴史--日本史
https://jpsearch.go.jp/data/nij16-3012666,團藏之家譜,歴史--日本史,Aboutルール除外: 歴史--日本史
https://jpsearch.go.jp/data/nij16-3012917,鎌倉將軍家譜,歴史--日本史,Aboutルール除外: 歴史--日本史
https://jpsearch.go.jp/data/nij16-3015278,北越雪譜,地理--日本地誌--地方誌--北陸道--越後国,Aboutルール除外: 地理--日本地誌--地方誌--北陸道--越後国
https://jpsearch.go.jp/data/nij16-3017309,外蕃旗譜,地理--外国地誌--世界誌,Aboutルール除外: 地理--外国地誌--世界誌
https://jpsearch.go.jp/data/nij16-3017332,外蕃旗譜,地理--外国地誌--世界誌,Aboutルール除外: 地理--外国地誌--世界誌
https://jpsearch.go.jp/data/nij16-301779,四君子画譜,芸術--書画,Aboutルール除外: 芸術--書画
https://jpsearch.go.jp/data/nij16-301791,〔蕙斎画譜〕,芸術--書画,Aboutルール除外: 芸術--書画
https://jpsearch.go.jp/data/nij16-301804,〔関文川画譜〕,芸術--書画,Aboutルール除外: 芸術--書画
https://jpsearch.go.jp/data/nij16-3019667,求古圖譜,政治・法制,Aboutルール除外: 政治・法制
https://jpsearch.go.jp/data/nij16-3019849,國家金銀錢譜,貨幣,Aboutルール除外: 貨幣
https://jpsearch.go.jp/data/nij16-3019850,西洋銭譜,貨幣,Aboutルール除外: 貨幣
https://jpsearch.go.jp/data/nij16-3019918,再版／袖寶古錢譜,貨幣,Aboutルール除外: 貨幣
https://jpsearch.go.jp/data/nij16-3020006,和漢稀世泉譜,貨幣,Aboutルール除外: 貨幣
https://jpsearch.go.jp/data/nij16-3025045,難波魚譜,博物,Aboutルール除外: 博物
https://jpsearch.go.jp/data/nij16-3025067,栗氏／千蟲譜,博物,Aboutルール除外: 博物
https://jpsearch.go.jp/data/nij16-3025589,本草圖譜,総記,Aboutルール除外: 総記
https://jpsearch.go.jp/data/nij16-3025590,本草圖譜,総記,Aboutルール除外: 総記
https://jpsearch.go.jp/data/nij16-3025625,草木性譜,医学--漢方--本草--薬性附食治,Aboutルール除外: 医学--漢方--本草--薬性附食治
https://jpsearch.go.jp/data/nij16-3025636,草木性譜,医学--漢方--本草--薬性附食治,Aboutルール除外: 医学--漢方--本草--薬性附食治
https://jpsearch.go.jp/data/nij16-3025681,菜譜,医学--漢方--本草--薬性附食治,Aboutルール除外: 医学--漢方--本草--薬性附食治
https://jpsearch.go.jp/data/nij16-3025692,菜譜,医学--漢方--本草--薬性附食治,Aboutルール除外: 医学--漢方--本草--薬性附食治
https://jpsearch.go.jp/data/nij16-3025976,花譜,産業,Aboutルール除外: 産業
https://jpsearch.go.jp/data/nij16-3025987,花譜,産業,Aboutルール除外: 産業
https://jpsearch.go.jp/data/nij16-3026162,救荒野譜啓蒙,産業,Aboutルール除外: 産業
https://jpsearch.go.jp/data/nij16-302658,鞍鐙工譜,武具,Aboutルール除外: 武具
https://jpsearch.go.jp/data/nij16-3026775,思貽齋管城二譜,芸術--書画,Aboutルール除外: 芸術--書画
https://jpsearch.go.jp/data/nij16-3026786,和漢研譜,芸術--書画,Aboutルール除外: 芸術--書画
https://jpsearch.go.jp/data/nij16-3026797,高氏研譜,芸術--書画,Aboutルール除外: 芸術--書画
https://jpsearch.go.jp/data/nij16-3026800,茅氏研譜,芸術--書画,Aboutルール除外: 芸術--書画
https://jpsearch.go.jp/data/nij16-3026822,和漢研譜,芸術--書画,Aboutルール除外: 芸術--書画
https://jpsearch.go.jp/data/nij16-3026833,高氏研譜,芸術--書画,Aboutルール除外: 芸術--書画
https://jpsearch.go.jp/data/nij16-3026844,茅氏研譜,芸術--書画,Aboutルール除外: 芸術--書画
https://jpsearch.go.jp/data/nij16-3026979,名家／人物画譜,芸術--書画,Aboutルール除外: 芸術--書画
https://jpsearch.go.jp/data/nij16-3027063,英一蝶画譜,芸術--書画--絵画--画譜,Aboutルール除外: 芸術--書画--絵画--画譜
https://jpsearch.go.jp/data/nij16-3027132,應擧畫譜,芸術--書画--絵画--画譜,Aboutルール除外: 芸術--書画--絵画--画譜
https://jpsearch.go.jp/data/nij16-3027223,文鳳画譜,芸術--書画--絵画--画譜,Aboutルール除外: 芸術--書画--絵画--画譜
https://jpsearch.go.jp/data/nij16-3027369,鳥羽繪筆拍子,芸術--書画--絵画--画譜,Aboutルール除外: 芸術--書画--絵画--画譜
https://jpsearch.go.jp/data/nij16-3027541,傳神開手／北齋道中畫譜,芸術--書画--絵画--画譜,Aboutルール除外: 芸術--書画--絵画--画譜
https://jpsearch.go.jp/data/nij16-3027552,傳神開手／北齋道中畫譜,芸術--書画--絵画--画譜,Aboutルール除外: 芸術--書画--絵画--画譜
https://jpsearch.go.jp/data/nij16-3028066,西游印譜,芸術--書画,Aboutルール除外: 芸術--書画
https://jpsearch.go.jp/data/nij16-3028135,古瓦譜,考古,Aboutルール除外: 考古
https://jpsearch.go.jp/data/nij16-3028179,印籠譜,芸術--工芸,Aboutルール除外: 芸術--工芸
https://jpsearch.go.jp/data/nij16-3028204,更紗圖譜,芸術--工芸,Aboutルール除外: 芸術--工芸
https://jpsearch.go.jp/data/nij16-3029218,日東周易蘇卦爻象系譜,諸芸--占卜・相法,Aboutルール除外: 諸芸--占卜・相法
https://jpsearch.go.jp/data/nij16-3030919,江戸／金工名譜,武具,Aboutルール除外: 武具
https://jpsearch.go.jp/data/nij16-3030920,鏨工譜畧,武具,Aboutルール除外: 武具
https://jpsearch.go.jp/data/nij16-3031536,植物図譜,植物,Aboutルール除外: 植物
https://jpsearch.go.jp/data/nij16-3031945,食物譜,飲食,Aboutルール除外: 飲食
https://jpsearch.go.jp/data/nij16-3032006,織文図譜,図案,Aboutルール除外: 図案
https://jpsearch.go.jp/data/nij16-3033372,諸家系譜鈔,系譜,Aboutルール除外: 系譜
https://jpsearch.go.jp/data/nij16-3033383,諸家系譜藪,系譜,Aboutルール除外: 系譜
https://jpsearch.go.jp/data/nij16-3033394,諸家系譜摘録,系譜,Aboutルール除外: 系譜
https://jpsearch.go.jp/data/nij16-3033407,諸家系譜伝,系譜,Aboutルール除外: 系譜
https://jpsearch.go.jp/data/nij16-3033418,諸家系譜取扱記,系譜,Aboutルール除外: 系譜
https://jpsearch.go.jp/data/nij16-3033429,諸家系譜抜書,系譜,Aboutルール除外: 系譜
https://jpsearch.go.jp/data/nij16-3033918,諸家抄譜,系譜,Aboutルール除外: 系譜
https://jpsearch.go.jp/data/nij16-3034057,諸家蔵印譜,印章,Aboutルール除外: 印章
https://jpsearch.go.jp/data/nij16-3034080,諸家蔵書印譜,印章,Aboutルール除外: 印章
https://jpsearch.go.jp/data/nij16-3034160,諸家断家譜,系譜,Aboutルール除外: 系譜
https://jpsearch.go.jp/data/nij16-3034171,諸家知譜拙記追加絶家伝,家伝,Aboutルール除外: 家伝
https://jpsearch.go.jp/data/nij16-3034182,諸家知譜拙記目録,系譜,Aboutルール除外: 系譜
https://jpsearch.go.jp/data/nij16-3034262,諸家呈譜,系譜,Aboutルール除外: 系譜
https://jpsearch.go.jp/data/nij16-3034535,諸家譜牒,系譜,Aboutルール除外: 系譜
https://jpsearch.go.jp/data/nij16-3034604,諸家譜略,系譜,Aboutルール除外: 系譜
https://jpsearch.go.jp/data/nij16-3035027,諸家略譜,系譜,Aboutルール除外: 系譜
https://jpsearch.go.jp/data/nij16-3036031,諸侯譜略,系譜,Aboutルール除外: 系譜
https://jpsearch.go.jp/data/nij16-3037114,諸国高名松樹譜,植物,Aboutルール除外: 植物
https://jpsearch.go.jp/data/nij16-3037432,諸国産石譜,岩石,Aboutルール除外: 岩石
https://jpsearch.go.jp/data/nij16-3041574,鳴琴堂秘蔵経籍譜,総記--諸目録,Aboutルール除外: 総記--諸目録
https://jpsearch.go.jp/data/nij16-3041665,鍋島甲斐守系譜之内御尋ニ付御答書,藩主,Aboutルール除外: 藩主
https://jpsearch.go.jp/data/nij16-3041723,鍋島甲斐守系譜,系譜,Aboutルール除外: 系譜
https://jpsearch.go.jp/data/nij16-3041745,勝茂公譜,系譜,Aboutルール除外: 系譜
https://jpsearch.go.jp/data/nij16-3041756,鍋島勝茂公譜,系譜,Aboutルール除外: 系譜
https://jpsearch.go.jp/data/nij16-3041767,直茂公年譜,系譜,Aboutルール除外: 系譜
https://jpsearch.go.jp/data/nij16-3042691,天真流貝之譜,藩制--軍事,Aboutルール除外: 藩制--軍事
https://jpsearch.go.jp/data/nij16-3044880,肥前國勅賜水上山興聖萬壽禅寺開山勅特賜神子禅師榮尊大和尚年譜,和書_慶応以前,Aboutルール除外: 和書_慶応以前
https://jpsearch.go.jp/data/nij16-3045021,檗宗譜略,和書_慶応以前,Aboutルール除外: 和書_慶応以前
https://jpsearch.go.jp/data/nij16-304596,系譜,系譜,Aboutルール除外: 系譜
https://jpsearch.go.jp/data/nij16-3046002,南山小譜,和書_慶応以前,Aboutルール除外: 和書_慶応以前
https://jpsearch.go.jp/data/nij16-3046013,藩幹譜,和書_慶応以前,Aboutルール除外: 和書_慶応以前
https://jpsearch.go.jp/data/nij16-3046900,春日山之譜,和書_慶応以前,Aboutルール除外: 和書_慶応以前
https://jpsearch.go.jp/data/nij16-3047505,小金原御狩太鼓譜,和書_慶応以前,Aboutルール除外: 和書_慶応以前
https://jpsearch.go.jp/data/nij16-3047516,謙信流太鼓譜,和書_慶応以前,Aboutルール除外: 和書_慶応以前
https://jpsearch.go.jp/data/nij16-3049487,雅楽譜,和書_慶応以前,Aboutルール除外: 和書_慶応以前
https://jpsearch.go.jp/data/nij16-3049498,管弦按譜,和書_慶応以前,Aboutルール除外: 和書_慶応以前
https://jpsearch.go.jp/data/nij16-3049512,奏箏譜,和書_慶応以前,Aboutルール除外: 和書_慶応以前
https://jpsearch.go.jp/data/nij16-3049523,和琴譜,和書_慶応以前,Aboutルール除外: 和書_慶応以前
https://jpsearch.go.jp/data/nij16-3049534,和琴譜,和書_慶応以前,Aboutルール除外: 和書_慶応以前
https://jpsearch.go.jp/data/nij16-3049556,鳳笙譜,和書_慶応以前,Aboutルール除外: 和書_慶応以前
https://jpsearch.go.jp/data/nij16-3049589,蘆聲別録,和書_慶応以前,Aboutルール除外: 和書_慶応以前
https://jpsearch.go.jp/data/nij16-3049614,〔雅楽譜〕,和書_慶応以前,Aboutルール除外: 和書_慶応以前
https://jpsearch.go.jp/data/nij16-3049658,樂譜,和書_慶応以前,Aboutルール除外: 和書_慶応以前
https://jpsearch.go.jp/data/nij16-3049681,龍穏館樂譜,和書_慶応以前,Aboutルール除外: 和書_慶応以前
https://jpsearch.go.jp/data/nij16-3049692,催馬楽略譜,和書_慶応以前,Aboutルール除外: 和書_慶応以前
https://jpsearch.go.jp/data/nij16-3049705,朗詠要譜,和書_慶応以前,Aboutルール除外: 和書_慶応以前
https://jpsearch.go.jp/data/nij16-3049716,樂譜,和書_慶応以前,Aboutルール除外: 和書_慶応以前
https://jpsearch.go.jp/data/nij16-3049749,謡本,和書_慶応以前,Aboutルール除外: 和書_慶応以前
https://jpsearch.go.jp/data/nij16-3049807,謡本,和書_慶応以前,Aboutルール除外: 和書_慶応以前
https://jpsearch.go.jp/data/nij16-3049863,箏譜,和書_慶応以前,Aboutルール除外: 和書_慶応以前
https://jpsearch.go.jp/data/nij16-3052264,勝茂公御年譜,系譜,Aboutルール除外: 系譜
https://jpsearch.go.jp/data/nij16-3052275,勝茂公御年譜,系譜,Aboutルール除外: 系譜
https://jpsearch.go.jp/data/nij16-3052297,泰厳公年譜,系譜,Aboutルール除外: 系譜
https://jpsearch.go.jp/data/nij16-3052300,綱茂公御年譜,系譜,Aboutルール除外: 系譜
https://jpsearch.go.jp/data/nij16-3052311,直茂公三徳譜,系譜,Aboutルール除外: 系譜
https://jpsearch.go.jp/data/nij16-3052899,万世家譜,和書_慶応以前,Aboutルール除外: 和書_慶応以前
https://jpsearch.go.jp/data/nij16-3053927,諸尊法,真言,Aboutルール除外: 真言
https://jpsearch.go.jp/data/nij16-3057098,諸鳥譜,動物,Aboutルール除外: 動物
https://jpsearch.go.jp/data/nij16-3059232,諸貝譜,魚介,Aboutルール除外: 魚介
https://jpsearch.go.jp/data/nij16-3059812,諸藩旗章譜,武具,Aboutルール除外: 武具
https://jpsearch.go.jp/data/nij16-3060568,諸武家譜,系譜,Aboutルール除外: 系譜
https://jpsearch.go.jp/data/nij16-3060853,庶物写生菌譜,本草,Aboutルール除外: 本草
https://jpsearch.go.jp/data/nij16-3063147,諸名家印譜,印章,Aboutルール除外: 印章
https://jpsearch.go.jp/data/nij16-3063158,諸名家印譜,印章,Aboutルール除外: 印章
https://jpsearch.go.jp/data/nij16-3063727,諸門跡之譜,系譜,Aboutルール除外: 系譜
https://jpsearch.go.jp/data/nij16-3064491,諸役代々記撰譜,記録,Aboutルール除外: 記録
https://jpsearch.go.jp/data/nij16-3068200,白尾氏家譜抄書,家伝,Aboutルール除外: 家伝
https://jpsearch.go.jp/data/nij16-3068415,白川家譜,系譜,Aboutルール除外: 系譜
https://jpsearch.go.jp/data/nij16-3068755,白川侯蓮譜,植物,Aboutルール除外: 植物
https://jpsearch.go.jp/data/nij16-3070460,二栗斎印譜,印章,Aboutルール除外: 印章
https://jpsearch.go.jp/data/nij16-3071087,詩林姓名略譜箋,名鑑,Aboutルール除外: 名鑑
https://jpsearch.go.jp/data/nij16-3074484,心遠斎草花譜,植物,Aboutルール除外: 植物
https://jpsearch.go.jp/data/nij16-3081901,仁斎東涯二先生印譜,印章,Aboutルール除外: 印章
https://jpsearch.go.jp/data/nij16-3086371,真宗学統略譜,真宗,Aboutルール除外: 真宗
https://jpsearch.go.jp/data/nij16-3086484,新修菅家逸譜,系譜,Aboutルール除外: 系譜
https://jpsearch.go.jp/data/nij16-3086984,真宗高僧略年譜,真宗,Aboutルール除外: 真宗
https://jpsearch.go.jp/data/nij16-3087841,真宗諸派系譜,真宗,Aboutルール除外: 真宗
https://jpsearch.go.jp/data/nij16-3090902,新庄家譜,系譜,Aboutルール除外: 系譜
https://jpsearch.go.jp/data/nij16-3091916,進士流膳部方系譜,料理,Aboutルール除外: 料理
https://jpsearch.go.jp/data/nij16-3094540,新撰家譜,系譜,Aboutルール除外: 系譜
https://jpsearch.go.jp/data/nij16-3094562,深仙灌頂系譜,修験道,Aboutルール除外: 修験道
https://jpsearch.go.jp/data/nij16-3094993,新撰松裔譜,系譜,Aboutルール除外: 系譜
https://jpsearch.go.jp/data/nij16-3097083,親族世譜,系譜,Aboutルール除外: 系譜
https://jpsearch.go.jp/data/nij16-3097174,親族譜,系譜,Aboutルール除外: 系譜
https://jpsearch.go.jp/data/nij16-3098746,震旦紙譜,製紙,Aboutルール除外: 製紙
https://jpsearch.go.jp/data/nij16-3101073,神統譜,系譜,Aboutルール除外: 系譜
https://jpsearch.go.jp/data/nij16-3101244,新刀銘譜,刀剣,Aboutルール除外: 刀剣
https://jpsearch.go.jp/data/nij16-3101255,新刀銘譜,刀剣,Aboutルール除外: 刀剣
https://jpsearch.go.jp/data/nij16-3101926,陣徒系譜,日蓮,Aboutルール除外: 日蓮
https://jpsearch.go.jp/data/nij16-3101937,陣徒系譜及小栗栖壇林能化記,日蓮,Aboutルール除外: 日蓮
https://jpsearch.go.jp/data/nij16-3102703,親王家譜,系譜,Aboutルール除外: 系譜
https://jpsearch.go.jp/data/nij16-3102861,親王家略家譜,系譜,Aboutルール除外: 系譜
https://jpsearch.go.jp/data/nij16-3106523,蕈譜,植物,Aboutルール除外: 植物
https://jpsearch.go.jp/data/nij16-3106534,蕈譜,植物,Aboutルール除外: 植物
https://jpsearch.go.jp/data/nij16-3107355,臣譜略記,家伝,Aboutルール除外: 家伝
https://jpsearch.go.jp/data/nij16-310758,淨土傳燈總系譜,仏教--史伝--伝記--叢伝--日本人--浄土宗,Aboutルール除外: 仏教--史伝--伝記--叢伝--日本人--浄土宗
https://jpsearch.go.jp/data/nij16-3108198,新編御系譜需備抄録,系譜,Aboutルール除外: 系譜
https://jpsearch.go.jp/data/nij16-3108529,神保家譜,系譜,Aboutルール除外: 系譜
https://jpsearch.go.jp/data/nij16-3112718,信陽菌譜,本草,Aboutルール除外: 本草
https://jpsearch.go.jp/data/nij16-3113437,真楽軒華甲寿譜,印章,Aboutルール除外: 印章
https://jpsearch.go.jp/data/nij16-3114043,親鸞聖人総門徒御門弟等交名,真宗,Aboutルール除外: 真宗
https://jpsearch.go.jp/data/nij16-3117440,真巌院家譜,系譜,Aboutルール除外: 系譜
https://jpsearch.go.jp/data/nij16-3117553,秦漢瓦当印譜,考古,Aboutルール除外: 考古
https://jpsearch.go.jp/data/nij16-3120670,神機独妙禅師年譜,臨済,Aboutルール除外: 臨済
https://jpsearch.go.jp/data/nij16-3123464,神境名家譜料,家伝,Aboutルール除外: 家伝
https://jpsearch.go.jp/data/nij16-3124809,神宮系譜下書,系譜,Aboutルール除外: 系譜
https://jpsearch.go.jp/data/nij16-312925,神代略系譜,系譜,Aboutルール除外: 系譜
https://jpsearch.go.jp/data/nij16-3136241,盛岡御系譜,系譜,Aboutルール除外: 系譜
https://jpsearch.go.jp/data/nij16-3136309,南部家御家譜抜書,系譜,Aboutルール除外: 系譜
https://jpsearch.go.jp/data/nij16-3140269,琢磨流系譜,砲術,Aboutルール除外: 砲術
https://jpsearch.go.jp/data/nij16-3141295,俳諧花系譜,俳諧,Aboutルール除外: 俳諧
https://jpsearch.go.jp/data/nij16-314487,圓頓戒脉譜口訣,天台,Aboutルール除外: 天台
https://jpsearch.go.jp/data/nij16-3148412,瑞雲山歴代年譜,系譜,Aboutルール除外: 系譜
https://jpsearch.go.jp/data/nij16-3149777,水禽譜,動物,Aboutルール除外: 動物
https://jpsearch.go.jp/data/nij16-3150343,翠軒手刀印譜,印章,Aboutルール除外: 印章
https://jpsearch.go.jp/data/nij16-3150810,水滸伝印譜,印章,Aboutルール除外: 印章
https://jpsearch.go.jp/data/nij16-3150876,水虎譜,動物,Aboutルール除外: 動物
https://jpsearch.go.jp/data/nij16-3152678,水石印譜,印章,Aboutルール除外: 印章
https://jpsearch.go.jp/data/nij16-3152952,瑞泉寺略譜,寺院,Aboutルール除外: 寺院
https://jpsearch.go.jp/data/nij16-3153353,水竹老人書斎快事印譜,印章,Aboutルール除外: 印章
https://jpsearch.go.jp/data/nij16-3155702,水府役譜,名鑑,Aboutルール除外: 名鑑
https://jpsearch.go.jp/data/nij16-3157402,菘翁印譜,印章,Aboutルール除外: 印章
https://jpsearch.go.jp/data/nij16-3160110,菅沼家譜,系譜,Aboutルール除外: 系譜
https://jpsearch.go.jp/data/nij16-3160121,菅沼家譜,系譜,Aboutルール除外: 系譜
https://jpsearch.go.jp/data/nij16-3160610,菅原姓久松氏系譜草稿,系譜,Aboutルール除外: 系譜
https://jpsearch.go.jp/data/nij16-3160870,数寄系譜,茶道,Aboutルール除外: 茶道
https://jpsearch.go.jp/data/nij16-3161771,杉原家譜,系譜,Aboutルール除外: 系譜
https://jpsearch.go.jp/data/nij16-3163197,調所氏家譜,系譜,Aboutルール除外: 系譜
https://jpsearch.go.jp/data/nij16-3163664,鈴木氏家譜,系譜,Aboutルール除外: 系譜
https://jpsearch.go.jp/data/nij16-3163711,鈴木氏系譜略,系譜,Aboutルール除外: 系譜
https://jpsearch.go.jp/data/nij16-3164429,鈴屋翁系譜略,系譜,Aboutルール除外: 系譜
https://jpsearch.go.jp/data/nij16-3165319,須藤系譜抜抄,系譜,Aboutルール除外: 系譜
https://jpsearch.go.jp/data/nij16-3168512,諏訪家譜,系譜,Aboutルール除外: 系譜
https://jpsearch.go.jp/data/nij16-3169684,寸斎印譜,印章,Aboutルール除外: 印章
https://jpsearch.go.jp/data/nij16-3169764,駿州魚譜,魚介,Aboutルール除外: 魚介
https://jpsearch.go.jp/data/nij16-3170103,駿藩名譜,名鑑,Aboutルール除外: 名鑑
https://jpsearch.go.jp/data/nij16-3171388,西園魚譜,魚介,Aboutルール除外: 魚介
https://jpsearch.go.jp/data/nij16-3171413,西園蕈譜,植物,Aboutルール除外: 植物
https://jpsearch.go.jp/data/nij16-3171446,西園蔵銭譜,貨幣,Aboutルール除外: 貨幣
https://jpsearch.go.jp/data/nij16-3171526,西園蓮譜,植物,Aboutルール除外: 植物
https://jpsearch.go.jp/data/nij16-317180,淨土宗年譜,浄土,Aboutルール除外: 浄土
https://jpsearch.go.jp/data/nij16-3173044,星巌紅蘭印譜,印章,Aboutルール除外: 印章
https://jpsearch.go.jp/data/nij16-3173088,清閑寺家譜,系譜,Aboutルール除外: 系譜
https://jpsearch.go.jp/data/nij16-3173102,誓願寺系譜伝,系譜,Aboutルール除外: 系譜
https://jpsearch.go.jp/data/nij16-3173555,清暉印譜,印章,Aboutルール除外: 印章
https://jpsearch.go.jp/data/nij16-3174069,靖共先生自刻印譜,印章,Aboutルール除外: 印章
https://jpsearch.go.jp/data/nij16-3175675,靖斎研譜,文房具,Aboutルール除外: 文房具
https://jpsearch.go.jp/data/nij16-3175835,誠斎牡丹譜,園芸,Aboutルール除外: 園芸
https://jpsearch.go.jp/data/nij16-3176214,西山国師略年譜,浄土,Aboutルール除外: 浄土
https://jpsearch.go.jp/data/nij16-3176270,青山御流活花性容譜,花道,Aboutルール除外: 花道
https://jpsearch.go.jp/data/nij16-3176281,青山御流活花席上譜,花道,Aboutルール除外: 花道
https://jpsearch.go.jp/data/nij16-3176349,青山御流席上譜,花道,Aboutルール除外: 花道
https://jpsearch.go.jp/data/nij16-3176383,青山御流／一葉手引種,花道,Aboutルール除外: 花道
https://jpsearch.go.jp/data/nij16-3176521,西山上人略年譜,浄土,Aboutルール除外: 浄土
https://jpsearch.go.jp/data/nij16-3176601,西山年譜要義,浄土,Aboutルール除外: 浄土
https://jpsearch.go.jp/data/nij16-3176714,西山流伝法譜脈,浄土,Aboutルール除外: 浄土
https://jpsearch.go.jp/data/nij16-3179611,世臣譜,系譜,Aboutルール除外: 系譜
https://jpsearch.go.jp/data/nij16-3181995,蜻蝶譜,動物,Aboutルール除外: 動物
https://jpsearch.go.jp/data/nij16-3182169,蜻蜒譜,動物,Aboutルール除外: 動物
https://jpsearch.go.jp/data/nij16-3183537,西土歴代帝王図譜,外国史,Aboutルール除外: 外国史
https://jpsearch.go.jp/data/nij16-3183899,聖藩家譜要略,系譜,Aboutルール除外: 系譜
https://jpsearch.go.jp/data/nij16-3184018,聖藩年譜草稿,藩史,Aboutルール除外: 藩史
https://jpsearch.go.jp/data/nij16-3184665,世譜抜書,禅宗,Aboutルール除外: 禅宗
https://jpsearch.go.jp/data/nij16-3185748,姓名略譜箋,系譜,Aboutルール除外: 系譜
https://jpsearch.go.jp/data/nij16-3186490,西洋花譜,植物,Aboutルール除外: 植物
https://jpsearch.go.jp/data/nij16-3186809,西洋鉱泉譜,医学,Aboutルール除外: 医学
https://jpsearch.go.jp/data/nij16-3188112,西洋諸鳥図譜,動物,Aboutルール除外: 動物
https://jpsearch.go.jp/data/nij16-3188292,西洋船■図譜,海運,Aboutルール除外: 海運
https://jpsearch.go.jp/data/nij16-3188952,西洋薬譜／下,薬物,Aboutルール除外: 薬物
https://jpsearch.go.jp/data/nij16-3189659,青柳館蔵泉譜,貨幣,Aboutルール除外: 貨幣
https://jpsearch.go.jp/data/nij16-3190747,清和源氏御年譜,系譜,Aboutルール除外: 系譜
https://jpsearch.go.jp/data/nij16-3190781,清和源氏森家譜,系譜,Aboutルール除外: 系譜
https://jpsearch.go.jp/data/nij16-3192425,赤県歴代帝王承統譜,外国史,Aboutルール除外: 外国史
https://jpsearch.go.jp/data/nij16-3192641,石斎珍蔵印譜,印章,Aboutルール除外: 印章
https://jpsearch.go.jp/data/nij16-3192696,石山斎茶具図譜,茶道,Aboutルール除外: 茶道
https://jpsearch.go.jp/data/nij16-3193100,石州生花譜,花道,Aboutルール除外: 花道
https://jpsearch.go.jp/data/nij16-3194330,石寿山房印譜,印章,Aboutルール除外: 印章
https://jpsearch.go.jp/data/nij16-3194421,石樵印譜,印章,Aboutルール除外: 印章
https://jpsearch.go.jp/data/nij16-3194523,席上譜,花道,Aboutルール除外: 花道
https://jpsearch.go.jp/data/nij16-3194556,席上譜聞書,花道,Aboutルール除外: 花道
https://jpsearch.go.jp/data/nij16-3194681,関氏略譜,系譜,Aboutルール除外: 系譜
https://jpsearch.go.jp/data/nij16-3195537,石亭石譜,岩石,Aboutルール除外: 岩石
https://jpsearch.go.jp/data/nij16-3196336,関戸家譜,系譜,Aboutルール除外: 系譜
https://jpsearch.go.jp/data/nij16-3196665,石譜,岩石,Aboutルール除外: 岩石
https://jpsearch.go.jp/data/nij16-3196676,石譜,岩石,Aboutルール除外: 岩石
https://jpsearch.go.jp/data/nij16-3196687,石譜,岩石,Aboutルール除外: 岩石
https://jpsearch.go.jp/data/nij16-3196698,石譜,岩石,Aboutルール除外: 岩石
https://jpsearch.go.jp/data/nij16-3196723,石譜十四式,岩石,Aboutルール除外: 岩石
https://jpsearch.go.jp/data/nij16-3196916,石圃山人印譜,印章,Aboutルール除外: 印章
https://jpsearch.go.jp/data/nij16-3200020,世尊寺家譜,系譜,Aboutルール除外: 系譜
https://jpsearch.go.jp/data/nij16-3200042,世尊寺家略譜,系譜,Aboutルール除外: 系譜
https://jpsearch.go.jp/data/nij16-3200166,世田谷吉良譜,系譜,Aboutルール除外: 系譜
https://jpsearch.go.jp/data/nij16-3202162,雪柯松田翁私印譜,印章,Aboutルール除外: 印章
https://jpsearch.go.jp/data/nij16-3202822,石檠図譜,庭園,Aboutルール除外: 庭園
https://jpsearch.go.jp/data/nij16-3202866,絶家家譜,系譜,Aboutルール除外: 系譜
https://jpsearch.go.jp/data/nij16-3202902,摂家御門跡譜,系譜,Aboutルール除外: 系譜
https://jpsearch.go.jp/data/nij16-3203198,摂家略譜,系譜,Aboutルール除外: 系譜
https://jpsearch.go.jp/data/nij16-3203201,絶家略譜,系譜,Aboutルール除外: 系譜
https://jpsearch.go.jp/data/nij16-3203507,石蔛蘭ノ譜,園芸,Aboutルール除外: 園芸
https://jpsearch.go.jp/data/nij16-3205014,舌脣病譜,医学,Aboutルール除外: 医学
https://jpsearch.go.jp/data/nij16-320525,帝王譜畧國朝紀,総記--図書・書誌学--叢書・全集,Aboutルール除外: 総記--図書・書誌学--叢書・全集
https://jpsearch.go.jp/data/nij16-3205592,雪中庵累代印譜,印章,Aboutルール除外: 印章
https://jpsearch.go.jp/data/nij16-3206277,雪亭棋譜,将棋,Aboutルール除外: 将棋
https://jpsearch.go.jp/data/nij16-3207678,瀬戸窯家大系譜,陶磁,Aboutルール除外: 陶磁
https://jpsearch.go.jp/data/nij16-3208579,世良田家譜攷,系譜,Aboutルール除外: 系譜
https://jpsearch.go.jp/data/nij16-3211425,善御譜座上図,馬術,Aboutルール除外: 馬術
https://jpsearch.go.jp/data/nij16-3211436,善御譜序,馬術,Aboutルール除外: 馬術
https://jpsearch.go.jp/data/nij16-3211447,善御譜抄,馬術,Aboutルール除外: 馬術
https://jpsearch.go.jp/data/nij16-3211458,善御譜序注,馬術,Aboutルール除外: 馬術
https://jpsearch.go.jp/data/nij16-3211469,善御譜庭乗図,馬術,Aboutルール除外: 馬術
https://jpsearch.go.jp/data/nij16-3213590,千家家譜,系譜,Aboutルール除外: 系譜
https://jpsearch.go.jp/data/nij16-3213603,千家々譜旧記写,系譜,Aboutルール除外: 系譜
https://jpsearch.go.jp/data/nij16-3213614,千家家譜系図旧記,系譜,Aboutルール除外: 系譜
https://jpsearch.go.jp/data/nij16-3213738,千家系譜,茶道,Aboutルール除外: 茶道
https://jpsearch.go.jp/data/nij16-3215358,宜興■壺譜,陶磁,Aboutルール除外: 陶磁
https://jpsearch.go.jp/data/nij16-3215803,先考酔名印譜,印章,Aboutルール除外: 印章
https://jpsearch.go.jp/data/nij16-321584,梅屋畫譜,芸術--絵画,Aboutルール除外: 芸術--絵画
https://jpsearch.go.jp/data/nij16-3216260,仙石家譜,系譜,Aboutルール除外: 系譜
https://jpsearch.go.jp/data/nij16-3216271,仙石家譜,系譜,Aboutルール除外: 系譜
https://jpsearch.go.jp/data/nij16-3216282,仙石家譜,系譜,Aboutルール除外: 系譜
https://jpsearch.go.jp/data/nij16-3218459,千秋家譜,系譜,Aboutルール除外: 系譜
https://jpsearch.go.jp/data/nij16-3218631,泉州佐野食野家譜,系譜,Aboutルール除外: 系譜
https://jpsearch.go.jp/data/nij16-3218802,禅宗伝統系譜,禅宗,Aboutルール除外: 禅宗
https://jpsearch.go.jp/data/nij16-3220675,禅定寺縁起年譜吟,寺院,Aboutルール除外: 寺院
https://jpsearch.go.jp/data/nij16-3221703,全盛糸の音色,名鑑,Aboutルール除外: 名鑑
https://jpsearch.go.jp/data/nij16-3221781,専精堂印譜,印章,Aboutルール除外: 印章
https://jpsearch.go.jp/data/nij16-3223674,仙台蕈譜／会津産併入百品,植物,Aboutルール除外: 植物
https://jpsearch.go.jp/data/nij16-3227836,千虫譜,動物,Aboutルール除外: 動物
https://jpsearch.go.jp/data/nij16-3227847,千虫譜,動物,Aboutルール除外: 動物
https://jpsearch.go.jp/data/nij16-3229309,禅道族天珪族御家譜,系譜,Aboutルール除外: 系譜
https://jpsearch.go.jp/data/nij16-3231263,泉譜,貨幣,Aboutルール除外: 貨幣
https://jpsearch.go.jp/data/nij16-3231274,泉譜,貨幣,Aboutルール除外: 貨幣
https://jpsearch.go.jp/data/nij16-3231285,泉譜,貨幣,Aboutルール除外: 貨幣
https://jpsearch.go.jp/data/nij16-3231310,銭譜／温古の栞,貨幣,Aboutルール除外: 貨幣
https://jpsearch.go.jp/data/nij16-3231683,銭譜雑誌,貨幣,Aboutルール除外: 貨幣
https://jpsearch.go.jp/data/nij16-3232095,千文印譜,印章,Aboutルール除外: 印章
https://jpsearch.go.jp/data/nij16-3233269,千本刀譜,刀剣,Aboutルール除外: 刀剣
https://jpsearch.go.jp/data/nij16-3233474,千妙寺年譜記,天台,Aboutルール除外: 天台
https://jpsearch.go.jp/data/nij16-3234820,全誉上人譜脈,浄土,Aboutルール除外: 浄土
https://jpsearch.go.jp/data/nij16-3235981,禅林派譜,禅宗,Aboutルール除外: 禅宗
https://jpsearch.go.jp/data/nij16-3238333,宋画華譜,印章,Aboutルール除外: 印章
https://jpsearch.go.jp/data/nij16-3238775,草花写生図譜,植物,Aboutルール除外: 植物
https://jpsearch.go.jp/data/nij16-3238888,草花図譜,植物,Aboutルール除外: 植物
https://jpsearch.go.jp/data/nij16-3238902,挿花席上譜,花道,Aboutルール除外: 花道
https://jpsearch.go.jp/data/nij16-3238924,挿花太極譜之巻,花道,Aboutルール除外: 花道
https://jpsearch.go.jp/data/nij16-3239176,宗家譜,系譜,Aboutルール除外: 系譜
https://jpsearch.go.jp/data/nij16-324436,刀劔系譜,刀剣,Aboutルール除外: 刀剣
https://jpsearch.go.jp/data/nij16-3244766,惣検校略譜,系譜,Aboutルール除外: 系譜
https://jpsearch.go.jp/data/nij16-3245269,宗源譜引,系譜,Aboutルール除外: 系譜
https://jpsearch.go.jp/data/nij16-3247334,宗氏家譜,系譜,Aboutルール除外: 系譜
https://jpsearch.go.jp/data/nij16-3247345,宗氏家譜,系譜,Aboutルール除外: 系譜
https://jpsearch.go.jp/data/nij16-3247356,宗氏家譜,系譜,Aboutルール除外: 系譜
https://jpsearch.go.jp/data/nij16-3249249,総州家御譜雑録,系譜,Aboutルール除外: 系譜
https://jpsearch.go.jp/data/nij16-3249465,増修／茶人系譜,茶道,Aboutルール除外: 茶道
https://jpsearch.go.jp/data/nij16-324969,伊達氏御系譜,系譜,Aboutルール除外: 系譜
https://jpsearch.go.jp/data/nij16-325020,伊達系譜,系譜,Aboutルール除外: 系譜
https://jpsearch.go.jp/data/nij16-3250224,蔵書印譜,印章,Aboutルール除外: 印章
https://jpsearch.go.jp/data/nij16-3250235,蔵書印譜,印章,Aboutルール除外: 印章
https://jpsearch.go.jp/data/nij16-325031,伊達族譜本宗,系譜,Aboutルール除外: 系譜
https://jpsearch.go.jp/data/nij16-325042,伊達公族譜,系譜,Aboutルール除外: 系譜
https://jpsearch.go.jp/data/nij16-3250644,増上寺世譜,系譜,Aboutルール除外: 系譜
https://jpsearch.go.jp/data/nij16-3250655,増上寺世代譜,系譜,Aboutルール除外: 系譜
https://jpsearch.go.jp/data/nij16-3252117,蔵泉出入図譜,貨幣,Aboutルール除外: 貨幣
https://jpsearch.go.jp/data/nij16-325393,諸家系譜,系譜,Aboutルール除外: 系譜
https://jpsearch.go.jp/data/nij16-325417,伊東氏系譜,系譜,Aboutルール除外: 系譜
https://jpsearch.go.jp/data/nij16-325428,宇角家譜,系譜,Aboutルール除外: 系譜
https://jpsearch.go.jp/data/nij16-325440,大場氏系譜,系譜,Aboutルール除外: 系譜
https://jpsearch.go.jp/data/nij16-3254522,象伝来私集譜,動物,Aboutルール除外: 動物
https://jpsearch.go.jp/data/nij16-325495,片倉氏系譜,系譜,Aboutルール除外: 系譜
https://jpsearch.go.jp/data/nij16-325508,木村氏系譜,系譜,Aboutルール除外: 系譜
https://jpsearch.go.jp/data/nij16-3255149,曹洞列祖系譜,曹洞,Aboutルール除外: 曹洞
https://jpsearch.go.jp/data/nij16-325520,国分氏系譜,系譜,Aboutルール除外: 系譜
https://jpsearch.go.jp/data/nij16-325531,桜田氏系譜,系譜,Aboutルール除外: 系譜
https://jpsearch.go.jp/data/nij16-325575,下郡山氏家譜,系譜,Aboutルール除外: 系譜
https://jpsearch.go.jp/data/nij16-325586,白石家系譜,系譜,Aboutルール除外: 系譜
https://jpsearch.go.jp/data/nij16-325600,鈴木氏系譜,系譜,Aboutルール除外: 系譜
https://jpsearch.go.jp/data/nij16-325633,富塚家譜,系譜,Aboutルール除外: 系譜
https://jpsearch.go.jp/data/nij16-3256357,草譜,本草,Aboutルール除外: 本草
https://jpsearch.go.jp/data/nij16-3256368,僧譜韻類或問,伝記,Aboutルール除外: 伝記
https://jpsearch.go.jp/data/nij16-3256380,僧譜冠字韻類,伝記,Aboutルール除外: 伝記
https://jpsearch.go.jp/data/nij16-325644,永野氏系譜,系譜,Aboutルール除外: 系譜
https://jpsearch.go.jp/data/nij16-325666,福原氏系譜,系譜,Aboutルール除外: 系譜
https://jpsearch.go.jp/data/nij16-3256733,僧譜年表略例,仏教,Aboutルール除外: 仏教
https://jpsearch.go.jp/data/nij16-325713,山路氏系譜,系譜,Aboutルール除外: 系譜
https://jpsearch.go.jp/data/nij16-3257587,増補魚譜,魚介,Aboutルール除外: 魚介
https://jpsearch.go.jp/data/nij16-3257612,増補菌譜,本草,Aboutルール除外: 本草
https://jpsearch.go.jp/data/nij16-3258193,相馬家譜,系譜,Aboutルール除外: 系譜
https://jpsearch.go.jp/data/nij16-3258864,草木花実写真図譜,本草,Aboutルール除外: 本草
https://jpsearch.go.jp/data/nij16-3258922,草木花譜,本草,Aboutルール除外: 本草
https://jpsearch.go.jp/data/nij16-3258933,草木画譜,本草,Aboutルール除外: 本草
https://jpsearch.go.jp/data/nij16-3258944,草木画譜,本草,Aboutルール除外: 本草
https://jpsearch.go.jp/data/nij16-325917,公家譜勘考覚書,記録,Aboutルール除外: 記録
https://jpsearch.go.jp/data/nij16-3259185,草木実譜,本草,Aboutルール除外: 本草
https://jpsearch.go.jp/data/nij16-3259312,草木写生譜,本草,Aboutルール除外: 本草
https://jpsearch.go.jp/data/nij16-3259607,草木真譜,本草,Aboutルール除外: 本草
https://jpsearch.go.jp/data/nij16-3259663,草木図譜,本草,Aboutルール除外: 本草
https://jpsearch.go.jp/data/nij16-3259834,草木品物図譜,本草,Aboutルール除外: 本草
https://jpsearch.go.jp/data/nij16-3259845,草木譜,本草,Aboutルール除外: 本草
https://jpsearch.go.jp/data/nij16-3259856,草木譜,本草,Aboutルール除外: 本草
https://jpsearch.go.jp/data/nij16-3259867,草木譜,本草,Aboutルール除外: 本草
https://jpsearch.go.jp/data/nij16-3259890,草木譜目録,本草,Aboutルール除外: 本草
https://jpsearch.go.jp/data/nij16-3260046,草木螺魚図譜,本草,Aboutルール除外: 本草
https://jpsearch.go.jp/data/nij16-3260820,霜葉譜,植物,Aboutルール除外: 植物
https://jpsearch.go.jp/data/nij16-3260897,桑里印譜,印章,Aboutルール除外: 印章
https://jpsearch.go.jp/data/nij16-3261323,雙林寺歴代略年譜,禅宗,Aboutルール除外: 禅宗
https://jpsearch.go.jp/data/nij16-3262122,蔵六居印譜,印章,Aboutルール除外: 印章
https://jpsearch.go.jp/data/nij16-3265234,続弘法大師年譜,真言,Aboutルール除外: 真言
https://jpsearch.go.jp/data/nij16-3266704,続椒庭譜略,系譜,Aboutルール除外: 系譜
https://jpsearch.go.jp/data/nij16-3266828,続諸門跡譜,系譜,Aboutルール除外: 系譜
https://jpsearch.go.jp/data/nij16-3268302,即身成仏義得略譜／法華前明即身義歟竜女成仏,天台,Aboutルール除外: 天台
https://jpsearch.go.jp/data/nij16-3269452,続蔵書印譜,印章,Aboutルール除外: 印章
https://jpsearch.go.jp/data/nij16-3270562,族譜淵藪,系譜,Aboutルール除外: 系譜
https://jpsearch.go.jp/data/nij16-3271112,続幽蘭堂年譜,記録,Aboutルール除外: 記録
https://jpsearch.go.jp/data/nij16-3274495,祖宗華押譜,花押,Aboutルール除外: 花押
https://jpsearch.go.jp/data/nij16-3274519,鼠族図譜,動物,Aboutルール除外: 動物
https://jpsearch.go.jp/data/nij16-3275874,園池家譜,系譜,Aboutルール除外: 系譜
https://jpsearch.go.jp/data/nij16-3275910,園家譜,系譜,Aboutルール除外: 系譜
https://jpsearch.go.jp/data/nij16-3278997,巽斎捐因印譜,印章,Aboutルール除外: 印章
https://jpsearch.go.jp/data/nij16-328085,仙台藩儒家系譜,系譜,Aboutルール除外: 系譜
https://jpsearch.go.jp/data/nij16-3282380,第一世利政公家譜,系譜,Aboutルール除外: 系譜
https://jpsearch.go.jp/data/nij16-3282788,大医令橘先生家譜,系譜,Aboutルール除外: 系譜
https://jpsearch.go.jp/data/nij16-3283350,大永慶長年間略譜,戦記,Aboutルール除外: 戦記
https://jpsearch.go.jp/data/nij16-3284568,大円宝鑑国師年譜,臨済,Aboutルール除外: 臨済
https://jpsearch.go.jp/data/nij16-3284579,大円宝鑑国師年譜,臨済,Aboutルール除外: 臨済
https://jpsearch.go.jp/data/nij16-3285378,大覚寺年譜,寺院,Aboutルール除外: 寺院
https://jpsearch.go.jp/data/nij16-3285414,大覚寺譜,寺院,Aboutルール除外: 寺院
https://jpsearch.go.jp/data/nij16-3288059,大極譜,花道,Aboutルール除外: 花道
https://jpsearch.go.jp/data/nij16-3288300,大宮司河辺家譜,系譜,Aboutルール除外: 系譜
https://jpsearch.go.jp/data/nij16-3289165,台家雑譜,天台,Aboutルール除外: 天台
https://jpsearch.go.jp/data/nij16-3291165,醍醐家譜,系譜,Aboutルール除外: 系譜
https://jpsearch.go.jp/data/nij16-3294619,対山印譜,印章,Aboutルール除外: 印章
https://jpsearch.go.jp/data/nij16-3294620,対山印譜補,印章,Aboutルール除外: 印章
https://jpsearch.go.jp/data/nij16-3295009,泰山水晶印譜,印章,Aboutルール除外: 印章
https://jpsearch.go.jp/data/nij16-3295021,対山堂印譜,印章,Aboutルール除外: 印章
https://jpsearch.go.jp/data/nij16-3295747,大師系譜考,考証,Aboutルール除外: 考証
https://jpsearch.go.jp/data/nij16-3297061,大師西院血脈譜,真言,Aboutルール除外: 真言
https://jpsearch.go.jp/data/nij16-3298871,大樹家御家譜,系譜,Aboutルール除外: 系譜
https://jpsearch.go.jp/data/nij16-3307093,大聖寺侯家譜,系譜,Aboutルール除外: 系譜
https://jpsearch.go.jp/data/nij16-3307515,大聖寺藩御略譜,系譜,Aboutルール除外: 系譜
https://jpsearch.go.jp/data/nij16-3315126,大泉寺世代年譜,寺院,Aboutルール除外: 寺院
https://jpsearch.go.jp/data/nij16-331555,公譜要略,歴史,Aboutルール除外: 歴史
https://jpsearch.go.jp/data/nij16-3318692,大蔵経譜,臨済,Aboutルール除外: 臨済
https://jpsearch.go.jp/data/nij16-3320829,代々天皇御世系略譜,系譜,Aboutルール除外: 系譜
https://jpsearch.go.jp/data/nij16-3321695,大中寺歴祖年譜,曹洞,Aboutルール除外: 曹洞
https://jpsearch.go.jp/data/nij16-3322483,大東香譜,香道,Aboutルール除外: 香道
https://jpsearch.go.jp/data/nij16-3322756,大道寺家譜,系譜,Aboutルール除外: 系譜
https://jpsearch.go.jp/data/nij16-3322881,大統世譜,系譜,Aboutルール除外: 系譜
https://jpsearch.go.jp/data/nij16-3323942,大徳寺系譜,臨済,Aboutルール除外: 臨済
https://jpsearch.go.jp/data/nij16-3323997,大徳寺嗣世譜,臨済,Aboutルール除外: 臨済
https://jpsearch.go.jp/data/nij16-3324047,大徳寺大系譜,臨済,Aboutルール除外: 臨済
https://jpsearch.go.jp/data/nij16-3324263,大徳寺略系譜,臨済,Aboutルール除外: 臨済
https://jpsearch.go.jp/data/nij16-3325040,第二世政信公家譜,系譜,Aboutルール除外: 系譜
https://jpsearch.go.jp/data/nij16-332945,狩野畫工道統幷印譜,芸術--絵画--日本画,Aboutルール除外: 芸術--絵画--日本画
https://jpsearch.go.jp/data/nij16-332956,本朝畫家系同印譜,芸術--絵画--日本画,Aboutルール除外: 芸術--絵画--日本画
https://jpsearch.go.jp/data/nij16-332967,後藤家系譜,芸術--絵画--日本画,Aboutルール除外: 芸術--絵画--日本画
https://jpsearch.go.jp/data/nij16-3330925,大日本天皇承統譜,系譜,Aboutルール除外: 系譜
https://jpsearch.go.jp/data/nij16-3331586,大般涅槃経首楞厳経方誌釈迦氏譜聞書,仏教,Aboutルール除外: 仏教
https://jpsearch.go.jp/data/nij16-333266,浪華擷芳譜,芸術--絵画--日本画,Aboutルール除外: 芸術--絵画--日本画
https://jpsearch.go.jp/data/nij16-333335,李院扇譜,芸術--絵画--日本画,Aboutルール除外: 芸術--絵画--日本画
https://jpsearch.go.jp/data/nij16-333346,李院扇譜,芸術--絵画--日本画,Aboutルール除外: 芸術--絵画--日本画
https://jpsearch.go.jp/data/nij16-3333593,鯛譜,魚介,Aboutルール除外: 魚介
https://jpsearch.go.jp/data/nij16-3333606,鯛譜,魚介,Aboutルール除外: 魚介
https://jpsearch.go.jp/data/nij16-3333617,鯛譜,魚介,Aboutルール除外: 魚介
https://jpsearch.go.jp/data/nij16-333460,一蝶畫譜,芸術--絵画--日本画,Aboutルール除外: 芸術--絵画--日本画
https://jpsearch.go.jp/data/nij16-333471,敬輔画譜,芸術--絵画--日本画,Aboutルール除外: 芸術--絵画--日本画
https://jpsearch.go.jp/data/nij16-333482,敬輔画譜,芸術--絵画--日本画,Aboutルール除外: 芸術--絵画--日本画
https://jpsearch.go.jp/data/nij16-3334983,太平鶴譜,動物,Aboutルール除外: 動物
https://jpsearch.go.jp/data/nij16-3335282,太平日譜,記録,Aboutルール除外: 記録
https://jpsearch.go.jp/data/nij16-333540,名家畫譜,芸術--絵画--日本画,Aboutルール除外: 芸術--絵画--日本画
https://jpsearch.go.jp/data/nij16-333573,文鳳畫譜,芸術--絵画--日本画,Aboutルール除外: 芸術--絵画--日本画
https://jpsearch.go.jp/data/nij16-333584,文鳳畫譜,芸術--絵画--日本画,Aboutルール除外: 芸術--絵画--日本画
https://jpsearch.go.jp/data/nij16-333595,文鳳畫譜／３編,芸術--絵画--日本画,Aboutルール除外: 芸術--絵画--日本画
https://jpsearch.go.jp/data/nij16-333619,文鳳山水畫譜,芸術--絵画--日本画,Aboutルール除外: 芸術--絵画--日本画
https://jpsearch.go.jp/data/nij16-333653,頓智早席畫譜,芸術--絵画--日本画,Aboutルール除外: 芸術--絵画--日本画
https://jpsearch.go.jp/data/nij16-333664,古秀画譜,芸術--絵画--日本画,Aboutルール除外: 芸術--絵画--日本画
https://jpsearch.go.jp/data/nij16-333675,海僊画譜,芸術--絵画--日本画,Aboutルール除外: 芸術--絵画--日本画
https://jpsearch.go.jp/data/nij16-333686,海僊画譜,芸術--絵画--日本画,Aboutルール除外: 芸術--絵画--日本画
https://jpsearch.go.jp/data/nij16-333697,海僊画譜,芸術--絵画--日本画,Aboutルール除外: 芸術--絵画--日本画
https://jpsearch.go.jp/data/nij16-333733,公長畫譜,芸術--絵画--日本画,Aboutルール除外: 芸術--絵画--日本画
https://jpsearch.go.jp/data/nij16-333755,人物畫譜,芸術--絵画--日本画,Aboutルール除外: 芸術--絵画--日本画
https://jpsearch.go.jp/data/nij16-333766,楠亭畫譜,芸術--絵画--日本画,Aboutルール除外: 芸術--絵画--日本画
https://jpsearch.go.jp/data/nij16-333777,九峰堂畫譜,芸術--絵画--日本画,Aboutルール除外: 芸術--絵画--日本画
https://jpsearch.go.jp/data/nij16-333799,倭人物畫譜,芸術--絵画--日本画,Aboutルール除外: 芸術--絵画--日本画
https://jpsearch.go.jp/data/nij16-333802,倭人物畫譜,芸術--絵画--日本画,Aboutルール除外: 芸術--絵画--日本画
https://jpsearch.go.jp/data/nij16-3338098,台密血脉譜,天台,Aboutルール除外: 天台
https://jpsearch.go.jp/data/nij16-333813,素絢山水畫譜,芸術--絵画--日本画,Aboutルール除外: 芸術--絵画--日本画
https://jpsearch.go.jp/data/nij16-333824,宋紫石畫譜,芸術--絵画--日本画,Aboutルール除外: 芸術--絵画--日本画
https://jpsearch.go.jp/data/nij16-333846,東溪畫譜,芸術--絵画--日本画,Aboutルール除外: 芸術--絵画--日本画
https://jpsearch.go.jp/data/nij16-333857,東溪畫譜,芸術--絵画--日本画,Aboutルール除外: 芸術--絵画--日本画
https://jpsearch.go.jp/data/nij16-3338781,大明譜,記録,Aboutルール除外: 記録
https://jpsearch.go.jp/data/nij16-333948,九老画譜,芸術--絵画--日本画,Aboutルール除外: 芸術--絵画--日本画
https://jpsearch.go.jp/data/nij16-333959,九老画譜,芸術--絵画--日本画,Aboutルール除外: 芸術--絵画--日本画
https://jpsearch.go.jp/data/nij16-333971,文晁画譜,芸術--絵画--日本画,Aboutルール除外: 芸術--絵画--日本画
https://jpsearch.go.jp/data/nij16-333993,名山圖譜,芸術--絵画--日本画,Aboutルール除外: 芸術--絵画--日本画
https://jpsearch.go.jp/data/nij16-334054,竹堂画譜,芸術--絵画--日本画,Aboutルール除外: 芸術--絵画--日本画
https://jpsearch.go.jp/data/nij16-334065,竹堂画譜,芸術--絵画--日本画,Aboutルール除外: 芸術--絵画--日本画
https://jpsearch.go.jp/data/nij16-334087,福善斎畫譜,芸術--絵画--日本画,Aboutルール除外: 芸術--絵画--日本画
https://jpsearch.go.jp/data/nij16-334123,玄對畫譜,芸術--絵画--日本画,Aboutルール除外: 芸術--絵画--日本画
https://jpsearch.go.jp/data/nij16-334167,胸中山／鵬斎先生畫譜,芸術--絵画--日本画,Aboutルール除外: 芸術--絵画--日本画
https://jpsearch.go.jp/data/nij16-334178,伊孚九／池大雅／山水画譜,芸術--絵画--日本画,Aboutルール除外: 芸術--絵画--日本画
https://jpsearch.go.jp/data/nij16-334189,伊孚九／池大雅／山水画譜,芸術--絵画--日本画,Aboutルール除外: 芸術--絵画--日本画
https://jpsearch.go.jp/data/nij16-334203,閑林畫譜,芸術--絵画--日本画,Aboutルール除外: 芸術--絵画--日本画
https://jpsearch.go.jp/data/nij16-334214,寒葉斎画譜,芸術--絵画--日本画,Aboutルール除外: 芸術--絵画--日本画
https://jpsearch.go.jp/data/nij16-334236,李用雲竹譜,芸術--絵画--日本画,Aboutルール除外: 芸術--絵画--日本画
https://jpsearch.go.jp/data/nij16-334247,李用雲竹譜,芸術--絵画--日本画,Aboutルール除外: 芸術--絵画--日本画
https://jpsearch.go.jp/data/nij16-334270,蘭竹譜,芸術--絵画--日本画,Aboutルール除外: 芸術--絵画--日本画
https://jpsearch.go.jp/data/nij16-334292,雪下園畫梅譜,芸術--絵画--日本画,Aboutルール除外: 芸術--絵画--日本画
https://jpsearch.go.jp/data/nij16-3342947,蛇蝘譜,動物,Aboutルール除外: 動物
https://jpsearch.go.jp/data/nij16-334305,大倉画四画譜,芸術--絵画--日本画,Aboutルール除外: 芸術--絵画--日本画
https://jpsearch.go.jp/data/nij16-334316,人物画譜,芸術--絵画--日本画,Aboutルール除外: 芸術--絵画--日本画
https://jpsearch.go.jp/data/nij16-334338,邊氏画譜,芸術--絵画--日本画,Aboutルール除外: 芸術--絵画--日本画
https://jpsearch.go.jp/data/nij16-3343473,高岳家譜,系譜,Aboutルール除外: 系譜
https://jpsearch.go.jp/data/nij16-334349,大雅堂追薦書画輯録幷年譜印譜,芸術--絵画--日本画,Aboutルール除外: 芸術--絵画--日本画
https://jpsearch.go.jp/data/nij16-334350,大雅堂畫譜,芸術--絵画--日本画,Aboutルール除外: 芸術--絵画--日本画
https://jpsearch.go.jp/data/nij16-3343644,高岡町奉行所御代々年譜,法制,Aboutルール除外: 法制
https://jpsearch.go.jp/data/nij16-334372,欽慕畫譜,芸術--絵画--日本画,Aboutルール除外: 芸術--絵画--日本画
https://jpsearch.go.jp/data/nij16-3344476,高木家譜,系譜,Aboutルール除外: 系譜
https://jpsearch.go.jp/data/nij16-3344487,高木家譜,系譜,Aboutルール除外: 系譜
https://jpsearch.go.jp/data/nij16-334474,狂斎画譜／初篇,芸術--絵画--日本画,Aboutルール除外: 芸術--絵画--日本画
https://jpsearch.go.jp/data/nij16-334496,花鳥山水／北樹画譜,芸術--絵画--日本画,Aboutルール除外: 芸術--絵画--日本画
https://jpsearch.go.jp/data/nij16-334509,冠北明子畫品,芸術--絵画--日本画,Aboutルール除外: 芸術--絵画--日本画
https://jpsearch.go.jp/data/nij16-3345219,高倉家譜断絶庶流譜,系譜,Aboutルール除外: 系譜
https://jpsearch.go.jp/data/nij16-334576,魚貝譜,芸術--絵画--日本画,Aboutルール除外: 芸術--絵画--日本画
https://jpsearch.go.jp/data/nij16-3346461,鷹十巻譜,放鷹,Aboutルール除外: 放鷹
https://jpsearch.go.jp/data/nij16-334678,水石画譜,芸術--絵画--日本画,Aboutルール除外: 芸術--絵画--日本画
https://jpsearch.go.jp/data/nij16-334689,水石画譜,芸術--絵画--日本画,Aboutルール除外: 芸術--絵画--日本画
https://jpsearch.go.jp/data/nij16-334690,水石画譜／２編,芸術--絵画--日本画,Aboutルール除外: 芸術--絵画--日本画
https://jpsearch.go.jp/data/nij16-334714,廓中艶譜,芸術--絵画--日本画,Aboutルール除外: 芸術--絵画--日本画
https://jpsearch.go.jp/data/nij16-334725,葵氏艶譜,芸術--絵画--日本画,Aboutルール除外: 芸術--絵画--日本画
https://jpsearch.go.jp/data/nij16-334736,鳥羽絵筆拍子,芸術--絵画--日本画,Aboutルール除外: 芸術--絵画--日本画
https://jpsearch.go.jp/data/nij16-334792,佩文斎書畫譜略,芸術--絵画--東洋画,Aboutルール除外: 芸術--絵画--東洋画
https://jpsearch.go.jp/data/nij16-3347920,高田家譜,系譜,Aboutルール除外: 系譜
https://jpsearch.go.jp/data/nij16-3348661,高千穂家譜,系譜,Aboutルール除外: 系譜
https://jpsearch.go.jp/data/nij16-3348809,鷹司家譜,系譜,Aboutルール除外: 系譜
https://jpsearch.go.jp/data/nij16-334883,八種画譜,芸術--絵画--東洋画,Aboutルール除外: 芸術--絵画--東洋画
https://jpsearch.go.jp/data/nij16-334918,林麓娯観,芸術--絵画--東洋画,Aboutルール除外: 芸術--絵画--東洋画
https://jpsearch.go.jp/data/nij16-334941,畫譜,芸術--絵画--東洋画,Aboutルール除外: 芸術--絵画--東洋画
https://jpsearch.go.jp/data/nij16-3350014,高辻家譜,系譜,Aboutルール除外: 系譜
https://jpsearch.go.jp/data/nij16-3350296,高天神小笠原家譜,系譜,Aboutルール除外: 系譜
https://jpsearch.go.jp/data/nij16-3350569,高遠藩内藤家／世臣略譜,系譜,Aboutルール除外: 系譜
https://jpsearch.go.jp/data/nij16-335057,雲峰畫譜,芸術--絵画,Aboutルール除外: 芸術--絵画
https://jpsearch.go.jp/data/nij16-335126,皴石法,芸術--絵画,Aboutルール除外: 芸術--絵画
https://jpsearch.go.jp/data/nij16-3351288,高野家譜,系譜,Aboutルール除外: 系譜
https://jpsearch.go.jp/data/nij16-3351299,高野家譜／第二巻,系譜,Aboutルール除外: 系譜
https://jpsearch.go.jp/data/nij16-3351493,高野家略譜,系譜,Aboutルール除外: 系譜
https://jpsearch.go.jp/data/nij16-3351835,鷹羽譜,放鷹,Aboutルール除外: 放鷹
https://jpsearch.go.jp/data/nij16-3353171,鷹譜,放鷹,Aboutルール除外: 放鷹
https://jpsearch.go.jp/data/nij16-3353433,多賀法譜之書,放鷹,Aboutルール除外: 放鷹
https://jpsearch.go.jp/data/nij16-3353557,高松家譜,系譜,Aboutルール除外: 系譜
https://jpsearch.go.jp/data/nij16-3353579,高松系譜家伝,系譜,Aboutルール除外: 系譜
https://jpsearch.go.jp/data/nij16-3354618,多賀谷譜,系譜,Aboutルール除外: 系譜
https://jpsearch.go.jp/data/nij16-335535,名家押譜,芸術--書道,Aboutルール除外: 芸術--書道
https://jpsearch.go.jp/data/nij16-3355359,多紀家譜,系譜,Aboutルール除外: 系譜
https://jpsearch.go.jp/data/nij16-3355508,多紀家家譜,系譜,Aboutルール除外: 系譜
https://jpsearch.go.jp/data/nij16-3356396,多紀元堅印譜,印章,Aboutルール除外: 印章
https://jpsearch.go.jp/data/nij16-3356896,滝脇家譜,系譜,Aboutルール除外: 系譜
https://jpsearch.go.jp/data/nij16-335728,米菴先生蔵筆譜,文房具,Aboutルール除外: 文房具
https://jpsearch.go.jp/data/nij16-335739,必端堂硯譜,文房具,Aboutルール除外: 文房具
https://jpsearch.go.jp/data/nij16-3357491,田口氏家譜,系譜,Aboutルール除外: 系譜
https://jpsearch.go.jp/data/nij16-335773,土井聱牙先生印譜,印譜,Aboutルール除外: 印譜
https://jpsearch.go.jp/data/nij16-335784,帰去来印譜,印譜,Aboutルール除外: 印譜
https://jpsearch.go.jp/data/nij16-335795,西游印譜,印譜,Aboutルール除外: 印譜
https://jpsearch.go.jp/data/nij16-335808,〔印譜・落欵集〕,印譜,Aboutルール除外: 印譜
https://jpsearch.go.jp/data/nij16-335875,本朝畫家系譜,印譜,Aboutルール除外: 印譜
https://jpsearch.go.jp/data/nij16-335886,狩氏畫印譜,印譜,Aboutルール除外: 印譜
https://jpsearch.go.jp/data/nij16-3358869,竹田家譜,系譜,Aboutルール除外: 系譜
https://jpsearch.go.jp/data/nij16-3358870,武田家譜,系譜,Aboutルール除外: 系譜
https://jpsearch.go.jp/data/nij16-335897,容斎印譜,印譜,Aboutルール除外: 印譜
https://jpsearch.go.jp/data/nij16-3359102,武田家年譜,家伝,Aboutルール除外: 家伝
https://jpsearch.go.jp/data/nij16-335911,長澤累世遺印譜,印譜,Aboutルール除外: 印譜
https://jpsearch.go.jp/data/nij16-335922,尾形流略印譜,印譜,Aboutルール除外: 印譜
https://jpsearch.go.jp/data/nij16-335933,貫名海屋印譜,印譜,Aboutルール除外: 印譜
https://jpsearch.go.jp/data/nij16-3359351,武田信玄年譜,伝記,Aboutルール除外: 伝記
https://jpsearch.go.jp/data/nij16-3359453,武田族譜,系譜,Aboutルール除外: 系譜
https://jpsearch.go.jp/data/nij16-335955,南涯印譜,印譜,Aboutルール除外: 印譜
https://jpsearch.go.jp/data/nij16-335966,住吉印譜,印譜,Aboutルール除外: 印譜
https://jpsearch.go.jp/data/nij16-335977,松華堂印譜,印譜,Aboutルール除外: 印譜
https://jpsearch.go.jp/data/nij16-335988,諸家印譜,印譜,Aboutルール除外: 印譜
https://jpsearch.go.jp/data/nij16-335999,竹涯印譜,印譜,Aboutルール除外: 印譜
https://jpsearch.go.jp/data/nij16-3360187,武市半平太系譜申立口上覚,系譜,Aboutルール除外: 系譜
https://jpsearch.go.jp/data/nij16-3360392,竹中家譜,系譜,Aboutルール除外: 系譜
https://jpsearch.go.jp/data/nij16-336049,玄々瓷印譜,印譜,Aboutルール除外: 印譜
https://jpsearch.go.jp/data/nij16-336050,椿山印譜,印譜,Aboutルール除外: 印譜
https://jpsearch.go.jp/data/nij16-3360530,竹内家譜,系譜,Aboutルール除外: 系譜
https://jpsearch.go.jp/data/nij16-336061,春琴印譜,印譜,Aboutルール除外: 印譜
https://jpsearch.go.jp/data/nij16-336072,崋山印譜,印譜,Aboutルール除外: 印譜
https://jpsearch.go.jp/data/nij16-336094,天瓢斎書画落款譜,印譜,Aboutルール除外: 印譜
https://jpsearch.go.jp/data/nij16-3361044,竹腰家譜,系譜,Aboutルール除外: 系譜
https://jpsearch.go.jp/data/nij16-3361077,竹腰系譜及先祖書,系譜,Aboutルール除外: 系譜
https://jpsearch.go.jp/data/nij16-3361328,建部家譜,系譜,Aboutルール除外: 系譜
https://jpsearch.go.jp/data/nij16-3361339,建部家譜,系譜,Aboutルール除外: 系譜
https://jpsearch.go.jp/data/nij16-3361453,建部略譜,系譜,Aboutルール除外: 系譜
https://jpsearch.go.jp/data/nij16-3361691,竹屋家譜,系譜,Aboutルール除外: 系譜
https://jpsearch.go.jp/data/nij16-336174,江都金工名譜,芸術--工芸,Aboutルール除外: 芸術--工芸
https://jpsearch.go.jp/data/nij16-336210,雪齋運金圖譜,芸術--工芸,Aboutルール除外: 芸術--工芸
https://jpsearch.go.jp/data/nij16-3362558,多識図譜,本草,Aboutルール除外: 本草
https://jpsearch.go.jp/data/nij16-3364178,手綱譜,馬術,Aboutルール除外: 馬術
https://jpsearch.go.jp/data/nij16-3365591,多多良氏譜,系譜,Aboutルール除外: 系譜
https://jpsearch.go.jp/data/nij16-3365751,立会養子婚姻役介人譜代妻子願留,記録,Aboutルール除外: 記録
https://jpsearch.go.jp/data/nij16-3366254,立花鑑連家譜,系譜,Aboutルール除外: 系譜
https://jpsearch.go.jp/data/nij16-3366287,立花家譜,系譜,Aboutルール除外: 系譜
https://jpsearch.go.jp/data/nij16-3366298,立花家譜,系譜,Aboutルール除外: 系譜
https://jpsearch.go.jp/data/nij16-3366301,立花家譜,系譜,Aboutルール除外: 系譜
https://jpsearch.go.jp/data/nij16-3366492,立花左近将監御尋之御答書,家伝,Aboutルール除外: 家伝
https://jpsearch.go.jp/data/nij16-3368567,伊達家譜,系譜,Aboutルール除外: 系譜
https://jpsearch.go.jp/data/nij16-3368578,伊達家譜,系譜,Aboutルール除外: 系譜
https://jpsearch.go.jp/data/nij16-3368589,伊達家譜,系譜,Aboutルール除外: 系譜
https://jpsearch.go.jp/data/nij16-3368830,伊達家／系譜家伝録,系譜,Aboutルール除外: 系譜
https://jpsearch.go.jp/data/nij16-3369059,伊達家略譜,系譜,Aboutルール除外: 系譜
https://jpsearch.go.jp/data/nij16-3369106,伊達御家譜略,系譜,Aboutルール除外: 系譜
https://jpsearch.go.jp/data/nij16-3369173,伊達氏家譜,系譜,Aboutルール除外: 系譜
https://jpsearch.go.jp/data/nij16-3369300,伊達氏歴代並公族略譜,系譜,Aboutルール除外: 系譜
https://jpsearch.go.jp/data/nij16-3369355,伊達世臣家譜続編,系譜,Aboutルール除外: 系譜
https://jpsearch.go.jp/data/nij16-3369377,伊達世臣田村家年譜,家伝,Aboutルール除外: 家伝
https://jpsearch.go.jp/data/nij16-3369399,伊達世譜,系譜,Aboutルール除外: 系譜
https://jpsearch.go.jp/data/nij16-3369684,伊達政宗譜,系譜,Aboutルール除外: 系譜
https://jpsearch.go.jp/data/nij16-3370012,立入家譜,系譜,Aboutルール除外: 系譜
https://jpsearch.go.jp/data/nij16-3370749,田中家譜略,系譜,Aboutルール除外: 系譜
https://jpsearch.go.jp/data/nij16-3370909,田中氏族譜并土記,系譜,Aboutルール除外: 系譜
https://jpsearch.go.jp/data/nij16-3371844,谷家譜,系譜,Aboutルール除外: 系譜
https://jpsearch.go.jp/data/nij16-3372392,田沼家譜,系譜,Aboutルール除外: 系譜
https://jpsearch.go.jp/data/nij16-337428,美人合,文学,Aboutルール除外: 文学
https://jpsearch.go.jp/data/nij16-3374605,玉造家譜,系譜,Aboutルール除外: 系譜
https://jpsearch.go.jp/data/nij16-3375120,玉松家譜,系譜,Aboutルール除外: 系譜
https://jpsearch.go.jp/data/nij16-3375551,田村家譜,系譜,Aboutルール除外: 系譜
https://jpsearch.go.jp/data/nij16-3375584,田村家御系譜書,系譜,Aboutルール除外: 系譜
https://jpsearch.go.jp/data/nij16-3375744,多米家譜,系譜,Aboutルール除外: 系譜
https://jpsearch.go.jp/data/nij16-3375982,多聞院並佐々木家譜抜抄,系譜,Aboutルール除外: 系譜
https://jpsearch.go.jp/data/nij16-3376225,田安家御譜,系譜,Aboutルール除外: 系譜
https://jpsearch.go.jp/data/nij16-3376327,田安一橋清水譜,系譜,Aboutルール除外: 系譜
https://jpsearch.go.jp/data/nij16-3376974,達磨大師付法相承師々血脈譜次第,天台,Aboutルール除外: 天台
https://jpsearch.go.jp/data/nij16-3377386,端隠福井先生印譜,印章,Aboutルール除外: 印章
https://jpsearch.go.jp/data/nij16-3377693,断家譜,系譜,Aboutルール除外: 系譜
https://jpsearch.go.jp/data/nij16-3377739,淡鹹魚譜,魚介,Aboutルール除外: 魚介
https://jpsearch.go.jp/data/nij16-3378492,耽古堂印譜,印章,Aboutルール除外: 印章
https://jpsearch.go.jp/data/nij16-3378890,探鑿古金銀譜,貨幣,Aboutルール除外: 貨幣
https://jpsearch.go.jp/data/nij16-3379473,丹洲魚譜,魚介,Aboutルール除外: 魚介
https://jpsearch.go.jp/data/nij16-3380265,檀森斎印譜,印章,Aboutルール除外: 印章
https://jpsearch.go.jp/data/nij16-3380276,檀森斎石譜,岩石,Aboutルール除外: 岩石
https://jpsearch.go.jp/data/nij16-3380641,断絶諸家略譜,系譜,Aboutルール除外: 系譜
https://jpsearch.go.jp/data/nij16-3380889,澹台印譜,印章,Aboutルール除外: 印章
https://jpsearch.go.jp/data/nij16-3381871,探幽印譜,印章,Aboutルール除外: 印章
https://jpsearch.go.jp/data/nij16-3384416,親氏公譜伝書抜,系譜,Aboutルール除外: 系譜
https://jpsearch.go.jp/data/nij16-3385157,知行家譜,家伝,Aboutルール除外: 家伝
https://jpsearch.go.jp/data/nij16-3385748,竹園家譜,系譜,Aboutルール除外: 系譜
https://jpsearch.go.jp/data/nij16-3385759,竹園御判譜,花押,Aboutルール除外: 花押
https://jpsearch.go.jp/data/nij16-3385806,竹園草木図譜,植物,Aboutルール除外: 植物
https://jpsearch.go.jp/data/nij16-3386387,千種家譜,系譜,Aboutルール除外: 系譜
https://jpsearch.go.jp/data/nij16-3386616,竹山印譜,印章,Aboutルール除外: 印章
https://jpsearch.go.jp/data/nij16-3387766,筑前国古処山円福寺普明院譜録,寺院,Aboutルール除外: 寺院
https://jpsearch.go.jp/data/nij16-3388214,竹田印譜,印章,Aboutルール除外: 印章
https://jpsearch.go.jp/data/nij16-3388236,竹洞印譜,印章,Aboutルール除外: 印章
https://jpsearch.go.jp/data/nij16-3388361,竹譜,植物,Aboutルール除外: 植物
https://jpsearch.go.jp/data/nij16-3388372,竹譜,植物,Aboutルール除外: 植物
https://jpsearch.go.jp/data/nij16-3388383,竹譜,植物,Aboutルール除外: 植物
https://jpsearch.go.jp/data/nij16-3388394,竹譜,植物,Aboutルール除外: 植物
https://jpsearch.go.jp/data/nij16-3388407,竹譜,植物,Aboutルール除外: 植物
https://jpsearch.go.jp/data/nij16-3388463,竹譜真写,植物,Aboutルール除外: 植物
https://jpsearch.go.jp/data/nij16-3388474,竹譜総論,植物,Aboutルール除外: 植物
https://jpsearch.go.jp/data/nij16-3388667,竹蘭譜,植物,Aboutルール除外: 植物
https://jpsearch.go.jp/data/nij16-3389626,治国譜,政治,Aboutルール除外: 政治
https://jpsearch.go.jp/data/nij16-3389637,治国譜考証,政治,Aboutルール除外: 政治
https://jpsearch.go.jp/data/nij16-3391273,地他日譜禄抜書,記録,Aboutルール除外: 記録
https://jpsearch.go.jp/data/nij16-339173,詩鈔印譜,漢詩,Aboutルール除外: 漢詩
https://jpsearch.go.jp/data/nij16-3391955,千年山,系譜,Aboutルール除外: 系譜
https://jpsearch.go.jp/data/nij16-3392298,千葉家家譜,系譜,Aboutルール除外: 系譜
https://jpsearch.go.jp/data/nij16-3393122,知名印譜,印章,Aboutルール除外: 印章
https://jpsearch.go.jp/data/nij16-3393655,茶花押譜,茶道,Aboutルール除外: 茶道
https://jpsearch.go.jp/data/nij16-3394727,茶家印譜,印章,Aboutルール除外: 印章
https://jpsearch.go.jp/data/nij16-3395399,茶室譜請書,茶道_建築,Aboutルール除外: 茶道_建築
https://jpsearch.go.jp/data/nij16-3395651,茶人伝授系譜,茶道,Aboutルール除外: 茶道
https://jpsearch.go.jp/data/nij16-3396018,嫡家相承脈譜,天台,Aboutルール除外: 天台
https://jpsearch.go.jp/data/nij16-3396030,嫡家本願寺系譜略記,真宗,Aboutルール除外: 真宗
https://jpsearch.go.jp/data/nij16-3396347,茶道家譜,茶道,Aboutルール除外: 茶道
https://jpsearch.go.jp/data/nij16-3396450,茶道具組合会釈器物名譜集,茶道,Aboutルール除外: 茶道
https://jpsearch.go.jp/data/nij16-339651,塡詞圖譜,文学--中国文学,Aboutルール除外: 文学--中国文学
https://jpsearch.go.jp/data/nij16-3396563,茶道系譜,茶道,Aboutルール除外: 茶道
https://jpsearch.go.jp/data/nij16-3396574,茶道系譜目録,茶道,Aboutルール除外: 茶道
https://jpsearch.go.jp/data/nij16-3398047,茶之湯釜図譜,金工_茶道,Aboutルール除外: 金工_茶道
https://jpsearch.go.jp/data/nij16-3399120,茶譜,本草,Aboutルール除外: 本草
https://jpsearch.go.jp/data/nij16-3399131,茶譜,茶道,Aboutルール除外: 茶道
https://jpsearch.go.jp/data/nij16-3399142,茶譜,茶道,Aboutルール除外: 茶道
https://jpsearch.go.jp/data/nij16-3399153,茶譜総目録,茶道,Aboutルール除外: 茶道
https://jpsearch.go.jp/data/nij16-3399164,茶譜茶話聞書空也堂来由,茶道,Aboutルール除外: 茶道
https://jpsearch.go.jp/data/nij16-3399379,茶屋家譜,系譜,Aboutルール除外: 系譜
https://jpsearch.go.jp/data/nij16-3399700,茶碗師譜,系譜,Aboutルール除外: 系譜
https://jpsearch.go.jp/data/nij16-3401829,中院流附法諸祖伝譜,真言,Aboutルール除外: 真言
https://jpsearch.go.jp/data/nij16-3402220,鋳家譜,金工,Aboutルール除外: 金工
https://jpsearch.go.jp/data/nij16-3403563,中国譜志,物産,Aboutルール除外: 物産
https://jpsearch.go.jp/data/nij16-34048,聖一国師年譜,伝記,Aboutルール除外: 伝記
https://jpsearch.go.jp/data/nij16-3405365,忠尋年譜,天台,Aboutルール除外: 天台
https://jpsearch.go.jp/data/nij16-3405489,中星譜,天文,Aboutルール除外: 天文
https://jpsearch.go.jp/data/nij16-3405514,中絶再興公家略譜,系譜,Aboutルール除外: 系譜
https://jpsearch.go.jp/data/nij16-3405923,虫豸図譜,動物,Aboutルール除外: 動物
https://jpsearch.go.jp/data/nij16-3405945,虫雕譜,印章,Aboutルール除外: 印章
https://jpsearch.go.jp/data/nij16-3405956,中朝歴代帝王譜,外国史,Aboutルール除外: 外国史
https://jpsearch.go.jp/data/nij16-3406788,虫譜,動物,Aboutルール除外: 動物
https://jpsearch.go.jp/data/nij16-3406799,虫譜,動物,Aboutルール除外: 動物
https://jpsearch.go.jp/data/nij16-3406802,虫譜,動物,Aboutルール除外: 動物
https://jpsearch.go.jp/data/nij16-3406813,虫譜,動物,Aboutルール除外: 動物
https://jpsearch.go.jp/data/nij16-3406824,虫譜,動物,Aboutルール除外: 動物
https://jpsearch.go.jp/data/nij16-3406835,虫譜／蜂之部,動物,Aboutルール除外: 動物
https://jpsearch.go.jp/data/nij16-3406891,虫譜図,動物,Aboutルール除外: 動物
https://jpsearch.go.jp/data/nij16-3406904,虫譜図説,動物,Aboutルール除外: 動物
https://jpsearch.go.jp/data/nij16-3406915,虫譜精図,動物,Aboutルール除外: 動物
https://jpsearch.go.jp/data/nij16-3407816,虫類図譜,動物,Aboutルール除外: 動物
https://jpsearch.go.jp/data/nij16-3408206,張庵印譜,印章,Aboutルール除外: 印章
https://jpsearch.go.jp/data/nij16-3408819,長家譜,系譜,Aboutルール除外: 系譜
https://jpsearch.go.jp/data/nij16-3408820,長家譜,系譜,Aboutルール除外: 系譜
https://jpsearch.go.jp/data/nij16-3409812,彫金後藤譜,系譜,Aboutルール除外: 系譜
https://jpsearch.go.jp/data/nij16-3410002,長家家譜,系譜,Aboutルール除外: 系譜
https://jpsearch.go.jp/data/nij16-3410035,長家系譜・写本覚書,系譜,Aboutルール除外: 系譜
https://jpsearch.go.jp/data/nij16-3410444,町見術図譜,測量,Aboutルール除外: 測量
https://jpsearch.go.jp/data/nij16-3411118,彫工名譜,金工,Aboutルール除外: 金工
https://jpsearch.go.jp/data/nij16-3413067,鳥獣図譜,本草,Aboutルール除外: 本草
https://jpsearch.go.jp/data/nij16-3413261,重修銭譜,貨幣,Aboutルール除外: 貨幣
https://jpsearch.go.jp/data/nij16-3413329,長洲鳥譜,動物,Aboutルール除外: 動物
https://jpsearch.go.jp/data/nij16-3414628,蝶蜻譜,動物,Aboutルール除外: 動物
https://jpsearch.go.jp/data/nij16-3419032,長曾我部譜,系譜,Aboutルール除外: 系譜
https://jpsearch.go.jp/data/nij16-3420448,千家歴代家譜,茶道,Aboutルール除外: 茶道
https://jpsearch.go.jp/data/nij16-3421612,家譜集,系譜,Aboutルール除外: 系譜
https://jpsearch.go.jp/data/nij16-34220,松花堂印譜,印章,Aboutルール除外: 印章
https://jpsearch.go.jp/data/nij16-3422228,五逸画譜,絵画,Aboutルール除外: 絵画
https://jpsearch.go.jp/data/nij16-3424495,宗匠系譜／古人現在,俳諧,Aboutルール除外: 俳諧
https://jpsearch.go.jp/data/nij16-3424519,飛鳥園正統系譜,俳諧,Aboutルール除外: 俳諧
https://jpsearch.go.jp/data/nij16-3425192,趙陶斎印譜,印章,Aboutルール除外: 印章
https://jpsearch.go.jp/data/nij16-342530,西洋銭譜,貨幣,Aboutルール除外: 貨幣
https://jpsearch.go.jp/data/nij16-342541,西洋銭譜,貨幣,Aboutルール除外: 貨幣
https://jpsearch.go.jp/data/nij16-342552,西洋銭譜,貨幣,Aboutルール除外: 貨幣
https://jpsearch.go.jp/data/nij16-3426037,鵰尾図譜,弓術,Aboutルール除外: 弓術
https://jpsearch.go.jp/data/nij16-3426151,鳥譜,動物,Aboutルール除外: 動物
https://jpsearch.go.jp/data/nij16-3426162,鳥譜,動物,Aboutルール除外: 動物
https://jpsearch.go.jp/data/nij16-3426537,鳥譜写生図巻,動物,Aboutルール除外: 動物
https://jpsearch.go.jp/data/nij16-3427789,長楽花譜,本草,Aboutルール除外: 本草
https://jpsearch.go.jp/data/nij16-3428271,鳥類画譜,動物,Aboutルール除外: 動物
https://jpsearch.go.jp/data/nij16-3429354,勅諡国英法鑑禅師年譜,伝記,Aboutルール除外: 伝記
https://jpsearch.go.jp/data/nij16-342972,石燕画譜,絵画,Aboutルール除外: 絵画
https://jpsearch.go.jp/data/nij16-3431718,陳外郎家譜,系譜,Aboutルール除外: 系譜
https://jpsearch.go.jp/data/nij16-3431887,椿花図譜,植物,Aboutルール除外: 植物
https://jpsearch.go.jp/data/nij16-343191,石斎集古印譜,印章,Aboutルール除外: 印章
https://jpsearch.go.jp/data/nij16-3431934,珍画譜,絵画,Aboutルール除外: 絵画
https://jpsearch.go.jp/data/nij16-3432266,珍魚譜,魚介,Aboutルール除外: 魚介
https://jpsearch.go.jp/data/nij16-3432346,枕月集,天台,Aboutルール除外: 天台
https://jpsearch.go.jp/data/nij16-3432788,椿山遺印譜,印章,Aboutルール除外: 印章
https://jpsearch.go.jp/data/nij16-3433714,鎮西聖光上人香月系譜,浄土,Aboutルール除外: 浄土
https://jpsearch.go.jp/data/nij16-3434024,珍銭譜,貨幣,Aboutルール除外: 貨幣
https://jpsearch.go.jp/data/nij16-3435732,通幻大和尚喪記／附略年譜,曹洞,Aboutルール除外: 曹洞
https://jpsearch.go.jp/data/nij16-3436122,通霄公御譜引証本,系譜,Aboutルール除外: 系譜
https://jpsearch.go.jp/data/nij16-3437078,通用銭譜,貨幣,Aboutルール除外: 貨幣
https://jpsearch.go.jp/data/nij16-3437692,津軽家譜,系譜,Aboutルール除外: 系譜
https://jpsearch.go.jp/data/nij16-3437705,津軽家譜,系譜,Aboutルール除外: 系譜
https://jpsearch.go.jp/data/nij16-3437807,津軽家前譜,系譜,Aboutルール除外: 系譜
https://jpsearch.go.jp/data/nij16-3437885,津軽古系譜考,系譜,Aboutルール除外: 系譜
https://jpsearch.go.jp/data/nij16-3438026,津軽信英家譜,系譜,Aboutルール除外: 系譜
https://jpsearch.go.jp/data/nij16-3438139,津軽秘譜,藩史,Aboutルール除外: 藩史
https://jpsearch.go.jp/data/nij16-3441438,津田織田由緒の辨津田譜愚考,家伝,Aboutルール除外: 家伝
https://jpsearch.go.jp/data/nij16-3443832,綱利公家譜伝録,家伝,Aboutルール除外: 家伝
https://jpsearch.go.jp/data/nij16-3444926,津野家譜,系譜,Aboutルール除外: 系譜
https://jpsearch.go.jp/data/nij16-3444959,津野系譜考証,系譜,Aboutルール除外: 系譜
https://jpsearch.go.jp/data/nij16-3445010,津野氏家譜,系譜,Aboutルール除外: 系譜
https://jpsearch.go.jp/data/nij16-3445361,山茶譜,植物,Aboutルール除外: 植物
https://jpsearch.go.jp/data/nij16-3446331,詰衆譜代衆打上ケ乗物次第書,法制,Aboutルール除外: 法制
https://jpsearch.go.jp/data/nij16-3446502,津守家譜,系譜,Aboutルール除外: 系譜
https://jpsearch.go.jp/data/nij16-3446604,津山系図并世譜,系譜,Aboutルール除外: 系譜
https://jpsearch.go.jp/data/nij16-3446762,津山藩松平家系譜草稿,系譜,Aboutルール除外: 系譜
https://jpsearch.go.jp/data/nij16-34468,将軍家譜,系譜,Aboutルール除外: 系譜
https://jpsearch.go.jp/data/nij16-34479,将軍家譜,雑史,Aboutルール除外: 雑史
https://jpsearch.go.jp/data/nij16-3454339,手塚家譜,系譜,Aboutルール除外: 系譜
https://jpsearch.go.jp/data/nij16-346009,千家系譜抜書,茶道,Aboutルール除外: 茶道
https://jpsearch.go.jp/data/nij16-35187,浄土伝燈総系譜,浄土,Aboutルール除外: 浄土
https://jpsearch.go.jp/data/nij16-354723,中山世譜,歴史--日本史,Aboutルール除外: 歴史--日本史
https://jpsearch.go.jp/data/nij16-354767,東照宮御年譜,歴史--日本史,Aboutルール除外: 歴史--日本史
https://jpsearch.go.jp/data/nij16-354994,倭朝姓氏譜,歴史--日本史,Aboutルール除外: 歴史--日本史
https://jpsearch.go.jp/data/nij16-360509,飲中八僊歌印譜,芸術--書画,Aboutルール除外: 芸術--書画
https://jpsearch.go.jp/data/nij16-360565,棋譜／玄覽,囲碁,Aboutルール除外: 囲碁
https://jpsearch.go.jp/data/nij16-361320,東福開山聖一國師年譜,仏教--宗派--禅宗--語録,Aboutルール除外: 仏教--宗派--禅宗--語録
https://jpsearch.go.jp/data/nij16-36135,諸家知譜拙記,系譜,Aboutルール除外: 系譜
https://jpsearch.go.jp/data/nij16-365844,田安譜,系譜,Aboutルール除外: 系譜
https://jpsearch.go.jp/data/nij16-368821,茶家系譜,茶道,Aboutルール除外: 茶道
https://jpsearch.go.jp/data/nij16-368887,茶人大系譜,茶道,Aboutルール除外: 茶道
https://jpsearch.go.jp/data/nij16-369459,中巌月和尚自歴譜,臨済,Aboutルール除外: 臨済
https://jpsearch.go.jp/data/nij16-37081,神君御年譜,伝記,Aboutルール除外: 伝記
https://jpsearch.go.jp/data/nij16-371426,江都／金工名譜,名鑑,Aboutルール除外: 名鑑
https://jpsearch.go.jp/data/nij16-373659,対泉譜,貨幣,Aboutルール除外: 貨幣
https://jpsearch.go.jp/data/nij16-380223,天台法華宗相承血脈譜,天台,Aboutルール除外: 天台
https://jpsearch.go.jp/data/nij16-381715,東音譜,語学,Aboutルール除外: 語学
https://jpsearch.go.jp/data/nij16-38175,人物画譜,絵画,Aboutルール除外: 絵画
https://jpsearch.go.jp/data/nij16-38186,人物画譜,絵画,Aboutルール除外: 絵画
https://jpsearch.go.jp/data/nij16-383744,唐山象棋譜,将棋,Aboutルール除外: 将棋
https://jpsearch.go.jp/data/nij16-38528,水石画譜,絵画,Aboutルール除外: 絵画
https://jpsearch.go.jp/data/nij16-38653,鈴屋翁略年譜,伝記,Aboutルール除外: 伝記
https://jpsearch.go.jp/data/nij16-387382,土岐家譜,系譜,Aboutルール除外: 系譜
https://jpsearch.go.jp/data/nij16-387393,土岐家譜,系譜,Aboutルール除外: 系譜
https://jpsearch.go.jp/data/nij16-388965,戸田一西譜,系譜,Aboutルール除外: 系譜
https://jpsearch.go.jp/data/nij16-39076,井家新譜,系譜,Aboutルール除外: 系譜
https://jpsearch.go.jp/data/nij16-39087,井家新譜,系譜,Aboutルール除外: 系譜
https://jpsearch.go.jp/data/nij16-39098,井家新譜,系譜,Aboutルール除外: 系譜
https://jpsearch.go.jp/data/nij16-396327,南山小譜,系譜,Aboutルール除外: 系譜
https://jpsearch.go.jp/data/nij16-396338,南山小譜,系譜,Aboutルール除外: 系譜
https://jpsearch.go.jp/data/nij16-396601,南朝皇胤紹運録,系譜,Aboutルール除外: 系譜
https://jpsearch.go.jp/data/nij16-396612,南朝皇胤譜,系譜,Aboutルール除外: 系譜
https://jpsearch.go.jp/data/nij16-396689,楠亭画譜／後篇,絵画,Aboutルール除外: 絵画
https://jpsearch.go.jp/data/nij16-39689,清和源氏新田松平家年譜,系譜,Aboutルール除外: 系譜
https://jpsearch.go.jp/data/nij16-39985,世説新語補系譜,漢学,Aboutルール除外: 漢学
https://jpsearch.go.jp/data/nij16-402266,仁和寺諸師年譜,伝記,Aboutルール除外: 伝記
https://jpsearch.go.jp/data/nij16-404886,後藤垣内年譜稿,伝記,Aboutルール除外: 伝記
https://jpsearch.go.jp/data/nij16-40506,高真公大坂御陳御年譜ノ和解,総記,Aboutルール除外: 総記
https://jpsearch.go.jp/data/nij16-406199,誹諧家譜,俳諧_系譜,Aboutルール除外: 俳諧_系譜
https://jpsearch.go.jp/data/nij16-406202,誹諧家譜拾遺集,俳諧_系譜,Aboutルール除外: 俳諧_系譜
https://jpsearch.go.jp/data/nij16-409905,梅山種茶譜略,茶道_黄檗,Aboutルール除外: 茶道_黄檗
https://jpsearch.go.jp/data/nij16-410037,貝石画譜,魚介,Aboutルール除外: 魚介
https://jpsearch.go.jp/data/nij16-410151,俳道系譜,俳諧,Aboutルール除外: 俳諧
https://jpsearch.go.jp/data/nij16-410231,梅峰禅師塔銘年譜,伝記,Aboutルール除外: 伝記
https://jpsearch.go.jp/data/nij16-410844,博愛堂集古印譜,印章,Aboutルール除外: 印章
https://jpsearch.go.jp/data/nij16-410946,博古斎印譜,印章,Aboutルール除外: 印章
https://jpsearch.go.jp/data/nij16-413172,蜂須賀家譜,系譜,Aboutルール除外: 系譜
https://jpsearch.go.jp/data/nij16-413183,蜂須賀家譜,系譜,Aboutルール除外: 系譜
https://jpsearch.go.jp/data/nij16-413194,蜂須賀家譜,系譜,Aboutルール除外: 系譜
https://jpsearch.go.jp/data/nij16-41623,藩翰譜,歴史,Aboutルール除外: 歴史
https://jpsearch.go.jp/data/nij16-418735,播磨国竜野城主歴代譜,系譜,Aboutルール除外: 系譜
https://jpsearch.go.jp/data/nij16-41883,南朝皇胤譜,歴史,Aboutルール除外: 歴史
https://jpsearch.go.jp/data/nij16-41894,藤樹先生年譜,歴史,Aboutルール除外: 歴史
https://jpsearch.go.jp/data/nij16-419829,万国旗章図譜,紋章,Aboutルール除外: 紋章
https://jpsearch.go.jp/data/nij16-41996,御當家御系譜,歴史,Aboutルール除外: 歴史
https://jpsearch.go.jp/data/nij16-42002,諸家知譜拙記／改正増補,歴史,Aboutルール除外: 歴史
https://jpsearch.go.jp/data/nij16-42024,伊勢家系譜,歴史,Aboutルール除外: 歴史
https://jpsearch.go.jp/data/nij16-420279,万象写真図譜,絵画,Aboutルール除外: 絵画
https://jpsearch.go.jp/data/nij16-424066,一節切,楽譜,Aboutルール除外: 楽譜
https://jpsearch.go.jp/data/nij16-425785,百人一詩画譜,漢詩_絵画,Aboutルール除外: 漢詩_絵画
https://jpsearch.go.jp/data/nij16-427112,日向国譜,地誌,Aboutルール除外: 地誌
https://jpsearch.go.jp/data/nij16-427429,尾陽大譜,伝記,Aboutルール除外: 伝記
https://jpsearch.go.jp/data/nij16-428126,平井家譜考拠,系譜,Aboutルール除外: 系譜
https://jpsearch.go.jp/data/nij16-429618,石譜,岩石,Aboutルール除外: 岩石
https://jpsearch.go.jp/data/nij16-430466,帝王譜略国朝紀,総記,Aboutルール除外: 総記
https://jpsearch.go.jp/data/nij16-432337,東福開山聖一国師年譜,総記,Aboutルール除外: 総記
https://jpsearch.go.jp/data/nij16-434968,龍華年譜,仏教,Aboutルール除外: 仏教
https://jpsearch.go.jp/data/nij16-443050,撫箏雅譜大成抄,演劇,Aboutルール除外: 演劇
https://jpsearch.go.jp/data/nij16-443061,八雲琴譜,演劇,Aboutルール除外: 演劇
https://jpsearch.go.jp/data/nij16-443107,〔謡本〕,演劇,Aboutルール除外: 演劇
https://jpsearch.go.jp/data/nij16-443152,〔謡本〕,演劇,Aboutルール除外: 演劇
https://jpsearch.go.jp/data/nij16-443221,〔謡本〕,演劇,Aboutルール除外: 演劇
https://jpsearch.go.jp/data/nij16-443287,〔謡本〕,演劇,Aboutルール除外: 演劇
https://jpsearch.go.jp/data/nij16-443323,〔謡本〕,演劇,Aboutルール除外: 演劇
https://jpsearch.go.jp/data/nij16-443334,〔謡本〕,演劇,Aboutルール除外: 演劇
https://jpsearch.go.jp/data/nij16-443345,〔謡本〕,演劇,Aboutルール除外: 演劇
https://jpsearch.go.jp/data/nij16-443356,〔謡本〕,演劇,Aboutルール除外: 演劇
https://jpsearch.go.jp/data/nij16-443367,〔謡本〕,演劇,Aboutルール除外: 演劇
https://jpsearch.go.jp/data/nij16-443378,〔謡本〕,演劇,Aboutルール除外: 演劇
https://jpsearch.go.jp/data/nij16-443389,〔謡本〕,演劇,Aboutルール除外: 演劇
https://jpsearch.go.jp/data/nij16-443390,〔謡本〕,演劇,Aboutルール除外: 演劇
https://jpsearch.go.jp/data/nij16-443403,〔謡本〕,演劇,Aboutルール除外: 演劇
https://jpsearch.go.jp/data/nij16-445090,橋舘御年譜,歴史--日本史,Aboutルール除外: 歴史--日本史
https://jpsearch.go.jp/data/nij16-445103,岡田家系譜,歴史--日本史,Aboutルール除外: 歴史--日本史
https://jpsearch.go.jp/data/nij16-449843,世説新語補系譜,漢籍,Aboutルール除外: 漢籍
https://jpsearch.go.jp/data/nij16-450442,生田流箏曲伝授系譜,系譜,Aboutルール除外: 系譜
https://jpsearch.go.jp/data/nij16-451263,直茂公御年譜,伝記,Aboutルール除外: 伝記
https://jpsearch.go.jp/data/nij16-451274,勝茂公御年譜,伝記,Aboutルール除外: 伝記
https://jpsearch.go.jp/data/nij16-451285,元茂公御年譜,伝記,Aboutルール除外: 伝記
https://jpsearch.go.jp/data/nij16-451296,直能公御年譜,伝記,Aboutルール除外: 伝記
https://jpsearch.go.jp/data/nij16-451309,元茂公直能公御年譜,伝記,Aboutルール除外: 伝記
https://jpsearch.go.jp/data/nij16-451310,元武公御年譜,伝記,Aboutルール除外: 伝記
https://jpsearch.go.jp/data/nij16-451321,金粟様御年譜,伝記,Aboutルール除外: 伝記
https://jpsearch.go.jp/data/nij16-451332,元延公御年譜,伝記,Aboutルール除外: 伝記
https://jpsearch.go.jp/data/nij16-454342,茶器図譜,茶道,Aboutルール除外: 茶道
https://jpsearch.go.jp/data/nij16-456371,茶人家譜集記,茶道_系譜,Aboutルール除外: 茶道_系譜
https://jpsearch.go.jp/data/nij16-460026,松平家譜早鑑,系譜,Aboutルール除外: 系譜
https://jpsearch.go.jp/data/nij16-460037,南郭御系譜,系譜,Aboutルール除外: 系譜
https://jpsearch.go.jp/data/nij16-466035,奥津川通定式川除御譜請出来形帳,治水,Aboutルール除外: 治水
https://jpsearch.go.jp/data/nij16-466057,奥津川通当子春内郷御定式川除御譜請出来形帳,治水,Aboutルール除外: 治水
https://jpsearch.go.jp/data/nij16-467050,上竹譜書,絵画,Aboutルール除外: 絵画
https://jpsearch.go.jp/data/nij16-467516,既酔堂印譜,印章,Aboutルール除外: 印章
https://jpsearch.go.jp/data/nij16-467527,活板大字譜,辞書,Aboutルール除外: 辞書
https://jpsearch.go.jp/data/nij16-467721,横笛楽譜,楽譜,Aboutルール除外: 楽譜
https://jpsearch.go.jp/data/nij16-467743,洞簫表曲譜,楽譜,Aboutルール除外: 楽譜
https://jpsearch.go.jp/data/nij16-473201,年譜,伝記,Aboutルール除外: 伝記
https://jpsearch.go.jp/data/nij16-474088,伊勢国司系譜,系譜,Aboutルール除外: 系譜
https://jpsearch.go.jp/data/nij16-474884,魯堂印譜,印章,Aboutルール除外: 印章
https://jpsearch.go.jp/data/nij16-476437,竹斎印譜,印章,Aboutルール除外: 印章
https://jpsearch.go.jp/data/nij16-476482,筆法点画譜,書道,Aboutルール除外: 書道
https://jpsearch.go.jp/data/nij16-476824,楽焼家田中氏系譜脇竈名前,陶磁_系譜,Aboutルール除外: 陶磁_系譜
https://jpsearch.go.jp/data/nij16-477338,射和文庫印譜,印章,Aboutルール除外: 印章
https://jpsearch.go.jp/data/nij16-481005,武家譜略,系譜,Aboutルール除外: 系譜
https://jpsearch.go.jp/data/nij16-481630,藤孝公年譜,伝記,Aboutルール除外: 伝記
https://jpsearch.go.jp/data/nij16-481801,藤垣内翁略年譜,伝記,Aboutルール除外: 伝記
https://jpsearch.go.jp/data/nij16-482655,扶桑画人伝,絵画_伝記,Aboutルール除外: 絵画_伝記
https://jpsearch.go.jp/data/nij16-482666,扶桑画譜,絵画,Aboutルール除外: 絵画
https://jpsearch.go.jp/data/nij16-482677,扶桑画譜,和歌,Aboutルール除外: 和歌
https://jpsearch.go.jp/data/nij16-48282,鳥羽絵筆拍子,絵画,Aboutルール除外: 絵画
https://jpsearch.go.jp/data/nij16-48293,鳥羽絵筆拍子,絵本,Aboutルール除外: 絵本
https://jpsearch.go.jp/data/nij16-483512,仏器図譜,仏教,Aboutルール除外: 仏教
https://jpsearch.go.jp/data/nij16-48362,豊臣秀吉譜,伝記,Aboutルール除外: 伝記
https://jpsearch.go.jp/data/nij16-483841,仏智広照浄印翊聖国師年譜,伝記,Aboutルール除外: 伝記
https://jpsearch.go.jp/data/nij16-484957,譜法,伝記,Aboutルール除外: 伝記
https://jpsearch.go.jp/data/nij16-48500,頓智早席画譜,絵画,Aboutルール除外: 絵画
https://jpsearch.go.jp/data/nij16-487343,文晁山水画譜,絵画,Aboutルール除外: 絵画
https://jpsearch.go.jp/data/nij16-48828,浪華擷芳譜,伝記,Aboutルール除外: 伝記
https://jpsearch.go.jp/data/nij16-48986,鍋島直茂公譜,伝記,Aboutルール除外: 伝記
https://jpsearch.go.jp/data/nij16-49150,楠亭画譜,絵画,Aboutルール除外: 絵画
https://jpsearch.go.jp/data/nij16-492477,北越雪譜,地誌,Aboutルール除外: 地誌
https://jpsearch.go.jp/data/nij16-493389,細川家伝,系譜,Aboutルール除外: 系譜
https://jpsearch.go.jp/data/nij16-494600,法燈国師行実年譜,伝記,Aboutルール除外: 伝記
https://jpsearch.go.jp/data/nij16-495658,本草図譜,本草,Aboutルール除外: 本草
https://jpsearch.go.jp/data/nij16-495669,本草図譜,本草,Aboutルール除外: 本草
https://jpsearch.go.jp/data/nij16-503208,帝王譜略国朝紀,総記,Aboutルール除外: 総記
https://jpsearch.go.jp/data/nij16-509626,夢窓国師年譜,伝記,Aboutルール除外: 伝記
https://jpsearch.go.jp/data/nij16-51194,藩翰譜,歴史--日本史,Aboutルール除外: 歴史--日本史
https://jpsearch.go.jp/data/nij16-51207,藩翰譜／続編,歴史--日本史,Aboutルール除外: 歴史--日本史
https://jpsearch.go.jp/data/nij16-513202,塡詞図譜,文学--漢文--詩文評・作詩作文,Aboutルール除外: 文学--漢文--詩文評・作詩作文
https://jpsearch.go.jp/data/nij16-51321,藤樹先生年譜,歴史--日本史,Aboutルール除外: 歴史--日本史
https://jpsearch.go.jp/data/nij16-51376,柳営譜略,歴史--日本史,Aboutルール除外: 歴史--日本史
https://jpsearch.go.jp/data/nij16-514227,吟譜,文学--漢文--詩文評・作詩作文,Aboutルール除外: 文学--漢文--詩文評・作詩作文
https://jpsearch.go.jp/data/nij16-523353,道彦印譜,俳諧,Aboutルール除外: 俳諧
https://jpsearch.go.jp/data/nij16-523693,観世流謡本,演劇,Aboutルール除外: 演劇
https://jpsearch.go.jp/data/nij16-523706,観世流謡本,演劇,Aboutルール除外: 演劇
https://jpsearch.go.jp/data/nij16-523751,やまとまひ歌譜,演劇,Aboutルール除外: 演劇
https://jpsearch.go.jp/data/nij16-523808,巫子舞神楽譜,演劇,Aboutルール除外: 演劇
https://jpsearch.go.jp/data/nij16-523864,吾嬬箏譜,演劇,Aboutルール除外: 演劇
https://jpsearch.go.jp/data/nij16-523875,新撰八雲琴譜,演劇,Aboutルール除外: 演劇
https://jpsearch.go.jp/data/nij16-527004,鈴屋翁略年譜,歴史--日本史,Aboutルール除外: 歴史--日本史
https://jpsearch.go.jp/data/nij16-527275,藩翰譜,歴史--日本史,Aboutルール除外: 歴史--日本史
https://jpsearch.go.jp/data/nij16-527311,菅原系譜,歴史--日本史,Aboutルール除外: 歴史--日本史
https://jpsearch.go.jp/data/nij16-528121,摂陽見聞筆拍子,地理--日本地誌--地方誌,Aboutルール除外: 地理--日本地誌--地方誌
https://jpsearch.go.jp/data/nij16-528132,摂陽見聞筆拍子,地理--日本地誌--地方誌,Aboutルール除外: 地理--日本地誌--地方誌
https://jpsearch.go.jp/data/nij16-528336,松島勝譜,地理--日本地誌--遊覧・遊歴,Aboutルール除外: 地理--日本地誌--遊覧・遊歴
https://jpsearch.go.jp/data/nij16-529215,新刊地球全図并各国舶旗図譜,地理--地図--外国図,Aboutルール除外: 地理--地図--外国図
https://jpsearch.go.jp/data/nij16-531420,和漢稀世泉譜,貨幣,Aboutルール除外: 貨幣
https://jpsearch.go.jp/data/nij16-531442,西洋銭譜,貨幣,Aboutルール除外: 貨幣
https://jpsearch.go.jp/data/nij16-53247,泰西王氏銃譜,兵法,Aboutルール除外: 兵法
https://jpsearch.go.jp/data/nij16-533539,花譜,博物,Aboutルール除外: 博物
https://jpsearch.go.jp/data/nij16-533608,日本竹譜,博物,Aboutルール除外: 博物
https://jpsearch.go.jp/data/nij16-533619,日本竹譜,博物,Aboutルール除外: 博物
https://jpsearch.go.jp/data/nij16-533802,菜譜,医学,Aboutルール除外: 医学
https://jpsearch.go.jp/data/nij16-533835,草木性譜,医学,Aboutルール除外: 医学
https://jpsearch.go.jp/data/nij16-534316,清人書画人名譜,芸術--書画,Aboutルール除外: 芸術--書画
https://jpsearch.go.jp/data/nij16-534350,近世書画人名譜,芸術--書画,Aboutルール除外: 芸術--書画
https://jpsearch.go.jp/data/nij16-534361,米庵先生蔵筆譜,芸術--書画,Aboutルール除外: 芸術--書画
https://jpsearch.go.jp/data/nij16-534521,石法十八皴,芸術--書画,Aboutルール除外: 芸術--書画
https://jpsearch.go.jp/data/nij16-534689,英一蝶画譜,芸術--書画,Aboutルール除外: 芸術--書画
https://jpsearch.go.jp/data/nij16-534736,大雅堂山水樹石画譜,芸術--書画,Aboutルール除外: 芸術--書画
https://jpsearch.go.jp/data/nij16-534747,竹田画譜,芸術--書画,Aboutルール除外: 芸術--書画
https://jpsearch.go.jp/data/nij16-534758,胸中山,芸術--書画,Aboutルール除外: 芸術--書画
https://jpsearch.go.jp/data/nij16-534781,融斎画譜,芸術--書画,Aboutルール除外: 芸術--書画
https://jpsearch.go.jp/data/nij16-534827,広重画譜,芸術--書画,Aboutルール除外: 芸術--書画
https://jpsearch.go.jp/data/nij16-534838,水滸伝画譜,芸術--書画,Aboutルール除外: 芸術--書画
https://jpsearch.go.jp/data/nij16-534872,巾箱画譜,芸術--書画,Aboutルール除外: 芸術--書画
https://jpsearch.go.jp/data/nij16-534963,花鳥草木画譜,芸術--書画,Aboutルール除外: 芸術--書画
https://jpsearch.go.jp/data/nij16-534974,名家百扇画譜,芸術--書画,Aboutルール除外: 芸術--書画
https://jpsearch.go.jp/data/nij16-535988,歴代帝王譜略,系譜,Aboutルール除外: 系譜
https://jpsearch.go.jp/data/nij16-536027,歴代名公画譜,絵画,Aboutルール除外: 絵画
https://jpsearch.go.jp/data/nij16-536378,古今印譜品目,芸術--書画--篆刻,Aboutルール除外: 芸術--書画--篆刻
https://jpsearch.go.jp/data/nij16-536470,博愛堂集古印譜,芸術--書画--篆刻,Aboutルール除外: 芸術--書画--篆刻
https://jpsearch.go.jp/data/nij16-536492,伊人印譜,芸術--書画--篆刻,Aboutルール除外: 芸術--書画--篆刻
https://jpsearch.go.jp/data/nij16-536505,泉石山房私印譜,芸術--書画--篆刻,Aboutルール除外: 芸術--書画--篆刻
https://jpsearch.go.jp/data/nij16-536516,泉石山房私印譜,芸術--書画--篆刻,Aboutルール除外: 芸術--書画--篆刻
https://jpsearch.go.jp/data/nij16-536572,画神堂印譜,芸術--書画--篆刻,Aboutルール除外: 芸術--書画--篆刻
https://jpsearch.go.jp/data/nij16-536583,松雨山房印譜,芸術--書画--篆刻,Aboutルール除外: 芸術--書画--篆刻
https://jpsearch.go.jp/data/nij16-536594,百美印譜,芸術--書画--篆刻,Aboutルール除外: 芸術--書画--篆刻
https://jpsearch.go.jp/data/nij16-536663,群賢押譜,芸術--書画--篆刻,Aboutルール除外: 芸術--書画--篆刻
https://jpsearch.go.jp/data/nij16-537519,唐山象棋譜,囲碁,Aboutルール除外: 囲碁
https://jpsearch.go.jp/data/nij16-537542,〔武将譜〕,総記,Aboutルール除外: 総記
https://jpsearch.go.jp/data/nij16-537724,泰西王氏銃譜,武具,Aboutルール除外: 武具
https://jpsearch.go.jp/data/nij16-545471,足代弘訓翁年譜,伝記,Aboutルール除外: 伝記
https://jpsearch.go.jp/data/nij16-545653,阿蘇家伝及系譜,家伝,Aboutルール除外: 家伝
https://jpsearch.go.jp/data/nij16-54615,〔韻譜〕,語学,Aboutルール除外: 語学
https://jpsearch.go.jp/data/nij16-546203,有沢永貞年譜附湯涌雑事,伝記,Aboutルール除外: 伝記
https://jpsearch.go.jp/data/nij16-546963,池大雅家譜,系譜,Aboutルール除外: 系譜
https://jpsearch.go.jp/data/nij16-547842,一如上人御近親略譜,伝記,Aboutルール除外: 伝記
https://jpsearch.go.jp/data/nij16-548378,犬塚系譜及印南著述目録,系譜_目録,Aboutルール除外: 系譜_目録
https://jpsearch.go.jp/data/nij16-549995,梅の園道年年譜,伝記,Aboutルール除外: 伝記
https://jpsearch.go.jp/data/nij16-55118,乱曲扇拍子,演劇,Aboutルール除外: 演劇
https://jpsearch.go.jp/data/nij16-552636,佐野譜曽我の舘染,文学,Aboutルール除外: 文学
https://jpsearch.go.jp/data/nij16-554336,活所先生年譜,漢文,Aboutルール除外: 漢文
https://jpsearch.go.jp/data/nij16-556649,〔金春流謡本〕／〔外百番〕,演劇,Aboutルール除外: 演劇
https://jpsearch.go.jp/data/nij16-558225,御年譜,歴史--日本史,Aboutルール除外: 歴史--日本史
https://jpsearch.go.jp/data/nij16-558543,京都將軍家譜,歴史--日本史,Aboutルール除外: 歴史--日本史
https://jpsearch.go.jp/data/nij16-558554,御系譜孝訂之圖,歴史--日本史,Aboutルール除外: 歴史--日本史
https://jpsearch.go.jp/data/nij16-560996,和漢稀世泉譜,貨幣,Aboutルール除外: 貨幣
https://jpsearch.go.jp/data/nij16-564670,古梅園／墨談畧抄,芸術--書画,Aboutルール除外: 芸術--書画
https://jpsearch.go.jp/data/nij16-564829,浮世畫譜,芸術--書画,Aboutルール除外: 芸術--書画
https://jpsearch.go.jp/data/nij16-564852,英一蝶畫譜,芸術--書画,Aboutルール除外: 芸術--書画
https://jpsearch.go.jp/data/nij16-566609,大坪本流善御譜,国書--武学・武術--馬術,Aboutルール除外: 国書--武学・武術--馬術
https://jpsearch.go.jp/data/nij16-566836,大坪本流常術善御譜口傳書,国書--武学・武術--馬術,Aboutルール除外: 国書--武学・武術--馬術
https://jpsearch.go.jp/data/nij16-570876,諸家俳諧点譜林,俳諧,Aboutルール除外: 俳諧
https://jpsearch.go.jp/data/nij16-572689,静斎画譜,絵画,Aboutルール除外: 絵画
https://jpsearch.go.jp/data/nij16-573773,大慈開祖法皇禅師略年譜,伝記,Aboutルール除外: 伝記
https://jpsearch.go.jp/data/nij16-574403,土伯特世譜,雑史,Aboutルール除外: 雑史
https://jpsearch.go.jp/data/nij16-574823,津田永忠君年譜,伝記,Aboutルール除外: 伝記
https://jpsearch.go.jp/data/nij16-576498,日本近時画譜,絵画,Aboutルール除外: 絵画
https://jpsearch.go.jp/data/nij16-576669,丹羽歴代年譜,伝記,Aboutルール除外: 伝記
https://jpsearch.go.jp/data/nij16-576670,丹羽歴代年譜附録,伝記,Aboutルール除外: 伝記
https://jpsearch.go.jp/data/nij16-577106,白石先生年譜,伝記,Aboutルール除外: 伝記
https://jpsearch.go.jp/data/nij16-579771,本居氏系譜・親類書,系譜,Aboutルール除外: 系譜
https://jpsearch.go.jp/data/nij16-587371,北越雪譜,文献--図会・地誌,Aboutルール除外: 文献--図会・地誌
https://jpsearch.go.jp/data/nij16-588,藩翰譜,歴史--日本史,Aboutルール除外: 歴史--日本史
https://jpsearch.go.jp/data/nij16-596281,山師年譜要紀,哲学--仏教,Aboutルール除外: 哲学--仏教
https://jpsearch.go.jp/data/nij16-596601,西山正流本山義伝燈血脈譜,哲学--仏教,Aboutルール除外: 哲学--仏教
https://jpsearch.go.jp/data/nij16-596612,正念往生事,哲学--仏教,Aboutルール除外: 哲学--仏教
https://jpsearch.go.jp/data/nij16-596849,浄土伝燈総系譜,哲学--仏教,Aboutルール除外: 哲学--仏教
https://jpsearch.go.jp/data/nij16-59870,明珍歴代族譜,系譜,Aboutルール除外: 系譜
https://jpsearch.go.jp/data/nij16-601569,水家譜考,歴史,Aboutルール除外: 歴史
https://jpsearch.go.jp/data/nij16-602846,改譜集,法制,Aboutルール除外: 法制
https://jpsearch.go.jp/data/nij16-611789,姉川合戦前後略譜,戦記,Aboutルール除外: 戦記
https://jpsearch.go.jp/data/nij16-616819,有沢武貞年譜,伝記,Aboutルール除外: 伝記
https://jpsearch.go.jp/data/nij16-616820,有沢永貞年譜,伝記,Aboutルール除外: 伝記
https://jpsearch.go.jp/data/nij16-617890,在原業平年譜,伝記,Aboutルール除外: 伝記
https://jpsearch.go.jp/data/nij16-618713,阿波正風年譜,俳諧,Aboutルール除外: 俳諧
https://jpsearch.go.jp/data/nij16-619307,阿波国正門年譜,俳諧,Aboutルール除外: 俳諧
https://jpsearch.go.jp/data/nij16-624986,鏨工譜略,金工,Aboutルール除外: 金工
https://jpsearch.go.jp/data/nij16-625149,金工名譜,金工,Aboutルール除外: 金工
https://jpsearch.go.jp/data/nij16-627872,石川豊信画譜,絵画,Aboutルール除外: 絵画
https://jpsearch.go.jp/data/nij16-629878,伊豆七島明細譜,地誌,Aboutルール除外: 地誌
https://jpsearch.go.jp/data/nij16-633476,弘法大師弟子譜,宗教--仏教,Aboutルール除外: 宗教--仏教
https://jpsearch.go.jp/data/nij16-637014,新編纂圖本朝尊卑分脈系譜雜類要集,歴史,Aboutルール除外: 歴史
https://jpsearch.go.jp/data/nij16-637025,新編纂圖本朝尊卑分脈系譜雜類要集,歴史,Aboutルール除外: 歴史
https://jpsearch.go.jp/data/nij16-637036,新編纂圖本朝尊卑分脈系譜雜類要集,歴史,Aboutルール除外: 歴史
https://jpsearch.go.jp/data/nij16-637105,改正增補諸家知譜拙記,歴史,Aboutルール除外: 歴史
https://jpsearch.go.jp/data/nij16-637116,〔將軍家譜〕,歴史,Aboutルール除外: 歴史
https://jpsearch.go.jp/data/nij16-637127,〔將軍家譜〕,歴史,Aboutルール除外: 歴史
https://jpsearch.go.jp/data/nij16-637138,〔將軍家譜〕,歴史,Aboutルール除外: 歴史
https://jpsearch.go.jp/data/nij16-637150,系譜,歴史,Aboutルール除外: 歴史
https://jpsearch.go.jp/data/nij16-637172,藩翰譜續編,歴史,Aboutルール除外: 歴史
https://jpsearch.go.jp/data/nij16-641576,草木性譜,自然科学--医学・本草学,Aboutルール除外: 自然科学--医学・本草学
https://jpsearch.go.jp/data/nij16-641623,本草圖譜,自然科学--医学・本草学,Aboutルール除外: 自然科学--医学・本草学
https://jpsearch.go.jp/data/nij16-650135,御寫本譜,総記,Aboutルール除外: 総記
https://jpsearch.go.jp/data/nij16-650748,帝王譜略國朝紀,総記,Aboutルール除外: 総記
https://jpsearch.go.jp/data/nij16-655061,釋迦譜要略,仏教・基督教他--仏教,Aboutルール除外: 仏教・基督教他--仏教
https://jpsearch.go.jp/data/nij16-655072,紫巖譜略,仏教・基督教他--仏教,Aboutルール除外: 仏教・基督教他--仏教
https://jpsearch.go.jp/data/nij16-665667,催馬樂譜入文,俳諧,Aboutルール除外: 俳諧
https://jpsearch.go.jp/data/nij16-665758,神樂譜,演劇,Aboutルール除外: 演劇
https://jpsearch.go.jp/data/nij16-665769,笛譜,演劇,Aboutルール除外: 演劇
https://jpsearch.go.jp/data/nij16-665770,和琴譜,演劇,Aboutルール除外: 演劇
https://jpsearch.go.jp/data/nij16-665805,神樂催馬樂譜,演劇,Aboutルール除外: 演劇
https://jpsearch.go.jp/data/nij16-666228,日本外史補系譜,歴史--日本史,Aboutルール除外: 歴史--日本史
https://jpsearch.go.jp/data/nij16-667721,中山世譜,歴史--日本史,Aboutルール除外: 歴史--日本史
https://jpsearch.go.jp/data/nij16-667732,中山世譜,歴史--日本史,Aboutルール除外: 歴史--日本史
https://jpsearch.go.jp/data/nij16-667743,中山世譜,歴史--日本史,Aboutルール除外: 歴史--日本史
https://jpsearch.go.jp/data/nij16-668597,豊臣秀吉譜,歴史--日本史,Aboutルール除外: 歴史--日本史
https://jpsearch.go.jp/data/nij16-668611,御年譜,歴史--日本史,Aboutルール除外: 歴史--日本史
https://jpsearch.go.jp/data/nij16-668622,東照宮年譜,歴史--日本史,Aboutルール除外: 歴史--日本史
https://jpsearch.go.jp/data/nij16-668951,藤樹先生年譜,歴史--日本史,Aboutルール除外: 歴史--日本史
https://jpsearch.go.jp/data/nij16-669169,鈴屋翁略年譜,歴史--日本史,Aboutルール除外: 歴史--日本史
https://jpsearch.go.jp/data/nij16-669421,折下外記先祖幷武功之譜,歴史--日本史,Aboutルール除外: 歴史--日本史
https://jpsearch.go.jp/data/nij16-669603,藤垣内翁略年譜,歴史--日本史,Aboutルール除外: 歴史--日本史
https://jpsearch.go.jp/data/nij16-670280,帝皇略譜,歴史--日本史,Aboutルール除外: 歴史--日本史
https://jpsearch.go.jp/data/nij16-670315,改正増補／諸家知譜拙記,歴史--日本史,Aboutルール除外: 歴史--日本史
https://jpsearch.go.jp/data/nij16-670326,改正増補／諸家知譜拙記,歴史--日本史,Aboutルール除外: 歴史--日本史
https://jpsearch.go.jp/data/nij16-670360,御系譜,歴史--日本史,Aboutルール除外: 歴史--日本史
https://jpsearch.go.jp/data/nij16-670371,南山小譜,歴史--日本史,Aboutルール除外: 歴史--日本史
https://jpsearch.go.jp/data/nij16-670382,南山小譜,歴史--日本史,Aboutルール除外: 歴史--日本史
https://jpsearch.go.jp/data/nij16-670542,藩翰譜系圖,歴史--日本史,Aboutルール除外: 歴史--日本史
https://jpsearch.go.jp/data/nij16-670553,京都將軍家譜,歴史--日本史,Aboutルール除外: 歴史--日本史
https://jpsearch.go.jp/data/nij16-670564,京都將軍家譜,歴史--日本史,Aboutルール除外: 歴史--日本史
https://jpsearch.go.jp/data/nij16-670575,鎌倉將軍家譜,歴史--日本史,Aboutルール除外: 歴史--日本史
https://jpsearch.go.jp/data/nij16-670586,藩翰譜,歴史--日本史,Aboutルール除外: 歴史--日本史
https://jpsearch.go.jp/data/nij16-670597,藩翰譜續編,歴史--日本史,Aboutルール除外: 歴史--日本史
https://jpsearch.go.jp/data/nij16-670600,列國譜,歴史--日本史,Aboutルール除外: 歴史--日本史
https://jpsearch.go.jp/data/nij16-670757,紀伊國造家譜,歴史--日本史,Aboutルール除外: 歴史--日本史
https://jpsearch.go.jp/data/nij16-670779,絶家譜,歴史--日本史,Aboutルール除外: 歴史--日本史
https://jpsearch.go.jp/data/nij16-670826,織田信長譜,歴史--日本史,Aboutルール除外: 歴史--日本史
https://jpsearch.go.jp/data/nij16-670860,吉川家譜,歴史--日本史,Aboutルール除外: 歴史--日本史
https://jpsearch.go.jp/data/nij16-670871,歴代大佛師譜,歴史--日本史,Aboutルール除外: 歴史--日本史
https://jpsearch.go.jp/data/nij16-673483,北越雪譜,地理--日本地誌--地方誌,Aboutルール除外: 地理--日本地誌--地方誌
https://jpsearch.go.jp/data/nij16-676415,位階沿革譜,政治・法制,Aboutルール除外: 政治・法制
https://jpsearch.go.jp/data/nij16-677918,錢譜,経済--度量衡・貨弊,Aboutルール除外: 経済--度量衡・貨弊
https://jpsearch.go.jp/data/nij16-679481,牙籌譜,測量,Aboutルール除外: 測量
https://jpsearch.go.jp/data/nij16-680693,草木性譜,医学--漢方附本草--本草,Aboutルール除外: 医学--漢方附本草--本草
https://jpsearch.go.jp/data/nij16-680717,本草圖譜／山草部,医学--漢方附本草--本草,Aboutルール除外: 医学--漢方附本草--本草
https://jpsearch.go.jp/data/nij16-681572,菜譜,産業,Aboutルール除外: 産業
https://jpsearch.go.jp/data/nij16-682133,蘭齋畫譜,芸術--書画,Aboutルール除外: 芸術--書画
https://jpsearch.go.jp/data/nij16-682144,寒葉齋畫譜,芸術--書画,Aboutルール除外: 芸術--書画
https://jpsearch.go.jp/data/nij16-682713,印法正傳譜,芸術--書画,Aboutルール除外: 芸術--書画
https://jpsearch.go.jp/data/nij16-682826,鏨工譜略,芸術--金石,Aboutルール除外: 芸術--金石
https://jpsearch.go.jp/data/nij16-682837,鏨工譜略,芸術--金石,Aboutルール除外: 芸術--金石
https://jpsearch.go.jp/data/nij16-682871,梅山種茶譜略,茶道,Aboutルール除外: 茶道
https://jpsearch.go.jp/data/nij16-682882,梅山種茶譜略,茶道,Aboutルール除外: 茶道
https://jpsearch.go.jp/data/nij16-682893,梅山種茶譜略,茶道,Aboutルール除外: 茶道
https://jpsearch.go.jp/data/nij16-683078,廣象棋譜,諸芸--将棋,Aboutルール除外: 諸芸--将棋
https://jpsearch.go.jp/data/nij16-683410,大坪本流善御譜,武芸--武術,Aboutルール除外: 武芸--武術
https://jpsearch.go.jp/data/nij16-687876,源孝純年譜草稿,伝記,Aboutルール除外: 伝記
https://jpsearch.go.jp/data/nij16-688084,源富純君御年譜,伝記,Aboutルール除外: 伝記
https://jpsearch.go.jp/data/nij16-691952,銅脈先生狂詩画譜,狂詩,Aboutルール除外: 狂詩
https://jpsearch.go.jp/data/nij16-691963,銅脈先生狂詩画譜,狂詩,Aboutルール除外: 狂詩
https://jpsearch.go.jp/data/nij16-6939,平家物語,軍記物語,Aboutルール除外: 軍記物語
https://jpsearch.go.jp/data/nij16-695556,栄泉院乗如譜,伝記,Aboutルール除外: 伝記
https://jpsearch.go.jp/data/nij16-698760,海仙画譜,画譜,Aboutルール除外: 画譜
https://jpsearch.go.jp/data/nij16-698771,寒葉斎画譜,画譜,Aboutルール除外: 画譜
https://jpsearch.go.jp/data/nij16-698782,宋紫石画譜,画譜,Aboutルール除外: 画譜
https://jpsearch.go.jp/data/nij16-698806,蘭竹画譜,画譜,Aboutルール除外: 画譜
https://jpsearch.go.jp/data/nij16-698817,融斎画譜,画譜,Aboutルール除外: 画譜
https://jpsearch.go.jp/data/nij16-698840,伊孚九画譜／池大雅画譜,画譜,Aboutルール除外: 画譜
https://jpsearch.go.jp/data/nij16-698851,辺氏画譜,画譜,Aboutルール除外: 画譜
https://jpsearch.go.jp/data/nij16-698884,宋紫石／花鳥画譜,画譜,Aboutルール除外: 画譜
https://jpsearch.go.jp/data/nij16-703786,越前黄門年譜,伝記,Aboutルール除外: 伝記
https://jpsearch.go.jp/data/nij16-704483,越州年譜,戦記,Aboutルール除外: 戦記
https://jpsearch.go.jp/data/nij16-705259,慧燈大師年譜,伝記,Aboutルール除外: 伝記
https://jpsearch.go.jp/data/nij16-706058,江戸古筆家譜,書道,Aboutルール除外: 書道
https://jpsearch.go.jp/data/nij16-709240,ゑなほしとんち／早席画譜,絵画,Aboutルール除外: 絵画
https://jpsearch.go.jp/data/nij16-711751,藩翰譜,歴史,Aboutルール除外: 歴史
https://jpsearch.go.jp/data/nij16-720901,塩松勝譜,地誌,Aboutルール除外: 地誌
https://jpsearch.go.jp/data/nij16-721200,円恕年譜,伝記,Aboutルール除外: 伝記
https://jpsearch.go.jp/data/nij16-721379,淵先生年譜,伝記,Aboutルール除外: 伝記
https://jpsearch.go.jp/data/nij16-721551,演澄年譜,伝記,Aboutルール除外: 伝記
https://jpsearch.go.jp/data/nij16-725893,応挙画譜,絵画,Aboutルール除外: 絵画
https://jpsearch.go.jp/data/nij16-727866,鶯邨画譜,絵画,Aboutルール除外: 絵画
https://jpsearch.go.jp/data/nij16-728110,横笛古譜,楽譜,Aboutルール除外: 楽譜
https://jpsearch.go.jp/data/nij16-728121,横笛中曲譜,楽譜,Aboutルール除外: 楽譜
https://jpsearch.go.jp/data/nij16-728154,横笛譜,楽譜,Aboutルール除外: 楽譜
https://jpsearch.go.jp/data/nij16-728176,横笛律／三絃相当,楽譜,Aboutルール除外: 楽譜
https://jpsearch.go.jp/data/nij16-728187,横笛略譜,楽譜,Aboutルール除外: 楽譜
https://jpsearch.go.jp/data/nij16-728574,黄檗木庵和尚年譜,伝記,Aboutルール除外: 伝記
https://jpsearch.go.jp/data/nij16-732285,藩翰譜,歴史科学,Aboutルール除外: 歴史科学
https://jpsearch.go.jp/data/nij16-732296,藩翰譜,歴史科学,Aboutルール除外: 歴史科学
https://jpsearch.go.jp/data/nij16-735159,文材画譜,美術,Aboutルール除外: 美術
https://jpsearch.go.jp/data/nij16-735193,竹譜,美術,Aboutルール除外: 美術
https://jpsearch.go.jp/data/nij16-735240,蘭譜,美術,Aboutルール除外: 美術
https://jpsearch.go.jp/data/nij16-735615,塡詞図譜,語学,Aboutルール除外: 語学
https://jpsearch.go.jp/data/nij16-736209,乱曲扇拍子,文学,Aboutルール除外: 文学
https://jpsearch.go.jp/data/nij16-738818,小笠原忠真年譜,伝記,Aboutルール除外: 伝記
https://jpsearch.go.jp/data/nij16-738874,小笠原秀政年譜,伝記,Aboutルール除外: 伝記
https://jpsearch.go.jp/data/nij16-73916,飲中八僊歌印譜,印譜,Aboutルール除外: 印譜
https://jpsearch.go.jp/data/nij16-739220,尾形流四大家画譜,絵画,Aboutルール除外: 絵画
https://jpsearch.go.jp/data/nij16-740647,翁略年譜,俳諧,Aboutルール除外: 俳諧
https://jpsearch.go.jp/data/nij16-741231,億師年譜,伝記,Aboutルール除外: 伝記
https://jpsearch.go.jp/data/nij16-743260,於乎止点図譜,語学,Aboutルール除外: 語学
https://jpsearch.go.jp/data/nij16-743293,乎古止点譜,語学,Aboutルール除外: 語学
https://jpsearch.go.jp/data/nij16-743306,乎古登点譜,語学,Aboutルール除外: 語学
https://jpsearch.go.jp/data/nij16-743317,於古登点譜,語学,Aboutルール除外: 語学
https://jpsearch.go.jp/data/nij16-743328,遠古登点譜,語学,Aboutルール除外: 語学
https://jpsearch.go.jp/data/nij16-745744,落久保物語系譜,注釈,Aboutルール除外: 注釈
https://jpsearch.go.jp/data/nij16-75138,橋館御年譜,年譜,Aboutルール除外: 年譜
https://jpsearch.go.jp/data/nij16-75149,岡田家系譜,系譜,Aboutルール除外: 系譜
https://jpsearch.go.jp/data/nij16-752409,小山実記同家譜,戦記_系譜,Aboutルール除外: 戦記_系譜
https://jpsearch.go.jp/data/nij16-754825,尾張得業円憲譜,伝記,Aboutルール除外: 伝記
https://jpsearch.go.jp/data/nij16-766427,興教大師年譜和讃,真言,Aboutルール除外: 真言
https://jpsearch.go.jp/data/nij16-770456,金譜,歴史,Aboutルール除外: 歴史
https://jpsearch.go.jp/data/nij16-770478,〔古銭図譜〕,歴史,Aboutルール除外: 歴史
https://jpsearch.go.jp/data/nij16-770514,古銭譜,歴史,Aboutルール除外: 歴史
https://jpsearch.go.jp/data/nij16-770558,泉譜,歴史,Aboutルール除外: 歴史
https://jpsearch.go.jp/data/nij16-772452,藩翰譜,歴史,Aboutルール除外: 歴史
https://jpsearch.go.jp/data/nij16-772576,帝王御譜,歴史,Aboutルール除外: 歴史
https://jpsearch.go.jp/data/nij16-773933,北越雪譜,紀行,Aboutルール除外: 紀行
https://jpsearch.go.jp/data/nij16-777673,花譜,国書の部--自然科学,Aboutルール除外: 国書の部--自然科学
https://jpsearch.go.jp/data/nij16-77996,山師年譜要紀,浄土,Aboutルール除外: 浄土
https://jpsearch.go.jp/data/nij16-780085,諸菜譜,国書の部--自然科学--薬学,Aboutルール除外: 国書の部--自然科学--薬学
https://jpsearch.go.jp/data/nij16-780109,草木性譜,国書の部--自然科学--薬学,Aboutルール除外: 国書の部--自然科学--薬学
https://jpsearch.go.jp/data/nij16-780767,金生樹譜万年青譜,産業,Aboutルール除外: 産業
https://jpsearch.go.jp/data/nij16-780858,万工雛形画譜,国書の部--芸術--彫刻,Aboutルール除外: 国書の部--芸術--彫刻
https://jpsearch.go.jp/data/nij16-780949,英雄画譜,芸術--絵画,Aboutルール除外: 芸術--絵画
https://jpsearch.go.jp/data/nij16-781168,字筆画譜,芸術--絵画,Aboutルール除外: 芸術--絵画
https://jpsearch.go.jp/data/nij16-781215,太閤記画譜,芸術--絵画,Aboutルール除外: 芸術--絵画
https://jpsearch.go.jp/data/nij16-781248,扶桑画譜,芸術--絵画,Aboutルール除外: 芸術--絵画
https://jpsearch.go.jp/data/nij16-781259,文鳳画譜,芸術--絵画,Aboutルール除外: 芸術--絵画
https://jpsearch.go.jp/data/nij16-78126,西山正流本山義伝燈血脈譜,浄土,Aboutルール除外: 浄土
https://jpsearch.go.jp/data/nij16-781293,名家画譜,芸術--絵画,Aboutルール除外: 芸術--絵画
https://jpsearch.go.jp/data/nij16-78137,正念往生事,浄土,Aboutルール除外: 浄土
https://jpsearch.go.jp/data/nij16-781679,狩野周信印譜,芸術--書道,Aboutルール除外: 芸術--書道
https://jpsearch.go.jp/data/nij16-781680,狩野典信印譜,芸術--書道,Aboutルール除外: 芸術--書道
https://jpsearch.go.jp/data/nij16-781691,千字文印譜,芸術--書道,Aboutルール除外: 芸術--書道
https://jpsearch.go.jp/data/nij16-789220,拍子流就御相伝法式条々,国書の部--芸術--武道--日本兵法,Aboutルール除外: 国書の部--芸術--武道--日本兵法
https://jpsearch.go.jp/data/nij16-790090,鏨工譜略,国書の部--芸術--武道--剣道,Aboutルール除外: 国書の部--芸術--武道--剣道
https://jpsearch.go.jp/data/nij16-795675,新製五七言狂詩画譜,和歌,Aboutルール除外: 和歌
https://jpsearch.go.jp/data/nij16-804966,鎌倉大樹家譜,国書の部--文学--小説・物語--江戸時代--読本・実録物,Aboutルール除外: 国書の部--文学--小説・物語--江戸時代--読本・実録物
https://jpsearch.go.jp/data/nij16-80944,秋萩の譜,本草,Aboutルール除外: 本草
https://jpsearch.go.jp/data/nij16-82064,塡詞圖譜,文学--漢文--詩文評・作詩作文,Aboutルール除外: 文学--漢文--詩文評・作詩作文
https://jpsearch.go.jp/data/nij16-82519,藤樹先生年譜,歴史--日本史,Aboutルール除外: 歴史--日本史
https://jpsearch.go.jp/data/nij16-82520,藤樹中江先生年譜,歴史--日本史,Aboutルール除外: 歴史--日本史
https://jpsearch.go.jp/data/nij16-829196,漢画学山水譜,絵画,Aboutルール除外: 絵画
https://jpsearch.go.jp/data/nij16-831890,御系譜,系図,Aboutルール除外: 系図
https://jpsearch.go.jp/data/nij16-831903,系譜合冊,系図,Aboutルール除外: 系図
https://jpsearch.go.jp/data/nij16-831958,直茂公御年譜,地方史料之部--一般資料--年譜,Aboutルール除外: 地方史料之部--一般資料--年譜
https://jpsearch.go.jp/data/nij16-831969,勝茂公御年譜,地方史料之部--一般資料--年譜,Aboutルール除外: 地方史料之部--一般資料--年譜
https://jpsearch.go.jp/data/nij16-831970,元茂公御年譜,地方史料之部--一般資料--年譜,Aboutルール除外: 地方史料之部--一般資料--年譜
https://jpsearch.go.jp/data/nij16-831981,直茂公御年譜,地方史料之部--一般資料--年譜,Aboutルール除外: 地方史料之部--一般資料--年譜
https://jpsearch.go.jp/data/nij16-831992,元茂公御年譜,地方史料之部--一般資料--年譜,Aboutルール除外: 地方史料之部--一般資料--年譜
https://jpsearch.go.jp/data/nij16-832008,直能公御年譜,地方史料之部--一般資料--年譜,Aboutルール除外: 地方史料之部--一般資料--年譜
https://jpsearch.go.jp/data/nij16-832019,元茂公直能公御年譜,地方史料之部--一般資料--年譜,Aboutルール除外: 地方史料之部--一般資料--年譜
https://jpsearch.go.jp/data/nij16-832020,元武公御年譜,地方史料之部--一般資料--年譜,Aboutルール除外: 地方史料之部--一般資料--年譜
https://jpsearch.go.jp/data/nij16-832031,元武公御年譜,地方史料之部--一般資料--年譜,Aboutルール除外: 地方史料之部--一般資料--年譜
https://jpsearch.go.jp/data/nij16-832042,金粟様御年譜,地方史料之部--一般資料--年譜,Aboutルール除外: 地方史料之部--一般資料--年譜
https://jpsearch.go.jp/data/nij16-832053,元延公御年譜,地方史料之部--一般資料--年譜,Aboutルール除外: 地方史料之部--一般資料--年譜
https://jpsearch.go.jp/data/nij16-832064,元茂公御年譜,地方史料之部--一般資料--年譜,Aboutルール除外: 地方史料之部--一般資料--年譜
https://jpsearch.go.jp/data/nij16-833738,菅儒侍読臣之年譜,伝記,Aboutルール除外: 伝記
https://jpsearch.go.jp/data/nij16-834899,菅神年譜,伝記,Aboutルール除外: 伝記
https://jpsearch.go.jp/data/nij16-834902,菅神年譜略,伝記,Aboutルール除外: 伝記
https://jpsearch.go.jp/data/nij16-835370,観生居月琴詞譜,漢詩,Aboutルール除外: 漢詩
https://jpsearch.go.jp/data/nij16-835836,寛政重修系譜竟宴歌,和歌,Aboutルール除外: 和歌
https://jpsearch.go.jp/data/nij16-836044,寛政譜竟莚,漢詩,Aboutルール除外: 漢詩
https://jpsearch.go.jp/data/nij16-839269,甘南中大刀自譜,伝記,Aboutルール除外: 伝記
https://jpsearch.go.jp/data/nij16-841872,東海一休和尚年譜,般若経教系--宗派--禅宗,Aboutルール除外: 般若経教系--宗派--禅宗
https://jpsearch.go.jp/data/nij16-842591,弘法大師弟子譜,大日経教系--宗派,Aboutルール除外: 大日経教系--宗派
https://jpsearch.go.jp/data/nij16-843447,本化高祖年譜,日蓮,Aboutルール除外: 日蓮
https://jpsearch.go.jp/data/nij16-847449,円光大師略伝譜,無量寿経教系--宗派,Aboutルール除外: 無量寿経教系--宗派
https://jpsearch.go.jp/data/nij16-847927,時宗要略譜,無量寿経教系--宗派,Aboutルール除外: 無量寿経教系--宗派
https://jpsearch.go.jp/data/nij16-852482,常楽臺存覚上人年譜,浄土,Aboutルール除外: 浄土
https://jpsearch.go.jp/data/nij16-854320,松平家譜録,系譜,Aboutルール除外: 系譜
https://jpsearch.go.jp/data/nij16-854331,松平譜伝録,系譜,Aboutルール除外: 系譜
https://jpsearch.go.jp/data/nij16-854477,豊臣秀吉家譜録,系譜,Aboutルール除外: 系譜
https://jpsearch.go.jp/data/nij16-854488,御当家系譜録,系譜,Aboutルール除外: 系譜
https://jpsearch.go.jp/data/nij16-854604,利家譜伝録,伝記,Aboutルール除外: 伝記
https://jpsearch.go.jp/data/nij16-854853,南画人物画譜,絵画,Aboutルール除外: 絵画
https://jpsearch.go.jp/data/nij16-855005,義公御年譜,伝記,Aboutルール除外: 伝記
https://jpsearch.go.jp/data/nij16-855152,義公年譜,伝記,Aboutルール除外: 伝記
https://jpsearch.go.jp/data/nij16-858979,喜多院世代譜第廿七代慈眼大師大僧正天海伝,伝記,Aboutルール除外: 伝記
https://jpsearch.go.jp/data/nij16-863218,紫巌譜略,哲学--仏教,Aboutルール除外: 哲学--仏教
https://jpsearch.go.jp/data/nij16-864664,木村探元先生略年譜,伝記,Aboutルール除外: 伝記
https://jpsearch.go.jp/data/nij16-865703,本化高祖年譜,哲学--仏教,Aboutルール除外: 哲学--仏教
https://jpsearch.go.jp/data/nij16-867890,鎌倉将軍家譜,家伝,Aboutルール除外: 家伝
https://jpsearch.go.jp/data/nij16-867903,豊臣秀吉譜,家伝,Aboutルール除外: 家伝
https://jpsearch.go.jp/data/nij16-867914,藩翰譜,家伝,Aboutルール除外: 家伝
https://jpsearch.go.jp/data/nij16-867925,改正増補／諸家知譜拙記,家伝,Aboutルール除外: 家伝
https://jpsearch.go.jp/data/nij16-867936,改正増補／諸家知譜拙記,家伝,Aboutルール除外: 家伝
https://jpsearch.go.jp/data/nij16-868213,鈴屋翁略年譜,歴史,Aboutルール除外: 歴史
https://jpsearch.go.jp/data/nij16-872662,勝景眺望／山水画譜,芸術--絵画--日本画,Aboutルール除外: 芸術--絵画--日本画
https://jpsearch.go.jp/data/nij16-872673,谷文晁画譜,芸術--絵画--日本画,Aboutルール除外: 芸術--絵画--日本画
https://jpsearch.go.jp/data/nij16-873449,茶人家譜集記,茶道,Aboutルール除外: 茶道
https://jpsearch.go.jp/data/nij16-877601,〔謡本〕,文学--日本文学--謡曲・狂言,Aboutルール除外: 文学--日本文学--謡曲・狂言
https://jpsearch.go.jp/data/nij16-877645,謡本,文学--日本文学--謡曲・狂言,Aboutルール除外: 文学--日本文学--謡曲・狂言
https://jpsearch.go.jp/data/nij16-877714,〔謡本〕,文学--日本文学--謡曲・狂言,Aboutルール除外: 文学--日本文学--謡曲・狂言
https://jpsearch.go.jp/data/nij16-880104,新製五七言／狂詩画譜,文学--日本文学--日本漢詩文,Aboutルール除外: 文学--日本文学--日本漢詩文
https://jpsearch.go.jp/data/nij16-884435,玉山画譜,絵画,Aboutルール除外: 絵画
https://jpsearch.go.jp/data/nij16-886862,漁村海保府君年譜,伝記,Aboutルール除外: 伝記
https://jpsearch.go.jp/data/nij16-887150,曲江山水画譜,絵画,Aboutルール除外: 絵画
https://jpsearch.go.jp/data/nij16-890813,徂徠印譜,芸術--書跡・法帖・拓本,Aboutルール除外: 芸術--書跡・法帖・拓本
https://jpsearch.go.jp/data/nij16-890846,信古斎印譜,芸術--書跡・法帖・拓本,Aboutルール除外: 芸術--書跡・法帖・拓本
https://jpsearch.go.jp/data/nij16-890857,古銅印譜,芸術--書跡・法帖・拓本,Aboutルール除外: 芸術--書跡・法帖・拓本
https://jpsearch.go.jp/data/nij16-896242,金府略譜,伝記,Aboutルール除外: 伝記
https://jpsearch.go.jp/data/nij16-908792,黒田如水長政年譜抜書,伝記,Aboutルール除外: 伝記
https://jpsearch.go.jp/data/nij16-9109,海野彬之年譜,年譜,Aboutルール除外: 年譜
https://jpsearch.go.jp/data/nij16-914589,鎌倉将軍家譜,紋章,Aboutルール除外: 紋章
https://jpsearch.go.jp/data/nij16-914590,藩翰譜,紋章,Aboutルール除外: 紋章
https://jpsearch.go.jp/data/nij16-914603,藩翰譜余,紋章,Aboutルール除外: 紋章
https://jpsearch.go.jp/data/nij16-914625,松平家譜早鑑,紋章,Aboutルール除外: 紋章
https://jpsearch.go.jp/data/nij16-914636,〔南郭〕御系譜,紋章,Aboutルール除外: 紋章
https://jpsearch.go.jp/data/nij16-921302,皷譜,法制,Aboutルール除外: 法制
https://jpsearch.go.jp/data/nij16-930927,北越雪譜,雑書,Aboutルール除外: 雑書
https://jpsearch.go.jp/data/nij16-931259,松平陸奥守綱村家中騒動之譜,総記,Aboutルール除外: 総記
https://jpsearch.go.jp/data/nij16-935013,源黄門秀康卿行状并系譜,伝記,Aboutルール除外: 伝記
https://jpsearch.go.jp/data/nij16-936970,万国全図／暗射指南譜,社会科学--学習指導_教科課程--教科書,Aboutルール除外: 社会科学--学習指導_教科課程--教科書
https://jpsearch.go.jp/data/nij16-936981,万国暗射図指南譜,社会科学--学習指導_教科課程--教科書,Aboutルール除外: 社会科学--学習指導_教科課程--教科書
https://jpsearch.go.jp/data/nij16-940089,万年青図譜,産業--園芸,Aboutルール除外: 産業--園芸
https://jpsearch.go.jp/data/nij16-940738,名数画譜,芸術--絵画,Aboutルール除外: 芸術--絵画
https://jpsearch.go.jp/data/nij16-940749,素絢山水画譜,芸術--絵画,Aboutルール除外: 芸術--絵画
https://jpsearch.go.jp/data/nij16-940818,竹譜,芸術--絵画,Aboutルール除外: 芸術--絵画
https://jpsearch.go.jp/data/nij16-940829,竹譜,芸術--絵画,Aboutルール除外: 芸術--絵画
https://jpsearch.go.jp/data/nij16-940896,上竹譜書,芸術--絵画,Aboutルール除外: 芸術--絵画
https://jpsearch.go.jp/data/nij16-940909,潜龍堂画譜,芸術--絵画,Aboutルール除外: 芸術--絵画
https://jpsearch.go.jp/data/nij16-940910,百工／美術画譜,芸術--絵画,Aboutルール除外: 芸術--絵画
https://jpsearch.go.jp/data/nij16-940921,百工／美術画譜,芸術--絵画,Aboutルール除外: 芸術--絵画
https://jpsearch.go.jp/data/nij16-941673,既酔堂印譜,印譜,Aboutルール除外: 印譜
https://jpsearch.go.jp/data/nij16-941684,活板大字譜,芸術--印刷_製版,Aboutルール除外: 芸術--印刷_製版
https://jpsearch.go.jp/data/nij16-942018,江都／金工名譜,金工,Aboutルール除外: 金工
https://jpsearch.go.jp/data/nij16-94406,異銭譜,貨幣,Aboutルール除外: 貨幣
https://jpsearch.go.jp/data/nij16-94688,伊丹家譜,系譜,Aboutルール除外: 系譜
https://jpsearch.go.jp/data/nij16-955544,江家系譜諜,伝記,Aboutルール除外: 伝記
https://jpsearch.go.jp/data/nij16-95863,一休和尚年譜,伝記,Aboutルール除外: 伝記
https://jpsearch.go.jp/data/nij16-961568,紙譜,産業,Aboutルール除外: 産業
https://jpsearch.go.jp/data/nij16-962038,本草綱目啓蒙図譜,医学・本草・博物,Aboutルール除外: 医学・本草・博物
https://jpsearch.go.jp/data/nij16-96275,一蝶画譜／印譜并略伝附,絵画,Aboutルール除外: 絵画
https://jpsearch.go.jp/data/nij16-96480,一遍上人年譜略,伝記,Aboutルール除外: 伝記
https://jpsearch.go.jp/data/nij16-970718,京都将軍家譜,歴史--日本史,Aboutルール除外: 歴史--日本史
https://jpsearch.go.jp/data/nij16-971471,〔刀劔系譜〕,歴史,Aboutルール除外: 歴史
https://jpsearch.go.jp/data/nij16-972361,伊達家系譜,歴史,Aboutルール除外: 歴史
https://jpsearch.go.jp/data/nij16-972372,伊達家系譜並記録,歴史,Aboutルール除外: 歴史
https://jpsearch.go.jp/data/nij16-972407,伊達氏御系譜／下,歴史,Aboutルール除外: 歴史
https://jpsearch.go.jp/data/nij16-972485,〔伊達氏系譜〕,歴史,Aboutルール除外: 歴史
https://jpsearch.go.jp/data/nij16-972496,伊達系譜,歴史,Aboutルール除外: 歴史
https://jpsearch.go.jp/data/nij16-972509,伊達族譜本宗,歴史,Aboutルール除外: 歴史
https://jpsearch.go.jp/data/nij16-972510,〔伊達公族譜〕,歴史,Aboutルール除外: 歴史
https://jpsearch.go.jp/data/nij16-972521,伊達秘鑑／三,歴史,Aboutルール除外: 歴史
https://jpsearch.go.jp/data/nij16-972601,伊達氏系譜／附録之壹,歴史,Aboutルール除外: 歴史
https://jpsearch.go.jp/data/nij16-972816,伊達家世臣家譜略記,歴史,Aboutルール除外: 歴史
https://jpsearch.go.jp/data/nij16-972827,伊達家臣家譜誌,歴史,Aboutルール除外: 歴史
https://jpsearch.go.jp/data/nij16-972838,伊達世臣家譜略,歴史,Aboutルール除外: 歴史
https://jpsearch.go.jp/data/nij16-972849,伊達世臣家譜,歴史,Aboutルール除外: 歴史
https://jpsearch.go.jp/data/nij16-972985,諸家系譜,歴史,Aboutルール除外: 歴史
https://jpsearch.go.jp/data/nij16-973002,伊東氏系譜,歴史,Aboutルール除外: 歴史
https://jpsearch.go.jp/data/nij16-973013,宇角家譜,歴史,Aboutルール除外: 歴史
https://jpsearch.go.jp/data/nij16-973035,大場氏系譜,歴史,Aboutルール除外: 歴史
https://jpsearch.go.jp/data/nij16-973091,〔片倉氏系譜〕,歴史,Aboutルール除外: 歴史
https://jpsearch.go.jp/data/nij16-973104,〔木村氏系譜〕,歴史,Aboutルール除外: 歴史
https://jpsearch.go.jp/data/nij16-973126,国分氏系譜,歴史,Aboutルール除外: 歴史
https://jpsearch.go.jp/data/nij16-973159,〔桜田氏系譜〕,歴史,Aboutルール除外: 歴史
https://jpsearch.go.jp/data/nij16-973193,下郡山氏家譜,歴史,Aboutルール除外: 歴史
https://jpsearch.go.jp/data/nij16-973206,白石家系譜,歴史,Aboutルール除外: 歴史
https://jpsearch.go.jp/data/nij16-973228,鈴木氏系譜,歴史,Aboutルール除外: 歴史
https://jpsearch.go.jp/data/nij16-973251,富塚家譜,歴史,Aboutルール除外: 歴史
https://jpsearch.go.jp/data/nij16-973262,永野氏系譜,歴史,Aboutルール除外: 歴史
https://jpsearch.go.jp/data/nij16-973284,〔福原氏系譜〕,歴史,Aboutルール除外: 歴史
https://jpsearch.go.jp/data/nij16-973331,〔山路氏系譜〕,歴史,Aboutルール除外: 歴史
https://jpsearch.go.jp/data/nij16-973353,亘理家譜,歴史,Aboutルール除外: 歴史
https://jpsearch.go.jp/data/nij16-973615,公家譜勘考覚書,歴史,Aboutルール除外: 歴史
https://jpsearch.go.jp/data/nij16-976114,日本全図／暗射指南譜,歴史,Aboutルール除外: 歴史
https://jpsearch.go.jp/data/nij16-976352,松島瑞巌寺中興大悲円満国師雲居和尚年譜,歴史,Aboutルール除外: 歴史
https://jpsearch.go.jp/data/nij16-976385,〔仙台藩儒家系譜〕,歴史,Aboutルール除外: 歴史
https://jpsearch.go.jp/data/nij16-977593,宮城暗射図指南譜,地理・地誌--旧仙台領・宮城県地誌--旧仙台領・宮城県関係,Aboutルール除外: 地理・地誌--旧仙台領・宮城県地誌--旧仙台領・宮城県関係
https://jpsearch.go.jp/data/nij16-978030,松島勝譜,地理・地誌--旧仙台領・宮城県地誌--宮城郡_含_仙台_--松島町関係,Aboutルール除外: 地理・地誌--旧仙台領・宮城県地誌--宮城郡_含_仙台_--松島町関係
https://jpsearch.go.jp/data/nij16-978347,光定和尚略伝附和尚年譜,天台_伝記,Aboutルール除外: 天台_伝記
https://jpsearch.go.jp/data/nij16-983211,国家金銀銭譜,貨幣,Aboutルール除外: 貨幣
https://jpsearch.go.jp/data/nij16-983222,国家金銀銭譜続集,貨幣,Aboutルール除外: 貨幣
https://jpsearch.go.jp/data/nij16-983277,香雪精舎百泉譜,貨幣,Aboutルール除外: 貨幣
https://jpsearch.go.jp/data/nij16-984009,〔画譜〕,美術,Aboutルール除外: 美術
https://jpsearch.go.jp/data/nij16-986323,真像／太閤記画譜,文学,Aboutルール除外: 文学
https://jpsearch.go.jp/data/nij16-988034,公辨法親王御年譜,伝記,Aboutルール除外: 伝記
https://jpsearch.go.jp/data/nij16-988794,鴻宝堂画譜,絵画,Aboutルール除外: 絵画
https://jpsearch.go.jp/data/ukansai-R100000114_I000003397_00,明東皐禪師琴譜,子部藝術類,Aboutルール除外: 子部藝術類
https://jpsearch.go.jp/data/ukansai-R100000114_I000003720_00,山壽堂印譜 [2],子部藝術類,Aboutルール除外: 子部藝術類
https://jpsearch.go.jp/data/ukansai-R100000114_I000003721_00,山壽堂印譜 [1],子部藝術類,Aboutルール除外: 子部藝術類
https://jpsearch.go.jp/data/ukansai-R100000114_I000003861_00,福祿壽印譜 [4],子部藝術類,Aboutルール除外: 子部藝術類
https://jpsearch.go.jp/data/ukansai-R100000114_I000003862_00,福祿壽印譜 [3],子部藝術類,Aboutルール除外: 子部藝術類
https://jpsearch.go.jp/data/ukansai-R100000114_I000003863_00,福祿壽印譜 [2],子部藝術類,Aboutルール除外: 子部藝術類
https://jpsearch.go.jp/data/ukansai-R100000114_I000003864_00,福祿壽印譜 [1],子部藝術類,Aboutルール除外: 子部藝術類
https://jpsearch.go.jp/data/ukansai-R100000114_I000003930_00,琴譜 巻之下,子部藝術類,Aboutルール除外: 子部藝術類
https://jpsearch.go.jp/data/ukansai-R100000114_I000003931_00,琴譜 巻之中,子部藝術類,Aboutルール除外: 子部藝術類
https://jpsearch.go.jp/data/ukansai-R100000114_I000003932_00,琴譜 巻之上,子部藝術類,Aboutルール除外: 子部藝術類
