[2026-08-14 16:00:37] [INFO] [sparql_collector] --- [開始] 1-1. タイトル・名称 網羅検索 (Part 1) (全件網羅 (上限なし)) ---
[2026-08-14 16:00:37] [INFO] [sparql_collector] [1-1. タイトル・名称 網羅検索 (Part 1)] Sub-fetch (limit=1000, progress=0件〜) ...
[2026-08-14 16:00:37] [INFO] [sparql_collector] [1-1. タイトル・名称 網羅検索 (Part 1)] Got 1000 new items. (累計: 1000件) [0.14s]
[2026-08-14 16:00:37] [INFO] [logger] [STATS] FETCH | Count: 1000 | Time: 0.14s | Info: 1-1. タイトル・名称 網羅検索 (Part 1) | Offset: 0
[2026-08-14 16:00:38] [INFO] [sparql_collector] [1-1. タイトル・名称 網羅検索 (Part 1)] Sub-fetch (limit=1000, progress=1000件〜) ...
[2026-08-14 16:00:38] [INFO] [sparql_collector] [1-1. タイトル・名称 網羅検索 (Part 1)] Got 1000 new items. (累計: 2000件) [0.12s]
[2026-08-14 16:00:38] [INFO] [logger] [STATS] FETCH | Count: 1000 | Time: 0.12s | Info: 1-1. タイトル・名称 網羅検索 (Part 1) | Offset: 1000
[2026-08-14 16:00:39] [INFO] [sparql_collector] [1-1. タイトル・名称 網羅検索 (Part 1)] Sub-fetch (limit=1000, progress=2000件〜) ...
[2026-08-14 16:00:39] [INFO] [sparql_collector] [1-1. タイトル・名称 網羅検索 (Part 1)] Got 1000 new items. (累計: 3000件) [0.15s]
[2026-08-14 16:00:39] [INFO] [logger] [STATS] FETCH | Count: 1000 | Time: 0.15s | Info: 1-1. タイトル・名称 網羅検索 (Part 1) | Offset: 2000
[2026-08-14 16:00:39] [INFO] [sparql_collector] [1-1. タイトル・名称 網羅検索 (Part 1)] Sub-fetch (limit=1000, progress=3000件〜) ...
[2026-08-14 16:00:39] [INFO] [sparql_collector] [1-1. タイトル・名称 網羅検索 (Part 1)] Got 1000 new items. (累計: 4000件) [0.21s]
[2026-08-14 16:00:39] [INFO] [logger] [STATS] FETCH | Count: 1000 | Time: 0.21s | Info: 1-1. タイトル・名称 網羅検索 (Part 1) | Offset: 3000
[2026-08-14 16:00:40] [INFO] [sparql_collector] [1-1. タイトル・名称 網羅検索 (Part 1)] Sub-fetch (limit=1000, progress=4000件〜) ...
[2026-08-14 16:00:40] [INFO] [sparql_collector] [1-1. タイトル・名称 網羅検索 (Part 1)] Got 1000 new items. (累計: 5000件) [0.27s]
[2026-08-14 16:00:40] [INFO] [logger] [STATS] FETCH | Count: 1000 | Time: 0.27s | Info: 1-1. タイトル・名称 網羅検索 (Part 1) | Offset: 4000
[2026-08-14 16:00:41] [INFO] [sparql_collector] [1-1. タイトル・名称 網羅検索 (Part 1)] Sub-fetch (limit=1000, progress=5000件〜) ...
[2026-08-14 16:00:41] [INFO] [sparql_collector] [1-1. タイトル・名称 網羅検索 (Part 1)] Got 210 new items. (累計: 5210件) [0.45s]
[2026-08-14 16:00:41] [INFO] [logger] [STATS] FETCH | Count: 210 | Time: 0.45s | Info: 1-1. タイトル・名称 網羅検索 (Part 1) | Offset: 5000
[2026-08-14 16:00:41] [INFO] [sparql_collector] [1-1. タイトル・名称 網羅検索 (Part 1)] 最終バッチ到達（全データ取得完了）。
[2026-08-14 16:00:43] [INFO] [sparql_collector] --- [開始] 1-2. タイトル・名称 網羅検索 (Part 2) (全件網羅 (上限なし)) ---
[2026-08-14 16:00:43] [INFO] [sparql_collector] [1-2. タイトル・名称 網羅検索 (Part 2)] Sub-fetch (limit=1000, progress=0件〜) ...
[2026-08-14 16:00:43] [INFO] [sparql_collector] [1-2. タイトル・名称 網羅検索 (Part 2)] Got 1000 new items. (累計: 1000件) [0.09s]
[2026-08-14 16:00:43] [INFO] [logger] [STATS] FETCH | Count: 1000 | Time: 0.09s | Info: 1-2. タイトル・名称 網羅検索 (Part 2) | Offset: 0
[2026-08-14 16:00:43] [INFO] [sparql_collector] [1-2. タイトル・名称 網羅検索 (Part 2)] Sub-fetch (limit=1000, progress=1000件〜) ...
[2026-08-14 16:00:43] [INFO] [sparql_collector] [1-2. タイトル・名称 網羅検索 (Part 2)] Got 1000 new items. (累計: 2000件) [0.07s]
[2026-08-14 16:00:43] [INFO] [logger] [STATS] FETCH | Count: 1000 | Time: 0.07s | Info: 1-2. タイトル・名称 網羅検索 (Part 2) | Offset: 1000
[2026-08-14 16:00:44] [INFO] [sparql_collector] [1-2. タイトル・名称 網羅検索 (Part 2)] Sub-fetch (limit=1000, progress=2000件〜) ...
[2026-08-14 16:00:44] [INFO] [sparql_collector] [1-2. タイトル・名称 網羅検索 (Part 2)] Got 1000 new items. (累計: 3000件) [0.09s]
[2026-08-14 16:00:44] [INFO] [logger] [STATS] FETCH | Count: 1000 | Time: 0.09s | Info: 1-2. タイトル・名称 網羅検索 (Part 2) | Offset: 2000
[2026-08-14 16:00:44] [INFO] [sparql_collector] [1-2. タイトル・名称 網羅検索 (Part 2)] Sub-fetch (limit=1000, progress=3000件〜) ...
[2026-08-14 16:00:45] [INFO] [sparql_collector] [1-2. タイトル・名称 網羅検索 (Part 2)] Got 1000 new items. (累計: 4000件) [0.10s]
[2026-08-14 16:00:45] [INFO] [logger] [STATS] FETCH | Count: 1000 | Time: 0.10s | Info: 1-2. タイトル・名称 網羅検索 (Part 2) | Offset: 3000
[2026-08-14 16:00:45] [INFO] [sparql_collector] [1-2. タイトル・名称 網羅検索 (Part 2)] Sub-fetch (limit=1000, progress=4000件〜) ...
[2026-08-14 16:00:45] [INFO] [sparql_collector] [1-2. タイトル・名称 網羅検索 (Part 2)] Got 1000 new items. (累計: 5000件) [0.14s]
[2026-08-14 16:00:45] [INFO] [logger] [STATS] FETCH | Count: 1000 | Time: 0.14s | Info: 1-2. タイトル・名称 網羅検索 (Part 2) | Offset: 4000
[2026-08-14 16:00:46] [INFO] [sparql_collector] [1-2. タイトル・名称 網羅検索 (Part 2)] Sub-fetch (limit=1000, progress=5000件〜) ...
[2026-08-14 16:00:46] [INFO] [sparql_collector] [1-2. タイトル・名称 網羅検索 (Part 2)] Got 1000 new items. (累計: 6000件) [0.15s]
[2026-08-14 16:00:46] [INFO] [logger] [STATS] FETCH | Count: 1000 | Time: 0.15s | Info: 1-2. タイトル・名称 網羅検索 (Part 2) | Offset: 5000
[2026-08-14 16:00:46] [INFO] [sparql_collector] [1-2. タイトル・名称 網羅検索 (Part 2)] Sub-fetch (limit=1000, progress=6000件〜) ...
[2026-08-14 16:00:46] [INFO] [sparql_collector] [1-2. タイトル・名称 網羅検索 (Part 2)] Got 1000 new items. (累計: 7000件) [0.13s]
[2026-08-14 16:00:46] [INFO] [logger] [STATS] FETCH | Count: 1000 | Time: 0.13s | Info: 1-2. タイトル・名称 網羅検索 (Part 2) | Offset: 6000
[2026-08-14 16:00:47] [INFO] [sparql_collector] [1-2. タイトル・名称 網羅検索 (Part 2)] Sub-fetch (limit=1000, progress=7000件〜) ...
[2026-08-14 16:00:47] [INFO] [sparql_collector] [1-2. タイトル・名称 網羅検索 (Part 2)] Got 1000 new items. (累計: 8000件) [0.15s]
[2026-08-14 16:00:47] [INFO] [logger] [STATS] FETCH | Count: 1000 | Time: 0.15s | Info: 1-2. タイトル・名称 網羅検索 (Part 2) | Offset: 7000
[2026-08-14 16:00:48] [INFO] [sparql_collector] [1-2. タイトル・名称 網羅検索 (Part 2)] Sub-fetch (limit=1000, progress=8000件〜) ...
[2026-08-14 16:00:48] [INFO] [sparql_collector] [1-2. タイトル・名称 網羅検索 (Part 2)] Got 1000 new items. (累計: 9000件) [0.17s]
[2026-08-14 16:00:48] [INFO] [logger] [STATS] FETCH | Count: 1000 | Time: 0.17s | Info: 1-2. タイトル・名称 網羅検索 (Part 2) | Offset: 8000
[2026-08-14 16:00:48] [INFO] [sparql_collector] [1-2. タイトル・名称 網羅検索 (Part 2)] Sub-fetch (limit=1000, progress=9000件〜) ...
[2026-08-14 16:00:48] [INFO] [sparql_collector] [1-2. タイトル・名称 網羅検索 (Part 2)] Got 1000 new items. (累計: 10000件) [0.16s]
[2026-08-14 16:00:48] [INFO] [logger] [STATS] FETCH | Count: 1000 | Time: 0.16s | Info: 1-2. タイトル・名称 網羅検索 (Part 2) | Offset: 9000
[2026-08-14 16:00:49] [INFO] [sparql_collector] [1-2. タイトル・名称 網羅検索 (Part 2)] Sub-fetch (limit=1000, progress=10000件〜) ...
[2026-08-14 16:00:49] [INFO] [sparql_collector] [1-2. タイトル・名称 網羅検索 (Part 2)] Got 1000 new items. (累計: 11000件) [0.19s]
[2026-08-14 16:00:49] [INFO] [logger] [STATS] FETCH | Count: 1000 | Time: 0.19s | Info: 1-2. タイトル・名称 網羅検索 (Part 2) | Offset: 10000
[2026-08-14 16:00:50] [INFO] [sparql_collector] [1-2. タイトル・名称 網羅検索 (Part 2)] Sub-fetch (limit=1000, progress=11000件〜) ...
[2026-08-14 16:00:50] [INFO] [sparql_collector] [1-2. タイトル・名称 網羅検索 (Part 2)] Got 1000 new items. (累計: 12000件) [0.20s]
[2026-08-14 16:00:50] [INFO] [logger] [STATS] FETCH | Count: 1000 | Time: 0.20s | Info: 1-2. タイトル・名称 網羅検索 (Part 2) | Offset: 11000
[2026-08-14 16:00:50] [INFO] [sparql_collector] [1-2. タイトル・名称 網羅検索 (Part 2)] Sub-fetch (limit=1000, progress=12000件〜) ...
[2026-08-14 16:00:51] [INFO] [sparql_collector] [1-2. タイトル・名称 網羅検索 (Part 2)] Got 1000 new items. (累計: 13000件) [0.22s]
[2026-08-14 16:00:51] [INFO] [logger] [STATS] FETCH | Count: 1000 | Time: 0.22s | Info: 1-2. タイトル・名称 網羅検索 (Part 2) | Offset: 12000
[2026-08-14 16:00:51] [INFO] [sparql_collector] [1-2. タイトル・名称 網羅検索 (Part 2)] Sub-fetch (limit=1000, progress=13000件〜) ...
[2026-08-14 16:00:51] [INFO] [sparql_collector] [1-2. タイトル・名称 網羅検索 (Part 2)] Got 1000 new items. (累計: 14000件) [0.24s]
[2026-08-14 16:00:51] [INFO] [logger] [STATS] FETCH | Count: 1000 | Time: 0.24s | Info: 1-2. タイトル・名称 網羅検索 (Part 2) | Offset: 13000
[2026-08-14 16:00:52] [INFO] [sparql_collector] [1-2. タイトル・名称 網羅検索 (Part 2)] Sub-fetch (limit=1000, progress=14000件〜) ...
[2026-08-14 16:00:52] [INFO] [sparql_collector] [1-2. タイトル・名称 網羅検索 (Part 2)] Got 1000 new items. (累計: 15000件) [0.25s]
[2026-08-14 16:00:52] [INFO] [logger] [STATS] FETCH | Count: 1000 | Time: 0.25s | Info: 1-2. タイトル・名称 網羅検索 (Part 2) | Offset: 14000
[2026-08-14 16:00:53] [INFO] [sparql_collector] [1-2. タイトル・名称 網羅検索 (Part 2)] Sub-fetch (limit=1000, progress=15000件〜) ...
[2026-08-14 16:00:53] [INFO] [sparql_collector] [1-2. タイトル・名称 網羅検索 (Part 2)] Got 1000 new items. (累計: 16000件) [0.26s]
[2026-08-14 16:00:53] [INFO] [logger] [STATS] FETCH | Count: 1000 | Time: 0.26s | Info: 1-2. タイトル・名称 網羅検索 (Part 2) | Offset: 15000
[2026-08-14 16:00:53] [INFO] [sparql_collector] [1-2. タイトル・名称 網羅検索 (Part 2)] Sub-fetch (limit=1000, progress=16000件〜) ...
[2026-08-14 16:00:54] [INFO] [sparql_collector] [1-2. タイトル・名称 網羅検索 (Part 2)] Got 1000 new items. (累計: 17000件) [0.27s]
[2026-08-14 16:00:54] [INFO] [logger] [STATS] FETCH | Count: 1000 | Time: 0.27s | Info: 1-2. タイトル・名称 網羅検索 (Part 2) | Offset: 16000
[2026-08-14 16:00:54] [INFO] [sparql_collector] [1-2. タイトル・名称 網羅検索 (Part 2)] Sub-fetch (limit=1000, progress=17000件〜) ...
[2026-08-14 16:00:54] [INFO] [sparql_collector] [1-2. タイトル・名称 網羅検索 (Part 2)] Got 1000 new items. (累計: 18000件) [0.29s]
[2026-08-14 16:00:54] [INFO] [logger] [STATS] FETCH | Count: 1000 | Time: 0.29s | Info: 1-2. タイトル・名称 網羅検索 (Part 2) | Offset: 17000
[2026-08-14 16:00:55] [INFO] [sparql_collector] [1-2. タイトル・名称 網羅検索 (Part 2)] Sub-fetch (limit=1000, progress=18000件〜) ...
[2026-08-14 16:00:55] [INFO] [sparql_collector] [1-2. タイトル・名称 網羅検索 (Part 2)] Got 1000 new items. (累計: 19000件) [0.29s]
[2026-08-14 16:00:55] [INFO] [logger] [STATS] FETCH | Count: 1000 | Time: 0.29s | Info: 1-2. タイトル・名称 網羅検索 (Part 2) | Offset: 18000
[2026-08-14 16:00:56] [INFO] [sparql_collector] [1-2. タイトル・名称 網羅検索 (Part 2)] Sub-fetch (limit=1000, progress=19000件〜) ...
[2026-08-14 16:00:56] [INFO] [sparql_collector] [1-2. タイトル・名称 網羅検索 (Part 2)] Got 1000 new items. (累計: 20000件) [0.32s]
[2026-08-14 16:00:56] [INFO] [logger] [STATS] FETCH | Count: 1000 | Time: 0.32s | Info: 1-2. タイトル・名称 網羅検索 (Part 2) | Offset: 19000
[2026-08-14 16:00:57] [INFO] [sparql_collector] [1-2. タイトル・名称 網羅検索 (Part 2)] Sub-fetch (limit=1000, progress=20000件〜) ...
[2026-08-14 16:00:57] [INFO] [sparql_collector] [1-2. タイトル・名称 網羅検索 (Part 2)] Got 1000 new items. (累計: 21000件) [0.31s]
[2026-08-14 16:00:57] [INFO] [logger] [STATS] FETCH | Count: 1000 | Time: 0.31s | Info: 1-2. タイトル・名称 網羅検索 (Part 2) | Offset: 20000
[2026-08-14 16:00:57] [INFO] [sparql_collector] [1-2. タイトル・名称 網羅検索 (Part 2)] Sub-fetch (limit=1000, progress=21000件〜) ...
[2026-08-14 16:00:58] [INFO] [sparql_collector] [1-2. タイトル・名称 網羅検索 (Part 2)] Got 1000 new items. (累計: 22000件) [0.32s]
[2026-08-14 16:00:58] [INFO] [logger] [STATS] FETCH | Count: 1000 | Time: 0.32s | Info: 1-2. タイトル・名称 網羅検索 (Part 2) | Offset: 21000
[2026-08-14 16:00:58] [INFO] [sparql_collector] [1-2. タイトル・名称 網羅検索 (Part 2)] Sub-fetch (limit=1000, progress=22000件〜) ...
[2026-08-14 16:00:59] [INFO] [sparql_collector] [1-2. タイトル・名称 網羅検索 (Part 2)] Got 1000 new items. (累計: 23000件) [0.33s]
[2026-08-14 16:00:59] [INFO] [logger] [STATS] FETCH | Count: 1000 | Time: 0.33s | Info: 1-2. タイトル・名称 網羅検索 (Part 2) | Offset: 22000
[2026-08-14 16:00:59] [INFO] [sparql_collector] [1-2. タイトル・名称 網羅検索 (Part 2)] Sub-fetch (limit=1000, progress=23000件〜) ...
[2026-08-14 16:00:59] [INFO] [sparql_collector] [1-2. タイトル・名称 網羅検索 (Part 2)] Got 1000 new items. (累計: 24000件) [0.38s]
[2026-08-14 16:00:59] [INFO] [logger] [STATS] FETCH | Count: 1000 | Time: 0.38s | Info: 1-2. タイトル・名称 網羅検索 (Part 2) | Offset: 23000
[2026-08-14 16:01:00] [INFO] [sparql_collector] [1-2. タイトル・名称 網羅検索 (Part 2)] Sub-fetch (limit=1000, progress=24000件〜) ...
[2026-08-14 16:01:00] [INFO] [sparql_collector] [1-2. タイトル・名称 網羅検索 (Part 2)] Got 1000 new items. (累計: 25000件) [0.40s]
[2026-08-14 16:01:00] [INFO] [logger] [STATS] FETCH | Count: 1000 | Time: 0.40s | Info: 1-2. タイトル・名称 網羅検索 (Part 2) | Offset: 24000
[2026-08-14 16:01:01] [INFO] [sparql_collector] [1-2. タイトル・名称 網羅検索 (Part 2)] Sub-fetch (limit=1000, progress=25000件〜) ...
[2026-08-14 16:01:01] [INFO] [sparql_collector] [1-2. タイトル・名称 網羅検索 (Part 2)] Got 1000 new items. (累計: 26000件) [0.40s]
[2026-08-14 16:01:01] [INFO] [logger] [STATS] FETCH | Count: 1000 | Time: 0.40s | Info: 1-2. タイトル・名称 網羅検索 (Part 2) | Offset: 25000
[2026-08-14 16:01:02] [INFO] [sparql_collector] [1-2. タイトル・名称 網羅検索 (Part 2)] Sub-fetch (limit=1000, progress=26000件〜) ...
[2026-08-14 16:01:02] [INFO] [sparql_collector] [1-2. タイトル・名称 網羅検索 (Part 2)] Got 1000 new items. (累計: 27000件) [0.43s]
[2026-08-14 16:01:02] [INFO] [logger] [STATS] FETCH | Count: 1000 | Time: 0.43s | Info: 1-2. タイトル・名称 網羅検索 (Part 2) | Offset: 26000
[2026-08-14 16:01:03] [INFO] [sparql_collector] [1-2. タイトル・名称 網羅検索 (Part 2)] Sub-fetch (limit=1000, progress=27000件〜) ...
[2026-08-14 16:01:03] [INFO] [sparql_collector] [1-2. タイトル・名称 網羅検索 (Part 2)] Got 1000 new items. (累計: 28000件) [0.43s]
[2026-08-14 16:01:03] [INFO] [logger] [STATS] FETCH | Count: 1000 | Time: 0.43s | Info: 1-2. タイトル・名称 網羅検索 (Part 2) | Offset: 27000
[2026-08-14 16:01:04] [INFO] [sparql_collector] [1-2. タイトル・名称 網羅検索 (Part 2)] Sub-fetch (limit=1000, progress=28000件〜) ...
[2026-08-14 16:01:04] [INFO] [sparql_collector] [1-2. タイトル・名称 網羅検索 (Part 2)] Got 1000 new items. (累計: 29000件) [0.46s]
[2026-08-14 16:01:04] [INFO] [logger] [STATS] FETCH | Count: 1000 | Time: 0.46s | Info: 1-2. タイトル・名称 網羅検索 (Part 2) | Offset: 28000
[2026-08-14 16:01:05] [INFO] [sparql_collector] [1-2. タイトル・名称 網羅検索 (Part 2)] Sub-fetch (limit=1000, progress=29000件〜) ...
[2026-08-14 16:01:05] [INFO] [sparql_collector] [1-2. タイトル・名称 網羅検索 (Part 2)] Got 1000 new items. (累計: 30000件) [0.46s]
[2026-08-14 16:01:05] [INFO] [logger] [STATS] FETCH | Count: 1000 | Time: 0.46s | Info: 1-2. タイトル・名称 網羅検索 (Part 2) | Offset: 29000
[2026-08-14 16:01:06] [INFO] [sparql_collector] [1-2. タイトル・名称 網羅検索 (Part 2)] Sub-fetch (limit=1000, progress=30000件〜) ...
[2026-08-14 16:01:06] [INFO] [sparql_collector] [1-2. タイトル・名称 網羅検索 (Part 2)] Got 1000 new items. (累計: 31000件) [0.49s]
[2026-08-14 16:01:06] [INFO] [logger] [STATS] FETCH | Count: 1000 | Time: 0.49s | Info: 1-2. タイトル・名称 網羅検索 (Part 2) | Offset: 30000
[2026-08-14 16:01:07] [INFO] [sparql_collector] [1-2. タイトル・名称 網羅検索 (Part 2)] Sub-fetch (limit=1000, progress=31000件〜) ...
[2026-08-14 16:01:07] [INFO] [sparql_collector] [1-2. タイトル・名称 網羅検索 (Part 2)] Got 1000 new items. (累計: 32000件) [0.52s]
[2026-08-14 16:01:07] [INFO] [logger] [STATS] FETCH | Count: 1000 | Time: 0.52s | Info: 1-2. タイトル・名称 網羅検索 (Part 2) | Offset: 31000
[2026-08-14 16:01:08] [INFO] [sparql_collector] [1-2. タイトル・名称 網羅検索 (Part 2)] Sub-fetch (limit=1000, progress=32000件〜) ...
[2026-08-14 16:01:08] [INFO] [sparql_collector] [1-2. タイトル・名称 網羅検索 (Part 2)] Got 1000 new items. (累計: 33000件) [0.51s]
[2026-08-14 16:01:08] [INFO] [logger] [STATS] FETCH | Count: 1000 | Time: 0.51s | Info: 1-2. タイトル・名称 網羅検索 (Part 2) | Offset: 32000
[2026-08-14 16:01:09] [INFO] [sparql_collector] [1-2. タイトル・名称 網羅検索 (Part 2)] Sub-fetch (limit=1000, progress=33000件〜) ...
[2026-08-14 16:01:09] [INFO] [sparql_collector] [1-2. タイトル・名称 網羅検索 (Part 2)] Got 1000 new items. (累計: 34000件) [0.54s]
[2026-08-14 16:01:09] [INFO] [logger] [STATS] FETCH | Count: 1000 | Time: 0.54s | Info: 1-2. タイトル・名称 網羅検索 (Part 2) | Offset: 33000
[2026-08-14 16:01:10] [INFO] [sparql_collector] [1-2. タイトル・名称 網羅検索 (Part 2)] Sub-fetch (limit=1000, progress=34000件〜) ...
[2026-08-14 16:01:10] [INFO] [sparql_collector] [1-2. タイトル・名称 網羅検索 (Part 2)] Got 1000 new items. (累計: 35000件) [0.53s]
[2026-08-14 16:01:10] [INFO] [logger] [STATS] FETCH | Count: 1000 | Time: 0.53s | Info: 1-2. タイトル・名称 網羅検索 (Part 2) | Offset: 34000
[2026-08-14 16:01:11] [INFO] [sparql_collector] [1-2. タイトル・名称 網羅検索 (Part 2)] Sub-fetch (limit=1000, progress=35000件〜) ...
[2026-08-14 16:01:11] [INFO] [sparql_collector] [1-2. タイトル・名称 網羅検索 (Part 2)] Got 1000 new items. (累計: 36000件) [0.61s]
[2026-08-14 16:01:11] [INFO] [logger] [STATS] FETCH | Count: 1000 | Time: 0.61s | Info: 1-2. タイトル・名称 網羅検索 (Part 2) | Offset: 35000
[2026-08-14 16:01:12] [INFO] [sparql_collector] [1-2. タイトル・名称 網羅検索 (Part 2)] Sub-fetch (limit=1000, progress=36000件〜) ...
[2026-08-14 16:01:12] [INFO] [sparql_collector] [1-2. タイトル・名称 網羅検索 (Part 2)] Got 1000 new items. (累計: 37000件) [0.56s]
[2026-08-14 16:01:12] [INFO] [logger] [STATS] FETCH | Count: 1000 | Time: 0.56s | Info: 1-2. タイトル・名称 網羅検索 (Part 2) | Offset: 36000
[2026-08-14 16:01:13] [INFO] [sparql_collector] [1-2. タイトル・名称 網羅検索 (Part 2)] Sub-fetch (limit=1000, progress=37000件〜) ...
[2026-08-14 16:01:13] [INFO] [sparql_collector] [1-2. タイトル・名称 網羅検索 (Part 2)] Got 1000 new items. (累計: 38000件) [0.61s]
[2026-08-14 16:01:13] [INFO] [logger] [STATS] FETCH | Count: 1000 | Time: 0.61s | Info: 1-2. タイトル・名称 網羅検索 (Part 2) | Offset: 37000
[2026-08-14 16:01:14] [INFO] [sparql_collector] [1-2. タイトル・名称 網羅検索 (Part 2)] Sub-fetch (limit=1000, progress=38000件〜) ...
[2026-08-14 16:01:15] [INFO] [sparql_collector] [1-2. タイトル・名称 網羅検索 (Part 2)] Got 1000 new items. (累計: 39000件) [0.64s]
[2026-08-14 16:01:15] [INFO] [logger] [STATS] FETCH | Count: 1000 | Time: 0.64s | Info: 1-2. タイトル・名称 網羅検索 (Part 2) | Offset: 38000
[2026-08-14 16:01:15] [INFO] [sparql_collector] [1-2. タイトル・名称 網羅検索 (Part 2)] Sub-fetch (limit=1000, progress=39000件〜) ...
[2026-08-14 16:01:16] [INFO] [sparql_collector] [1-2. タイトル・名称 網羅検索 (Part 2)] Got 1000 new items. (累計: 40000件) [0.62s]
[2026-08-14 16:01:16] [INFO] [logger] [STATS] FETCH | Count: 1000 | Time: 0.62s | Info: 1-2. タイトル・名称 網羅検索 (Part 2) | Offset: 39000
[2026-08-14 16:01:16] [INFO] [sparql_collector] [1-2. タイトル・名称 網羅検索 (Part 2)] Sub-fetch (limit=1000, progress=40000件〜) ...
[2026-08-14 16:01:17] [INFO] [sparql_collector] [1-2. タイトル・名称 網羅検索 (Part 2)] Got 1000 new items. (累計: 41000件) [0.66s]
[2026-08-14 16:01:17] [INFO] [logger] [STATS] FETCH | Count: 1000 | Time: 0.66s | Info: 1-2. タイトル・名称 網羅検索 (Part 2) | Offset: 40000
[2026-08-14 16:01:17] [INFO] [sparql_collector] [1-2. タイトル・名称 網羅検索 (Part 2)] Sub-fetch (limit=1000, progress=41000件〜) ...
[2026-08-14 16:01:18] [INFO] [sparql_collector] [1-2. タイトル・名称 網羅検索 (Part 2)] Got 1000 new items. (累計: 42000件) [0.71s]
[2026-08-14 16:01:18] [INFO] [logger] [STATS] FETCH | Count: 1000 | Time: 0.71s | Info: 1-2. タイトル・名称 網羅検索 (Part 2) | Offset: 41000
[2026-08-14 16:01:19] [INFO] [sparql_collector] [1-2. タイトル・名称 網羅検索 (Part 2)] Sub-fetch (limit=1000, progress=42000件〜) ...
[2026-08-14 16:01:19] [INFO] [sparql_collector] [1-2. タイトル・名称 網羅検索 (Part 2)] Got 1000 new items. (累計: 43000件) [0.70s]
[2026-08-14 16:01:19] [INFO] [logger] [STATS] FETCH | Count: 1000 | Time: 0.70s | Info: 1-2. タイトル・名称 網羅検索 (Part 2) | Offset: 42000
[2026-08-14 16:01:20] [INFO] [sparql_collector] [1-2. タイトル・名称 網羅検索 (Part 2)] Sub-fetch (limit=1000, progress=43000件〜) ...
[2026-08-14 16:01:21] [INFO] [sparql_collector] [1-2. タイトル・名称 網羅検索 (Part 2)] Got 1000 new items. (累計: 44000件) [0.74s]
[2026-08-14 16:01:21] [INFO] [logger] [STATS] FETCH | Count: 1000 | Time: 0.74s | Info: 1-2. タイトル・名称 網羅検索 (Part 2) | Offset: 43000
[2026-08-14 16:01:21] [INFO] [sparql_collector] [1-2. タイトル・名称 網羅検索 (Part 2)] Sub-fetch (limit=1000, progress=44000件〜) ...
[2026-08-14 16:01:22] [INFO] [sparql_collector] [1-2. タイトル・名称 網羅検索 (Part 2)] Got 1000 new items. (累計: 45000件) [0.69s]
[2026-08-14 16:01:22] [INFO] [logger] [STATS] FETCH | Count: 1000 | Time: 0.69s | Info: 1-2. タイトル・名称 網羅検索 (Part 2) | Offset: 44000
[2026-08-14 16:01:22] [INFO] [sparql_collector] [1-2. タイトル・名称 網羅検索 (Part 2)] Sub-fetch (limit=1000, progress=45000件〜) ...
[2026-08-14 16:01:23] [INFO] [sparql_collector] [1-2. タイトル・名称 網羅検索 (Part 2)] Got 1000 new items. (累計: 46000件) [0.67s]
[2026-08-14 16:01:23] [INFO] [logger] [STATS] FETCH | Count: 1000 | Time: 0.67s | Info: 1-2. タイトル・名称 網羅検索 (Part 2) | Offset: 45000
[2026-08-14 16:01:23] [INFO] [sparql_collector] [1-2. タイトル・名称 網羅検索 (Part 2)] Sub-fetch (limit=1000, progress=46000件〜) ...
[2026-08-14 16:01:24] [INFO] [sparql_collector] [1-2. タイトル・名称 網羅検索 (Part 2)] Got 1000 new items. (累計: 47000件) [0.73s]
[2026-08-14 16:01:24] [INFO] [logger] [STATS] FETCH | Count: 1000 | Time: 0.73s | Info: 1-2. タイトル・名称 網羅検索 (Part 2) | Offset: 46000
[2026-08-14 16:01:25] [INFO] [sparql_collector] [1-2. タイトル・名称 網羅検索 (Part 2)] Sub-fetch (limit=1000, progress=47000件〜) ...
[2026-08-14 16:01:25] [INFO] [sparql_collector] [1-2. タイトル・名称 網羅検索 (Part 2)] Got 1000 new items. (累計: 48000件) [0.81s]
[2026-08-14 16:01:25] [INFO] [logger] [STATS] FETCH | Count: 1000 | Time: 0.81s | Info: 1-2. タイトル・名称 網羅検索 (Part 2) | Offset: 47000
[2026-08-14 16:01:26] [INFO] [sparql_collector] [1-2. タイトル・名称 網羅検索 (Part 2)] Sub-fetch (limit=1000, progress=48000件〜) ...
[2026-08-14 16:01:27] [INFO] [sparql_collector] [1-2. タイトル・名称 網羅検索 (Part 2)] Got 1000 new items. (累計: 49000件) [0.82s]
[2026-08-14 16:01:27] [INFO] [logger] [STATS] FETCH | Count: 1000 | Time: 0.82s | Info: 1-2. タイトル・名称 網羅検索 (Part 2) | Offset: 48000
[2026-08-14 16:01:27] [INFO] [sparql_collector] [1-2. タイトル・名称 網羅検索 (Part 2)] Sub-fetch (limit=1000, progress=49000件〜) ...
[2026-08-14 16:01:28] [INFO] [sparql_collector] [1-2. タイトル・名称 網羅検索 (Part 2)] Got 1000 new items. (累計: 50000件) [0.81s]
[2026-08-14 16:01:28] [INFO] [logger] [STATS] FETCH | Count: 1000 | Time: 0.81s | Info: 1-2. タイトル・名称 網羅検索 (Part 2) | Offset: 49000
[2026-08-14 16:01:29] [INFO] [sparql_collector] [1-2. タイトル・名称 網羅検索 (Part 2)] Sub-fetch (limit=1000, progress=50000件〜) ...
[2026-08-14 16:01:29] [INFO] [sparql_collector] [1-2. タイトル・名称 網羅検索 (Part 2)] Got 1000 new items. (累計: 51000件) [0.83s]
[2026-08-14 16:01:29] [INFO] [logger] [STATS] FETCH | Count: 1000 | Time: 0.83s | Info: 1-2. タイトル・名称 網羅検索 (Part 2) | Offset: 50000
[2026-08-14 16:01:30] [INFO] [sparql_collector] [1-2. タイトル・名称 網羅検索 (Part 2)] Sub-fetch (limit=1000, progress=51000件〜) ...
[2026-08-14 16:01:31] [INFO] [sparql_collector] [1-2. タイトル・名称 網羅検索 (Part 2)] Got 1000 new items. (累計: 52000件) [0.83s]
[2026-08-14 16:01:31] [INFO] [logger] [STATS] FETCH | Count: 1000 | Time: 0.83s | Info: 1-2. タイトル・名称 網羅検索 (Part 2) | Offset: 51000
[2026-08-14 16:01:31] [INFO] [sparql_collector] [1-2. タイトル・名称 網羅検索 (Part 2)] Sub-fetch (limit=1000, progress=52000件〜) ...
[2026-08-14 16:01:32] [INFO] [sparql_collector] [1-2. タイトル・名称 網羅検索 (Part 2)] Got 1000 new items. (累計: 53000件) [0.84s]
[2026-08-14 16:01:32] [INFO] [logger] [STATS] FETCH | Count: 1000 | Time: 0.84s | Info: 1-2. タイトル・名称 網羅検索 (Part 2) | Offset: 52000
[2026-08-14 16:01:33] [INFO] [sparql_collector] [1-2. タイトル・名称 網羅検索 (Part 2)] Sub-fetch (limit=1000, progress=53000件〜) ...
[2026-08-14 16:01:33] [INFO] [sparql_collector] [1-2. タイトル・名称 網羅検索 (Part 2)] Got 1000 new items. (累計: 54000件) [0.86s]
[2026-08-14 16:01:33] [INFO] [logger] [STATS] FETCH | Count: 1000 | Time: 0.86s | Info: 1-2. タイトル・名称 網羅検索 (Part 2) | Offset: 53000
[2026-08-14 16:01:34] [INFO] [sparql_collector] [1-2. タイトル・名称 網羅検索 (Part 2)] Sub-fetch (limit=1000, progress=54000件〜) ...
[2026-08-14 16:01:35] [INFO] [sparql_collector] [1-2. タイトル・名称 網羅検索 (Part 2)] Got 1000 new items. (累計: 55000件) [1.05s]
[2026-08-14 16:01:35] [INFO] [logger] [STATS] FETCH | Count: 1000 | Time: 1.05s | Info: 1-2. タイトル・名称 網羅検索 (Part 2) | Offset: 54000
[2026-08-14 16:01:36] [INFO] [sparql_collector] [1-2. タイトル・名称 網羅検索 (Part 2)] Sub-fetch (limit=1000, progress=55000件〜) ...
[2026-08-14 16:01:37] [INFO] [sparql_collector] [1-2. タイトル・名称 網羅検索 (Part 2)] Got 544 new items. (累計: 55544件) [1.24s]
[2026-08-14 16:01:37] [INFO] [logger] [STATS] FETCH | Count: 544 | Time: 1.24s | Info: 1-2. タイトル・名称 網羅検索 (Part 2) | Offset: 55000
[2026-08-14 16:01:37] [INFO] [sparql_collector] [1-2. タイトル・名称 網羅検索 (Part 2)] 最終バッチ到達（全データ取得完了）。
[2026-08-14 16:01:38] [INFO] [sparql_collector] --- [開始] 1-3. タイトル・名称 網羅検索 (Part 3) (全件網羅 (上限なし)) ---
[2026-08-14 16:01:38] [INFO] [sparql_collector] [1-3. タイトル・名称 網羅検索 (Part 3)] Sub-fetch (limit=1000, progress=0件〜) ...
[2026-08-14 16:01:38] [INFO] [sparql_collector] [1-3. タイトル・名称 網羅検索 (Part 3)] Got 1000 new items. (累計: 1000件) [0.08s]
[2026-08-14 16:01:38] [INFO] [logger] [STATS] FETCH | Count: 1000 | Time: 0.08s | Info: 1-3. タイトル・名称 網羅検索 (Part 3) | Offset: 0
[2026-08-14 16:01:39] [INFO] [sparql_collector] [1-3. タイトル・名称 網羅検索 (Part 3)] Sub-fetch (limit=1000, progress=1000件〜) ...
[2026-08-14 16:01:39] [INFO] [sparql_collector] [1-3. タイトル・名称 網羅検索 (Part 3)] Got 1000 new items. (累計: 2000件) [0.08s]
[2026-08-14 16:01:39] [INFO] [logger] [STATS] FETCH | Count: 1000 | Time: 0.08s | Info: 1-3. タイトル・名称 網羅検索 (Part 3) | Offset: 1000
[2026-08-14 16:01:39] [INFO] [sparql_collector] [1-3. タイトル・名称 網羅検索 (Part 3)] Sub-fetch (limit=1000, progress=2000件〜) ...
[2026-08-14 16:01:40] [INFO] [sparql_collector] [1-3. タイトル・名称 網羅検索 (Part 3)] Got 1000 new items. (累計: 3000件) [0.09s]
[2026-08-14 16:01:40] [INFO] [logger] [STATS] FETCH | Count: 1000 | Time: 0.09s | Info: 1-3. タイトル・名称 網羅検索 (Part 3) | Offset: 2000
[2026-08-14 16:01:40] [INFO] [sparql_collector] [1-3. タイトル・名称 網羅検索 (Part 3)] Sub-fetch (limit=1000, progress=3000件〜) ...
[2026-08-14 16:01:40] [INFO] [sparql_collector] [1-3. タイトル・名称 網羅検索 (Part 3)] Got 1000 new items. (累計: 4000件) [0.10s]
[2026-08-14 16:01:40] [INFO] [logger] [STATS] FETCH | Count: 1000 | Time: 0.10s | Info: 1-3. タイトル・名称 網羅検索 (Part 3) | Offset: 3000
[2026-08-14 16:01:41] [INFO] [sparql_collector] [1-3. タイトル・名称 網羅検索 (Part 3)] Sub-fetch (limit=1000, progress=4000件〜) ...
[2026-08-14 16:01:41] [INFO] [sparql_collector] [1-3. タイトル・名称 網羅検索 (Part 3)] Got 1000 new items. (累計: 5000件) [0.14s]
[2026-08-14 16:01:41] [INFO] [logger] [STATS] FETCH | Count: 1000 | Time: 0.14s | Info: 1-3. タイトル・名称 網羅検索 (Part 3) | Offset: 4000
[2026-08-14 16:01:41] [INFO] [sparql_collector] [1-3. タイトル・名称 網羅検索 (Part 3)] Sub-fetch (limit=1000, progress=5000件〜) ...
[2026-08-14 16:01:41] [INFO] [sparql_collector] [1-3. タイトル・名称 網羅検索 (Part 3)] Got 1000 new items. (累計: 6000件) [0.13s]
[2026-08-14 16:01:41] [INFO] [logger] [STATS] FETCH | Count: 1000 | Time: 0.13s | Info: 1-3. タイトル・名称 網羅検索 (Part 3) | Offset: 5000
[2026-08-14 16:01:42] [INFO] [sparql_collector] [1-3. タイトル・名称 網羅検索 (Part 3)] Sub-fetch (limit=1000, progress=6000件〜) ...
[2026-08-14 16:01:42] [INFO] [sparql_collector] [1-3. タイトル・名称 網羅検索 (Part 3)] Got 1000 new items. (累計: 7000件) [0.13s]
[2026-08-14 16:01:42] [INFO] [logger] [STATS] FETCH | Count: 1000 | Time: 0.13s | Info: 1-3. タイトル・名称 網羅検索 (Part 3) | Offset: 6000
[2026-08-14 16:01:43] [INFO] [sparql_collector] [1-3. タイトル・名称 網羅検索 (Part 3)] Sub-fetch (limit=1000, progress=7000件〜) ...
[2026-08-14 16:01:43] [INFO] [sparql_collector] [1-3. タイトル・名称 網羅検索 (Part 3)] Got 1000 new items. (累計: 8000件) [0.14s]
[2026-08-14 16:01:43] [INFO] [logger] [STATS] FETCH | Count: 1000 | Time: 0.14s | Info: 1-3. タイトル・名称 網羅検索 (Part 3) | Offset: 7000
[2026-08-14 16:01:43] [INFO] [sparql_collector] [1-3. タイトル・名称 網羅検索 (Part 3)] Sub-fetch (limit=1000, progress=8000件〜) ...
[2026-08-14 16:01:43] [INFO] [sparql_collector] [1-3. タイトル・名称 網羅検索 (Part 3)] Got 1000 new items. (累計: 9000件) [0.14s]
[2026-08-14 16:01:43] [INFO] [logger] [STATS] FETCH | Count: 1000 | Time: 0.14s | Info: 1-3. タイトル・名称 網羅検索 (Part 3) | Offset: 8000
[2026-08-14 16:01:44] [INFO] [sparql_collector] [1-3. タイトル・名称 網羅検索 (Part 3)] Sub-fetch (limit=1000, progress=9000件〜) ...
[2026-08-14 16:01:44] [INFO] [sparql_collector] [1-3. タイトル・名称 網羅検索 (Part 3)] Got 1000 new items. (累計: 10000件) [0.17s]
[2026-08-14 16:01:44] [INFO] [logger] [STATS] FETCH | Count: 1000 | Time: 0.17s | Info: 1-3. タイトル・名称 網羅検索 (Part 3) | Offset: 9000
[2026-08-14 16:01:45] [INFO] [sparql_collector] [1-3. タイトル・名称 網羅検索 (Part 3)] Sub-fetch (limit=1000, progress=10000件〜) ...
[2026-08-14 16:01:45] [INFO] [sparql_collector] [1-3. タイトル・名称 網羅検索 (Part 3)] Got 1000 new items. (累計: 11000件) [0.17s]
[2026-08-14 16:01:45] [INFO] [logger] [STATS] FETCH | Count: 1000 | Time: 0.17s | Info: 1-3. タイトル・名称 網羅検索 (Part 3) | Offset: 10000
[2026-08-14 16:01:45] [INFO] [sparql_collector] [1-3. タイトル・名称 網羅検索 (Part 3)] Sub-fetch (limit=1000, progress=11000件〜) ...
[2026-08-14 16:01:45] [INFO] [sparql_collector] [1-3. タイトル・名称 網羅検索 (Part 3)] Got 1000 new items. (累計: 12000件) [0.18s]
[2026-08-14 16:01:45] [INFO] [logger] [STATS] FETCH | Count: 1000 | Time: 0.18s | Info: 1-3. タイトル・名称 網羅検索 (Part 3) | Offset: 11000
[2026-08-14 16:01:46] [INFO] [sparql_collector] [1-3. タイトル・名称 網羅検索 (Part 3)] Sub-fetch (limit=1000, progress=12000件〜) ...
[2026-08-14 16:01:46] [INFO] [sparql_collector] [1-3. タイトル・名称 網羅検索 (Part 3)] Got 1000 new items. (累計: 13000件) [0.19s]
[2026-08-14 16:01:46] [INFO] [logger] [STATS] FETCH | Count: 1000 | Time: 0.19s | Info: 1-3. タイトル・名称 網羅検索 (Part 3) | Offset: 12000
[2026-08-14 16:01:47] [INFO] [sparql_collector] [1-3. タイトル・名称 網羅検索 (Part 3)] Sub-fetch (limit=1000, progress=13000件〜) ...
[2026-08-14 16:01:47] [INFO] [sparql_collector] [1-3. タイトル・名称 網羅検索 (Part 3)] Got 1000 new items. (累計: 14000件) [0.30s]
[2026-08-14 16:01:47] [INFO] [logger] [STATS] FETCH | Count: 1000 | Time: 0.30s | Info: 1-3. タイトル・名称 網羅検索 (Part 3) | Offset: 13000
[2026-08-14 16:01:47] [INFO] [sparql_collector] [1-3. タイトル・名称 網羅検索 (Part 3)] Sub-fetch (limit=1000, progress=14000件〜) ...
[2026-08-14 16:01:48] [INFO] [sparql_collector] [1-3. タイトル・名称 網羅検索 (Part 3)] Got 1000 new items. (累計: 15000件) [0.23s]
[2026-08-14 16:01:48] [INFO] [logger] [STATS] FETCH | Count: 1000 | Time: 0.23s | Info: 1-3. タイトル・名称 網羅検索 (Part 3) | Offset: 14000
[2026-08-14 16:01:48] [INFO] [sparql_collector] [1-3. タイトル・名称 網羅検索 (Part 3)] Sub-fetch (limit=1000, progress=15000件〜) ...
[2026-08-14 16:01:48] [INFO] [sparql_collector] [1-3. タイトル・名称 網羅検索 (Part 3)] Got 1000 new items. (累計: 16000件) [0.22s]
[2026-08-14 16:01:48] [INFO] [logger] [STATS] FETCH | Count: 1000 | Time: 0.22s | Info: 1-3. タイトル・名称 網羅検索 (Part 3) | Offset: 15000
[2026-08-14 16:01:49] [INFO] [sparql_collector] [1-3. タイトル・名称 網羅検索 (Part 3)] Sub-fetch (limit=1000, progress=16000件〜) ...
[2026-08-14 16:01:49] [INFO] [sparql_collector] [1-3. タイトル・名称 網羅検索 (Part 3)] Got 1000 new items. (累計: 17000件) [0.24s]
[2026-08-14 16:01:49] [INFO] [logger] [STATS] FETCH | Count: 1000 | Time: 0.24s | Info: 1-3. タイトル・名称 網羅検索 (Part 3) | Offset: 16000
[2026-08-14 16:01:50] [INFO] [sparql_collector] [1-3. タイトル・名称 網羅検索 (Part 3)] Sub-fetch (limit=1000, progress=17000件〜) ...
[2026-08-14 16:01:50] [INFO] [sparql_collector] [1-3. タイトル・名称 網羅検索 (Part 3)] Got 1000 new items. (累計: 18000件) [0.25s]
[2026-08-14 16:01:50] [INFO] [logger] [STATS] FETCH | Count: 1000 | Time: 0.25s | Info: 1-3. タイトル・名称 網羅検索 (Part 3) | Offset: 17000
[2026-08-14 16:01:50] [INFO] [sparql_collector] [1-3. タイトル・名称 網羅検索 (Part 3)] Sub-fetch (limit=1000, progress=18000件〜) ...
[2026-08-14 16:01:51] [INFO] [sparql_collector] [1-3. タイトル・名称 網羅検索 (Part 3)] Got 1000 new items. (累計: 19000件) [0.28s]
[2026-08-14 16:01:51] [INFO] [logger] [STATS] FETCH | Count: 1000 | Time: 0.28s | Info: 1-3. タイトル・名称 網羅検索 (Part 3) | Offset: 18000
[2026-08-14 16:01:51] [INFO] [sparql_collector] [1-3. タイトル・名称 網羅検索 (Part 3)] Sub-fetch (limit=1000, progress=19000件〜) ...
[2026-08-14 16:01:51] [INFO] [sparql_collector] [1-3. タイトル・名称 網羅検索 (Part 3)] Got 1000 new items. (累計: 20000件) [0.29s]
[2026-08-14 16:01:51] [INFO] [logger] [STATS] FETCH | Count: 1000 | Time: 0.29s | Info: 1-3. タイトル・名称 網羅検索 (Part 3) | Offset: 19000
[2026-08-14 16:01:52] [INFO] [sparql_collector] [1-3. タイトル・名称 網羅検索 (Part 3)] Sub-fetch (limit=1000, progress=20000件〜) ...
[2026-08-14 16:01:52] [INFO] [sparql_collector] [1-3. タイトル・名称 網羅検索 (Part 3)] Got 1000 new items. (累計: 21000件) [0.29s]
[2026-08-14 16:01:52] [INFO] [logger] [STATS] FETCH | Count: 1000 | Time: 0.29s | Info: 1-3. タイトル・名称 網羅検索 (Part 3) | Offset: 20000
[2026-08-14 16:01:53] [INFO] [sparql_collector] [1-3. タイトル・名称 網羅検索 (Part 3)] Sub-fetch (limit=1000, progress=21000件〜) ...
[2026-08-14 16:01:53] [INFO] [sparql_collector] [1-3. タイトル・名称 網羅検索 (Part 3)] Got 1000 new items. (累計: 22000件) [0.31s]
[2026-08-14 16:01:53] [INFO] [logger] [STATS] FETCH | Count: 1000 | Time: 0.31s | Info: 1-3. タイトル・名称 網羅検索 (Part 3) | Offset: 21000
[2026-08-14 16:01:54] [INFO] [sparql_collector] [1-3. タイトル・名称 網羅検索 (Part 3)] Sub-fetch (limit=1000, progress=22000件〜) ...
[2026-08-14 16:01:54] [INFO] [sparql_collector] [1-3. タイトル・名称 網羅検索 (Part 3)] Got 1000 new items. (累計: 23000件) [0.34s]
[2026-08-14 16:01:54] [INFO] [logger] [STATS] FETCH | Count: 1000 | Time: 0.34s | Info: 1-3. タイトル・名称 網羅検索 (Part 3) | Offset: 22000
[2026-08-14 16:01:54] [INFO] [sparql_collector] [1-3. タイトル・名称 網羅検索 (Part 3)] Sub-fetch (limit=1000, progress=23000件〜) ...
[2026-08-14 16:01:55] [INFO] [sparql_collector] [1-3. タイトル・名称 網羅検索 (Part 3)] Got 1000 new items. (累計: 24000件) [0.36s]
[2026-08-14 16:01:55] [INFO] [logger] [STATS] FETCH | Count: 1000 | Time: 0.36s | Info: 1-3. タイトル・名称 網羅検索 (Part 3) | Offset: 23000
[2026-08-14 16:01:55] [INFO] [sparql_collector] [1-3. タイトル・名称 網羅検索 (Part 3)] Sub-fetch (limit=1000, progress=24000件〜) ...
[2026-08-14 16:01:56] [INFO] [sparql_collector] [1-3. タイトル・名称 網羅検索 (Part 3)] Got 1000 new items. (累計: 25000件) [0.35s]
[2026-08-14 16:01:56] [INFO] [logger] [STATS] FETCH | Count: 1000 | Time: 0.35s | Info: 1-3. タイトル・名称 網羅検索 (Part 3) | Offset: 24000
[2026-08-14 16:01:56] [INFO] [sparql_collector] [1-3. タイトル・名称 網羅検索 (Part 3)] Sub-fetch (limit=1000, progress=25000件〜) ...
[2026-08-14 16:01:57] [INFO] [sparql_collector] [1-3. タイトル・名称 網羅検索 (Part 3)] Got 1000 new items. (累計: 26000件) [0.37s]
[2026-08-14 16:01:57] [INFO] [logger] [STATS] FETCH | Count: 1000 | Time: 0.37s | Info: 1-3. タイトル・名称 網羅検索 (Part 3) | Offset: 25000
[2026-08-14 16:01:57] [INFO] [sparql_collector] [1-3. タイトル・名称 網羅検索 (Part 3)] Sub-fetch (limit=1000, progress=26000件〜) ...
[2026-08-14 16:01:57] [INFO] [sparql_collector] [1-3. タイトル・名称 網羅検索 (Part 3)] Got 1000 new items. (累計: 27000件) [0.36s]
[2026-08-14 16:01:57] [INFO] [logger] [STATS] FETCH | Count: 1000 | Time: 0.36s | Info: 1-3. タイトル・名称 網羅検索 (Part 3) | Offset: 26000
[2026-08-14 16:01:58] [INFO] [sparql_collector] [1-3. タイトル・名称 網羅検索 (Part 3)] Sub-fetch (limit=1000, progress=27000件〜) ...
[2026-08-14 16:01:58] [INFO] [sparql_collector] [1-3. タイトル・名称 網羅検索 (Part 3)] Got 1000 new items. (累計: 28000件) [0.39s]
[2026-08-14 16:01:58] [INFO] [logger] [STATS] FETCH | Count: 1000 | Time: 0.39s | Info: 1-3. タイトル・名称 網羅検索 (Part 3) | Offset: 27000
[2026-08-14 16:01:59] [INFO] [sparql_collector] [1-3. タイトル・名称 網羅検索 (Part 3)] Sub-fetch (limit=1000, progress=28000件〜) ...
[2026-08-14 16:01:59] [INFO] [sparql_collector] [1-3. タイトル・名称 網羅検索 (Part 3)] Got 1000 new items. (累計: 29000件) [0.40s]
[2026-08-14 16:01:59] [INFO] [logger] [STATS] FETCH | Count: 1000 | Time: 0.40s | Info: 1-3. タイトル・名称 網羅検索 (Part 3) | Offset: 28000
[2026-08-14 16:02:00] [INFO] [sparql_collector] [1-3. タイトル・名称 網羅検索 (Part 3)] Sub-fetch (limit=1000, progress=29000件〜) ...
[2026-08-14 16:02:00] [INFO] [sparql_collector] [1-3. タイトル・名称 網羅検索 (Part 3)] Got 1000 new items. (累計: 30000件) [0.42s]
[2026-08-14 16:02:00] [INFO] [logger] [STATS] FETCH | Count: 1000 | Time: 0.42s | Info: 1-3. タイトル・名称 網羅検索 (Part 3) | Offset: 29000
[2026-08-14 16:02:01] [INFO] [sparql_collector] [1-3. タイトル・名称 網羅検索 (Part 3)] Sub-fetch (limit=1000, progress=30000件〜) ...
[2026-08-14 16:02:01] [INFO] [sparql_collector] [1-3. タイトル・名称 網羅検索 (Part 3)] Got 1000 new items. (累計: 31000件) [0.46s]
[2026-08-14 16:02:01] [INFO] [logger] [STATS] FETCH | Count: 1000 | Time: 0.46s | Info: 1-3. タイトル・名称 網羅検索 (Part 3) | Offset: 30000
[2026-08-14 16:02:02] [INFO] [sparql_collector] [1-3. タイトル・名称 網羅検索 (Part 3)] Sub-fetch (limit=1000, progress=31000件〜) ...
[2026-08-14 16:02:02] [INFO] [sparql_collector] [1-3. タイトル・名称 網羅検索 (Part 3)] Got 1000 new items. (累計: 32000件) [0.49s]
[2026-08-14 16:02:02] [INFO] [logger] [STATS] FETCH | Count: 1000 | Time: 0.49s | Info: 1-3. タイトル・名称 網羅検索 (Part 3) | Offset: 31000
[2026-08-14 16:02:03] [INFO] [sparql_collector] [1-3. タイトル・名称 網羅検索 (Part 3)] Sub-fetch (limit=1000, progress=32000件〜) ...
[2026-08-14 16:02:03] [INFO] [sparql_collector] [1-3. タイトル・名称 網羅検索 (Part 3)] Got 1000 new items. (累計: 33000件) [0.52s]
[2026-08-14 16:02:03] [INFO] [logger] [STATS] FETCH | Count: 1000 | Time: 0.52s | Info: 1-3. タイトル・名称 網羅検索 (Part 3) | Offset: 32000
[2026-08-14 16:02:04] [INFO] [sparql_collector] [1-3. タイトル・名称 網羅検索 (Part 3)] Sub-fetch (limit=1000, progress=33000件〜) ...
[2026-08-14 16:02:04] [INFO] [sparql_collector] [1-3. タイトル・名称 網羅検索 (Part 3)] Got 1000 new items. (累計: 34000件) [0.58s]
[2026-08-14 16:02:04] [INFO] [logger] [STATS] FETCH | Count: 1000 | Time: 0.58s | Info: 1-3. タイトル・名称 網羅検索 (Part 3) | Offset: 33000
[2026-08-14 16:02:05] [INFO] [sparql_collector] [1-3. タイトル・名称 網羅検索 (Part 3)] Sub-fetch (limit=1000, progress=34000件〜) ...
[2026-08-14 16:02:05] [INFO] [sparql_collector] [1-3. タイトル・名称 網羅検索 (Part 3)] Got 1000 new items. (累計: 35000件) [0.67s]
[2026-08-14 16:02:05] [INFO] [logger] [STATS] FETCH | Count: 1000 | Time: 0.67s | Info: 1-3. タイトル・名称 網羅検索 (Part 3) | Offset: 34000
[2026-08-14 16:02:06] [INFO] [sparql_collector] [1-3. タイトル・名称 網羅検索 (Part 3)] Sub-fetch (limit=1000, progress=35000件〜) ...
[2026-08-14 16:02:07] [INFO] [sparql_collector] [1-3. タイトル・名称 網羅検索 (Part 3)] Got 1000 new items. (累計: 36000件) [0.75s]
[2026-08-14 16:02:07] [INFO] [logger] [STATS] FETCH | Count: 1000 | Time: 0.75s | Info: 1-3. タイトル・名称 網羅検索 (Part 3) | Offset: 35000
[2026-08-14 16:02:07] [INFO] [sparql_collector] [1-3. タイトル・名称 網羅検索 (Part 3)] Sub-fetch (limit=1000, progress=36000件〜) ...
[2026-08-14 16:02:08] [INFO] [sparql_collector] [1-3. タイトル・名称 網羅検索 (Part 3)] Got 1000 new items. (累計: 37000件) [0.70s]
[2026-08-14 16:02:08] [INFO] [logger] [STATS] FETCH | Count: 1000 | Time: 0.70s | Info: 1-3. タイトル・名称 網羅検索 (Part 3) | Offset: 36000
[2026-08-14 16:02:08] [INFO] [sparql_collector] [1-3. タイトル・名称 網羅検索 (Part 3)] Sub-fetch (limit=1000, progress=37000件〜) ...
[2026-08-14 16:02:09] [INFO] [sparql_collector] [1-3. タイトル・名称 網羅検索 (Part 3)] Got 1000 new items. (累計: 38000件) [0.77s]
[2026-08-14 16:02:09] [INFO] [logger] [STATS] FETCH | Count: 1000 | Time: 0.77s | Info: 1-3. タイトル・名称 網羅検索 (Part 3) | Offset: 37000
[2026-08-14 16:02:10] [INFO] [sparql_collector] [1-3. タイトル・名称 網羅検索 (Part 3)] Sub-fetch (limit=1000, progress=38000件〜) ...
[2026-08-14 16:02:10] [INFO] [sparql_collector] [1-3. タイトル・名称 網羅検索 (Part 3)] Got 1000 new items. (累計: 39000件) [0.73s]
[2026-08-14 16:02:10] [INFO] [logger] [STATS] FETCH | Count: 1000 | Time: 0.73s | Info: 1-3. タイトル・名称 網羅検索 (Part 3) | Offset: 38000
[2026-08-14 16:02:11] [INFO] [sparql_collector] [1-3. タイトル・名称 網羅検索 (Part 3)] Sub-fetch (limit=1000, progress=39000件〜) ...
[2026-08-14 16:02:12] [INFO] [sparql_collector] [1-3. タイトル・名称 網羅検索 (Part 3)] Got 1000 new items. (累計: 40000件) [1.06s]
[2026-08-14 16:02:12] [INFO] [logger] [STATS] FETCH | Count: 1000 | Time: 1.06s | Info: 1-3. タイトル・名称 網羅検索 (Part 3) | Offset: 39000
[2026-08-14 16:02:12] [INFO] [sparql_collector] [1-3. タイトル・名称 網羅検索 (Part 3)] Sub-fetch (limit=1000, progress=40000件〜) ...
[2026-08-14 16:02:13] [INFO] [sparql_collector] [1-3. タイトル・名称 網羅検索 (Part 3)] Got 114 new items. (累計: 40114件) [1.05s]
[2026-08-14 16:02:13] [INFO] [logger] [STATS] FETCH | Count: 114 | Time: 1.05s | Info: 1-3. タイトル・名称 網羅検索 (Part 3) | Offset: 40000
[2026-08-14 16:02:13] [INFO] [sparql_collector] [1-3. タイトル・名称 網羅検索 (Part 3)] 最終バッチ到達（全データ取得完了）。
[2026-08-14 16:02:15] [INFO] [sparql_collector] --- [開始] 1-4. タイトル・名称 網羅検索 (Part 4) (全件網羅 (上限なし)) ---
[2026-08-14 16:02:15] [INFO] [sparql_collector] [1-4. タイトル・名称 網羅検索 (Part 4)] Sub-fetch (limit=1000, progress=0件〜) ...
[2026-08-14 16:02:15] [INFO] [sparql_collector] [1-4. タイトル・名称 網羅検索 (Part 4)] Got 1000 new items. (累計: 1000件) [0.08s]
[2026-08-14 16:02:15] [INFO] [logger] [STATS] FETCH | Count: 1000 | Time: 0.08s | Info: 1-4. タイトル・名称 網羅検索 (Part 4) | Offset: 0
[2026-08-14 16:02:16] [INFO] [sparql_collector] [1-4. タイトル・名称 網羅検索 (Part 4)] Sub-fetch (limit=1000, progress=1000件〜) ...
[2026-08-14 16:02:16] [INFO] [sparql_collector] [1-4. タイトル・名称 網羅検索 (Part 4)] Got 1000 new items. (累計: 2000件) [0.07s]
[2026-08-14 16:02:16] [INFO] [logger] [STATS] FETCH | Count: 1000 | Time: 0.07s | Info: 1-4. タイトル・名称 網羅検索 (Part 4) | Offset: 1000
[2026-08-14 16:02:16] [INFO] [sparql_collector] [1-4. タイトル・名称 網羅検索 (Part 4)] Sub-fetch (limit=1000, progress=2000件〜) ...
[2026-08-14 16:02:16] [INFO] [sparql_collector] [1-4. タイトル・名称 網羅検索 (Part 4)] Got 1000 new items. (累計: 3000件) [0.08s]
[2026-08-14 16:02:16] [INFO] [logger] [STATS] FETCH | Count: 1000 | Time: 0.08s | Info: 1-4. タイトル・名称 網羅検索 (Part 4) | Offset: 2000
[2026-08-14 16:02:17] [INFO] [sparql_collector] [1-4. タイトル・名称 網羅検索 (Part 4)] Sub-fetch (limit=1000, progress=3000件〜) ...
[2026-08-14 16:02:17] [INFO] [sparql_collector] [1-4. タイトル・名称 網羅検索 (Part 4)] Got 1000 new items. (累計: 4000件) [0.10s]
[2026-08-14 16:02:17] [INFO] [logger] [STATS] FETCH | Count: 1000 | Time: 0.10s | Info: 1-4. タイトル・名称 網羅検索 (Part 4) | Offset: 3000
[2026-08-14 16:02:17] [INFO] [sparql_collector] [1-4. タイトル・名称 網羅検索 (Part 4)] Sub-fetch (limit=1000, progress=4000件〜) ...
[2026-08-14 16:02:17] [INFO] [sparql_collector] [1-4. タイトル・名称 網羅検索 (Part 4)] Got 1000 new items. (累計: 5000件) [0.13s]
[2026-08-14 16:02:17] [INFO] [logger] [STATS] FETCH | Count: 1000 | Time: 0.13s | Info: 1-4. タイトル・名称 網羅検索 (Part 4) | Offset: 4000
[2026-08-14 16:02:18] [INFO] [sparql_collector] [1-4. タイトル・名称 網羅検索 (Part 4)] Sub-fetch (limit=1000, progress=5000件〜) ...
[2026-08-14 16:02:18] [INFO] [sparql_collector] [1-4. タイトル・名称 網羅検索 (Part 4)] Got 1000 new items. (累計: 6000件) [0.16s]
[2026-08-14 16:02:18] [INFO] [logger] [STATS] FETCH | Count: 1000 | Time: 0.16s | Info: 1-4. タイトル・名称 網羅検索 (Part 4) | Offset: 5000
[2026-08-14 16:02:19] [INFO] [sparql_collector] [1-4. タイトル・名称 網羅検索 (Part 4)] Sub-fetch (limit=1000, progress=6000件〜) ...
[2026-08-14 16:02:19] [INFO] [sparql_collector] [1-4. タイトル・名称 網羅検索 (Part 4)] Got 1000 new items. (累計: 7000件) [0.21s]
[2026-08-14 16:02:19] [INFO] [logger] [STATS] FETCH | Count: 1000 | Time: 0.21s | Info: 1-4. タイトル・名称 網羅検索 (Part 4) | Offset: 6000
[2026-08-14 16:02:19] [INFO] [sparql_collector] [1-4. タイトル・名称 網羅検索 (Part 4)] Sub-fetch (limit=1000, progress=7000件〜) ...
[2026-08-14 16:02:20] [INFO] [sparql_collector] [1-4. タイトル・名称 網羅検索 (Part 4)] Got 1000 new items. (累計: 8000件) [0.20s]
[2026-08-14 16:02:20] [INFO] [logger] [STATS] FETCH | Count: 1000 | Time: 0.20s | Info: 1-4. タイトル・名称 網羅検索 (Part 4) | Offset: 7000
[2026-08-14 16:02:20] [INFO] [sparql_collector] [1-4. タイトル・名称 網羅検索 (Part 4)] Sub-fetch (limit=1000, progress=8000件〜) ...
[2026-08-14 16:02:20] [INFO] [sparql_collector] [1-4. タイトル・名称 網羅検索 (Part 4)] Got 1000 new items. (累計: 9000件) [0.22s]
[2026-08-14 16:02:20] [INFO] [logger] [STATS] FETCH | Count: 1000 | Time: 0.22s | Info: 1-4. タイトル・名称 網羅検索 (Part 4) | Offset: 8000
[2026-08-14 16:02:21] [INFO] [sparql_collector] [1-4. タイトル・名称 網羅検索 (Part 4)] Sub-fetch (limit=1000, progress=9000件〜) ...
[2026-08-14 16:02:21] [INFO] [sparql_collector] [1-4. タイトル・名称 網羅検索 (Part 4)] Got 1000 new items. (累計: 10000件) [0.23s]
[2026-08-14 16:02:21] [INFO] [logger] [STATS] FETCH | Count: 1000 | Time: 0.23s | Info: 1-4. タイトル・名称 網羅検索 (Part 4) | Offset: 9000
[2026-08-14 16:02:21] [INFO] [sparql_collector] [1-4. タイトル・名称 網羅検索 (Part 4)] Sub-fetch (limit=1000, progress=10000件〜) ...
[2026-08-14 16:02:22] [INFO] [sparql_collector] [1-4. タイトル・名称 網羅検索 (Part 4)] Got 1000 new items. (累計: 11000件) [0.24s]
[2026-08-14 16:02:22] [INFO] [logger] [STATS] FETCH | Count: 1000 | Time: 0.24s | Info: 1-4. タイトル・名称 網羅検索 (Part 4) | Offset: 10000
[2026-08-14 16:02:22] [INFO] [sparql_collector] [1-4. タイトル・名称 網羅検索 (Part 4)] Sub-fetch (limit=1000, progress=11000件〜) ...
[2026-08-14 16:02:23] [INFO] [sparql_collector] [1-4. タイトル・名称 網羅検索 (Part 4)] Got 1000 new items. (累計: 12000件) [0.33s]
[2026-08-14 16:02:23] [INFO] [logger] [STATS] FETCH | Count: 1000 | Time: 0.33s | Info: 1-4. タイトル・名称 網羅検索 (Part 4) | Offset: 11000
[2026-08-14 16:02:23] [INFO] [sparql_collector] [1-4. タイトル・名称 網羅検索 (Part 4)] Sub-fetch (limit=1000, progress=12000件〜) ...
[2026-08-14 16:02:23] [INFO] [sparql_collector] [1-4. タイトル・名称 網羅検索 (Part 4)] Got 1000 new items. (累計: 13000件) [0.29s]
[2026-08-14 16:02:23] [INFO] [logger] [STATS] FETCH | Count: 1000 | Time: 0.29s | Info: 1-4. タイトル・名称 網羅検索 (Part 4) | Offset: 12000
[2026-08-14 16:02:24] [INFO] [sparql_collector] [1-4. タイトル・名称 網羅検索 (Part 4)] Sub-fetch (limit=1000, progress=13000件〜) ...
[2026-08-14 16:02:24] [INFO] [sparql_collector] [1-4. タイトル・名称 網羅検索 (Part 4)] Got 1000 new items. (累計: 14000件) [0.31s]
[2026-08-14 16:02:24] [INFO] [logger] [STATS] FETCH | Count: 1000 | Time: 0.31s | Info: 1-4. タイトル・名称 網羅検索 (Part 4) | Offset: 13000
[2026-08-14 16:02:25] [INFO] [sparql_collector] [1-4. タイトル・名称 網羅検索 (Part 4)] Sub-fetch (limit=1000, progress=14000件〜) ...
[2026-08-14 16:02:25] [INFO] [sparql_collector] [1-4. タイトル・名称 網羅検索 (Part 4)] Got 1000 new items. (累計: 15000件) [0.31s]
[2026-08-14 16:02:25] [INFO] [logger] [STATS] FETCH | Count: 1000 | Time: 0.31s | Info: 1-4. タイトル・名称 網羅検索 (Part 4) | Offset: 14000
[2026-08-14 16:02:25] [INFO] [sparql_collector] [1-4. タイトル・名称 網羅検索 (Part 4)] Sub-fetch (limit=1000, progress=15000件〜) ...
[2026-08-14 16:02:26] [INFO] [sparql_collector] [1-4. タイトル・名称 網羅検索 (Part 4)] Got 1000 new items. (累計: 16000件) [0.33s]
[2026-08-14 16:02:26] [INFO] [logger] [STATS] FETCH | Count: 1000 | Time: 0.33s | Info: 1-4. タイトル・名称 網羅検索 (Part 4) | Offset: 15000
[2026-08-14 16:02:26] [INFO] [sparql_collector] [1-4. タイトル・名称 網羅検索 (Part 4)] Sub-fetch (limit=1000, progress=16000件〜) ...
[2026-08-14 16:02:27] [INFO] [sparql_collector] [1-4. タイトル・名称 網羅検索 (Part 4)] Got 1000 new items. (累計: 17000件) [0.33s]
[2026-08-14 16:02:27] [INFO] [logger] [STATS] FETCH | Count: 1000 | Time: 0.33s | Info: 1-4. タイトル・名称 網羅検索 (Part 4) | Offset: 16000
[2026-08-14 16:02:27] [INFO] [sparql_collector] [1-4. タイトル・名称 網羅検索 (Part 4)] Sub-fetch (limit=1000, progress=17000件〜) ...
[2026-08-14 16:02:28] [INFO] [sparql_collector] [1-4. タイトル・名称 網羅検索 (Part 4)] Got 1000 new items. (累計: 18000件) [0.36s]
[2026-08-14 16:02:28] [INFO] [logger] [STATS] FETCH | Count: 1000 | Time: 0.36s | Info: 1-4. タイトル・名称 網羅検索 (Part 4) | Offset: 17000
[2026-08-14 16:02:28] [INFO] [sparql_collector] [1-4. タイトル・名称 網羅検索 (Part 4)] Sub-fetch (limit=1000, progress=18000件〜) ...
[2026-08-14 16:02:28] [INFO] [sparql_collector] [1-4. タイトル・名称 網羅検索 (Part 4)] Got 1000 new items. (累計: 19000件) [0.39s]
[2026-08-14 16:02:28] [INFO] [logger] [STATS] FETCH | Count: 1000 | Time: 0.39s | Info: 1-4. タイトル・名称 網羅検索 (Part 4) | Offset: 18000
[2026-08-14 16:02:29] [INFO] [sparql_collector] [1-4. タイトル・名称 網羅検索 (Part 4)] Sub-fetch (limit=1000, progress=19000件〜) ...
[2026-08-14 16:02:29] [INFO] [sparql_collector] [1-4. タイトル・名称 網羅検索 (Part 4)] Got 1000 new items. (累計: 20000件) [0.41s]
[2026-08-14 16:02:29] [INFO] [logger] [STATS] FETCH | Count: 1000 | Time: 0.41s | Info: 1-4. タイトル・名称 網羅検索 (Part 4) | Offset: 19000
[2026-08-14 16:02:30] [INFO] [sparql_collector] [1-4. タイトル・名称 網羅検索 (Part 4)] Sub-fetch (limit=1000, progress=20000件〜) ...
[2026-08-14 16:02:30] [INFO] [sparql_collector] [1-4. タイトル・名称 網羅検索 (Part 4)] Got 1000 new items. (累計: 21000件) [0.44s]
[2026-08-14 16:02:30] [INFO] [logger] [STATS] FETCH | Count: 1000 | Time: 0.44s | Info: 1-4. タイトル・名称 網羅検索 (Part 4) | Offset: 20000
[2026-08-14 16:02:31] [INFO] [sparql_collector] [1-4. タイトル・名称 網羅検索 (Part 4)] Sub-fetch (limit=1000, progress=21000件〜) ...
[2026-08-14 16:02:31] [INFO] [sparql_collector] [1-4. タイトル・名称 網羅検索 (Part 4)] Got 1000 new items. (累計: 22000件) [0.48s]
[2026-08-14 16:02:31] [INFO] [logger] [STATS] FETCH | Count: 1000 | Time: 0.48s | Info: 1-4. タイトル・名称 網羅検索 (Part 4) | Offset: 21000
[2026-08-14 16:02:32] [INFO] [sparql_collector] [1-4. タイトル・名称 網羅検索 (Part 4)] Sub-fetch (limit=1000, progress=22000件〜) ...
[2026-08-14 16:02:32] [INFO] [sparql_collector] [1-4. タイトル・名称 網羅検索 (Part 4)] Got 1000 new items. (累計: 23000件) [0.50s]
[2026-08-14 16:02:32] [INFO] [logger] [STATS] FETCH | Count: 1000 | Time: 0.50s | Info: 1-4. タイトル・名称 網羅検索 (Part 4) | Offset: 22000
[2026-08-14 16:02:33] [INFO] [sparql_collector] [1-4. タイトル・名称 網羅検索 (Part 4)] Sub-fetch (limit=1000, progress=23000件〜) ...
[2026-08-14 16:02:33] [INFO] [sparql_collector] [1-4. タイトル・名称 網羅検索 (Part 4)] Got 1000 new items. (累計: 24000件) [0.50s]
[2026-08-14 16:02:33] [INFO] [logger] [STATS] FETCH | Count: 1000 | Time: 0.50s | Info: 1-4. タイトル・名称 網羅検索 (Part 4) | Offset: 23000
[2026-08-14 16:02:34] [INFO] [sparql_collector] [1-4. タイトル・名称 網羅検索 (Part 4)] Sub-fetch (limit=1000, progress=24000件〜) ...
[2026-08-14 16:02:34] [INFO] [sparql_collector] [1-4. タイトル・名称 網羅検索 (Part 4)] Got 1000 new items. (累計: 25000件) [0.62s]
[2026-08-14 16:02:34] [INFO] [logger] [STATS] FETCH | Count: 1000 | Time: 0.62s | Info: 1-4. タイトル・名称 網羅検索 (Part 4) | Offset: 24000
[2026-08-14 16:02:35] [INFO] [sparql_collector] [1-4. タイトル・名称 網羅検索 (Part 4)] Sub-fetch (limit=1000, progress=25000件〜) ...
[2026-08-14 16:02:36] [INFO] [sparql_collector] [1-4. タイトル・名称 網羅検索 (Part 4)] Got 1000 new items. (累計: 26000件) [0.66s]
[2026-08-14 16:02:36] [INFO] [logger] [STATS] FETCH | Count: 1000 | Time: 0.66s | Info: 1-4. タイトル・名称 網羅検索 (Part 4) | Offset: 25000
[2026-08-14 16:02:36] [INFO] [sparql_collector] [1-4. タイトル・名称 網羅検索 (Part 4)] Sub-fetch (limit=1000, progress=26000件〜) ...
[2026-08-14 16:02:37] [INFO] [sparql_collector] [1-4. タイトル・名称 網羅検索 (Part 4)] Got 1000 new items. (累計: 27000件) [0.69s]
[2026-08-14 16:02:37] [INFO] [logger] [STATS] FETCH | Count: 1000 | Time: 0.69s | Info: 1-4. タイトル・名称 網羅検索 (Part 4) | Offset: 26000
[2026-08-14 16:02:37] [INFO] [sparql_collector] [1-4. タイトル・名称 網羅検索 (Part 4)] Sub-fetch (limit=1000, progress=27000件〜) ...
[2026-08-14 16:02:38] [INFO] [sparql_collector] [1-4. タイトル・名称 網羅検索 (Part 4)] Got 1000 new items. (累計: 28000件) [0.69s]
[2026-08-14 16:02:38] [INFO] [logger] [STATS] FETCH | Count: 1000 | Time: 0.69s | Info: 1-4. タイトル・名称 網羅検索 (Part 4) | Offset: 27000
[2026-08-14 16:02:38] [INFO] [sparql_collector] [1-4. タイトル・名称 網羅検索 (Part 4)] Sub-fetch (limit=1000, progress=28000件〜) ...
[2026-08-14 16:02:39] [INFO] [sparql_collector] [1-4. タイトル・名称 網羅検索 (Part 4)] Got 1000 new items. (累計: 29000件) [0.73s]
[2026-08-14 16:02:39] [INFO] [logger] [STATS] FETCH | Count: 1000 | Time: 0.73s | Info: 1-4. タイトル・名称 網羅検索 (Part 4) | Offset: 28000
[2026-08-14 16:02:40] [INFO] [sparql_collector] [1-4. タイトル・名称 網羅検索 (Part 4)] Sub-fetch (limit=1000, progress=29000件〜) ...
[2026-08-14 16:02:40] [INFO] [sparql_collector] [1-4. タイトル・名称 網羅検索 (Part 4)] Got 1000 new items. (累計: 30000件) [0.73s]
[2026-08-14 16:02:40] [INFO] [logger] [STATS] FETCH | Count: 1000 | Time: 0.73s | Info: 1-4. タイトル・名称 網羅検索 (Part 4) | Offset: 29000
[2026-08-14 16:02:41] [INFO] [sparql_collector] [1-4. タイトル・名称 網羅検索 (Part 4)] Sub-fetch (limit=1000, progress=30000件〜) ...
[2026-08-14 16:02:42] [INFO] [sparql_collector] [1-4. タイトル・名称 網羅検索 (Part 4)] Got 1000 new items. (累計: 31000件) [1.00s]
[2026-08-14 16:02:42] [INFO] [logger] [STATS] FETCH | Count: 1000 | Time: 1.00s | Info: 1-4. タイトル・名称 網羅検索 (Part 4) | Offset: 30000
[2026-08-14 16:02:42] [INFO] [sparql_collector] [1-4. タイトル・名称 網羅検索 (Part 4)] Sub-fetch (limit=1000, progress=31000件〜) ...
[2026-08-14 16:02:44] [INFO] [sparql_collector] [1-4. タイトル・名称 網羅検索 (Part 4)] Got 305 new items. (累計: 31305件) [1.13s]
[2026-08-14 16:02:44] [INFO] [logger] [STATS] FETCH | Count: 305 | Time: 1.13s | Info: 1-4. タイトル・名称 網羅検索 (Part 4) | Offset: 31000
[2026-08-14 16:02:44] [INFO] [sparql_collector] [1-4. タイトル・名称 網羅検索 (Part 4)] 最終バッチ到達（全データ取得完了）。
[2026-08-14 16:02:45] [INFO] [sparql_collector] --- [開始] 1-5. タイトル・名称 網羅検索 (Part 5) (全件網羅 (上限なし)) ---
[2026-08-14 16:02:45] [INFO] [sparql_collector] [1-5. タイトル・名称 網羅検索 (Part 5)] Sub-fetch (limit=1000, progress=0件〜) ...
[2026-08-14 16:02:45] [INFO] [sparql_collector] [1-5. タイトル・名称 網羅検索 (Part 5)] Got 1000 new items. (累計: 1000件) [0.11s]
[2026-08-14 16:02:45] [INFO] [logger] [STATS] FETCH | Count: 1000 | Time: 0.11s | Info: 1-5. タイトル・名称 網羅検索 (Part 5) | Offset: 0
[2026-08-14 16:02:46] [INFO] [sparql_collector] [1-5. タイトル・名称 網羅検索 (Part 5)] Sub-fetch (limit=1000, progress=1000件〜) ...
[2026-08-14 16:02:46] [INFO] [sparql_collector] [1-5. タイトル・名称 網羅検索 (Part 5)] Got 1000 new items. (累計: 2000件) [0.09s]
[2026-08-14 16:02:46] [INFO] [logger] [STATS] FETCH | Count: 1000 | Time: 0.09s | Info: 1-5. タイトル・名称 網羅検索 (Part 5) | Offset: 1000
[2026-08-14 16:02:46] [INFO] [sparql_collector] [1-5. タイトル・名称 網羅検索 (Part 5)] Sub-fetch (limit=1000, progress=2000件〜) ...
[2026-08-14 16:02:46] [INFO] [sparql_collector] [1-5. タイトル・名称 網羅検索 (Part 5)] Got 1000 new items. (累計: 3000件) [0.10s]
[2026-08-14 16:02:46] [INFO] [logger] [STATS] FETCH | Count: 1000 | Time: 0.10s | Info: 1-5. タイトル・名称 網羅検索 (Part 5) | Offset: 2000
[2026-08-14 16:02:47] [INFO] [sparql_collector] [1-5. タイトル・名称 網羅検索 (Part 5)] Sub-fetch (limit=1000, progress=3000件〜) ...
[2026-08-14 16:02:47] [INFO] [sparql_collector] [1-5. タイトル・名称 網羅検索 (Part 5)] Got 1000 new items. (累計: 4000件) [0.11s]
[2026-08-14 16:02:47] [INFO] [logger] [STATS] FETCH | Count: 1000 | Time: 0.11s | Info: 1-5. タイトル・名称 網羅検索 (Part 5) | Offset: 3000
[2026-08-14 16:02:47] [INFO] [sparql_collector] [1-5. タイトル・名称 網羅検索 (Part 5)] Sub-fetch (limit=1000, progress=4000件〜) ...
[2026-08-14 16:02:48] [INFO] [sparql_collector] [1-5. タイトル・名称 網羅検索 (Part 5)] Got 1000 new items. (累計: 5000件) [0.14s]
[2026-08-14 16:02:48] [INFO] [logger] [STATS] FETCH | Count: 1000 | Time: 0.14s | Info: 1-5. タイトル・名称 網羅検索 (Part 5) | Offset: 4000
[2026-08-14 16:02:48] [INFO] [sparql_collector] [1-5. タイトル・名称 網羅検索 (Part 5)] Sub-fetch (limit=1000, progress=5000件〜) ...
[2026-08-14 16:02:48] [INFO] [sparql_collector] [1-5. タイトル・名称 網羅検索 (Part 5)] Got 1000 new items. (累計: 6000件) [0.14s]
[2026-08-14 16:02:48] [INFO] [logger] [STATS] FETCH | Count: 1000 | Time: 0.14s | Info: 1-5. タイトル・名称 網羅検索 (Part 5) | Offset: 5000
[2026-08-14 16:02:49] [INFO] [sparql_collector] [1-5. タイトル・名称 網羅検索 (Part 5)] Sub-fetch (limit=1000, progress=6000件〜) ...
[2026-08-14 16:02:49] [INFO] [sparql_collector] [1-5. タイトル・名称 網羅検索 (Part 5)] Got 1000 new items. (累計: 7000件) [0.19s]
[2026-08-14 16:02:49] [INFO] [logger] [STATS] FETCH | Count: 1000 | Time: 0.19s | Info: 1-5. タイトル・名称 網羅検索 (Part 5) | Offset: 6000
[2026-08-14 16:02:49] [INFO] [sparql_collector] [1-5. タイトル・名称 網羅検索 (Part 5)] Sub-fetch (limit=1000, progress=7000件〜) ...
[2026-08-14 16:02:50] [INFO] [sparql_collector] [1-5. タイトル・名称 網羅検索 (Part 5)] Got 1000 new items. (累計: 8000件) [0.17s]
[2026-08-14 16:02:50] [INFO] [logger] [STATS] FETCH | Count: 1000 | Time: 0.17s | Info: 1-5. タイトル・名称 網羅検索 (Part 5) | Offset: 7000
[2026-08-14 16:02:50] [INFO] [sparql_collector] [1-5. タイトル・名称 網羅検索 (Part 5)] Sub-fetch (limit=1000, progress=8000件〜) ...
[2026-08-14 16:02:50] [INFO] [sparql_collector] [1-5. タイトル・名称 網羅検索 (Part 5)] Got 1000 new items. (累計: 9000件) [0.19s]
[2026-08-14 16:02:50] [INFO] [logger] [STATS] FETCH | Count: 1000 | Time: 0.19s | Info: 1-5. タイトル・名称 網羅検索 (Part 5) | Offset: 8000
[2026-08-14 16:02:51] [INFO] [sparql_collector] [1-5. タイトル・名称 網羅検索 (Part 5)] Sub-fetch (limit=1000, progress=9000件〜) ...
[2026-08-14 16:02:51] [INFO] [sparql_collector] [1-5. タイトル・名称 網羅検索 (Part 5)] Got 1000 new items. (累計: 10000件) [0.21s]
[2026-08-14 16:02:51] [INFO] [logger] [STATS] FETCH | Count: 1000 | Time: 0.21s | Info: 1-5. タイトル・名称 網羅検索 (Part 5) | Offset: 9000
[2026-08-14 16:02:52] [INFO] [sparql_collector] [1-5. タイトル・名称 網羅検索 (Part 5)] Sub-fetch (limit=1000, progress=10000件〜) ...
[2026-08-14 16:02:52] [INFO] [sparql_collector] [1-5. タイトル・名称 網羅検索 (Part 5)] Got 1000 new items. (累計: 11000件) [0.21s]
[2026-08-14 16:02:52] [INFO] [logger] [STATS] FETCH | Count: 1000 | Time: 0.21s | Info: 1-5. タイトル・名称 網羅検索 (Part 5) | Offset: 10000
[2026-08-14 16:02:52] [INFO] [sparql_collector] [1-5. タイトル・名称 網羅検索 (Part 5)] Sub-fetch (limit=1000, progress=11000件〜) ...
[2026-08-14 16:02:52] [INFO] [sparql_collector] [1-5. タイトル・名称 網羅検索 (Part 5)] Got 1000 new items. (累計: 12000件) [0.22s]
[2026-08-14 16:02:52] [INFO] [logger] [STATS] FETCH | Count: 1000 | Time: 0.22s | Info: 1-5. タイトル・名称 網羅検索 (Part 5) | Offset: 11000
[2026-08-14 16:02:53] [INFO] [sparql_collector] [1-5. タイトル・名称 網羅検索 (Part 5)] Sub-fetch (limit=1000, progress=12000件〜) ...
[2026-08-14 16:02:53] [INFO] [sparql_collector] [1-5. タイトル・名称 網羅検索 (Part 5)] Got 1000 new items. (累計: 13000件) [0.24s]
[2026-08-14 16:02:53] [INFO] [logger] [STATS] FETCH | Count: 1000 | Time: 0.24s | Info: 1-5. タイトル・名称 網羅検索 (Part 5) | Offset: 12000
[2026-08-14 16:02:54] [INFO] [sparql_collector] [1-5. タイトル・名称 網羅検索 (Part 5)] Sub-fetch (limit=1000, progress=13000件〜) ...
[2026-08-14 16:02:54] [INFO] [sparql_collector] [1-5. タイトル・名称 網羅検索 (Part 5)] Got 1000 new items. (累計: 14000件) [0.25s]
[2026-08-14 16:02:54] [INFO] [logger] [STATS] FETCH | Count: 1000 | Time: 0.25s | Info: 1-5. タイトル・名称 網羅検索 (Part 5) | Offset: 13000
[2026-08-14 16:02:55] [INFO] [sparql_collector] [1-5. タイトル・名称 網羅検索 (Part 5)] Sub-fetch (limit=1000, progress=14000件〜) ...
[2026-08-14 16:02:55] [INFO] [sparql_collector] [1-5. タイトル・名称 網羅検索 (Part 5)] Got 1000 new items. (累計: 15000件) [0.27s]
[2026-08-14 16:02:55] [INFO] [logger] [STATS] FETCH | Count: 1000 | Time: 0.27s | Info: 1-5. タイトル・名称 網羅検索 (Part 5) | Offset: 14000
[2026-08-14 16:02:55] [INFO] [sparql_collector] [1-5. タイトル・名称 網羅検索 (Part 5)] Sub-fetch (limit=1000, progress=15000件〜) ...
[2026-08-14 16:02:56] [INFO] [sparql_collector] [1-5. タイトル・名称 網羅検索 (Part 5)] Got 1000 new items. (累計: 16000件) [0.27s]
[2026-08-14 16:02:56] [INFO] [logger] [STATS] FETCH | Count: 1000 | Time: 0.27s | Info: 1-5. タイトル・名称 網羅検索 (Part 5) | Offset: 15000
[2026-08-14 16:02:56] [INFO] [sparql_collector] [1-5. タイトル・名称 網羅検索 (Part 5)] Sub-fetch (limit=1000, progress=16000件〜) ...
[2026-08-14 16:02:56] [INFO] [sparql_collector] [1-5. タイトル・名称 網羅検索 (Part 5)] Got 1000 new items. (累計: 17000件) [0.29s]
[2026-08-14 16:02:56] [INFO] [logger] [STATS] FETCH | Count: 1000 | Time: 0.29s | Info: 1-5. タイトル・名称 網羅検索 (Part 5) | Offset: 16000
[2026-08-14 16:02:57] [INFO] [sparql_collector] [1-5. タイトル・名称 網羅検索 (Part 5)] Sub-fetch (limit=1000, progress=17000件〜) ...
[2026-08-14 16:02:57] [INFO] [sparql_collector] [1-5. タイトル・名称 網羅検索 (Part 5)] Got 1000 new items. (累計: 18000件) [0.30s]
[2026-08-14 16:02:57] [INFO] [logger] [STATS] FETCH | Count: 1000 | Time: 0.30s | Info: 1-5. タイトル・名称 網羅検索 (Part 5) | Offset: 17000
[2026-08-14 16:02:58] [INFO] [sparql_collector] [1-5. タイトル・名称 網羅検索 (Part 5)] Sub-fetch (limit=1000, progress=18000件〜) ...
[2026-08-14 16:02:58] [INFO] [sparql_collector] [1-5. タイトル・名称 網羅検索 (Part 5)] Got 1000 new items. (累計: 19000件) [0.33s]
[2026-08-14 16:02:58] [INFO] [logger] [STATS] FETCH | Count: 1000 | Time: 0.33s | Info: 1-5. タイトル・名称 網羅検索 (Part 5) | Offset: 18000
[2026-08-14 16:02:58] [INFO] [sparql_collector] [1-5. タイトル・名称 網羅検索 (Part 5)] Sub-fetch (limit=1000, progress=19000件〜) ...
[2026-08-14 16:02:59] [INFO] [sparql_collector] [1-5. タイトル・名称 網羅検索 (Part 5)] Got 1000 new items. (累計: 20000件) [0.33s]
[2026-08-14 16:02:59] [INFO] [logger] [STATS] FETCH | Count: 1000 | Time: 0.33s | Info: 1-5. タイトル・名称 網羅検索 (Part 5) | Offset: 19000
[2026-08-14 16:02:59] [INFO] [sparql_collector] [1-5. タイトル・名称 網羅検索 (Part 5)] Sub-fetch (limit=1000, progress=20000件〜) ...
[2026-08-14 16:03:00] [INFO] [sparql_collector] [1-5. タイトル・名称 網羅検索 (Part 5)] Got 1000 new items. (累計: 21000件) [0.34s]
[2026-08-14 16:03:00] [INFO] [logger] [STATS] FETCH | Count: 1000 | Time: 0.34s | Info: 1-5. タイトル・名称 網羅検索 (Part 5) | Offset: 20000
[2026-08-14 16:03:00] [INFO] [sparql_collector] [1-5. タイトル・名称 網羅検索 (Part 5)] Sub-fetch (limit=1000, progress=21000件〜) ...
[2026-08-14 16:03:01] [INFO] [sparql_collector] [1-5. タイトル・名称 網羅検索 (Part 5)] Got 1000 new items. (累計: 22000件) [0.35s]
[2026-08-14 16:03:01] [INFO] [logger] [STATS] FETCH | Count: 1000 | Time: 0.35s | Info: 1-5. タイトル・名称 網羅検索 (Part 5) | Offset: 21000
[2026-08-14 16:03:01] [INFO] [sparql_collector] [1-5. タイトル・名称 網羅検索 (Part 5)] Sub-fetch (limit=1000, progress=22000件〜) ...
[2026-08-14 16:03:01] [INFO] [sparql_collector] [1-5. タイトル・名称 網羅検索 (Part 5)] Got 1000 new items. (累計: 23000件) [0.37s]
[2026-08-14 16:03:01] [INFO] [logger] [STATS] FETCH | Count: 1000 | Time: 0.37s | Info: 1-5. タイトル・名称 網羅検索 (Part 5) | Offset: 22000
[2026-08-14 16:03:02] [INFO] [sparql_collector] [1-5. タイトル・名称 網羅検索 (Part 5)] Sub-fetch (limit=1000, progress=23000件〜) ...
[2026-08-14 16:03:02] [INFO] [sparql_collector] [1-5. タイトル・名称 網羅検索 (Part 5)] Got 1000 new items. (累計: 24000件) [0.39s]
[2026-08-14 16:03:02] [INFO] [logger] [STATS] FETCH | Count: 1000 | Time: 0.39s | Info: 1-5. タイトル・名称 網羅検索 (Part 5) | Offset: 23000
[2026-08-14 16:03:03] [INFO] [sparql_collector] [1-5. タイトル・名称 網羅検索 (Part 5)] Sub-fetch (limit=1000, progress=24000件〜) ...
[2026-08-14 16:03:03] [INFO] [sparql_collector] [1-5. タイトル・名称 網羅検索 (Part 5)] Got 1000 new items. (累計: 25000件) [0.39s]
[2026-08-14 16:03:03] [INFO] [logger] [STATS] FETCH | Count: 1000 | Time: 0.39s | Info: 1-5. タイトル・名称 網羅検索 (Part 5) | Offset: 24000
[2026-08-14 16:03:04] [INFO] [sparql_collector] [1-5. タイトル・名称 網羅検索 (Part 5)] Sub-fetch (limit=1000, progress=25000件〜) ...
[2026-08-14 16:03:04] [INFO] [sparql_collector] [1-5. タイトル・名称 網羅検索 (Part 5)] Got 1000 new items. (累計: 26000件) [0.41s]
[2026-08-14 16:03:04] [INFO] [logger] [STATS] FETCH | Count: 1000 | Time: 0.41s | Info: 1-5. タイトル・名称 網羅検索 (Part 5) | Offset: 25000
[2026-08-14 16:03:05] [INFO] [sparql_collector] [1-5. タイトル・名称 網羅検索 (Part 5)] Sub-fetch (limit=1000, progress=26000件〜) ...
[2026-08-14 16:03:05] [INFO] [sparql_collector] [1-5. タイトル・名称 網羅検索 (Part 5)] Got 1000 new items. (累計: 27000件) [0.43s]
[2026-08-14 16:03:05] [INFO] [logger] [STATS] FETCH | Count: 1000 | Time: 0.43s | Info: 1-5. タイトル・名称 網羅検索 (Part 5) | Offset: 26000
[2026-08-14 16:03:06] [INFO] [sparql_collector] [1-5. タイトル・名称 網羅検索 (Part 5)] Sub-fetch (limit=1000, progress=27000件〜) ...
[2026-08-14 16:03:06] [INFO] [sparql_collector] [1-5. タイトル・名称 網羅検索 (Part 5)] Got 1000 new items. (累計: 28000件) [0.44s]
[2026-08-14 16:03:06] [INFO] [logger] [STATS] FETCH | Count: 1000 | Time: 0.44s | Info: 1-5. タイトル・名称 網羅検索 (Part 5) | Offset: 27000
[2026-08-14 16:03:06] [INFO] [sparql_collector] [1-5. タイトル・名称 網羅検索 (Part 5)] Sub-fetch (limit=1000, progress=28000件〜) ...
[2026-08-14 16:03:07] [INFO] [sparql_collector] [1-5. タイトル・名称 網羅検索 (Part 5)] Got 1000 new items. (累計: 29000件) [0.47s]
[2026-08-14 16:03:07] [INFO] [logger] [STATS] FETCH | Count: 1000 | Time: 0.47s | Info: 1-5. タイトル・名称 網羅検索 (Part 5) | Offset: 28000
[2026-08-14 16:03:07] [INFO] [sparql_collector] [1-5. タイトル・名称 網羅検索 (Part 5)] Sub-fetch (limit=1000, progress=29000件〜) ...
[2026-08-14 16:03:08] [INFO] [sparql_collector] [1-5. タイトル・名称 網羅検索 (Part 5)] Got 1000 new items. (累計: 30000件) [0.44s]
[2026-08-14 16:03:08] [INFO] [logger] [STATS] FETCH | Count: 1000 | Time: 0.44s | Info: 1-5. タイトル・名称 網羅検索 (Part 5) | Offset: 29000
[2026-08-14 16:03:08] [INFO] [sparql_collector] [1-5. タイトル・名称 網羅検索 (Part 5)] Sub-fetch (limit=1000, progress=30000件〜) ...
[2026-08-14 16:03:09] [INFO] [sparql_collector] [1-5. タイトル・名称 網羅検索 (Part 5)] Got 1000 new items. (累計: 31000件) [0.45s]
[2026-08-14 16:03:09] [INFO] [logger] [STATS] FETCH | Count: 1000 | Time: 0.45s | Info: 1-5. タイトル・名称 網羅検索 (Part 5) | Offset: 30000
[2026-08-14 16:03:09] [INFO] [sparql_collector] [1-5. タイトル・名称 網羅検索 (Part 5)] Sub-fetch (limit=1000, progress=31000件〜) ...
[2026-08-14 16:03:10] [INFO] [sparql_collector] [1-5. タイトル・名称 網羅検索 (Part 5)] Got 1000 new items. (累計: 32000件) [0.49s]
[2026-08-14 16:03:10] [INFO] [logger] [STATS] FETCH | Count: 1000 | Time: 0.49s | Info: 1-5. タイトル・名称 網羅検索 (Part 5) | Offset: 31000
[2026-08-14 16:03:10] [INFO] [sparql_collector] [1-5. タイトル・名称 網羅検索 (Part 5)] Sub-fetch (limit=1000, progress=32000件〜) ...
[2026-08-14 16:03:11] [INFO] [sparql_collector] [1-5. タイトル・名称 網羅検索 (Part 5)] Got 1000 new items. (累計: 33000件) [0.50s]
[2026-08-14 16:03:11] [INFO] [logger] [STATS] FETCH | Count: 1000 | Time: 0.50s | Info: 1-5. タイトル・名称 網羅検索 (Part 5) | Offset: 32000
[2026-08-14 16:03:11] [INFO] [sparql_collector] [1-5. タイトル・名称 網羅検索 (Part 5)] Sub-fetch (limit=1000, progress=33000件〜) ...
[2026-08-14 16:03:12] [INFO] [sparql_collector] [1-5. タイトル・名称 網羅検索 (Part 5)] Got 1000 new items. (累計: 34000件) [0.51s]
[2026-08-14 16:03:12] [INFO] [logger] [STATS] FETCH | Count: 1000 | Time: 0.51s | Info: 1-5. タイトル・名称 網羅検索 (Part 5) | Offset: 33000
[2026-08-14 16:03:12] [INFO] [sparql_collector] [1-5. タイトル・名称 網羅検索 (Part 5)] Sub-fetch (limit=1000, progress=34000件〜) ...
[2026-08-14 16:03:13] [INFO] [sparql_collector] [1-5. タイトル・名称 網羅検索 (Part 5)] Got 1000 new items. (累計: 35000件) [0.53s]
[2026-08-14 16:03:13] [INFO] [logger] [STATS] FETCH | Count: 1000 | Time: 0.53s | Info: 1-5. タイトル・名称 網羅検索 (Part 5) | Offset: 34000
[2026-08-14 16:03:13] [INFO] [sparql_collector] [1-5. タイトル・名称 網羅検索 (Part 5)] Sub-fetch (limit=1000, progress=35000件〜) ...
[2026-08-14 16:03:14] [INFO] [sparql_collector] [1-5. タイトル・名称 網羅検索 (Part 5)] Got 1000 new items. (累計: 36000件) [0.50s]
[2026-08-14 16:03:14] [INFO] [logger] [STATS] FETCH | Count: 1000 | Time: 0.50s | Info: 1-5. タイトル・名称 網羅検索 (Part 5) | Offset: 35000
[2026-08-14 16:03:14] [INFO] [sparql_collector] [1-5. タイトル・名称 網羅検索 (Part 5)] Sub-fetch (limit=1000, progress=36000件〜) ...
[2026-08-14 16:03:15] [INFO] [sparql_collector] [1-5. タイトル・名称 網羅検索 (Part 5)] Got 1000 new items. (累計: 37000件) [0.56s]
[2026-08-14 16:03:15] [INFO] [logger] [STATS] FETCH | Count: 1000 | Time: 0.56s | Info: 1-5. タイトル・名称 網羅検索 (Part 5) | Offset: 36000
[2026-08-14 16:03:15] [INFO] [sparql_collector] [1-5. タイトル・名称 網羅検索 (Part 5)] Sub-fetch (limit=1000, progress=37000件〜) ...
[2026-08-14 16:03:16] [INFO] [sparql_collector] [1-5. タイトル・名称 網羅検索 (Part 5)] Got 1000 new items. (累計: 38000件) [0.57s]
[2026-08-14 16:03:16] [INFO] [logger] [STATS] FETCH | Count: 1000 | Time: 0.57s | Info: 1-5. タイトル・名称 網羅検索 (Part 5) | Offset: 37000
[2026-08-14 16:03:17] [INFO] [sparql_collector] [1-5. タイトル・名称 網羅検索 (Part 5)] Sub-fetch (limit=1000, progress=38000件〜) ...
[2026-08-14 16:03:17] [INFO] [sparql_collector] [1-5. タイトル・名称 網羅検索 (Part 5)] Got 1000 new items. (累計: 39000件) [0.56s]
[2026-08-14 16:03:17] [INFO] [logger] [STATS] FETCH | Count: 1000 | Time: 0.56s | Info: 1-5. タイトル・名称 網羅検索 (Part 5) | Offset: 38000
[2026-08-14 16:03:18] [INFO] [sparql_collector] [1-5. タイトル・名称 網羅検索 (Part 5)] Sub-fetch (limit=1000, progress=39000件〜) ...
[2026-08-14 16:03:18] [INFO] [sparql_collector] [1-5. タイトル・名称 網羅検索 (Part 5)] Got 1000 new items. (累計: 40000件) [0.66s]
[2026-08-14 16:03:18] [INFO] [logger] [STATS] FETCH | Count: 1000 | Time: 0.66s | Info: 1-5. タイトル・名称 網羅検索 (Part 5) | Offset: 39000
[2026-08-14 16:03:19] [INFO] [sparql_collector] [1-5. タイトル・名称 網羅検索 (Part 5)] Sub-fetch (limit=1000, progress=40000件〜) ...
[2026-08-14 16:03:19] [INFO] [sparql_collector] [1-5. タイトル・名称 網羅検索 (Part 5)] Got 1000 new items. (累計: 41000件) [0.57s]
[2026-08-14 16:03:19] [INFO] [logger] [STATS] FETCH | Count: 1000 | Time: 0.57s | Info: 1-5. タイトル・名称 網羅検索 (Part 5) | Offset: 40000
[2026-08-14 16:03:20] [INFO] [sparql_collector] [1-5. タイトル・名称 網羅検索 (Part 5)] Sub-fetch (limit=1000, progress=41000件〜) ...
[2026-08-14 16:03:20] [INFO] [sparql_collector] [1-5. タイトル・名称 網羅検索 (Part 5)] Got 1000 new items. (累計: 42000件) [0.55s]
[2026-08-14 16:03:20] [INFO] [logger] [STATS] FETCH | Count: 1000 | Time: 0.55s | Info: 1-5. タイトル・名称 網羅検索 (Part 5) | Offset: 41000
[2026-08-14 16:03:21] [INFO] [sparql_collector] [1-5. タイトル・名称 網羅検索 (Part 5)] Sub-fetch (limit=1000, progress=42000件〜) ...
[2026-08-14 16:03:22] [INFO] [sparql_collector] [1-5. タイトル・名称 網羅検索 (Part 5)] Got 1000 new items. (累計: 43000件) [0.58s]
[2026-08-14 16:03:22] [INFO] [logger] [STATS] FETCH | Count: 1000 | Time: 0.58s | Info: 1-5. タイトル・名称 網羅検索 (Part 5) | Offset: 42000
[2026-08-14 16:03:22] [INFO] [sparql_collector] [1-5. タイトル・名称 網羅検索 (Part 5)] Sub-fetch (limit=1000, progress=43000件〜) ...
[2026-08-14 16:03:23] [INFO] [sparql_collector] [1-5. タイトル・名称 網羅検索 (Part 5)] Got 1000 new items. (累計: 44000件) [0.62s]
[2026-08-14 16:03:23] [INFO] [logger] [STATS] FETCH | Count: 1000 | Time: 0.62s | Info: 1-5. タイトル・名称 網羅検索 (Part 5) | Offset: 43000
[2026-08-14 16:03:23] [INFO] [sparql_collector] [1-5. タイトル・名称 網羅検索 (Part 5)] Sub-fetch (limit=1000, progress=44000件〜) ...
[2026-08-14 16:03:24] [INFO] [sparql_collector] [1-5. タイトル・名称 網羅検索 (Part 5)] Got 1000 new items. (累計: 45000件) [0.61s]
[2026-08-14 16:03:24] [INFO] [logger] [STATS] FETCH | Count: 1000 | Time: 0.61s | Info: 1-5. タイトル・名称 網羅検索 (Part 5) | Offset: 44000
[2026-08-14 16:03:24] [INFO] [sparql_collector] [1-5. タイトル・名称 網羅検索 (Part 5)] Sub-fetch (limit=1000, progress=45000件〜) ...
[2026-08-14 16:03:25] [INFO] [sparql_collector] [1-5. タイトル・名称 網羅検索 (Part 5)] Got 1000 new items. (累計: 46000件) [0.62s]
[2026-08-14 16:03:25] [INFO] [logger] [STATS] FETCH | Count: 1000 | Time: 0.62s | Info: 1-5. タイトル・名称 網羅検索 (Part 5) | Offset: 45000
[2026-08-14 16:03:25] [INFO] [sparql_collector] [1-5. タイトル・名称 網羅検索 (Part 5)] Sub-fetch (limit=1000, progress=46000件〜) ...
[2026-08-14 16:03:26] [INFO] [sparql_collector] [1-5. タイトル・名称 網羅検索 (Part 5)] Got 1000 new items. (累計: 47000件) [0.66s]
[2026-08-14 16:03:26] [INFO] [logger] [STATS] FETCH | Count: 1000 | Time: 0.66s | Info: 1-5. タイトル・名称 網羅検索 (Part 5) | Offset: 46000
[2026-08-14 16:03:27] [INFO] [sparql_collector] [1-5. タイトル・名称 網羅検索 (Part 5)] Sub-fetch (limit=1000, progress=47000件〜) ...
[2026-08-14 16:03:27] [INFO] [sparql_collector] [1-5. タイトル・名称 網羅検索 (Part 5)] Got 1000 new items. (累計: 48000件) [0.67s]
[2026-08-14 16:03:27] [INFO] [logger] [STATS] FETCH | Count: 1000 | Time: 0.67s | Info: 1-5. タイトル・名称 網羅検索 (Part 5) | Offset: 47000
[2026-08-14 16:03:28] [INFO] [sparql_collector] [1-5. タイトル・名称 網羅検索 (Part 5)] Sub-fetch (limit=1000, progress=48000件〜) ...
[2026-08-14 16:03:28] [INFO] [sparql_collector] [1-5. タイトル・名称 網羅検索 (Part 5)] Got 1000 new items. (累計: 49000件) [0.73s]
[2026-08-14 16:03:28] [INFO] [logger] [STATS] FETCH | Count: 1000 | Time: 0.73s | Info: 1-5. タイトル・名称 網羅検索 (Part 5) | Offset: 48000
[2026-08-14 16:03:29] [INFO] [sparql_collector] [1-5. タイトル・名称 網羅検索 (Part 5)] Sub-fetch (limit=1000, progress=49000件〜) ...
[2026-08-14 16:03:30] [INFO] [sparql_collector] [1-5. タイトル・名称 網羅検索 (Part 5)] Got 1000 new items. (累計: 50000件) [0.73s]
[2026-08-14 16:03:30] [INFO] [logger] [STATS] FETCH | Count: 1000 | Time: 0.73s | Info: 1-5. タイトル・名称 網羅検索 (Part 5) | Offset: 49000
[2026-08-14 16:03:30] [INFO] [sparql_collector] [1-5. タイトル・名称 網羅検索 (Part 5)] Sub-fetch (limit=1000, progress=50000件〜) ...
[2026-08-14 16:03:31] [INFO] [sparql_collector] [1-5. タイトル・名称 網羅検索 (Part 5)] Got 1000 new items. (累計: 51000件) [0.77s]
[2026-08-14 16:03:31] [INFO] [logger] [STATS] FETCH | Count: 1000 | Time: 0.77s | Info: 1-5. タイトル・名称 網羅検索 (Part 5) | Offset: 50000
[2026-08-14 16:03:31] [INFO] [sparql_collector] [1-5. タイトル・名称 網羅検索 (Part 5)] Sub-fetch (limit=1000, progress=51000件〜) ...
[2026-08-14 16:03:32] [INFO] [sparql_collector] [1-5. タイトル・名称 網羅検索 (Part 5)] Got 1000 new items. (累計: 52000件) [0.79s]
[2026-08-14 16:03:32] [INFO] [logger] [STATS] FETCH | Count: 1000 | Time: 0.79s | Info: 1-5. タイトル・名称 網羅検索 (Part 5) | Offset: 51000
[2026-08-14 16:03:33] [INFO] [sparql_collector] [1-5. タイトル・名称 網羅検索 (Part 5)] Sub-fetch (limit=1000, progress=52000件〜) ...
[2026-08-14 16:03:34] [INFO] [sparql_collector] [1-5. タイトル・名称 網羅検索 (Part 5)] Got 1000 new items. (累計: 53000件) [0.88s]
[2026-08-14 16:03:34] [INFO] [logger] [STATS] FETCH | Count: 1000 | Time: 0.88s | Info: 1-5. タイトル・名称 網羅検索 (Part 5) | Offset: 52000
[2026-08-14 16:03:34] [INFO] [sparql_collector] [1-5. タイトル・名称 網羅検索 (Part 5)] Sub-fetch (limit=1000, progress=53000件〜) ...
[2026-08-14 16:03:35] [INFO] [sparql_collector] [1-5. タイトル・名称 網羅検索 (Part 5)] Got 1000 new items. (累計: 54000件) [0.92s]
[2026-08-14 16:03:35] [INFO] [logger] [STATS] FETCH | Count: 1000 | Time: 0.92s | Info: 1-5. タイトル・名称 網羅検索 (Part 5) | Offset: 53000
[2026-08-14 16:03:36] [INFO] [sparql_collector] [1-5. タイトル・名称 網羅検索 (Part 5)] Sub-fetch (limit=1000, progress=54000件〜) ...
[2026-08-14 16:03:37] [INFO] [sparql_collector] [1-5. タイトル・名称 網羅検索 (Part 5)] Got 1000 new items. (累計: 55000件) [0.97s]
[2026-08-14 16:03:37] [INFO] [logger] [STATS] FETCH | Count: 1000 | Time: 0.97s | Info: 1-5. タイトル・名称 網羅検索 (Part 5) | Offset: 54000
[2026-08-14 16:03:37] [INFO] [sparql_collector] [1-5. タイトル・名称 網羅検索 (Part 5)] Sub-fetch (limit=1000, progress=55000件〜) ...
[2026-08-14 16:03:38] [INFO] [sparql_collector] [1-5. タイトル・名称 網羅検索 (Part 5)] Got 1000 new items. (累計: 56000件) [0.97s]
[2026-08-14 16:03:38] [INFO] [logger] [STATS] FETCH | Count: 1000 | Time: 0.97s | Info: 1-5. タイトル・名称 網羅検索 (Part 5) | Offset: 55000
[2026-08-14 16:03:39] [INFO] [sparql_collector] [1-5. タイトル・名称 網羅検索 (Part 5)] Sub-fetch (limit=1000, progress=56000件〜) ...
[2026-08-14 16:03:40] [INFO] [sparql_collector] [1-5. タイトル・名称 網羅検索 (Part 5)] Got 1000 new items. (累計: 57000件) [1.30s]
[2026-08-14 16:03:40] [INFO] [logger] [STATS] FETCH | Count: 1000 | Time: 1.30s | Info: 1-5. タイトル・名称 網羅検索 (Part 5) | Offset: 56000
[2026-08-14 16:03:40] [INFO] [sparql_collector] [1-5. タイトル・名称 網羅検索 (Part 5)] Sub-fetch (limit=1000, progress=57000件〜) ...
[2026-08-14 16:03:42] [INFO] [sparql_collector] [1-5. タイトル・名称 網羅検索 (Part 5)] Got 1000 new items. (累計: 58000件) [1.39s]
[2026-08-14 16:03:42] [INFO] [logger] [STATS] FETCH | Count: 1000 | Time: 1.39s | Info: 1-5. タイトル・名称 網羅検索 (Part 5) | Offset: 57000
[2026-08-14 16:03:42] [INFO] [sparql_collector] [1-5. タイトル・名称 網羅検索 (Part 5)] Sub-fetch (limit=1000, progress=58000件〜) ...
[2026-08-14 16:03:44] [INFO] [sparql_collector] [1-5. タイトル・名称 網羅検索 (Part 5)] Got 1000 new items. (累計: 59000件) [1.57s]
[2026-08-14 16:03:44] [INFO] [logger] [STATS] FETCH | Count: 1000 | Time: 1.57s | Info: 1-5. タイトル・名称 網羅検索 (Part 5) | Offset: 58000
[2026-08-14 16:03:44] [INFO] [sparql_collector] [1-5. タイトル・名称 網羅検索 (Part 5)] Sub-fetch (limit=1000, progress=59000件〜) ...
[2026-08-14 16:03:46] [INFO] [sparql_collector] [1-5. タイトル・名称 網羅検索 (Part 5)] Got 101 new items. (累計: 59101件) [1.24s]
[2026-08-14 16:03:46] [INFO] [logger] [STATS] FETCH | Count: 101 | Time: 1.24s | Info: 1-5. タイトル・名称 網羅検索 (Part 5) | Offset: 59000
[2026-08-14 16:03:46] [INFO] [sparql_collector] [1-5. タイトル・名称 網羅検索 (Part 5)] 最終バッチ到達（全データ取得完了）。
[2026-08-14 16:03:47] [INFO] [sparql_collector] --- [開始] 1-6. タイトル・名称 網羅検索 (Part 6) (全件網羅 (上限なし)) ---
[2026-08-14 16:03:47] [INFO] [sparql_collector] [1-6. タイトル・名称 網羅検索 (Part 6)] Sub-fetch (limit=1000, progress=0件〜) ...
[2026-08-14 16:03:47] [INFO] [sparql_collector] [1-6. タイトル・名称 網羅検索 (Part 6)] Got 1000 new items. (累計: 1000件) [0.12s]
[2026-08-14 16:03:47] [INFO] [logger] [STATS] FETCH | Count: 1000 | Time: 0.12s | Info: 1-6. タイトル・名称 網羅検索 (Part 6) | Offset: 0
[2026-08-14 16:03:48] [INFO] [sparql_collector] [1-6. タイトル・名称 網羅検索 (Part 6)] Sub-fetch (limit=1000, progress=1000件〜) ...
[2026-08-14 16:03:48] [INFO] [sparql_collector] [1-6. タイトル・名称 網羅検索 (Part 6)] Got 1000 new items. (累計: 2000件) [0.14s]
[2026-08-14 16:03:48] [INFO] [logger] [STATS] FETCH | Count: 1000 | Time: 0.14s | Info: 1-6. タイトル・名称 網羅検索 (Part 6) | Offset: 1000
[2026-08-14 16:03:48] [INFO] [sparql_collector] [1-6. タイトル・名称 網羅検索 (Part 6)] Sub-fetch (limit=1000, progress=2000件〜) ...
[2026-08-14 16:03:48] [INFO] [sparql_collector] [1-6. タイトル・名称 網羅検索 (Part 6)] Got 1000 new items. (累計: 3000件) [0.16s]
[2026-08-14 16:03:48] [INFO] [logger] [STATS] FETCH | Count: 1000 | Time: 0.16s | Info: 1-6. タイトル・名称 網羅検索 (Part 6) | Offset: 2000
[2026-08-14 16:03:49] [INFO] [sparql_collector] [1-6. タイトル・名称 網羅検索 (Part 6)] Sub-fetch (limit=1000, progress=3000件〜) ...
[2026-08-14 16:03:49] [INFO] [sparql_collector] [1-6. タイトル・名称 網羅検索 (Part 6)] Got 1000 new items. (累計: 4000件) [0.21s]
[2026-08-14 16:03:49] [INFO] [logger] [STATS] FETCH | Count: 1000 | Time: 0.21s | Info: 1-6. タイトル・名称 網羅検索 (Part 6) | Offset: 3000
[2026-08-14 16:03:50] [INFO] [sparql_collector] [1-6. タイトル・名称 網羅検索 (Part 6)] Sub-fetch (limit=1000, progress=4000件〜) ...
[2026-08-14 16:03:50] [INFO] [sparql_collector] [1-6. タイトル・名称 網羅検索 (Part 6)] Got 1000 new items. (累計: 5000件) [0.28s]
[2026-08-14 16:03:50] [INFO] [logger] [STATS] FETCH | Count: 1000 | Time: 0.28s | Info: 1-6. タイトル・名称 網羅検索 (Part 6) | Offset: 4000
[2026-08-14 16:03:51] [INFO] [sparql_collector] [1-6. タイトル・名称 網羅検索 (Part 6)] Sub-fetch (limit=1000, progress=5000件〜) ...
[2026-08-14 16:03:51] [INFO] [sparql_collector] [1-6. タイトル・名称 網羅検索 (Part 6)] Got 1000 new items. (累計: 6000件) [0.44s]
[2026-08-14 16:03:51] [INFO] [logger] [STATS] FETCH | Count: 1000 | Time: 0.44s | Info: 1-6. タイトル・名称 網羅検索 (Part 6) | Offset: 5000
[2026-08-14 16:03:51] [INFO] [sparql_collector] [1-6. タイトル・名称 網羅検索 (Part 6)] Sub-fetch (limit=1000, progress=6000件〜) ...
[2026-08-14 16:03:52] [INFO] [sparql_collector] [1-6. タイトル・名称 網羅検索 (Part 6)] Got 1000 new items. (累計: 7000件) [0.61s]
[2026-08-14 16:03:52] [INFO] [logger] [STATS] FETCH | Count: 1000 | Time: 0.61s | Info: 1-6. タイトル・名称 網羅検索 (Part 6) | Offset: 6000
[2026-08-14 16:03:53] [INFO] [sparql_collector] [1-6. タイトル・名称 網羅検索 (Part 6)] Sub-fetch (limit=1000, progress=7000件〜) ...
[2026-08-14 16:03:53] [INFO] [sparql_collector] [1-6. タイトル・名称 網羅検索 (Part 6)] Got 176 new items. (累計: 7176件) [0.75s]
[2026-08-14 16:03:53] [INFO] [logger] [STATS] FETCH | Count: 176 | Time: 0.75s | Info: 1-6. タイトル・名称 網羅検索 (Part 6) | Offset: 7000
[2026-08-14 16:03:53] [INFO] [sparql_collector] [1-6. タイトル・名称 網羅検索 (Part 6)] 最終バッチ到達（全データ取得完了）。
[2026-08-14 16:03:55] [INFO] [sparql_collector] --- [開始] 1-7. タイトル・名称 網羅検索 (Part 7) (全件網羅 (上限なし)) ---
[2026-08-14 16:03:55] [INFO] [sparql_collector] [1-7. タイトル・名称 網羅検索 (Part 7)] Sub-fetch (limit=1000, progress=0件〜) ...
[2026-08-14 16:03:55] [INFO] [sparql_collector] [1-7. タイトル・名称 網羅検索 (Part 7)] Got 1000 new items. (累計: 1000件) [0.10s]
[2026-08-14 16:03:55] [INFO] [logger] [STATS] FETCH | Count: 1000 | Time: 0.10s | Info: 1-7. タイトル・名称 網羅検索 (Part 7) | Offset: 0
[2026-08-14 16:03:55] [INFO] [sparql_collector] [1-7. タイトル・名称 網羅検索 (Part 7)] Sub-fetch (limit=1000, progress=1000件〜) ...
[2026-08-14 16:03:55] [INFO] [sparql_collector] [1-7. タイトル・名称 網羅検索 (Part 7)] Got 1000 new items. (累計: 2000件) [0.06s]
[2026-08-14 16:03:55] [INFO] [logger] [STATS] FETCH | Count: 1000 | Time: 0.06s | Info: 1-7. タイトル・名称 網羅検索 (Part 7) | Offset: 1000
[2026-08-14 16:03:56] [INFO] [sparql_collector] [1-7. タイトル・名称 網羅検索 (Part 7)] Sub-fetch (limit=1000, progress=2000件〜) ...
[2026-08-14 16:03:56] [INFO] [sparql_collector] [1-7. タイトル・名称 網羅検索 (Part 7)] Got 1000 new items. (累計: 3000件) [0.08s]
[2026-08-14 16:03:56] [INFO] [logger] [STATS] FETCH | Count: 1000 | Time: 0.08s | Info: 1-7. タイトル・名称 網羅検索 (Part 7) | Offset: 2000
[2026-08-14 16:03:57] [INFO] [sparql_collector] [1-7. タイトル・名称 網羅検索 (Part 7)] Sub-fetch (limit=1000, progress=3000件〜) ...
[2026-08-14 16:03:57] [INFO] [sparql_collector] [1-7. タイトル・名称 網羅検索 (Part 7)] Got 1000 new items. (累計: 4000件) [0.09s]
[2026-08-14 16:03:57] [INFO] [logger] [STATS] FETCH | Count: 1000 | Time: 0.09s | Info: 1-7. タイトル・名称 網羅検索 (Part 7) | Offset: 3000
[2026-08-14 16:03:57] [INFO] [sparql_collector] [1-7. タイトル・名称 網羅検索 (Part 7)] Sub-fetch (limit=1000, progress=4000件〜) ...
[2026-08-14 16:03:57] [INFO] [sparql_collector] [1-7. タイトル・名称 網羅検索 (Part 7)] Got 1000 new items. (累計: 5000件) [0.12s]
[2026-08-14 16:03:57] [INFO] [logger] [STATS] FETCH | Count: 1000 | Time: 0.12s | Info: 1-7. タイトル・名称 網羅検索 (Part 7) | Offset: 4000
[2026-08-14 16:03:58] [INFO] [sparql_collector] [1-7. タイトル・名称 網羅検索 (Part 7)] Sub-fetch (limit=1000, progress=5000件〜) ...
[2026-08-14 16:03:58] [INFO] [sparql_collector] [1-7. タイトル・名称 網羅検索 (Part 7)] Got 1000 new items. (累計: 6000件) [0.12s]
[2026-08-14 16:03:58] [INFO] [logger] [STATS] FETCH | Count: 1000 | Time: 0.12s | Info: 1-7. タイトル・名称 網羅検索 (Part 7) | Offset: 5000
[2026-08-14 16:03:58] [INFO] [sparql_collector] [1-7. タイトル・名称 網羅検索 (Part 7)] Sub-fetch (limit=1000, progress=6000件〜) ...
[2026-08-14 16:03:59] [INFO] [sparql_collector] [1-7. タイトル・名称 網羅検索 (Part 7)] Got 1000 new items. (累計: 7000件) [0.15s]
[2026-08-14 16:03:59] [INFO] [logger] [STATS] FETCH | Count: 1000 | Time: 0.15s | Info: 1-7. タイトル・名称 網羅検索 (Part 7) | Offset: 6000
[2026-08-14 16:03:59] [INFO] [sparql_collector] [1-7. タイトル・名称 網羅検索 (Part 7)] Sub-fetch (limit=1000, progress=7000件〜) ...
[2026-08-14 16:03:59] [INFO] [sparql_collector] [1-7. タイトル・名称 網羅検索 (Part 7)] Got 1000 new items. (累計: 8000件) [0.21s]
[2026-08-14 16:03:59] [INFO] [logger] [STATS] FETCH | Count: 1000 | Time: 0.21s | Info: 1-7. タイトル・名称 網羅検索 (Part 7) | Offset: 7000
[2026-08-14 16:04:00] [INFO] [sparql_collector] [1-7. タイトル・名称 網羅検索 (Part 7)] Sub-fetch (limit=1000, progress=8000件〜) ...
[2026-08-14 16:04:00] [INFO] [sparql_collector] [1-7. タイトル・名称 網羅検索 (Part 7)] Got 1000 new items. (累計: 9000件) [0.16s]
[2026-08-14 16:04:00] [INFO] [logger] [STATS] FETCH | Count: 1000 | Time: 0.16s | Info: 1-7. タイトル・名称 網羅検索 (Part 7) | Offset: 8000
[2026-08-14 16:04:00] [INFO] [sparql_collector] [1-7. タイトル・名称 網羅検索 (Part 7)] Sub-fetch (limit=1000, progress=9000件〜) ...
[2026-08-14 16:04:01] [INFO] [sparql_collector] [1-7. タイトル・名称 網羅検索 (Part 7)] Got 1000 new items. (累計: 10000件) [0.18s]
[2026-08-14 16:04:01] [INFO] [logger] [STATS] FETCH | Count: 1000 | Time: 0.18s | Info: 1-7. タイトル・名称 網羅検索 (Part 7) | Offset: 9000
[2026-08-14 16:04:01] [INFO] [sparql_collector] [1-7. タイトル・名称 網羅検索 (Part 7)] Sub-fetch (limit=1000, progress=10000件〜) ...
[2026-08-14 16:04:01] [INFO] [sparql_collector] [1-7. タイトル・名称 網羅検索 (Part 7)] Got 1000 new items. (累計: 11000件) [0.17s]
[2026-08-14 16:04:01] [INFO] [logger] [STATS] FETCH | Count: 1000 | Time: 0.17s | Info: 1-7. タイトル・名称 網羅検索 (Part 7) | Offset: 10000
[2026-08-14 16:04:02] [INFO] [sparql_collector] [1-7. タイトル・名称 網羅検索 (Part 7)] Sub-fetch (limit=1000, progress=11000件〜) ...
[2026-08-14 16:04:02] [INFO] [sparql_collector] [1-7. タイトル・名称 網羅検索 (Part 7)] Got 1000 new items. (累計: 12000件) [0.18s]
[2026-08-14 16:04:02] [INFO] [logger] [STATS] FETCH | Count: 1000 | Time: 0.18s | Info: 1-7. タイトル・名称 網羅検索 (Part 7) | Offset: 11000
[2026-08-14 16:04:03] [INFO] [sparql_collector] [1-7. タイトル・名称 網羅検索 (Part 7)] Sub-fetch (limit=1000, progress=12000件〜) ...
[2026-08-14 16:04:03] [INFO] [sparql_collector] [1-7. タイトル・名称 網羅検索 (Part 7)] Got 1000 new items. (累計: 13000件) [0.20s]
[2026-08-14 16:04:03] [INFO] [logger] [STATS] FETCH | Count: 1000 | Time: 0.20s | Info: 1-7. タイトル・名称 網羅検索 (Part 7) | Offset: 12000
[2026-08-14 16:04:03] [INFO] [sparql_collector] [1-7. タイトル・名称 網羅検索 (Part 7)] Sub-fetch (limit=1000, progress=13000件〜) ...
[2026-08-14 16:04:03] [INFO] [sparql_collector] [1-7. タイトル・名称 網羅検索 (Part 7)] Got 1000 new items. (累計: 14000件) [0.21s]
[2026-08-14 16:04:03] [INFO] [logger] [STATS] FETCH | Count: 1000 | Time: 0.21s | Info: 1-7. タイトル・名称 網羅検索 (Part 7) | Offset: 13000
[2026-08-14 16:04:04] [INFO] [sparql_collector] [1-7. タイトル・名称 網羅検索 (Part 7)] Sub-fetch (limit=1000, progress=14000件〜) ...
[2026-08-14 16:04:04] [INFO] [sparql_collector] [1-7. タイトル・名称 網羅検索 (Part 7)] Got 1000 new items. (累計: 15000件) [0.23s]
[2026-08-14 16:04:04] [INFO] [logger] [STATS] FETCH | Count: 1000 | Time: 0.23s | Info: 1-7. タイトル・名称 網羅検索 (Part 7) | Offset: 14000
[2026-08-14 16:04:05] [INFO] [sparql_collector] [1-7. タイトル・名称 網羅検索 (Part 7)] Sub-fetch (limit=1000, progress=15000件〜) ...
[2026-08-14 16:04:05] [INFO] [sparql_collector] [1-7. タイトル・名称 網羅検索 (Part 7)] Got 1000 new items. (累計: 16000件) [0.24s]
[2026-08-14 16:04:05] [INFO] [logger] [STATS] FETCH | Count: 1000 | Time: 0.24s | Info: 1-7. タイトル・名称 網羅検索 (Part 7) | Offset: 15000
[2026-08-14 16:04:05] [INFO] [sparql_collector] [1-7. タイトル・名称 網羅検索 (Part 7)] Sub-fetch (limit=1000, progress=16000件〜) ...
[2026-08-14 16:04:06] [INFO] [sparql_collector] [1-7. タイトル・名称 網羅検索 (Part 7)] Got 1000 new items. (累計: 17000件) [0.25s]
[2026-08-14 16:04:06] [INFO] [logger] [STATS] FETCH | Count: 1000 | Time: 0.25s | Info: 1-7. タイトル・名称 網羅検索 (Part 7) | Offset: 16000
[2026-08-14 16:04:06] [INFO] [sparql_collector] [1-7. タイトル・名称 網羅検索 (Part 7)] Sub-fetch (limit=1000, progress=17000件〜) ...
[2026-08-14 16:04:06] [INFO] [sparql_collector] [1-7. タイトル・名称 網羅検索 (Part 7)] Got 1000 new items. (累計: 18000件) [0.27s]
[2026-08-14 16:04:06] [INFO] [logger] [STATS] FETCH | Count: 1000 | Time: 0.27s | Info: 1-7. タイトル・名称 網羅検索 (Part 7) | Offset: 17000
[2026-08-14 16:04:07] [INFO] [sparql_collector] [1-7. タイトル・名称 網羅検索 (Part 7)] Sub-fetch (limit=1000, progress=18000件〜) ...
[2026-08-14 16:04:07] [INFO] [sparql_collector] [1-7. タイトル・名称 網羅検索 (Part 7)] Got 1000 new items. (累計: 19000件) [0.28s]
[2026-08-14 16:04:07] [INFO] [logger] [STATS] FETCH | Count: 1000 | Time: 0.28s | Info: 1-7. タイトル・名称 網羅検索 (Part 7) | Offset: 18000
[2026-08-14 16:04:08] [INFO] [sparql_collector] [1-7. タイトル・名称 網羅検索 (Part 7)] Sub-fetch (limit=1000, progress=19000件〜) ...
[2026-08-14 16:04:08] [INFO] [sparql_collector] [1-7. タイトル・名称 網羅検索 (Part 7)] Got 1000 new items. (累計: 20000件) [0.29s]
[2026-08-14 16:04:08] [INFO] [logger] [STATS] FETCH | Count: 1000 | Time: 0.29s | Info: 1-7. タイトル・名称 網羅検索 (Part 7) | Offset: 19000
[2026-08-14 16:04:09] [INFO] [sparql_collector] [1-7. タイトル・名称 網羅検索 (Part 7)] Sub-fetch (limit=1000, progress=20000件〜) ...
[2026-08-14 16:04:09] [INFO] [sparql_collector] [1-7. タイトル・名称 網羅検索 (Part 7)] Got 1000 new items. (累計: 21000件) [0.30s]
[2026-08-14 16:04:09] [INFO] [logger] [STATS] FETCH | Count: 1000 | Time: 0.30s | Info: 1-7. タイトル・名称 網羅検索 (Part 7) | Offset: 20000
[2026-08-14 16:04:09] [INFO] [sparql_collector] [1-7. タイトル・名称 網羅検索 (Part 7)] Sub-fetch (limit=1000, progress=21000件〜) ...
[2026-08-14 16:04:10] [INFO] [sparql_collector] [1-7. タイトル・名称 網羅検索 (Part 7)] Got 1000 new items. (累計: 22000件) [0.32s]
[2026-08-14 16:04:10] [INFO] [logger] [STATS] FETCH | Count: 1000 | Time: 0.32s | Info: 1-7. タイトル・名称 網羅検索 (Part 7) | Offset: 21000
[2026-08-14 16:04:10] [INFO] [sparql_collector] [1-7. タイトル・名称 網羅検索 (Part 7)] Sub-fetch (limit=1000, progress=22000件〜) ...
[2026-08-14 16:04:10] [INFO] [sparql_collector] [1-7. タイトル・名称 網羅検索 (Part 7)] Got 1000 new items. (累計: 23000件) [0.32s]
[2026-08-14 16:04:10] [INFO] [logger] [STATS] FETCH | Count: 1000 | Time: 0.32s | Info: 1-7. タイトル・名称 網羅検索 (Part 7) | Offset: 22000
[2026-08-14 16:04:11] [INFO] [sparql_collector] [1-7. タイトル・名称 網羅検索 (Part 7)] Sub-fetch (limit=1000, progress=23000件〜) ...
[2026-08-14 16:04:11] [INFO] [sparql_collector] [1-7. タイトル・名称 網羅検索 (Part 7)] Got 1000 new items. (累計: 24000件) [0.35s]
[2026-08-14 16:04:11] [INFO] [logger] [STATS] FETCH | Count: 1000 | Time: 0.35s | Info: 1-7. タイトル・名称 網羅検索 (Part 7) | Offset: 23000
[2026-08-14 16:04:12] [INFO] [sparql_collector] [1-7. タイトル・名称 網羅検索 (Part 7)] Sub-fetch (limit=1000, progress=24000件〜) ...
[2026-08-14 16:04:12] [INFO] [sparql_collector] [1-7. タイトル・名称 網羅検索 (Part 7)] Got 1000 new items. (累計: 25000件) [0.34s]
[2026-08-14 16:04:12] [INFO] [logger] [STATS] FETCH | Count: 1000 | Time: 0.34s | Info: 1-7. タイトル・名称 網羅検索 (Part 7) | Offset: 24000
[2026-08-14 16:04:13] [INFO] [sparql_collector] [1-7. タイトル・名称 網羅検索 (Part 7)] Sub-fetch (limit=1000, progress=25000件〜) ...
[2026-08-14 16:04:13] [INFO] [sparql_collector] [1-7. タイトル・名称 網羅検索 (Part 7)] Got 1000 new items. (累計: 26000件) [0.36s]
[2026-08-14 16:04:13] [INFO] [logger] [STATS] FETCH | Count: 1000 | Time: 0.36s | Info: 1-7. タイトル・名称 網羅検索 (Part 7) | Offset: 25000
[2026-08-14 16:04:14] [INFO] [sparql_collector] [1-7. タイトル・名称 網羅検索 (Part 7)] Sub-fetch (limit=1000, progress=26000件〜) ...
[2026-08-14 16:04:14] [INFO] [sparql_collector] [1-7. タイトル・名称 網羅検索 (Part 7)] Got 1000 new items. (累計: 27000件) [0.36s]
[2026-08-14 16:04:14] [INFO] [logger] [STATS] FETCH | Count: 1000 | Time: 0.36s | Info: 1-7. タイトル・名称 網羅検索 (Part 7) | Offset: 26000
[2026-08-14 16:04:14] [INFO] [sparql_collector] [1-7. タイトル・名称 網羅検索 (Part 7)] Sub-fetch (limit=1000, progress=27000件〜) ...
[2026-08-14 16:04:15] [INFO] [sparql_collector] [1-7. タイトル・名称 網羅検索 (Part 7)] Got 1000 new items. (累計: 28000件) [0.38s]
[2026-08-14 16:04:15] [INFO] [logger] [STATS] FETCH | Count: 1000 | Time: 0.38s | Info: 1-7. タイトル・名称 網羅検索 (Part 7) | Offset: 27000
[2026-08-14 16:04:15] [INFO] [sparql_collector] [1-7. タイトル・名称 網羅検索 (Part 7)] Sub-fetch (limit=1000, progress=28000件〜) ...
[2026-08-14 16:04:16] [INFO] [sparql_collector] [1-7. タイトル・名称 網羅検索 (Part 7)] Got 1000 new items. (累計: 29000件) [0.40s]
[2026-08-14 16:04:16] [INFO] [logger] [STATS] FETCH | Count: 1000 | Time: 0.40s | Info: 1-7. タイトル・名称 網羅検索 (Part 7) | Offset: 28000
[2026-08-14 16:04:16] [INFO] [sparql_collector] [1-7. タイトル・名称 網羅検索 (Part 7)] Sub-fetch (limit=1000, progress=29000件〜) ...
[2026-08-14 16:04:17] [INFO] [sparql_collector] [1-7. タイトル・名称 網羅検索 (Part 7)] Got 1000 new items. (累計: 30000件) [0.40s]
[2026-08-14 16:04:17] [INFO] [logger] [STATS] FETCH | Count: 1000 | Time: 0.40s | Info: 1-7. タイトル・名称 網羅検索 (Part 7) | Offset: 29000
[2026-08-14 16:04:17] [INFO] [sparql_collector] [1-7. タイトル・名称 網羅検索 (Part 7)] Sub-fetch (limit=1000, progress=30000件〜) ...
[2026-08-14 16:04:18] [INFO] [sparql_collector] [1-7. タイトル・名称 網羅検索 (Part 7)] Got 1000 new items. (累計: 31000件) [0.41s]
[2026-08-14 16:04:18] [INFO] [logger] [STATS] FETCH | Count: 1000 | Time: 0.41s | Info: 1-7. タイトル・名称 網羅検索 (Part 7) | Offset: 30000
[2026-08-14 16:04:18] [INFO] [sparql_collector] [1-7. タイトル・名称 網羅検索 (Part 7)] Sub-fetch (limit=1000, progress=31000件〜) ...
[2026-08-14 16:04:18] [INFO] [sparql_collector] [1-7. タイトル・名称 網羅検索 (Part 7)] Got 1000 new items. (累計: 32000件) [0.42s]
[2026-08-14 16:04:18] [INFO] [logger] [STATS] FETCH | Count: 1000 | Time: 0.42s | Info: 1-7. タイトル・名称 網羅検索 (Part 7) | Offset: 31000
[2026-08-14 16:04:19] [INFO] [sparql_collector] [1-7. タイトル・名称 網羅検索 (Part 7)] Sub-fetch (limit=1000, progress=32000件〜) ...
[2026-08-14 16:04:19] [INFO] [sparql_collector] [1-7. タイトル・名称 網羅検索 (Part 7)] Got 1000 new items. (累計: 33000件) [0.49s]
[2026-08-14 16:04:19] [INFO] [logger] [STATS] FETCH | Count: 1000 | Time: 0.49s | Info: 1-7. タイトル・名称 網羅検索 (Part 7) | Offset: 32000
[2026-08-14 16:04:20] [INFO] [sparql_collector] [1-7. タイトル・名称 網羅検索 (Part 7)] Sub-fetch (limit=1000, progress=33000件〜) ...
[2026-08-14 16:04:20] [INFO] [sparql_collector] [1-7. タイトル・名称 網羅検索 (Part 7)] Got 1000 new items. (累計: 34000件) [0.48s]
[2026-08-14 16:04:20] [INFO] [logger] [STATS] FETCH | Count: 1000 | Time: 0.48s | Info: 1-7. タイトル・名称 網羅検索 (Part 7) | Offset: 33000
[2026-08-14 16:04:21] [INFO] [sparql_collector] [1-7. タイトル・名称 網羅検索 (Part 7)] Sub-fetch (limit=1000, progress=34000件〜) ...
[2026-08-14 16:04:21] [INFO] [sparql_collector] [1-7. タイトル・名称 網羅検索 (Part 7)] Got 1000 new items. (累計: 35000件) [0.47s]
[2026-08-14 16:04:21] [INFO] [logger] [STATS] FETCH | Count: 1000 | Time: 0.47s | Info: 1-7. タイトル・名称 網羅検索 (Part 7) | Offset: 34000
[2026-08-14 16:04:22] [INFO] [sparql_collector] [1-7. タイトル・名称 網羅検索 (Part 7)] Sub-fetch (limit=1000, progress=35000件〜) ...
[2026-08-14 16:04:22] [INFO] [sparql_collector] [1-7. タイトル・名称 網羅検索 (Part 7)] Got 1000 new items. (累計: 36000件) [0.48s]
[2026-08-14 16:04:22] [INFO] [logger] [STATS] FETCH | Count: 1000 | Time: 0.48s | Info: 1-7. タイトル・名称 網羅検索 (Part 7) | Offset: 35000
[2026-08-14 16:04:23] [INFO] [sparql_collector] [1-7. タイトル・名称 網羅検索 (Part 7)] Sub-fetch (limit=1000, progress=36000件〜) ...
[2026-08-14 16:04:23] [INFO] [sparql_collector] [1-7. タイトル・名称 網羅検索 (Part 7)] Got 1000 new items. (累計: 37000件) [0.50s]
[2026-08-14 16:04:23] [INFO] [logger] [STATS] FETCH | Count: 1000 | Time: 0.50s | Info: 1-7. タイトル・名称 網羅検索 (Part 7) | Offset: 36000
[2026-08-14 16:04:24] [INFO] [sparql_collector] [1-7. タイトル・名称 網羅検索 (Part 7)] Sub-fetch (limit=1000, progress=37000件〜) ...
[2026-08-14 16:04:25] [INFO] [sparql_collector] [1-7. タイトル・名称 網羅検索 (Part 7)] Got 1000 new items. (累計: 38000件) [0.64s]
[2026-08-14 16:04:25] [INFO] [logger] [STATS] FETCH | Count: 1000 | Time: 0.64s | Info: 1-7. タイトル・名称 網羅検索 (Part 7) | Offset: 37000
[2026-08-14 16:04:25] [INFO] [sparql_collector] [1-7. タイトル・名称 網羅検索 (Part 7)] Sub-fetch (limit=1000, progress=38000件〜) ...
[2026-08-14 16:04:26] [INFO] [sparql_collector] [1-7. タイトル・名称 網羅検索 (Part 7)] Got 1000 new items. (累計: 39000件) [0.52s]
[2026-08-14 16:04:26] [INFO] [logger] [STATS] FETCH | Count: 1000 | Time: 0.52s | Info: 1-7. タイトル・名称 網羅検索 (Part 7) | Offset: 38000
[2026-08-14 16:04:26] [INFO] [sparql_collector] [1-7. タイトル・名称 網羅検索 (Part 7)] Sub-fetch (limit=1000, progress=39000件〜) ...
[2026-08-14 16:04:27] [INFO] [sparql_collector] [1-7. タイトル・名称 網羅検索 (Part 7)] Got 1000 new items. (累計: 40000件) [0.51s]
[2026-08-14 16:04:27] [INFO] [logger] [STATS] FETCH | Count: 1000 | Time: 0.51s | Info: 1-7. タイトル・名称 網羅検索 (Part 7) | Offset: 39000
[2026-08-14 16:04:27] [INFO] [sparql_collector] [1-7. タイトル・名称 網羅検索 (Part 7)] Sub-fetch (limit=1000, progress=40000件〜) ...
[2026-08-14 16:04:28] [INFO] [sparql_collector] [1-7. タイトル・名称 網羅検索 (Part 7)] Got 1000 new items. (累計: 41000件) [0.51s]
[2026-08-14 16:04:28] [INFO] [logger] [STATS] FETCH | Count: 1000 | Time: 0.51s | Info: 1-7. タイトル・名称 網羅検索 (Part 7) | Offset: 40000
[2026-08-14 16:04:28] [INFO] [sparql_collector] [1-7. タイトル・名称 網羅検索 (Part 7)] Sub-fetch (limit=1000, progress=41000件〜) ...
[2026-08-14 16:04:29] [INFO] [sparql_collector] [1-7. タイトル・名称 網羅検索 (Part 7)] Got 1000 new items. (累計: 42000件) [0.52s]
[2026-08-14 16:04:29] [INFO] [logger] [STATS] FETCH | Count: 1000 | Time: 0.52s | Info: 1-7. タイトル・名称 網羅検索 (Part 7) | Offset: 41000
[2026-08-14 16:04:29] [INFO] [sparql_collector] [1-7. タイトル・名称 網羅検索 (Part 7)] Sub-fetch (limit=1000, progress=42000件〜) ...
[2026-08-14 16:04:30] [INFO] [sparql_collector] [1-7. タイトル・名称 網羅検索 (Part 7)] Got 1000 new items. (累計: 43000件) [0.61s]
[2026-08-14 16:04:30] [INFO] [logger] [STATS] FETCH | Count: 1000 | Time: 0.61s | Info: 1-7. タイトル・名称 網羅検索 (Part 7) | Offset: 42000
[2026-08-14 16:04:30] [INFO] [sparql_collector] [1-7. タイトル・名称 網羅検索 (Part 7)] Sub-fetch (limit=1000, progress=43000件〜) ...
[2026-08-14 16:04:31] [INFO] [sparql_collector] [1-7. タイトル・名称 網羅検索 (Part 7)] Got 1000 new items. (累計: 44000件) [0.78s]
[2026-08-14 16:04:31] [INFO] [logger] [STATS] FETCH | Count: 1000 | Time: 0.78s | Info: 1-7. タイトル・名称 網羅検索 (Part 7) | Offset: 43000
[2026-08-14 16:04:32] [INFO] [sparql_collector] [1-7. タイトル・名称 網羅検索 (Part 7)] Sub-fetch (limit=1000, progress=44000件〜) ...
[2026-08-14 16:04:32] [INFO] [sparql_collector] [1-7. タイトル・名称 網羅検索 (Part 7)] Got 1000 new items. (累計: 45000件) [0.56s]
[2026-08-14 16:04:32] [INFO] [logger] [STATS] FETCH | Count: 1000 | Time: 0.56s | Info: 1-7. タイトル・名称 網羅検索 (Part 7) | Offset: 44000
[2026-08-14 16:04:33] [INFO] [sparql_collector] [1-7. タイトル・名称 網羅検索 (Part 7)] Sub-fetch (limit=1000, progress=45000件〜) ...
[2026-08-14 16:04:33] [INFO] [sparql_collector] [1-7. タイトル・名称 網羅検索 (Part 7)] Got 1000 new items. (累計: 46000件) [0.56s]
[2026-08-14 16:04:33] [INFO] [logger] [STATS] FETCH | Count: 1000 | Time: 0.56s | Info: 1-7. タイトル・名称 網羅検索 (Part 7) | Offset: 45000
[2026-08-14 16:04:34] [INFO] [sparql_collector] [1-7. タイトル・名称 網羅検索 (Part 7)] Sub-fetch (limit=1000, progress=46000件〜) ...
[2026-08-14 16:04:34] [INFO] [sparql_collector] [1-7. タイトル・名称 網羅検索 (Part 7)] Got 1000 new items. (累計: 47000件) [0.57s]
[2026-08-14 16:04:34] [INFO] [logger] [STATS] FETCH | Count: 1000 | Time: 0.57s | Info: 1-7. タイトル・名称 網羅検索 (Part 7) | Offset: 46000
[2026-08-14 16:04:35] [INFO] [sparql_collector] [1-7. タイトル・名称 網羅検索 (Part 7)] Sub-fetch (limit=1000, progress=47000件〜) ...
[2026-08-14 16:04:35] [INFO] [sparql_collector] [1-7. タイトル・名称 網羅検索 (Part 7)] Got 1000 new items. (累計: 48000件) [0.58s]
[2026-08-14 16:04:35] [INFO] [logger] [STATS] FETCH | Count: 1000 | Time: 0.58s | Info: 1-7. タイトル・名称 網羅検索 (Part 7) | Offset: 47000
[2026-08-14 16:04:36] [INFO] [sparql_collector] [1-7. タイトル・名称 網羅検索 (Part 7)] Sub-fetch (limit=1000, progress=48000件〜) ...
[2026-08-14 16:04:36] [INFO] [sparql_collector] [1-7. タイトル・名称 網羅検索 (Part 7)] Got 1000 new items. (累計: 49000件) [0.60s]
[2026-08-14 16:04:36] [INFO] [logger] [STATS] FETCH | Count: 1000 | Time: 0.60s | Info: 1-7. タイトル・名称 網羅検索 (Part 7) | Offset: 48000
[2026-08-14 16:04:37] [INFO] [sparql_collector] [1-7. タイトル・名称 網羅検索 (Part 7)] Sub-fetch (limit=1000, progress=49000件〜) ...
[2026-08-14 16:04:38] [INFO] [sparql_collector] [1-7. タイトル・名称 網羅検索 (Part 7)] Got 1000 new items. (累計: 50000件) [0.62s]
[2026-08-14 16:04:38] [INFO] [logger] [STATS] FETCH | Count: 1000 | Time: 0.62s | Info: 1-7. タイトル・名称 網羅検索 (Part 7) | Offset: 49000
[2026-08-14 16:04:38] [INFO] [sparql_collector] [1-7. タイトル・名称 網羅検索 (Part 7)] Sub-fetch (limit=1000, progress=50000件〜) ...
[2026-08-14 16:04:39] [INFO] [sparql_collector] [1-7. タイトル・名称 網羅検索 (Part 7)] Got 1000 new items. (累計: 51000件) [0.64s]
[2026-08-14 16:04:39] [INFO] [logger] [STATS] FETCH | Count: 1000 | Time: 0.64s | Info: 1-7. タイトル・名称 網羅検索 (Part 7) | Offset: 50000
[2026-08-14 16:04:39] [INFO] [sparql_collector] [1-7. タイトル・名称 網羅検索 (Part 7)] Sub-fetch (limit=1000, progress=51000件〜) ...
[2026-08-14 16:04:40] [INFO] [sparql_collector] [1-7. タイトル・名称 網羅検索 (Part 7)] Got 1000 new items. (累計: 52000件) [0.67s]
[2026-08-14 16:04:40] [INFO] [logger] [STATS] FETCH | Count: 1000 | Time: 0.67s | Info: 1-7. タイトル・名称 網羅検索 (Part 7) | Offset: 51000
[2026-08-14 16:04:40] [INFO] [sparql_collector] [1-7. タイトル・名称 網羅検索 (Part 7)] Sub-fetch (limit=1000, progress=52000件〜) ...
[2026-08-14 16:04:41] [INFO] [sparql_collector] [1-7. タイトル・名称 網羅検索 (Part 7)] Got 1000 new items. (累計: 53000件) [0.67s]
[2026-08-14 16:04:41] [INFO] [logger] [STATS] FETCH | Count: 1000 | Time: 0.67s | Info: 1-7. タイトル・名称 網羅検索 (Part 7) | Offset: 52000
[2026-08-14 16:04:42] [INFO] [sparql_collector] [1-7. タイトル・名称 網羅検索 (Part 7)] Sub-fetch (limit=1000, progress=53000件〜) ...
[2026-08-14 16:04:42] [INFO] [sparql_collector] [1-7. タイトル・名称 網羅検索 (Part 7)] Got 1000 new items. (累計: 54000件) [0.69s]
[2026-08-14 16:04:42] [INFO] [logger] [STATS] FETCH | Count: 1000 | Time: 0.69s | Info: 1-7. タイトル・名称 網羅検索 (Part 7) | Offset: 53000
[2026-08-14 16:04:43] [INFO] [sparql_collector] [1-7. タイトル・名称 網羅検索 (Part 7)] Sub-fetch (limit=1000, progress=54000件〜) ...
[2026-08-14 16:04:43] [INFO] [sparql_collector] [1-7. タイトル・名称 網羅検索 (Part 7)] Got 1000 new items. (累計: 55000件) [0.68s]
[2026-08-14 16:04:43] [INFO] [logger] [STATS] FETCH | Count: 1000 | Time: 0.68s | Info: 1-7. タイトル・名称 網羅検索 (Part 7) | Offset: 54000
[2026-08-14 16:04:44] [INFO] [sparql_collector] [1-7. タイトル・名称 網羅検索 (Part 7)] Sub-fetch (limit=1000, progress=55000件〜) ...
[2026-08-14 16:04:45] [INFO] [sparql_collector] [1-7. タイトル・名称 網羅検索 (Part 7)] Got 1000 new items. (累計: 56000件) [0.74s]
[2026-08-14 16:04:45] [INFO] [logger] [STATS] FETCH | Count: 1000 | Time: 0.74s | Info: 1-7. タイトル・名称 網羅検索 (Part 7) | Offset: 55000
[2026-08-14 16:04:45] [INFO] [sparql_collector] [1-7. タイトル・名称 網羅検索 (Part 7)] Sub-fetch (limit=1000, progress=56000件〜) ...
[2026-08-14 16:04:46] [INFO] [sparql_collector] [1-7. タイトル・名称 網羅検索 (Part 7)] Got 1000 new items. (累計: 57000件) [0.75s]
[2026-08-14 16:04:46] [INFO] [logger] [STATS] FETCH | Count: 1000 | Time: 0.75s | Info: 1-7. タイトル・名称 網羅検索 (Part 7) | Offset: 56000
[2026-08-14 16:04:46] [INFO] [sparql_collector] [1-7. タイトル・名称 網羅検索 (Part 7)] Sub-fetch (limit=1000, progress=57000件〜) ...
[2026-08-14 16:04:47] [INFO] [sparql_collector] [1-7. タイトル・名称 網羅検索 (Part 7)] Got 1000 new items. (累計: 58000件) [0.79s]
[2026-08-14 16:04:47] [INFO] [logger] [STATS] FETCH | Count: 1000 | Time: 0.79s | Info: 1-7. タイトル・名称 網羅検索 (Part 7) | Offset: 57000
[2026-08-14 16:04:48] [INFO] [sparql_collector] [1-7. タイトル・名称 網羅検索 (Part 7)] Sub-fetch (limit=1000, progress=58000件〜) ...
[2026-08-14 16:04:48] [INFO] [sparql_collector] [1-7. タイトル・名称 網羅検索 (Part 7)] Got 1000 new items. (累計: 59000件) [0.78s]
[2026-08-14 16:04:48] [INFO] [logger] [STATS] FETCH | Count: 1000 | Time: 0.78s | Info: 1-7. タイトル・名称 網羅検索 (Part 7) | Offset: 58000
[2026-08-14 16:04:49] [INFO] [sparql_collector] [1-7. タイトル・名称 網羅検索 (Part 7)] Sub-fetch (limit=1000, progress=59000件〜) ...
[2026-08-14 16:04:50] [INFO] [sparql_collector] [1-7. タイトル・名称 網羅検索 (Part 7)] Got 1000 new items. (累計: 60000件) [0.83s]
[2026-08-14 16:04:50] [INFO] [logger] [STATS] FETCH | Count: 1000 | Time: 0.83s | Info: 1-7. タイトル・名称 網羅検索 (Part 7) | Offset: 59000
[2026-08-14 16:04:50] [INFO] [sparql_collector] [1-7. タイトル・名称 網羅検索 (Part 7)] Sub-fetch (limit=1000, progress=60000件〜) ...
[2026-08-14 16:04:51] [INFO] [sparql_collector] [1-7. タイトル・名称 網羅検索 (Part 7)] Got 1000 new items. (累計: 61000件) [0.81s]
[2026-08-14 16:04:51] [INFO] [logger] [STATS] FETCH | Count: 1000 | Time: 0.81s | Info: 1-7. タイトル・名称 網羅検索 (Part 7) | Offset: 60000
[2026-08-14 16:04:52] [INFO] [sparql_collector] [1-7. タイトル・名称 網羅検索 (Part 7)] Sub-fetch (limit=1000, progress=61000件〜) ...
[2026-08-14 16:04:52] [INFO] [sparql_collector] [1-7. タイトル・名称 網羅検索 (Part 7)] Got 1000 new items. (累計: 62000件) [0.83s]
[2026-08-14 16:04:52] [INFO] [logger] [STATS] FETCH | Count: 1000 | Time: 0.83s | Info: 1-7. タイトル・名称 網羅検索 (Part 7) | Offset: 61000
[2026-08-14 16:04:53] [INFO] [sparql_collector] [1-7. タイトル・名称 網羅検索 (Part 7)] Sub-fetch (limit=1000, progress=62000件〜) ...
[2026-08-14 16:04:54] [INFO] [sparql_collector] [1-7. タイトル・名称 網羅検索 (Part 7)] Got 1000 new items. (累計: 63000件) [0.82s]
[2026-08-14 16:04:54] [INFO] [logger] [STATS] FETCH | Count: 1000 | Time: 0.82s | Info: 1-7. タイトル・名称 網羅検索 (Part 7) | Offset: 62000
[2026-08-14 16:04:54] [INFO] [sparql_collector] [1-7. タイトル・名称 網羅検索 (Part 7)] Sub-fetch (limit=1000, progress=63000件〜) ...
[2026-08-14 16:04:55] [INFO] [sparql_collector] [1-7. タイトル・名称 網羅検索 (Part 7)] Got 1000 new items. (累計: 64000件) [0.85s]
[2026-08-14 16:04:55] [INFO] [logger] [STATS] FETCH | Count: 1000 | Time: 0.85s | Info: 1-7. タイトル・名称 網羅検索 (Part 7) | Offset: 63000
[2026-08-14 16:04:56] [INFO] [sparql_collector] [1-7. タイトル・名称 網羅検索 (Part 7)] Sub-fetch (limit=1000, progress=64000件〜) ...
[2026-08-14 16:04:57] [INFO] [sparql_collector] [1-7. タイトル・名称 網羅検索 (Part 7)] Got 1000 new items. (累計: 65000件) [0.87s]
[2026-08-14 16:04:57] [INFO] [logger] [STATS] FETCH | Count: 1000 | Time: 0.87s | Info: 1-7. タイトル・名称 網羅検索 (Part 7) | Offset: 64000
[2026-08-14 16:04:57] [INFO] [sparql_collector] [1-7. タイトル・名称 網羅検索 (Part 7)] Sub-fetch (limit=1000, progress=65000件〜) ...
[2026-08-14 16:04:58] [INFO] [sparql_collector] [1-7. タイトル・名称 網羅検索 (Part 7)] Got 1000 new items. (累計: 66000件) [0.90s]
[2026-08-14 16:04:58] [INFO] [logger] [STATS] FETCH | Count: 1000 | Time: 0.90s | Info: 1-7. タイトル・名称 網羅検索 (Part 7) | Offset: 65000
[2026-08-14 16:04:58] [INFO] [sparql_collector] [1-7. タイトル・名称 網羅検索 (Part 7)] Sub-fetch (limit=1000, progress=66000件〜) ...
[2026-08-14 16:04:59] [INFO] [sparql_collector] [1-7. タイトル・名称 網羅検索 (Part 7)] Got 1000 new items. (累計: 67000件) [0.91s]
[2026-08-14 16:04:59] [INFO] [logger] [STATS] FETCH | Count: 1000 | Time: 0.91s | Info: 1-7. タイトル・名称 網羅検索 (Part 7) | Offset: 66000
[2026-08-14 16:05:00] [INFO] [sparql_collector] [1-7. タイトル・名称 網羅検索 (Part 7)] Sub-fetch (limit=1000, progress=67000件〜) ...
[2026-08-14 16:05:01] [INFO] [sparql_collector] [1-7. タイトル・名称 網羅検索 (Part 7)] Got 1000 new items. (累計: 68000件) [0.94s]
[2026-08-14 16:05:01] [INFO] [logger] [STATS] FETCH | Count: 1000 | Time: 0.94s | Info: 1-7. タイトル・名称 網羅検索 (Part 7) | Offset: 67000
[2026-08-14 16:05:01] [INFO] [sparql_collector] [1-7. タイトル・名称 網羅検索 (Part 7)] Sub-fetch (limit=1000, progress=68000件〜) ...
[2026-08-14 16:05:02] [INFO] [sparql_collector] [1-7. タイトル・名称 網羅検索 (Part 7)] Got 1000 new items. (累計: 69000件) [0.93s]
[2026-08-14 16:05:02] [INFO] [logger] [STATS] FETCH | Count: 1000 | Time: 0.93s | Info: 1-7. タイトル・名称 網羅検索 (Part 7) | Offset: 68000
[2026-08-14 16:05:03] [INFO] [sparql_collector] [1-7. タイトル・名称 網羅検索 (Part 7)] Sub-fetch (limit=1000, progress=69000件〜) ...
[2026-08-14 16:05:04] [INFO] [sparql_collector] [1-7. タイトル・名称 網羅検索 (Part 7)] Got 1000 new items. (累計: 70000件) [0.98s]
[2026-08-14 16:05:04] [INFO] [logger] [STATS] FETCH | Count: 1000 | Time: 0.98s | Info: 1-7. タイトル・名称 網羅検索 (Part 7) | Offset: 69000
[2026-08-14 16:05:04] [INFO] [sparql_collector] [1-7. タイトル・名称 網羅検索 (Part 7)] Sub-fetch (limit=1000, progress=70000件〜) ...
[2026-08-14 16:05:05] [INFO] [sparql_collector] [1-7. タイトル・名称 網羅検索 (Part 7)] Got 1000 new items. (累計: 71000件) [0.98s]
[2026-08-14 16:05:05] [INFO] [logger] [STATS] FETCH | Count: 1000 | Time: 0.98s | Info: 1-7. タイトル・名称 網羅検索 (Part 7) | Offset: 70000
[2026-08-14 16:05:06] [INFO] [sparql_collector] [1-7. タイトル・名称 網羅検索 (Part 7)] Sub-fetch (limit=1000, progress=71000件〜) ...
[2026-08-14 16:05:07] [INFO] [sparql_collector] [1-7. タイトル・名称 網羅検索 (Part 7)] Got 1000 new items. (累計: 72000件) [0.99s]
[2026-08-14 16:05:07] [INFO] [logger] [STATS] FETCH | Count: 1000 | Time: 0.99s | Info: 1-7. タイトル・名称 網羅検索 (Part 7) | Offset: 71000
[2026-08-14 16:05:07] [INFO] [sparql_collector] [1-7. タイトル・名称 網羅検索 (Part 7)] Sub-fetch (limit=1000, progress=72000件〜) ...
[2026-08-14 16:05:08] [INFO] [sparql_collector] [1-7. タイトル・名称 網羅検索 (Part 7)] Got 1000 new items. (累計: 73000件) [1.00s]
[2026-08-14 16:05:08] [INFO] [logger] [STATS] FETCH | Count: 1000 | Time: 1.00s | Info: 1-7. タイトル・名称 網羅検索 (Part 7) | Offset: 72000
[2026-08-14 16:05:09] [INFO] [sparql_collector] [1-7. タイトル・名称 網羅検索 (Part 7)] Sub-fetch (limit=1000, progress=73000件〜) ...
[2026-08-14 16:05:10] [INFO] [sparql_collector] [1-7. タイトル・名称 網羅検索 (Part 7)] Got 1000 new items. (累計: 74000件) [1.04s]
[2026-08-14 16:05:10] [INFO] [logger] [STATS] FETCH | Count: 1000 | Time: 1.04s | Info: 1-7. タイトル・名称 網羅検索 (Part 7) | Offset: 73000
[2026-08-14 16:05:10] [INFO] [sparql_collector] [1-7. タイトル・名称 網羅検索 (Part 7)] Sub-fetch (limit=1000, progress=74000件〜) ...
[2026-08-14 16:05:11] [INFO] [sparql_collector] [1-7. タイトル・名称 網羅検索 (Part 7)] Got 1000 new items. (累計: 75000件) [1.03s]
[2026-08-14 16:05:11] [INFO] [logger] [STATS] FETCH | Count: 1000 | Time: 1.03s | Info: 1-7. タイトル・名称 網羅検索 (Part 7) | Offset: 74000
[2026-08-14 16:05:12] [INFO] [sparql_collector] [1-7. タイトル・名称 網羅検索 (Part 7)] Sub-fetch (limit=1000, progress=75000件〜) ...
[2026-08-14 16:05:13] [INFO] [sparql_collector] [1-7. タイトル・名称 網羅検索 (Part 7)] Got 1000 new items. (累計: 76000件) [1.05s]
[2026-08-14 16:05:13] [INFO] [logger] [STATS] FETCH | Count: 1000 | Time: 1.05s | Info: 1-7. タイトル・名称 網羅検索 (Part 7) | Offset: 75000
[2026-08-14 16:05:13] [INFO] [sparql_collector] [1-7. タイトル・名称 網羅検索 (Part 7)] Sub-fetch (limit=1000, progress=76000件〜) ...
[2026-08-14 16:05:14] [INFO] [sparql_collector] [1-7. タイトル・名称 網羅検索 (Part 7)] Got 1000 new items. (累計: 77000件) [1.04s]
[2026-08-14 16:05:14] [INFO] [logger] [STATS] FETCH | Count: 1000 | Time: 1.04s | Info: 1-7. タイトル・名称 網羅検索 (Part 7) | Offset: 76000
[2026-08-14 16:05:15] [INFO] [sparql_collector] [1-7. タイトル・名称 網羅検索 (Part 7)] Sub-fetch (limit=1000, progress=77000件〜) ...
[2026-08-14 16:05:16] [INFO] [sparql_collector] [1-7. タイトル・名称 網羅検索 (Part 7)] Got 1000 new items. (累計: 78000件) [1.01s]
[2026-08-14 16:05:16] [INFO] [logger] [STATS] FETCH | Count: 1000 | Time: 1.01s | Info: 1-7. タイトル・名称 網羅検索 (Part 7) | Offset: 77000
[2026-08-14 16:05:16] [INFO] [sparql_collector] [1-7. タイトル・名称 網羅検索 (Part 7)] Sub-fetch (limit=1000, progress=78000件〜) ...
[2026-08-14 16:05:17] [INFO] [sparql_collector] [1-7. タイトル・名称 網羅検索 (Part 7)] Got 1000 new items. (累計: 79000件) [0.99s]
[2026-08-14 16:05:17] [INFO] [logger] [STATS] FETCH | Count: 1000 | Time: 0.99s | Info: 1-7. タイトル・名称 網羅検索 (Part 7) | Offset: 78000
[2026-08-14 16:05:18] [INFO] [sparql_collector] [1-7. タイトル・名称 網羅検索 (Part 7)] Sub-fetch (limit=1000, progress=79000件〜) ...
[2026-08-14 16:05:19] [INFO] [sparql_collector] [1-7. タイトル・名称 網羅検索 (Part 7)] Got 1000 new items. (累計: 80000件) [1.03s]
[2026-08-14 16:05:19] [INFO] [logger] [STATS] FETCH | Count: 1000 | Time: 1.03s | Info: 1-7. タイトル・名称 網羅検索 (Part 7) | Offset: 79000
[2026-08-14 16:05:19] [INFO] [sparql_collector] [1-7. タイトル・名称 網羅検索 (Part 7)] Sub-fetch (limit=1000, progress=80000件〜) ...
[2026-08-14 16:05:20] [INFO] [sparql_collector] [1-7. タイトル・名称 網羅検索 (Part 7)] Got 1000 new items. (累計: 81000件) [1.06s]
[2026-08-14 16:05:20] [INFO] [logger] [STATS] FETCH | Count: 1000 | Time: 1.06s | Info: 1-7. タイトル・名称 網羅検索 (Part 7) | Offset: 80000
[2026-08-14 16:05:21] [INFO] [sparql_collector] [1-7. タイトル・名称 網羅検索 (Part 7)] Sub-fetch (limit=1000, progress=81000件〜) ...
[2026-08-14 16:05:22] [INFO] [sparql_collector] [1-7. タイトル・名称 網羅検索 (Part 7)] Got 1000 new items. (累計: 82000件) [1.16s]
[2026-08-14 16:05:22] [INFO] [logger] [STATS] FETCH | Count: 1000 | Time: 1.16s | Info: 1-7. タイトル・名称 網羅検索 (Part 7) | Offset: 81000
[2026-08-14 16:05:23] [INFO] [sparql_collector] [1-7. タイトル・名称 網羅検索 (Part 7)] Sub-fetch (limit=1000, progress=82000件〜) ...
[2026-08-14 16:05:24] [INFO] [sparql_collector] [1-7. タイトル・名称 網羅検索 (Part 7)] Got 1000 new items. (累計: 83000件) [1.14s]
[2026-08-14 16:05:24] [INFO] [logger] [STATS] FETCH | Count: 1000 | Time: 1.14s | Info: 1-7. タイトル・名称 網羅検索 (Part 7) | Offset: 82000
[2026-08-14 16:05:24] [INFO] [sparql_collector] [1-7. タイトル・名称 網羅検索 (Part 7)] Sub-fetch (limit=1000, progress=83000件〜) ...
[2026-08-14 16:05:25] [INFO] [sparql_collector] [1-7. タイトル・名称 網羅検索 (Part 7)] Got 1000 new items. (累計: 84000件) [1.16s]
[2026-08-14 16:05:25] [INFO] [logger] [STATS] FETCH | Count: 1000 | Time: 1.16s | Info: 1-7. タイトル・名称 網羅検索 (Part 7) | Offset: 83000
[2026-08-14 16:05:26] [INFO] [sparql_collector] [1-7. タイトル・名称 網羅検索 (Part 7)] Sub-fetch (limit=1000, progress=84000件〜) ...
[2026-08-14 16:05:27] [INFO] [sparql_collector] [1-7. タイトル・名称 網羅検索 (Part 7)] Got 1000 new items. (累計: 85000件) [1.20s]
[2026-08-14 16:05:27] [INFO] [logger] [STATS] FETCH | Count: 1000 | Time: 1.20s | Info: 1-7. タイトル・名称 網羅検索 (Part 7) | Offset: 84000
[2026-08-14 16:05:28] [INFO] [sparql_collector] [1-7. タイトル・名称 網羅検索 (Part 7)] Sub-fetch (limit=1000, progress=85000件〜) ...
[2026-08-14 16:05:29] [INFO] [sparql_collector] [1-7. タイトル・名称 網羅検索 (Part 7)] Got 1000 new items. (累計: 86000件) [1.23s]
[2026-08-14 16:05:29] [INFO] [logger] [STATS] FETCH | Count: 1000 | Time: 1.23s | Info: 1-7. タイトル・名称 網羅検索 (Part 7) | Offset: 85000
[2026-08-14 16:05:29] [INFO] [sparql_collector] [1-7. タイトル・名称 網羅検索 (Part 7)] Sub-fetch (limit=1000, progress=86000件〜) ...
[2026-08-14 16:05:31] [INFO] [sparql_collector] [1-7. タイトル・名称 網羅検索 (Part 7)] Got 1000 new items. (累計: 87000件) [1.25s]
[2026-08-14 16:05:31] [INFO] [logger] [STATS] FETCH | Count: 1000 | Time: 1.25s | Info: 1-7. タイトル・名称 網羅検索 (Part 7) | Offset: 86000
[2026-08-14 16:05:31] [INFO] [sparql_collector] [1-7. タイトル・名称 網羅検索 (Part 7)] Sub-fetch (limit=1000, progress=87000件〜) ...
[2026-08-14 16:05:32] [INFO] [sparql_collector] [1-7. タイトル・名称 網羅検索 (Part 7)] Got 1000 new items. (累計: 88000件) [1.31s]
[2026-08-14 16:05:32] [INFO] [logger] [STATS] FETCH | Count: 1000 | Time: 1.31s | Info: 1-7. タイトル・名称 網羅検索 (Part 7) | Offset: 87000
[2026-08-14 16:05:33] [INFO] [sparql_collector] [1-7. タイトル・名称 網羅検索 (Part 7)] Sub-fetch (limit=1000, progress=88000件〜) ...
[2026-08-14 16:05:34] [INFO] [sparql_collector] [1-7. タイトル・名称 網羅検索 (Part 7)] Got 1000 new items. (累計: 89000件) [1.33s]
[2026-08-14 16:05:34] [INFO] [logger] [STATS] FETCH | Count: 1000 | Time: 1.33s | Info: 1-7. タイトル・名称 網羅検索 (Part 7) | Offset: 88000
[2026-08-14 16:05:35] [INFO] [sparql_collector] [1-7. タイトル・名称 網羅検索 (Part 7)] Sub-fetch (limit=1000, progress=89000件〜) ...
[2026-08-14 16:05:36] [INFO] [sparql_collector] [1-7. タイトル・名称 網羅検索 (Part 7)] Got 1000 new items. (累計: 90000件) [1.33s]
[2026-08-14 16:05:36] [INFO] [logger] [STATS] FETCH | Count: 1000 | Time: 1.33s | Info: 1-7. タイトル・名称 網羅検索 (Part 7) | Offset: 89000
[2026-08-14 16:05:37] [INFO] [sparql_collector] [1-7. タイトル・名称 網羅検索 (Part 7)] Sub-fetch (limit=1000, progress=90000件〜) ...
[2026-08-14 16:05:38] [INFO] [sparql_collector] [1-7. タイトル・名称 網羅検索 (Part 7)] Got 1000 new items. (累計: 91000件) [1.37s]
[2026-08-14 16:05:38] [INFO] [logger] [STATS] FETCH | Count: 1000 | Time: 1.37s | Info: 1-7. タイトル・名称 網羅検索 (Part 7) | Offset: 90000
[2026-08-14 16:05:39] [INFO] [sparql_collector] [1-7. タイトル・名称 網羅検索 (Part 7)] Sub-fetch (limit=1000, progress=91000件〜) ...
[2026-08-14 16:05:40] [INFO] [sparql_collector] [1-7. タイトル・名称 網羅検索 (Part 7)] Got 1000 new items. (累計: 92000件) [1.38s]
[2026-08-14 16:05:40] [INFO] [logger] [STATS] FETCH | Count: 1000 | Time: 1.38s | Info: 1-7. タイトル・名称 網羅検索 (Part 7) | Offset: 91000
[2026-08-14 16:05:40] [INFO] [sparql_collector] [1-7. タイトル・名称 網羅検索 (Part 7)] Sub-fetch (limit=1000, progress=92000件〜) ...
[2026-08-14 16:05:42] [INFO] [sparql_collector] [1-7. タイトル・名称 網羅検索 (Part 7)] Got 1000 new items. (累計: 93000件) [1.37s]
[2026-08-14 16:05:42] [INFO] [logger] [STATS] FETCH | Count: 1000 | Time: 1.37s | Info: 1-7. タイトル・名称 網羅検索 (Part 7) | Offset: 92000
[2026-08-14 16:05:42] [INFO] [sparql_collector] [1-7. タイトル・名称 網羅検索 (Part 7)] Sub-fetch (limit=1000, progress=93000件〜) ...
[2026-08-14 16:05:44] [INFO] [sparql_collector] [1-7. タイトル・名称 網羅検索 (Part 7)] Got 1000 new items. (累計: 94000件) [1.38s]
[2026-08-14 16:05:44] [INFO] [logger] [STATS] FETCH | Count: 1000 | Time: 1.38s | Info: 1-7. タイトル・名称 網羅検索 (Part 7) | Offset: 93000
[2026-08-14 16:05:44] [INFO] [sparql_collector] [1-7. タイトル・名称 網羅検索 (Part 7)] Sub-fetch (limit=1000, progress=94000件〜) ...
[2026-08-14 16:05:46] [INFO] [sparql_collector] [1-7. タイトル・名称 網羅検索 (Part 7)] Got 1000 new items. (累計: 95000件) [1.42s]
[2026-08-14 16:05:46] [INFO] [logger] [STATS] FETCH | Count: 1000 | Time: 1.42s | Info: 1-7. タイトル・名称 網羅検索 (Part 7) | Offset: 94000
[2026-08-14 16:05:46] [INFO] [sparql_collector] [1-7. タイトル・名称 網羅検索 (Part 7)] Sub-fetch (limit=1000, progress=95000件〜) ...
[2026-08-14 16:05:48] [INFO] [sparql_collector] [1-7. タイトル・名称 網羅検索 (Part 7)] Got 1000 new items. (累計: 96000件) [1.46s]
[2026-08-14 16:05:48] [INFO] [logger] [STATS] FETCH | Count: 1000 | Time: 1.46s | Info: 1-7. タイトル・名称 網羅検索 (Part 7) | Offset: 95000
[2026-08-14 16:05:48] [INFO] [sparql_collector] [1-7. タイトル・名称 網羅検索 (Part 7)] Sub-fetch (limit=1000, progress=96000件〜) ...
[2026-08-14 16:05:50] [INFO] [sparql_collector] [1-7. タイトル・名称 網羅検索 (Part 7)] Got 1000 new items. (累計: 97000件) [1.65s]
[2026-08-14 16:05:50] [INFO] [logger] [STATS] FETCH | Count: 1000 | Time: 1.65s | Info: 1-7. タイトル・名称 網羅検索 (Part 7) | Offset: 96000
[2026-08-14 16:05:50] [INFO] [sparql_collector] [1-7. タイトル・名称 網羅検索 (Part 7)] Sub-fetch (limit=1000, progress=97000件〜) ...
[2026-08-14 16:05:52] [INFO] [sparql_collector] [1-7. タイトル・名称 網羅検索 (Part 7)] Got 1000 new items. (累計: 98000件) [1.91s]
[2026-08-14 16:05:52] [INFO] [logger] [STATS] FETCH | Count: 1000 | Time: 1.91s | Info: 1-7. タイトル・名称 網羅検索 (Part 7) | Offset: 97000
[2026-08-14 16:05:53] [INFO] [sparql_collector] [1-7. タイトル・名称 網羅検索 (Part 7)] Sub-fetch (limit=1000, progress=98000件〜) ...
[2026-08-14 16:05:55] [INFO] [sparql_collector] [1-7. タイトル・名称 網羅検索 (Part 7)] Got 770 new items. (累計: 98770件) [2.15s]
[2026-08-14 16:05:55] [INFO] [logger] [STATS] FETCH | Count: 770 | Time: 2.15s | Info: 1-7. タイトル・名称 網羅検索 (Part 7) | Offset: 98000
[2026-08-14 16:05:55] [INFO] [sparql_collector] [1-7. タイトル・名称 網羅検索 (Part 7)] 最終バッチ到達（全データ取得完了）。
[2026-08-14 16:05:56] [INFO] [sparql_collector] --- [開始] 1-8. タイトル・名称 網羅検索 (Part 8) (全件網羅 (上限なし)) ---
[2026-08-14 16:05:56] [INFO] [sparql_collector] [1-8. タイトル・名称 網羅検索 (Part 8)] Sub-fetch (limit=1000, progress=0件〜) ...
[2026-08-14 16:05:57] [INFO] [sparql_collector] [1-8. タイトル・名称 網羅検索 (Part 8)] Got 1000 new items. (累計: 1000件) [0.36s]
[2026-08-14 16:05:57] [INFO] [logger] [STATS] FETCH | Count: 1000 | Time: 0.36s | Info: 1-8. タイトル・名称 網羅検索 (Part 8) | Offset: 0
[2026-08-14 16:05:57] [INFO] [sparql_collector] [1-8. タイトル・名称 網羅検索 (Part 8)] Sub-fetch (limit=1000, progress=1000件〜) ...
[2026-08-14 16:05:57] [INFO] [sparql_collector] [1-8. タイトル・名称 網羅検索 (Part 8)] Got 1000 new items. (累計: 2000件) [0.08s]
[2026-08-14 16:05:57] [INFO] [logger] [STATS] FETCH | Count: 1000 | Time: 0.08s | Info: 1-8. タイトル・名称 網羅検索 (Part 8) | Offset: 1000
[2026-08-14 16:05:58] [INFO] [sparql_collector] [1-8. タイトル・名称 網羅検索 (Part 8)] Sub-fetch (limit=1000, progress=2000件〜) ...
[2026-08-14 16:05:58] [INFO] [sparql_collector] [1-8. タイトル・名称 網羅検索 (Part 8)] Got 1000 new items. (累計: 3000件) [0.10s]
[2026-08-14 16:05:58] [INFO] [logger] [STATS] FETCH | Count: 1000 | Time: 0.10s | Info: 1-8. タイトル・名称 網羅検索 (Part 8) | Offset: 2000
[2026-08-14 16:05:58] [INFO] [sparql_collector] [1-8. タイトル・名称 網羅検索 (Part 8)] Sub-fetch (limit=1000, progress=3000件〜) ...
[2026-08-14 16:05:58] [INFO] [sparql_collector] [1-8. タイトル・名称 網羅検索 (Part 8)] Got 1000 new items. (累計: 4000件) [0.11s]
[2026-08-14 16:05:58] [INFO] [logger] [STATS] FETCH | Count: 1000 | Time: 0.11s | Info: 1-8. タイトル・名称 網羅検索 (Part 8) | Offset: 3000
[2026-08-14 16:05:59] [INFO] [sparql_collector] [1-8. タイトル・名称 網羅検索 (Part 8)] Sub-fetch (limit=1000, progress=4000件〜) ...
[2026-08-14 16:05:59] [INFO] [sparql_collector] [1-8. タイトル・名称 網羅検索 (Part 8)] Got 1000 new items. (累計: 5000件) [0.15s]
[2026-08-14 16:05:59] [INFO] [logger] [STATS] FETCH | Count: 1000 | Time: 0.15s | Info: 1-8. タイトル・名称 網羅検索 (Part 8) | Offset: 4000
[2026-08-14 16:06:00] [INFO] [sparql_collector] [1-8. タイトル・名称 網羅検索 (Part 8)] Sub-fetch (limit=1000, progress=5000件〜) ...
[2026-08-14 16:06:00] [INFO] [sparql_collector] [1-8. タイトル・名称 網羅検索 (Part 8)] Got 1000 new items. (累計: 6000件) [0.16s]
[2026-08-14 16:06:00] [INFO] [logger] [STATS] FETCH | Count: 1000 | Time: 0.16s | Info: 1-8. タイトル・名称 網羅検索 (Part 8) | Offset: 5000
[2026-08-14 16:06:00] [INFO] [sparql_collector] [1-8. タイトル・名称 網羅検索 (Part 8)] Sub-fetch (limit=1000, progress=6000件〜) ...
[2026-08-14 16:06:00] [INFO] [sparql_collector] [1-8. タイトル・名称 網羅検索 (Part 8)] Got 1000 new items. (累計: 7000件) [0.18s]
[2026-08-14 16:06:00] [INFO] [logger] [STATS] FETCH | Count: 1000 | Time: 0.18s | Info: 1-8. タイトル・名称 網羅検索 (Part 8) | Offset: 6000
[2026-08-14 16:06:01] [INFO] [sparql_collector] [1-8. タイトル・名称 網羅検索 (Part 8)] Sub-fetch (limit=1000, progress=7000件〜) ...
[2026-08-14 16:06:01] [INFO] [sparql_collector] [1-8. タイトル・名称 網羅検索 (Part 8)] Got 1000 new items. (累計: 8000件) [0.19s]
[2026-08-14 16:06:01] [INFO] [logger] [STATS] FETCH | Count: 1000 | Time: 0.19s | Info: 1-8. タイトル・名称 網羅検索 (Part 8) | Offset: 7000
[2026-08-14 16:06:02] [INFO] [sparql_collector] [1-8. タイトル・名称 網羅検索 (Part 8)] Sub-fetch (limit=1000, progress=8000件〜) ...
[2026-08-14 16:06:02] [INFO] [sparql_collector] [1-8. タイトル・名称 網羅検索 (Part 8)] Got 1000 new items. (累計: 9000件) [0.21s]
[2026-08-14 16:06:02] [INFO] [logger] [STATS] FETCH | Count: 1000 | Time: 0.21s | Info: 1-8. タイトル・名称 網羅検索 (Part 8) | Offset: 8000
[2026-08-14 16:06:02] [INFO] [sparql_collector] [1-8. タイトル・名称 網羅検索 (Part 8)] Sub-fetch (limit=1000, progress=9000件〜) ...
[2026-08-14 16:06:03] [INFO] [sparql_collector] [1-8. タイトル・名称 網羅検索 (Part 8)] Got 1000 new items. (累計: 10000件) [0.28s]
[2026-08-14 16:06:03] [INFO] [logger] [STATS] FETCH | Count: 1000 | Time: 0.28s | Info: 1-8. タイトル・名称 網羅検索 (Part 8) | Offset: 9000
[2026-08-14 16:06:03] [INFO] [sparql_collector] [1-8. タイトル・名称 網羅検索 (Part 8)] Sub-fetch (limit=1000, progress=10000件〜) ...
[2026-08-14 16:06:03] [INFO] [sparql_collector] [1-8. タイトル・名称 網羅検索 (Part 8)] Got 1000 new items. (累計: 11000件) [0.23s]
[2026-08-14 16:06:03] [INFO] [logger] [STATS] FETCH | Count: 1000 | Time: 0.23s | Info: 1-8. タイトル・名称 網羅検索 (Part 8) | Offset: 10000
[2026-08-14 16:06:04] [INFO] [sparql_collector] [1-8. タイトル・名称 網羅検索 (Part 8)] Sub-fetch (limit=1000, progress=11000件〜) ...
[2026-08-14 16:06:04] [INFO] [sparql_collector] [1-8. タイトル・名称 網羅検索 (Part 8)] Got 1000 new items. (累計: 12000件) [0.24s]
[2026-08-14 16:06:04] [INFO] [logger] [STATS] FETCH | Count: 1000 | Time: 0.24s | Info: 1-8. タイトル・名称 網羅検索 (Part 8) | Offset: 11000
[2026-08-14 16:06:05] [INFO] [sparql_collector] [1-8. タイトル・名称 網羅検索 (Part 8)] Sub-fetch (limit=1000, progress=12000件〜) ...
[2026-08-14 16:06:05] [INFO] [sparql_collector] [1-8. タイトル・名称 網羅検索 (Part 8)] Got 1000 new items. (累計: 13000件) [0.25s]
[2026-08-14 16:06:05] [INFO] [logger] [STATS] FETCH | Count: 1000 | Time: 0.25s | Info: 1-8. タイトル・名称 網羅検索 (Part 8) | Offset: 12000
[2026-08-14 16:06:05] [INFO] [sparql_collector] [1-8. タイトル・名称 網羅検索 (Part 8)] Sub-fetch (limit=1000, progress=13000件〜) ...
[2026-08-14 16:06:06] [INFO] [sparql_collector] [1-8. タイトル・名称 網羅検索 (Part 8)] Got 1000 new items. (累計: 14000件) [0.26s]
[2026-08-14 16:06:06] [INFO] [logger] [STATS] FETCH | Count: 1000 | Time: 0.26s | Info: 1-8. タイトル・名称 網羅検索 (Part 8) | Offset: 13000
[2026-08-14 16:06:06] [INFO] [sparql_collector] [1-8. タイトル・名称 網羅検索 (Part 8)] Sub-fetch (limit=1000, progress=14000件〜) ...
[2026-08-14 16:06:06] [INFO] [sparql_collector] [1-8. タイトル・名称 網羅検索 (Part 8)] Got 1000 new items. (累計: 15000件) [0.28s]
[2026-08-14 16:06:06] [INFO] [logger] [STATS] FETCH | Count: 1000 | Time: 0.28s | Info: 1-8. タイトル・名称 網羅検索 (Part 8) | Offset: 14000
[2026-08-14 16:06:07] [INFO] [sparql_collector] [1-8. タイトル・名称 網羅検索 (Part 8)] Sub-fetch (limit=1000, progress=15000件〜) ...
[2026-08-14 16:06:07] [INFO] [sparql_collector] [1-8. タイトル・名称 網羅検索 (Part 8)] Got 1000 new items. (累計: 16000件) [0.29s]
[2026-08-14 16:06:07] [INFO] [logger] [STATS] FETCH | Count: 1000 | Time: 0.29s | Info: 1-8. タイトル・名称 網羅検索 (Part 8) | Offset: 15000
[2026-08-14 16:06:08] [INFO] [sparql_collector] [1-8. タイトル・名称 網羅検索 (Part 8)] Sub-fetch (limit=1000, progress=16000件〜) ...
[2026-08-14 16:06:08] [INFO] [sparql_collector] [1-8. タイトル・名称 網羅検索 (Part 8)] Got 1000 new items. (累計: 17000件) [0.30s]
[2026-08-14 16:06:08] [INFO] [logger] [STATS] FETCH | Count: 1000 | Time: 0.30s | Info: 1-8. タイトル・名称 網羅検索 (Part 8) | Offset: 16000
[2026-08-14 16:06:09] [INFO] [sparql_collector] [1-8. タイトル・名称 網羅検索 (Part 8)] Sub-fetch (limit=1000, progress=17000件〜) ...
[2026-08-14 16:06:09] [INFO] [sparql_collector] [1-8. タイトル・名称 網羅検索 (Part 8)] Got 1000 new items. (累計: 18000件) [0.35s]
[2026-08-14 16:06:09] [INFO] [logger] [STATS] FETCH | Count: 1000 | Time: 0.35s | Info: 1-8. タイトル・名称 網羅検索 (Part 8) | Offset: 17000
[2026-08-14 16:06:09] [INFO] [sparql_collector] [1-8. タイトル・名称 網羅検索 (Part 8)] Sub-fetch (limit=1000, progress=18000件〜) ...
[2026-08-14 16:06:10] [INFO] [sparql_collector] [1-8. タイトル・名称 網羅検索 (Part 8)] Got 1000 new items. (累計: 19000件) [0.32s]
[2026-08-14 16:06:10] [INFO] [logger] [STATS] FETCH | Count: 1000 | Time: 0.32s | Info: 1-8. タイトル・名称 網羅検索 (Part 8) | Offset: 18000
[2026-08-14 16:06:10] [INFO] [sparql_collector] [1-8. タイトル・名称 網羅検索 (Part 8)] Sub-fetch (limit=1000, progress=19000件〜) ...
[2026-08-14 16:06:11] [INFO] [sparql_collector] [1-8. タイトル・名称 網羅検索 (Part 8)] Got 1000 new items. (累計: 20000件) [0.33s]
[2026-08-14 16:06:11] [INFO] [logger] [STATS] FETCH | Count: 1000 | Time: 0.33s | Info: 1-8. タイトル・名称 網羅検索 (Part 8) | Offset: 19000
[2026-08-14 16:06:11] [INFO] [sparql_collector] [1-8. タイトル・名称 網羅検索 (Part 8)] Sub-fetch (limit=1000, progress=20000件〜) ...
[2026-08-14 16:06:11] [INFO] [sparql_collector] [1-8. タイトル・名称 網羅検索 (Part 8)] Got 1000 new items. (累計: 21000件) [0.35s]
[2026-08-14 16:06:11] [INFO] [logger] [STATS] FETCH | Count: 1000 | Time: 0.35s | Info: 1-8. タイトル・名称 網羅検索 (Part 8) | Offset: 20000
[2026-08-14 16:06:12] [INFO] [sparql_collector] [1-8. タイトル・名称 網羅検索 (Part 8)] Sub-fetch (limit=1000, progress=21000件〜) ...
[2026-08-14 16:06:12] [INFO] [sparql_collector] [1-8. タイトル・名称 網羅検索 (Part 8)] Got 1000 new items. (累計: 22000件) [0.37s]
[2026-08-14 16:06:12] [INFO] [logger] [STATS] FETCH | Count: 1000 | Time: 0.37s | Info: 1-8. タイトル・名称 網羅検索 (Part 8) | Offset: 21000
[2026-08-14 16:06:13] [INFO] [sparql_collector] [1-8. タイトル・名称 網羅検索 (Part 8)] Sub-fetch (limit=1000, progress=22000件〜) ...
[2026-08-14 16:06:13] [INFO] [sparql_collector] [1-8. タイトル・名称 網羅検索 (Part 8)] Got 1000 new items. (累計: 23000件) [0.39s]
[2026-08-14 16:06:13] [INFO] [logger] [STATS] FETCH | Count: 1000 | Time: 0.39s | Info: 1-8. タイトル・名称 網羅検索 (Part 8) | Offset: 22000
[2026-08-14 16:06:14] [INFO] [sparql_collector] [1-8. タイトル・名称 網羅検索 (Part 8)] Sub-fetch (limit=1000, progress=23000件〜) ...
[2026-08-14 16:06:14] [INFO] [sparql_collector] [1-8. タイトル・名称 網羅検索 (Part 8)] Got 1000 new items. (累計: 24000件) [0.42s]
[2026-08-14 16:06:14] [INFO] [logger] [STATS] FETCH | Count: 1000 | Time: 0.42s | Info: 1-8. タイトル・名称 網羅検索 (Part 8) | Offset: 23000
[2026-08-14 16:06:15] [INFO] [sparql_collector] [1-8. タイトル・名称 網羅検索 (Part 8)] Sub-fetch (limit=1000, progress=24000件〜) ...
[2026-08-14 16:06:15] [INFO] [sparql_collector] [1-8. タイトル・名称 網羅検索 (Part 8)] Got 1000 new items. (累計: 25000件) [0.44s]
[2026-08-14 16:06:15] [INFO] [logger] [STATS] FETCH | Count: 1000 | Time: 0.44s | Info: 1-8. タイトル・名称 網羅検索 (Part 8) | Offset: 24000
[2026-08-14 16:06:16] [INFO] [sparql_collector] [1-8. タイトル・名称 網羅検索 (Part 8)] Sub-fetch (limit=1000, progress=25000件〜) ...
[2026-08-14 16:06:16] [INFO] [sparql_collector] [1-8. タイトル・名称 網羅検索 (Part 8)] Got 1000 new items. (累計: 26000件) [0.47s]
[2026-08-14 16:06:16] [INFO] [logger] [STATS] FETCH | Count: 1000 | Time: 0.47s | Info: 1-8. タイトル・名称 網羅検索 (Part 8) | Offset: 25000
[2026-08-14 16:06:17] [INFO] [sparql_collector] [1-8. タイトル・名称 網羅検索 (Part 8)] Sub-fetch (limit=1000, progress=26000件〜) ...
[2026-08-14 16:06:17] [INFO] [sparql_collector] [1-8. タイトル・名称 網羅検索 (Part 8)] Got 1000 new items. (累計: 27000件) [0.48s]
[2026-08-14 16:06:17] [INFO] [logger] [STATS] FETCH | Count: 1000 | Time: 0.48s | Info: 1-8. タイトル・名称 網羅検索 (Part 8) | Offset: 26000
[2026-08-14 16:06:18] [INFO] [sparql_collector] [1-8. タイトル・名称 網羅検索 (Part 8)] Sub-fetch (limit=1000, progress=27000件〜) ...
[2026-08-14 16:06:18] [INFO] [sparql_collector] [1-8. タイトル・名称 網羅検索 (Part 8)] Got 1000 new items. (累計: 28000件) [0.51s]
[2026-08-14 16:06:18] [INFO] [logger] [STATS] FETCH | Count: 1000 | Time: 0.51s | Info: 1-8. タイトル・名称 網羅検索 (Part 8) | Offset: 27000
[2026-08-14 16:06:19] [INFO] [sparql_collector] [1-8. タイトル・名称 網羅検索 (Part 8)] Sub-fetch (limit=1000, progress=28000件〜) ...
[2026-08-14 16:06:19] [INFO] [sparql_collector] [1-8. タイトル・名称 網羅検索 (Part 8)] Got 1000 new items. (累計: 29000件) [0.52s]
[2026-08-14 16:06:19] [INFO] [logger] [STATS] FETCH | Count: 1000 | Time: 0.52s | Info: 1-8. タイトル・名称 網羅検索 (Part 8) | Offset: 28000
[2026-08-14 16:06:20] [INFO] [sparql_collector] [1-8. タイトル・名称 網羅検索 (Part 8)] Sub-fetch (limit=1000, progress=29000件〜) ...
[2026-08-14 16:06:20] [INFO] [sparql_collector] [1-8. タイトル・名称 網羅検索 (Part 8)] Got 1000 new items. (累計: 30000件) [0.54s]
[2026-08-14 16:06:20] [INFO] [logger] [STATS] FETCH | Count: 1000 | Time: 0.54s | Info: 1-8. タイトル・名称 網羅検索 (Part 8) | Offset: 29000
[2026-08-14 16:06:21] [INFO] [sparql_collector] [1-8. タイトル・名称 網羅検索 (Part 8)] Sub-fetch (limit=1000, progress=30000件〜) ...
[2026-08-14 16:06:21] [INFO] [sparql_collector] [1-8. タイトル・名称 網羅検索 (Part 8)] Got 1000 new items. (累計: 31000件) [0.62s]
[2026-08-14 16:06:21] [INFO] [logger] [STATS] FETCH | Count: 1000 | Time: 0.62s | Info: 1-8. タイトル・名称 網羅検索 (Part 8) | Offset: 30000
[2026-08-14 16:06:22] [INFO] [sparql_collector] [1-8. タイトル・名称 網羅検索 (Part 8)] Sub-fetch (limit=1000, progress=31000件〜) ...
[2026-08-14 16:06:22] [INFO] [sparql_collector] [1-8. タイトル・名称 網羅検索 (Part 8)] Got 1000 new items. (累計: 32000件) [0.67s]
[2026-08-14 16:06:22] [INFO] [logger] [STATS] FETCH | Count: 1000 | Time: 0.67s | Info: 1-8. タイトル・名称 網羅検索 (Part 8) | Offset: 31000
[2026-08-14 16:06:23] [INFO] [sparql_collector] [1-8. タイトル・名称 網羅検索 (Part 8)] Sub-fetch (limit=1000, progress=32000件〜) ...
[2026-08-14 16:06:24] [INFO] [sparql_collector] [1-8. タイトル・名称 網羅検索 (Part 8)] Got 1000 new items. (累計: 33000件) [0.70s]
[2026-08-14 16:06:24] [INFO] [logger] [STATS] FETCH | Count: 1000 | Time: 0.70s | Info: 1-8. タイトル・名称 網羅検索 (Part 8) | Offset: 32000
[2026-08-14 16:06:24] [INFO] [sparql_collector] [1-8. タイトル・名称 網羅検索 (Part 8)] Sub-fetch (limit=1000, progress=33000件〜) ...
[2026-08-14 16:06:25] [INFO] [sparql_collector] [1-8. タイトル・名称 網羅検索 (Part 8)] Got 1000 new items. (累計: 34000件) [0.70s]
[2026-08-14 16:06:25] [INFO] [logger] [STATS] FETCH | Count: 1000 | Time: 0.70s | Info: 1-8. タイトル・名称 網羅検索 (Part 8) | Offset: 33000
[2026-08-14 16:06:25] [INFO] [sparql_collector] [1-8. タイトル・名称 網羅検索 (Part 8)] Sub-fetch (limit=1000, progress=34000件〜) ...
[2026-08-14 16:06:26] [INFO] [sparql_collector] [1-8. タイトル・名称 網羅検索 (Part 8)] Got 1000 new items. (累計: 35000件) [0.70s]
[2026-08-14 16:06:26] [INFO] [logger] [STATS] FETCH | Count: 1000 | Time: 0.70s | Info: 1-8. タイトル・名称 網羅検索 (Part 8) | Offset: 34000
[2026-08-14 16:06:27] [INFO] [sparql_collector] [1-8. タイトル・名称 網羅検索 (Part 8)] Sub-fetch (limit=1000, progress=35000件〜) ...
[2026-08-14 16:06:27] [INFO] [sparql_collector] [1-8. タイトル・名称 網羅検索 (Part 8)] Got 1000 new items. (累計: 36000件) [0.71s]
[2026-08-14 16:06:27] [INFO] [logger] [STATS] FETCH | Count: 1000 | Time: 0.71s | Info: 1-8. タイトル・名称 網羅検索 (Part 8) | Offset: 35000
[2026-08-14 16:06:28] [INFO] [sparql_collector] [1-8. タイトル・名称 網羅検索 (Part 8)] Sub-fetch (limit=1000, progress=36000件〜) ...
[2026-08-14 16:06:29] [INFO] [sparql_collector] [1-8. タイトル・名称 網羅検索 (Part 8)] Got 642 new items. (累計: 36642件) [1.13s]
[2026-08-14 16:06:29] [INFO] [logger] [STATS] FETCH | Count: 642 | Time: 1.13s | Info: 1-8. タイトル・名称 網羅検索 (Part 8) | Offset: 36000
[2026-08-14 16:06:29] [INFO] [sparql_collector] [1-8. タイトル・名称 網羅検索 (Part 8)] 最終バッチ到達（全データ取得完了）。
[2026-08-14 16:06:30] [INFO] [sparql_collector] --- [開始] 1-9. タイトル・名称 網羅検索 (Part 9) (全件網羅 (上限なし)) ---
[2026-08-14 16:06:30] [INFO] [sparql_collector] [1-9. タイトル・名称 網羅検索 (Part 9)] Sub-fetch (limit=1000, progress=0件〜) ...
[2026-08-14 16:06:30] [INFO] [sparql_collector] [1-9. タイトル・名称 網羅検索 (Part 9)] Got 1000 new items. (累計: 1000件) [0.08s]
[2026-08-14 16:06:30] [INFO] [logger] [STATS] FETCH | Count: 1000 | Time: 0.08s | Info: 1-9. タイトル・名称 網羅検索 (Part 9) | Offset: 0
[2026-08-14 16:06:31] [INFO] [sparql_collector] [1-9. タイトル・名称 網羅検索 (Part 9)] Sub-fetch (limit=1000, progress=1000件〜) ...
[2026-08-14 16:06:31] [INFO] [sparql_collector] [1-9. タイトル・名称 網羅検索 (Part 9)] Got 1000 new items. (累計: 2000件) [0.07s]
[2026-08-14 16:06:31] [INFO] [logger] [STATS] FETCH | Count: 1000 | Time: 0.07s | Info: 1-9. タイトル・名称 網羅検索 (Part 9) | Offset: 1000
[2026-08-14 16:06:32] [INFO] [sparql_collector] [1-9. タイトル・名称 網羅検索 (Part 9)] Sub-fetch (limit=1000, progress=2000件〜) ...
[2026-08-14 16:06:32] [INFO] [sparql_collector] [1-9. タイトル・名称 網羅検索 (Part 9)] Got 1000 new items. (累計: 3000件) [0.08s]
[2026-08-14 16:06:32] [INFO] [logger] [STATS] FETCH | Count: 1000 | Time: 0.08s | Info: 1-9. タイトル・名称 網羅検索 (Part 9) | Offset: 2000
[2026-08-14 16:06:32] [INFO] [sparql_collector] [1-9. タイトル・名称 網羅検索 (Part 9)] Sub-fetch (limit=1000, progress=3000件〜) ...
[2026-08-14 16:06:32] [INFO] [sparql_collector] [1-9. タイトル・名称 網羅検索 (Part 9)] Got 1000 new items. (累計: 4000件) [0.09s]
[2026-08-14 16:06:32] [INFO] [logger] [STATS] FETCH | Count: 1000 | Time: 0.09s | Info: 1-9. タイトル・名称 網羅検索 (Part 9) | Offset: 3000
[2026-08-14 16:06:33] [INFO] [sparql_collector] [1-9. タイトル・名称 網羅検索 (Part 9)] Sub-fetch (limit=1000, progress=4000件〜) ...
[2026-08-14 16:06:33] [INFO] [sparql_collector] [1-9. タイトル・名称 網羅検索 (Part 9)] Got 1000 new items. (累計: 5000件) [0.12s]
[2026-08-14 16:06:33] [INFO] [logger] [STATS] FETCH | Count: 1000 | Time: 0.12s | Info: 1-9. タイトル・名称 網羅検索 (Part 9) | Offset: 4000
[2026-08-14 16:06:33] [INFO] [sparql_collector] [1-9. タイトル・名称 網羅検索 (Part 9)] Sub-fetch (limit=1000, progress=5000件〜) ...
[2026-08-14 16:06:33] [INFO] [sparql_collector] [1-9. タイトル・名称 網羅検索 (Part 9)] Got 1000 new items. (累計: 6000件) [0.13s]
[2026-08-14 16:06:33] [INFO] [logger] [STATS] FETCH | Count: 1000 | Time: 0.13s | Info: 1-9. タイトル・名称 網羅検索 (Part 9) | Offset: 5000
[2026-08-14 16:06:34] [INFO] [sparql_collector] [1-9. タイトル・名称 網羅検索 (Part 9)] Sub-fetch (limit=1000, progress=6000件〜) ...
[2026-08-14 16:06:34] [INFO] [sparql_collector] [1-9. タイトル・名称 網羅検索 (Part 9)] Got 1000 new items. (累計: 7000件) [0.12s]
[2026-08-14 16:06:34] [INFO] [logger] [STATS] FETCH | Count: 1000 | Time: 0.12s | Info: 1-9. タイトル・名称 網羅検索 (Part 9) | Offset: 6000
[2026-08-14 16:06:35] [INFO] [sparql_collector] [1-9. タイトル・名称 網羅検索 (Part 9)] Sub-fetch (limit=1000, progress=7000件〜) ...
[2026-08-14 16:06:35] [INFO] [sparql_collector] [1-9. タイトル・名称 網羅検索 (Part 9)] Got 1000 new items. (累計: 8000件) [0.15s]
[2026-08-14 16:06:35] [INFO] [logger] [STATS] FETCH | Count: 1000 | Time: 0.15s | Info: 1-9. タイトル・名称 網羅検索 (Part 9) | Offset: 7000
[2026-08-14 16:06:35] [INFO] [sparql_collector] [1-9. タイトル・名称 網羅検索 (Part 9)] Sub-fetch (limit=1000, progress=8000件〜) ...
[2026-08-14 16:06:35] [INFO] [sparql_collector] [1-9. タイトル・名称 網羅検索 (Part 9)] Got 1000 new items. (累計: 9000件) [0.17s]
[2026-08-14 16:06:35] [INFO] [logger] [STATS] FETCH | Count: 1000 | Time: 0.17s | Info: 1-9. タイトル・名称 網羅検索 (Part 9) | Offset: 8000
[2026-08-14 16:06:36] [INFO] [sparql_collector] [1-9. タイトル・名称 網羅検索 (Part 9)] Sub-fetch (limit=1000, progress=9000件〜) ...
[2026-08-14 16:06:36] [INFO] [sparql_collector] [1-9. タイトル・名称 網羅検索 (Part 9)] Got 1000 new items. (累計: 10000件) [0.19s]
[2026-08-14 16:06:36] [INFO] [logger] [STATS] FETCH | Count: 1000 | Time: 0.19s | Info: 1-9. タイトル・名称 網羅検索 (Part 9) | Offset: 9000
[2026-08-14 16:06:37] [INFO] [sparql_collector] [1-9. タイトル・名称 網羅検索 (Part 9)] Sub-fetch (limit=1000, progress=10000件〜) ...
[2026-08-14 16:06:37] [INFO] [sparql_collector] [1-9. タイトル・名称 網羅検索 (Part 9)] Got 1000 new items. (累計: 11000件) [0.25s]
[2026-08-14 16:06:37] [INFO] [logger] [STATS] FETCH | Count: 1000 | Time: 0.25s | Info: 1-9. タイトル・名称 網羅検索 (Part 9) | Offset: 10000
[2026-08-14 16:06:37] [INFO] [sparql_collector] [1-9. タイトル・名称 網羅検索 (Part 9)] Sub-fetch (limit=1000, progress=11000件〜) ...
[2026-08-14 16:06:38] [INFO] [sparql_collector] [1-9. タイトル・名称 網羅検索 (Part 9)] Got 1000 new items. (累計: 12000件) [0.22s]
[2026-08-14 16:06:38] [INFO] [logger] [STATS] FETCH | Count: 1000 | Time: 0.22s | Info: 1-9. タイトル・名称 網羅検索 (Part 9) | Offset: 11000
[2026-08-14 16:06:38] [INFO] [sparql_collector] [1-9. タイトル・名称 網羅検索 (Part 9)] Sub-fetch (limit=1000, progress=12000件〜) ...
[2026-08-14 16:06:38] [INFO] [sparql_collector] [1-9. タイトル・名称 網羅検索 (Part 9)] Got 1000 new items. (累計: 13000件) [0.24s]
[2026-08-14 16:06:38] [INFO] [logger] [STATS] FETCH | Count: 1000 | Time: 0.24s | Info: 1-9. タイトル・名称 網羅検索 (Part 9) | Offset: 12000
[2026-08-14 16:06:39] [INFO] [sparql_collector] [1-9. タイトル・名称 網羅検索 (Part 9)] Sub-fetch (limit=1000, progress=13000件〜) ...
[2026-08-14 16:06:39] [INFO] [sparql_collector] [1-9. タイトル・名称 網羅検索 (Part 9)] Got 1000 new items. (累計: 14000件) [0.26s]
[2026-08-14 16:06:39] [INFO] [logger] [STATS] FETCH | Count: 1000 | Time: 0.26s | Info: 1-9. タイトル・名称 網羅検索 (Part 9) | Offset: 13000
[2026-08-14 16:06:40] [INFO] [sparql_collector] [1-9. タイトル・名称 網羅検索 (Part 9)] Sub-fetch (limit=1000, progress=14000件〜) ...
[2026-08-14 16:06:40] [INFO] [sparql_collector] [1-9. タイトル・名称 網羅検索 (Part 9)] Got 1000 new items. (累計: 15000件) [0.25s]
[2026-08-14 16:06:40] [INFO] [logger] [STATS] FETCH | Count: 1000 | Time: 0.25s | Info: 1-9. タイトル・名称 網羅検索 (Part 9) | Offset: 14000
[2026-08-14 16:06:40] [INFO] [sparql_collector] [1-9. タイトル・名称 網羅検索 (Part 9)] Sub-fetch (limit=1000, progress=15000件〜) ...
[2026-08-14 16:06:41] [INFO] [sparql_collector] [1-9. タイトル・名称 網羅検索 (Part 9)] Got 1000 new items. (累計: 16000件) [0.24s]
[2026-08-14 16:06:41] [INFO] [logger] [STATS] FETCH | Count: 1000 | Time: 0.24s | Info: 1-9. タイトル・名称 網羅検索 (Part 9) | Offset: 15000
[2026-08-14 16:06:41] [INFO] [sparql_collector] [1-9. タイトル・名称 網羅検索 (Part 9)] Sub-fetch (limit=1000, progress=16000件〜) ...
[2026-08-14 16:06:41] [INFO] [sparql_collector] [1-9. タイトル・名称 網羅検索 (Part 9)] Got 1000 new items. (累計: 17000件) [0.26s]
[2026-08-14 16:06:41] [INFO] [logger] [STATS] FETCH | Count: 1000 | Time: 0.26s | Info: 1-9. タイトル・名称 網羅検索 (Part 9) | Offset: 16000
[2026-08-14 16:06:42] [INFO] [sparql_collector] [1-9. タイトル・名称 網羅検索 (Part 9)] Sub-fetch (limit=1000, progress=17000件〜) ...
[2026-08-14 16:06:42] [INFO] [sparql_collector] [1-9. タイトル・名称 網羅検索 (Part 9)] Got 1000 new items. (累計: 18000件) [0.31s]
[2026-08-14 16:06:42] [INFO] [logger] [STATS] FETCH | Count: 1000 | Time: 0.31s | Info: 1-9. タイトル・名称 網羅検索 (Part 9) | Offset: 17000
[2026-08-14 16:06:43] [INFO] [sparql_collector] [1-9. タイトル・名称 網羅検索 (Part 9)] Sub-fetch (limit=1000, progress=18000件〜) ...
[2026-08-14 16:06:43] [INFO] [sparql_collector] [1-9. タイトル・名称 網羅検索 (Part 9)] Got 1000 new items. (累計: 19000件) [0.27s]
[2026-08-14 16:06:43] [INFO] [logger] [STATS] FETCH | Count: 1000 | Time: 0.27s | Info: 1-9. タイトル・名称 網羅検索 (Part 9) | Offset: 18000
[2026-08-14 16:06:44] [INFO] [sparql_collector] [1-9. タイトル・名称 網羅検索 (Part 9)] Sub-fetch (limit=1000, progress=19000件〜) ...
[2026-08-14 16:06:44] [INFO] [sparql_collector] [1-9. タイトル・名称 網羅検索 (Part 9)] Got 1000 new items. (累計: 20000件) [0.27s]
[2026-08-14 16:06:44] [INFO] [logger] [STATS] FETCH | Count: 1000 | Time: 0.27s | Info: 1-9. タイトル・名称 網羅検索 (Part 9) | Offset: 19000
[2026-08-14 16:06:44] [INFO] [sparql_collector] [1-9. タイトル・名称 網羅検索 (Part 9)] Sub-fetch (limit=1000, progress=20000件〜) ...
[2026-08-14 16:06:45] [INFO] [sparql_collector] [1-9. タイトル・名称 網羅検索 (Part 9)] Got 1000 new items. (累計: 21000件) [0.30s]
[2026-08-14 16:06:45] [INFO] [logger] [STATS] FETCH | Count: 1000 | Time: 0.30s | Info: 1-9. タイトル・名称 網羅検索 (Part 9) | Offset: 20000
[2026-08-14 16:06:45] [INFO] [sparql_collector] [1-9. タイトル・名称 網羅検索 (Part 9)] Sub-fetch (limit=1000, progress=21000件〜) ...
[2026-08-14 16:06:45] [INFO] [sparql_collector] [1-9. タイトル・名称 網羅検索 (Part 9)] Got 1000 new items. (累計: 22000件) [0.31s]
[2026-08-14 16:06:45] [INFO] [logger] [STATS] FETCH | Count: 1000 | Time: 0.31s | Info: 1-9. タイトル・名称 網羅検索 (Part 9) | Offset: 21000
[2026-08-14 16:06:46] [INFO] [sparql_collector] [1-9. タイトル・名称 網羅検索 (Part 9)] Sub-fetch (limit=1000, progress=22000件〜) ...
[2026-08-14 16:06:46] [INFO] [sparql_collector] [1-9. タイトル・名称 網羅検索 (Part 9)] Got 1000 new items. (累計: 23000件) [0.32s]
[2026-08-14 16:06:46] [INFO] [logger] [STATS] FETCH | Count: 1000 | Time: 0.32s | Info: 1-9. タイトル・名称 網羅検索 (Part 9) | Offset: 22000
[2026-08-14 16:06:47] [INFO] [sparql_collector] [1-9. タイトル・名称 網羅検索 (Part 9)] Sub-fetch (limit=1000, progress=23000件〜) ...
[2026-08-14 16:06:47] [INFO] [sparql_collector] [1-9. タイトル・名称 網羅検索 (Part 9)] Got 1000 new items. (累計: 24000件) [0.33s]
[2026-08-14 16:06:47] [INFO] [logger] [STATS] FETCH | Count: 1000 | Time: 0.33s | Info: 1-9. タイトル・名称 網羅検索 (Part 9) | Offset: 23000
[2026-08-14 16:06:48] [INFO] [sparql_collector] [1-9. タイトル・名称 網羅検索 (Part 9)] Sub-fetch (limit=1000, progress=24000件〜) ...
[2026-08-14 16:06:48] [INFO] [sparql_collector] [1-9. タイトル・名称 網羅検索 (Part 9)] Got 1000 new items. (累計: 25000件) [0.34s]
[2026-08-14 16:06:48] [INFO] [logger] [STATS] FETCH | Count: 1000 | Time: 0.34s | Info: 1-9. タイトル・名称 網羅検索 (Part 9) | Offset: 24000
[2026-08-14 16:06:48] [INFO] [sparql_collector] [1-9. タイトル・名称 網羅検索 (Part 9)] Sub-fetch (limit=1000, progress=25000件〜) ...
[2026-08-14 16:06:49] [INFO] [sparql_collector] [1-9. タイトル・名称 網羅検索 (Part 9)] Got 1000 new items. (累計: 26000件) [0.34s]
[2026-08-14 16:06:49] [INFO] [logger] [STATS] FETCH | Count: 1000 | Time: 0.34s | Info: 1-9. タイトル・名称 網羅検索 (Part 9) | Offset: 25000
[2026-08-14 16:06:49] [INFO] [sparql_collector] [1-9. タイトル・名称 網羅検索 (Part 9)] Sub-fetch (limit=1000, progress=26000件〜) ...
[2026-08-14 16:06:50] [INFO] [sparql_collector] [1-9. タイトル・名称 網羅検索 (Part 9)] Got 1000 new items. (累計: 27000件) [0.34s]
[2026-08-14 16:06:50] [INFO] [logger] [STATS] FETCH | Count: 1000 | Time: 0.34s | Info: 1-9. タイトル・名称 網羅検索 (Part 9) | Offset: 26000
[2026-08-14 16:06:50] [INFO] [sparql_collector] [1-9. タイトル・名称 網羅検索 (Part 9)] Sub-fetch (limit=1000, progress=27000件〜) ...
[2026-08-14 16:06:50] [INFO] [sparql_collector] [1-9. タイトル・名称 網羅検索 (Part 9)] Got 1000 new items. (累計: 28000件) [0.38s]
[2026-08-14 16:06:50] [INFO] [logger] [STATS] FETCH | Count: 1000 | Time: 0.38s | Info: 1-9. タイトル・名称 網羅検索 (Part 9) | Offset: 27000
[2026-08-14 16:06:51] [INFO] [sparql_collector] [1-9. タイトル・名称 網羅検索 (Part 9)] Sub-fetch (limit=1000, progress=28000件〜) ...
[2026-08-14 16:06:51] [INFO] [sparql_collector] [1-9. タイトル・名称 網羅検索 (Part 9)] Got 1000 new items. (累計: 29000件) [0.38s]
[2026-08-14 16:06:51] [INFO] [logger] [STATS] FETCH | Count: 1000 | Time: 0.38s | Info: 1-9. タイトル・名称 網羅検索 (Part 9) | Offset: 28000
[2026-08-14 16:06:52] [INFO] [sparql_collector] [1-9. タイトル・名称 網羅検索 (Part 9)] Sub-fetch (limit=1000, progress=29000件〜) ...
[2026-08-14 16:06:52] [INFO] [sparql_collector] [1-9. タイトル・名称 網羅検索 (Part 9)] Got 1000 new items. (累計: 30000件) [0.39s]
[2026-08-14 16:06:52] [INFO] [logger] [STATS] FETCH | Count: 1000 | Time: 0.39s | Info: 1-9. タイトル・名称 網羅検索 (Part 9) | Offset: 29000
[2026-08-14 16:06:53] [INFO] [sparql_collector] [1-9. タイトル・名称 網羅検索 (Part 9)] Sub-fetch (limit=1000, progress=30000件〜) ...
[2026-08-14 16:06:53] [INFO] [sparql_collector] [1-9. タイトル・名称 網羅検索 (Part 9)] Got 1000 new items. (累計: 31000件) [0.39s]
[2026-08-14 16:06:53] [INFO] [logger] [STATS] FETCH | Count: 1000 | Time: 0.39s | Info: 1-9. タイトル・名称 網羅検索 (Part 9) | Offset: 30000
[2026-08-14 16:06:54] [INFO] [sparql_collector] [1-9. タイトル・名称 網羅検索 (Part 9)] Sub-fetch (limit=1000, progress=31000件〜) ...
[2026-08-14 16:06:54] [INFO] [sparql_collector] [1-9. タイトル・名称 網羅検索 (Part 9)] Got 1000 new items. (累計: 32000件) [0.41s]
[2026-08-14 16:06:54] [INFO] [logger] [STATS] FETCH | Count: 1000 | Time: 0.41s | Info: 1-9. タイトル・名称 網羅検索 (Part 9) | Offset: 31000
[2026-08-14 16:06:55] [INFO] [sparql_collector] [1-9. タイトル・名称 網羅検索 (Part 9)] Sub-fetch (limit=1000, progress=32000件〜) ...
[2026-08-14 16:06:55] [INFO] [sparql_collector] [1-9. タイトル・名称 網羅検索 (Part 9)] Got 1000 new items. (累計: 33000件) [0.43s]
[2026-08-14 16:06:55] [INFO] [logger] [STATS] FETCH | Count: 1000 | Time: 0.43s | Info: 1-9. タイトル・名称 網羅検索 (Part 9) | Offset: 32000
[2026-08-14 16:06:56] [INFO] [sparql_collector] [1-9. タイトル・名称 網羅検索 (Part 9)] Sub-fetch (limit=1000, progress=33000件〜) ...
[2026-08-14 16:06:56] [INFO] [sparql_collector] [1-9. タイトル・名称 網羅検索 (Part 9)] Got 1000 new items. (累計: 34000件) [0.45s]
[2026-08-14 16:06:56] [INFO] [logger] [STATS] FETCH | Count: 1000 | Time: 0.45s | Info: 1-9. タイトル・名称 網羅検索 (Part 9) | Offset: 33000
[2026-08-14 16:06:56] [INFO] [sparql_collector] [1-9. タイトル・名称 網羅検索 (Part 9)] Sub-fetch (limit=1000, progress=34000件〜) ...
[2026-08-14 16:06:57] [INFO] [sparql_collector] [1-9. タイトル・名称 網羅検索 (Part 9)] Got 1000 new items. (累計: 35000件) [0.46s]
[2026-08-14 16:06:57] [INFO] [logger] [STATS] FETCH | Count: 1000 | Time: 0.46s | Info: 1-9. タイトル・名称 網羅検索 (Part 9) | Offset: 34000
[2026-08-14 16:06:57] [INFO] [sparql_collector] [1-9. タイトル・名称 網羅検索 (Part 9)] Sub-fetch (limit=1000, progress=35000件〜) ...
[2026-08-14 16:06:58] [INFO] [sparql_collector] [1-9. タイトル・名称 網羅検索 (Part 9)] Got 1000 new items. (累計: 36000件) [0.49s]
[2026-08-14 16:06:58] [INFO] [logger] [STATS] FETCH | Count: 1000 | Time: 0.49s | Info: 1-9. タイトル・名称 網羅検索 (Part 9) | Offset: 35000
[2026-08-14 16:06:58] [INFO] [sparql_collector] [1-9. タイトル・名称 網羅検索 (Part 9)] Sub-fetch (limit=1000, progress=36000件〜) ...
[2026-08-14 16:06:59] [INFO] [sparql_collector] [1-9. タイトル・名称 網羅検索 (Part 9)] Got 1000 new items. (累計: 37000件) [0.50s]
[2026-08-14 16:06:59] [INFO] [logger] [STATS] FETCH | Count: 1000 | Time: 0.50s | Info: 1-9. タイトル・名称 網羅検索 (Part 9) | Offset: 36000
[2026-08-14 16:06:59] [INFO] [sparql_collector] [1-9. タイトル・名称 網羅検索 (Part 9)] Sub-fetch (limit=1000, progress=37000件〜) ...
[2026-08-14 16:07:00] [INFO] [sparql_collector] [1-9. タイトル・名称 網羅検索 (Part 9)] Got 1000 new items. (累計: 38000件) [0.48s]
[2026-08-14 16:07:00] [INFO] [logger] [STATS] FETCH | Count: 1000 | Time: 0.48s | Info: 1-9. タイトル・名称 網羅検索 (Part 9) | Offset: 37000
[2026-08-14 16:07:00] [INFO] [sparql_collector] [1-9. タイトル・名称 網羅検索 (Part 9)] Sub-fetch (limit=1000, progress=38000件〜) ...
[2026-08-14 16:07:01] [INFO] [sparql_collector] [1-9. タイトル・名称 網羅検索 (Part 9)] Got 1000 new items. (累計: 39000件) [0.50s]
[2026-08-14 16:07:01] [INFO] [logger] [STATS] FETCH | Count: 1000 | Time: 0.50s | Info: 1-9. タイトル・名称 網羅検索 (Part 9) | Offset: 38000
[2026-08-14 16:07:01] [INFO] [sparql_collector] [1-9. タイトル・名称 網羅検索 (Part 9)] Sub-fetch (limit=1000, progress=39000件〜) ...
[2026-08-14 16:07:02] [INFO] [sparql_collector] [1-9. タイトル・名称 網羅検索 (Part 9)] Got 1000 new items. (累計: 40000件) [0.51s]
[2026-08-14 16:07:02] [INFO] [logger] [STATS] FETCH | Count: 1000 | Time: 0.51s | Info: 1-9. タイトル・名称 網羅検索 (Part 9) | Offset: 39000
[2026-08-14 16:07:02] [INFO] [sparql_collector] [1-9. タイトル・名称 網羅検索 (Part 9)] Sub-fetch (limit=1000, progress=40000件〜) ...
[2026-08-14 16:07:03] [INFO] [sparql_collector] [1-9. タイトル・名称 網羅検索 (Part 9)] Got 1000 new items. (累計: 41000件) [0.52s]
[2026-08-14 16:07:03] [INFO] [logger] [STATS] FETCH | Count: 1000 | Time: 0.52s | Info: 1-9. タイトル・名称 網羅検索 (Part 9) | Offset: 40000
[2026-08-14 16:07:03] [INFO] [sparql_collector] [1-9. タイトル・名称 網羅検索 (Part 9)] Sub-fetch (limit=1000, progress=41000件〜) ...
[2026-08-14 16:07:04] [INFO] [sparql_collector] [1-9. タイトル・名称 網羅検索 (Part 9)] Got 1000 new items. (累計: 42000件) [0.52s]
[2026-08-14 16:07:04] [INFO] [logger] [STATS] FETCH | Count: 1000 | Time: 0.52s | Info: 1-9. タイトル・名称 網羅検索 (Part 9) | Offset: 41000
[2026-08-14 16:07:04] [INFO] [sparql_collector] [1-9. タイトル・名称 網羅検索 (Part 9)] Sub-fetch (limit=1000, progress=42000件〜) ...
[2026-08-14 16:07:05] [INFO] [sparql_collector] [1-9. タイトル・名称 網羅検索 (Part 9)] Got 1000 new items. (累計: 43000件) [0.54s]
[2026-08-14 16:07:05] [INFO] [logger] [STATS] FETCH | Count: 1000 | Time: 0.54s | Info: 1-9. タイトル・名称 網羅検索 (Part 9) | Offset: 42000
[2026-08-14 16:07:06] [INFO] [sparql_collector] [1-9. タイトル・名称 網羅検索 (Part 9)] Sub-fetch (limit=1000, progress=43000件〜) ...
[2026-08-14 16:07:06] [INFO] [sparql_collector] [1-9. タイトル・名称 網羅検索 (Part 9)] Got 1000 new items. (累計: 44000件) [0.79s]
[2026-08-14 16:07:06] [INFO] [logger] [STATS] FETCH | Count: 1000 | Time: 0.79s | Info: 1-9. タイトル・名称 網羅検索 (Part 9) | Offset: 43000
[2026-08-14 16:07:07] [INFO] [sparql_collector] [1-9. タイトル・名称 網羅検索 (Part 9)] Sub-fetch (limit=1000, progress=44000件〜) ...
[2026-08-14 16:07:07] [INFO] [sparql_collector] [1-9. タイトル・名称 網羅検索 (Part 9)] Got 1000 new items. (累計: 45000件) [0.56s]
[2026-08-14 16:07:07] [INFO] [logger] [STATS] FETCH | Count: 1000 | Time: 0.56s | Info: 1-9. タイトル・名称 網羅検索 (Part 9) | Offset: 44000
[2026-08-14 16:07:08] [INFO] [sparql_collector] [1-9. タイトル・名称 網羅検索 (Part 9)] Sub-fetch (limit=1000, progress=45000件〜) ...
[2026-08-14 16:07:08] [INFO] [sparql_collector] [1-9. タイトル・名称 網羅検索 (Part 9)] Got 1000 new items. (累計: 46000件) [0.58s]
[2026-08-14 16:07:08] [INFO] [logger] [STATS] FETCH | Count: 1000 | Time: 0.58s | Info: 1-9. タイトル・名称 網羅検索 (Part 9) | Offset: 45000
[2026-08-14 16:07:09] [INFO] [sparql_collector] [1-9. タイトル・名称 網羅検索 (Part 9)] Sub-fetch (limit=1000, progress=46000件〜) ...
[2026-08-14 16:07:10] [INFO] [sparql_collector] [1-9. タイトル・名称 網羅検索 (Part 9)] Got 1000 new items. (累計: 47000件) [0.59s]
[2026-08-14 16:07:10] [INFO] [logger] [STATS] FETCH | Count: 1000 | Time: 0.59s | Info: 1-9. タイトル・名称 網羅検索 (Part 9) | Offset: 46000
[2026-08-14 16:07:10] [INFO] [sparql_collector] [1-9. タイトル・名称 網羅検索 (Part 9)] Sub-fetch (limit=1000, progress=47000件〜) ...
[2026-08-14 16:07:11] [INFO] [sparql_collector] [1-9. タイトル・名称 網羅検索 (Part 9)] Got 1000 new items. (累計: 48000件) [0.60s]
[2026-08-14 16:07:11] [INFO] [logger] [STATS] FETCH | Count: 1000 | Time: 0.60s | Info: 1-9. タイトル・名称 網羅検索 (Part 9) | Offset: 47000
[2026-08-14 16:07:11] [INFO] [sparql_collector] [1-9. タイトル・名称 網羅検索 (Part 9)] Sub-fetch (limit=1000, progress=48000件〜) ...
[2026-08-14 16:07:12] [INFO] [sparql_collector] [1-9. タイトル・名称 網羅検索 (Part 9)] Got 1000 new items. (累計: 49000件) [0.63s]
[2026-08-14 16:07:12] [INFO] [logger] [STATS] FETCH | Count: 1000 | Time: 0.63s | Info: 1-9. タイトル・名称 網羅検索 (Part 9) | Offset: 48000
[2026-08-14 16:07:12] [INFO] [sparql_collector] [1-9. タイトル・名称 網羅検索 (Part 9)] Sub-fetch (limit=1000, progress=49000件〜) ...
[2026-08-14 16:07:13] [INFO] [sparql_collector] [1-9. タイトル・名称 網羅検索 (Part 9)] Got 1000 new items. (累計: 50000件) [0.63s]
[2026-08-14 16:07:13] [INFO] [logger] [STATS] FETCH | Count: 1000 | Time: 0.63s | Info: 1-9. タイトル・名称 網羅検索 (Part 9) | Offset: 49000
[2026-08-14 16:07:13] [INFO] [sparql_collector] [1-9. タイトル・名称 網羅検索 (Part 9)] Sub-fetch (limit=1000, progress=50000件〜) ...
[2026-08-14 16:07:14] [INFO] [sparql_collector] [1-9. タイトル・名称 網羅検索 (Part 9)] Got 1000 new items. (累計: 51000件) [0.61s]
[2026-08-14 16:07:14] [INFO] [logger] [STATS] FETCH | Count: 1000 | Time: 0.61s | Info: 1-9. タイトル・名称 網羅検索 (Part 9) | Offset: 50000
[2026-08-14 16:07:15] [INFO] [sparql_collector] [1-9. タイトル・名称 網羅検索 (Part 9)] Sub-fetch (limit=1000, progress=51000件〜) ...
[2026-08-14 16:07:15] [INFO] [sparql_collector] [1-9. タイトル・名称 網羅検索 (Part 9)] Got 1000 new items. (累計: 52000件) [0.63s]
[2026-08-14 16:07:15] [INFO] [logger] [STATS] FETCH | Count: 1000 | Time: 0.63s | Info: 1-9. タイトル・名称 網羅検索 (Part 9) | Offset: 51000
[2026-08-14 16:07:16] [INFO] [sparql_collector] [1-9. タイトル・名称 網羅検索 (Part 9)] Sub-fetch (limit=1000, progress=52000件〜) ...
[2026-08-14 16:07:16] [INFO] [sparql_collector] [1-9. タイトル・名称 網羅検索 (Part 9)] Got 1000 new items. (累計: 53000件) [0.64s]
[2026-08-14 16:07:16] [INFO] [logger] [STATS] FETCH | Count: 1000 | Time: 0.64s | Info: 1-9. タイトル・名称 網羅検索 (Part 9) | Offset: 52000
[2026-08-14 16:07:17] [INFO] [sparql_collector] [1-9. タイトル・名称 網羅検索 (Part 9)] Sub-fetch (limit=1000, progress=53000件〜) ...
[2026-08-14 16:07:18] [INFO] [sparql_collector] [1-9. タイトル・名称 網羅検索 (Part 9)] Got 1000 new items. (累計: 54000件) [0.69s]
[2026-08-14 16:07:18] [INFO] [logger] [STATS] FETCH | Count: 1000 | Time: 0.69s | Info: 1-9. タイトル・名称 網羅検索 (Part 9) | Offset: 53000
[2026-08-14 16:07:18] [INFO] [sparql_collector] [1-9. タイトル・名称 網羅検索 (Part 9)] Sub-fetch (limit=1000, progress=54000件〜) ...
[2026-08-14 16:07:19] [INFO] [sparql_collector] [1-9. タイトル・名称 網羅検索 (Part 9)] Got 1000 new items. (累計: 55000件) [0.67s]
[2026-08-14 16:07:19] [INFO] [logger] [STATS] FETCH | Count: 1000 | Time: 0.67s | Info: 1-9. タイトル・名称 網羅検索 (Part 9) | Offset: 54000
[2026-08-14 16:07:19] [INFO] [sparql_collector] [1-9. タイトル・名称 網羅検索 (Part 9)] Sub-fetch (limit=1000, progress=55000件〜) ...
[2026-08-14 16:07:20] [INFO] [sparql_collector] [1-9. タイトル・名称 網羅検索 (Part 9)] Got 1000 new items. (累計: 56000件) [0.70s]
[2026-08-14 16:07:20] [INFO] [logger] [STATS] FETCH | Count: 1000 | Time: 0.70s | Info: 1-9. タイトル・名称 網羅検索 (Part 9) | Offset: 55000
[2026-08-14 16:07:20] [INFO] [sparql_collector] [1-9. タイトル・名称 網羅検索 (Part 9)] Sub-fetch (limit=1000, progress=56000件〜) ...
[2026-08-14 16:07:21] [INFO] [sparql_collector] [1-9. タイトル・名称 網羅検索 (Part 9)] Got 1000 new items. (累計: 57000件) [0.70s]
[2026-08-14 16:07:21] [INFO] [logger] [STATS] FETCH | Count: 1000 | Time: 0.70s | Info: 1-9. タイトル・名称 網羅検索 (Part 9) | Offset: 56000
[2026-08-14 16:07:22] [INFO] [sparql_collector] [1-9. タイトル・名称 網羅検索 (Part 9)] Sub-fetch (limit=1000, progress=57000件〜) ...
[2026-08-14 16:07:22] [INFO] [sparql_collector] [1-9. タイトル・名称 網羅検索 (Part 9)] Got 1000 new items. (累計: 58000件) [0.70s]
[2026-08-14 16:07:22] [INFO] [logger] [STATS] FETCH | Count: 1000 | Time: 0.70s | Info: 1-9. タイトル・名称 網羅検索 (Part 9) | Offset: 57000
[2026-08-14 16:07:23] [INFO] [sparql_collector] [1-9. タイトル・名称 網羅検索 (Part 9)] Sub-fetch (limit=1000, progress=58000件〜) ...
[2026-08-14 16:07:24] [INFO] [sparql_collector] [1-9. タイトル・名称 網羅検索 (Part 9)] Got 1000 new items. (累計: 59000件) [0.72s]
[2026-08-14 16:07:24] [INFO] [logger] [STATS] FETCH | Count: 1000 | Time: 0.72s | Info: 1-9. タイトル・名称 網羅検索 (Part 9) | Offset: 58000
[2026-08-14 16:07:24] [INFO] [sparql_collector] [1-9. タイトル・名称 網羅検索 (Part 9)] Sub-fetch (limit=1000, progress=59000件〜) ...
[2026-08-14 16:07:25] [INFO] [sparql_collector] [1-9. タイトル・名称 網羅検索 (Part 9)] Got 1000 new items. (累計: 60000件) [0.71s]
[2026-08-14 16:07:25] [INFO] [logger] [STATS] FETCH | Count: 1000 | Time: 0.71s | Info: 1-9. タイトル・名称 網羅検索 (Part 9) | Offset: 59000
[2026-08-14 16:07:25] [INFO] [sparql_collector] [1-9. タイトル・名称 網羅検索 (Part 9)] Sub-fetch (limit=1000, progress=60000件〜) ...
[2026-08-14 16:07:26] [INFO] [sparql_collector] [1-9. タイトル・名称 網羅検索 (Part 9)] Got 1000 new items. (累計: 61000件) [0.76s]
[2026-08-14 16:07:26] [INFO] [logger] [STATS] FETCH | Count: 1000 | Time: 0.76s | Info: 1-9. タイトル・名称 網羅検索 (Part 9) | Offset: 60000
[2026-08-14 16:07:27] [INFO] [sparql_collector] [1-9. タイトル・名称 網羅検索 (Part 9)] Sub-fetch (limit=1000, progress=61000件〜) ...
[2026-08-14 16:07:27] [INFO] [sparql_collector] [1-9. タイトル・名称 網羅検索 (Part 9)] Got 1000 new items. (累計: 62000件) [0.74s]
[2026-08-14 16:07:27] [INFO] [logger] [STATS] FETCH | Count: 1000 | Time: 0.74s | Info: 1-9. タイトル・名称 網羅検索 (Part 9) | Offset: 61000
[2026-08-14 16:07:28] [INFO] [sparql_collector] [1-9. タイトル・名称 網羅検索 (Part 9)] Sub-fetch (limit=1000, progress=62000件〜) ...
[2026-08-14 16:07:29] [INFO] [sparql_collector] [1-9. タイトル・名称 網羅検索 (Part 9)] Got 1000 new items. (累計: 63000件) [0.77s]
[2026-08-14 16:07:29] [INFO] [logger] [STATS] FETCH | Count: 1000 | Time: 0.77s | Info: 1-9. タイトル・名称 網羅検索 (Part 9) | Offset: 62000
[2026-08-14 16:07:29] [INFO] [sparql_collector] [1-9. タイトル・名称 網羅検索 (Part 9)] Sub-fetch (limit=1000, progress=63000件〜) ...
[2026-08-14 16:07:30] [INFO] [sparql_collector] [1-9. タイトル・名称 網羅検索 (Part 9)] Got 1000 new items. (累計: 64000件) [0.76s]
[2026-08-14 16:07:30] [INFO] [logger] [STATS] FETCH | Count: 1000 | Time: 0.76s | Info: 1-9. タイトル・名称 網羅検索 (Part 9) | Offset: 63000
[2026-08-14 16:07:30] [INFO] [sparql_collector] [1-9. タイトル・名称 網羅検索 (Part 9)] Sub-fetch (limit=1000, progress=64000件〜) ...
[2026-08-14 16:07:31] [INFO] [sparql_collector] [1-9. タイトル・名称 網羅検索 (Part 9)] Got 1000 new items. (累計: 65000件) [0.78s]
[2026-08-14 16:07:31] [INFO] [logger] [STATS] FETCH | Count: 1000 | Time: 0.78s | Info: 1-9. タイトル・名称 網羅検索 (Part 9) | Offset: 64000
[2026-08-14 16:07:32] [INFO] [sparql_collector] [1-9. タイトル・名称 網羅検索 (Part 9)] Sub-fetch (limit=1000, progress=65000件〜) ...
[2026-08-14 16:07:32] [INFO] [sparql_collector] [1-9. タイトル・名称 網羅検索 (Part 9)] Got 1000 new items. (累計: 66000件) [0.79s]
[2026-08-14 16:07:32] [INFO] [logger] [STATS] FETCH | Count: 1000 | Time: 0.79s | Info: 1-9. タイトル・名称 網羅検索 (Part 9) | Offset: 65000
[2026-08-14 16:07:33] [INFO] [sparql_collector] [1-9. タイトル・名称 網羅検索 (Part 9)] Sub-fetch (limit=1000, progress=66000件〜) ...
[2026-08-14 16:07:34] [INFO] [sparql_collector] [1-9. タイトル・名称 網羅検索 (Part 9)] Got 1000 new items. (累計: 67000件) [0.80s]
[2026-08-14 16:07:34] [INFO] [logger] [STATS] FETCH | Count: 1000 | Time: 0.80s | Info: 1-9. タイトル・名称 網羅検索 (Part 9) | Offset: 66000
[2026-08-14 16:07:34] [INFO] [sparql_collector] [1-9. タイトル・名称 網羅検索 (Part 9)] Sub-fetch (limit=1000, progress=67000件〜) ...
[2026-08-14 16:07:35] [INFO] [sparql_collector] [1-9. タイトル・名称 網羅検索 (Part 9)] Got 1000 new items. (累計: 68000件) [0.81s]
[2026-08-14 16:07:35] [INFO] [logger] [STATS] FETCH | Count: 1000 | Time: 0.81s | Info: 1-9. タイトル・名称 網羅検索 (Part 9) | Offset: 67000
[2026-08-14 16:07:36] [INFO] [sparql_collector] [1-9. タイトル・名称 網羅検索 (Part 9)] Sub-fetch (limit=1000, progress=68000件〜) ...
[2026-08-14 16:07:36] [INFO] [sparql_collector] [1-9. タイトル・名称 網羅検索 (Part 9)] Got 1000 new items. (累計: 69000件) [0.83s]
[2026-08-14 16:07:36] [INFO] [logger] [STATS] FETCH | Count: 1000 | Time: 0.83s | Info: 1-9. タイトル・名称 網羅検索 (Part 9) | Offset: 68000
[2026-08-14 16:07:37] [INFO] [sparql_collector] [1-9. タイトル・名称 網羅検索 (Part 9)] Sub-fetch (limit=1000, progress=69000件〜) ...
[2026-08-14 16:07:38] [INFO] [sparql_collector] [1-9. タイトル・名称 網羅検索 (Part 9)] Got 1000 new items. (累計: 70000件) [0.80s]
[2026-08-14 16:07:38] [INFO] [logger] [STATS] FETCH | Count: 1000 | Time: 0.80s | Info: 1-9. タイトル・名称 網羅検索 (Part 9) | Offset: 69000
[2026-08-14 16:07:38] [INFO] [sparql_collector] [1-9. タイトル・名称 網羅検索 (Part 9)] Sub-fetch (limit=1000, progress=70000件〜) ...
[2026-08-14 16:07:39] [INFO] [sparql_collector] [1-9. タイトル・名称 網羅検索 (Part 9)] Got 1000 new items. (累計: 71000件) [0.84s]
[2026-08-14 16:07:39] [INFO] [logger] [STATS] FETCH | Count: 1000 | Time: 0.84s | Info: 1-9. タイトル・名称 網羅検索 (Part 9) | Offset: 70000
[2026-08-14 16:07:40] [INFO] [sparql_collector] [1-9. タイトル・名称 網羅検索 (Part 9)] Sub-fetch (limit=1000, progress=71000件〜) ...
[2026-08-14 16:07:40] [INFO] [sparql_collector] [1-9. タイトル・名称 網羅検索 (Part 9)] Got 1000 new items. (累計: 72000件) [0.83s]
[2026-08-14 16:07:40] [INFO] [logger] [STATS] FETCH | Count: 1000 | Time: 0.83s | Info: 1-9. タイトル・名称 網羅検索 (Part 9) | Offset: 71000
[2026-08-14 16:07:41] [INFO] [sparql_collector] [1-9. タイトル・名称 網羅検索 (Part 9)] Sub-fetch (limit=1000, progress=72000件〜) ...
[2026-08-14 16:07:42] [INFO] [sparql_collector] [1-9. タイトル・名称 網羅検索 (Part 9)] Got 1000 new items. (累計: 73000件) [0.86s]
[2026-08-14 16:07:42] [INFO] [logger] [STATS] FETCH | Count: 1000 | Time: 0.86s | Info: 1-9. タイトル・名称 網羅検索 (Part 9) | Offset: 72000
[2026-08-14 16:07:42] [INFO] [sparql_collector] [1-9. タイトル・名称 網羅検索 (Part 9)] Sub-fetch (limit=1000, progress=73000件〜) ...
[2026-08-14 16:07:43] [INFO] [sparql_collector] [1-9. タイトル・名称 網羅検索 (Part 9)] Got 1000 new items. (累計: 74000件) [0.85s]
[2026-08-14 16:07:43] [INFO] [logger] [STATS] FETCH | Count: 1000 | Time: 0.85s | Info: 1-9. タイトル・名称 網羅検索 (Part 9) | Offset: 73000
[2026-08-14 16:07:44] [INFO] [sparql_collector] [1-9. タイトル・名称 網羅検索 (Part 9)] Sub-fetch (limit=1000, progress=74000件〜) ...
[2026-08-14 16:07:44] [INFO] [sparql_collector] [1-9. タイトル・名称 網羅検索 (Part 9)] Got 1000 new items. (累計: 75000件) [0.88s]
[2026-08-14 16:07:44] [INFO] [logger] [STATS] FETCH | Count: 1000 | Time: 0.88s | Info: 1-9. タイトル・名称 網羅検索 (Part 9) | Offset: 74000
[2026-08-14 16:07:45] [INFO] [sparql_collector] [1-9. タイトル・名称 網羅検索 (Part 9)] Sub-fetch (limit=1000, progress=75000件〜) ...
[2026-08-14 16:07:46] [INFO] [sparql_collector] [1-9. タイトル・名称 網羅検索 (Part 9)] Got 1000 new items. (累計: 76000件) [0.87s]
[2026-08-14 16:07:46] [INFO] [logger] [STATS] FETCH | Count: 1000 | Time: 0.87s | Info: 1-9. タイトル・名称 網羅検索 (Part 9) | Offset: 75000
[2026-08-14 16:07:46] [INFO] [sparql_collector] [1-9. タイトル・名称 網羅検索 (Part 9)] Sub-fetch (limit=1000, progress=76000件〜) ...
[2026-08-14 16:07:47] [INFO] [sparql_collector] [1-9. タイトル・名称 網羅検索 (Part 9)] Got 1000 new items. (累計: 77000件) [0.90s]
[2026-08-14 16:07:47] [INFO] [logger] [STATS] FETCH | Count: 1000 | Time: 0.90s | Info: 1-9. タイトル・名称 網羅検索 (Part 9) | Offset: 76000
[2026-08-14 16:07:48] [INFO] [sparql_collector] [1-9. タイトル・名称 網羅検索 (Part 9)] Sub-fetch (limit=1000, progress=77000件〜) ...
[2026-08-14 16:07:49] [INFO] [sparql_collector] [1-9. タイトル・名称 網羅検索 (Part 9)] Got 1000 new items. (累計: 78000件) [0.89s]
[2026-08-14 16:07:49] [INFO] [logger] [STATS] FETCH | Count: 1000 | Time: 0.89s | Info: 1-9. タイトル・名称 網羅検索 (Part 9) | Offset: 77000
[2026-08-14 16:07:49] [INFO] [sparql_collector] [1-9. タイトル・名称 網羅検索 (Part 9)] Sub-fetch (limit=1000, progress=78000件〜) ...
[2026-08-14 16:07:50] [INFO] [sparql_collector] [1-9. タイトル・名称 網羅検索 (Part 9)] Got 1000 new items. (累計: 79000件) [0.91s]
[2026-08-14 16:07:50] [INFO] [logger] [STATS] FETCH | Count: 1000 | Time: 0.91s | Info: 1-9. タイトル・名称 網羅検索 (Part 9) | Offset: 78000
[2026-08-14 16:07:51] [INFO] [sparql_collector] [1-9. タイトル・名称 網羅検索 (Part 9)] Sub-fetch (limit=1000, progress=79000件〜) ...
[2026-08-14 16:07:51] [INFO] [sparql_collector] [1-9. タイトル・名称 網羅検索 (Part 9)] Got 1000 new items. (累計: 80000件) [0.95s]
[2026-08-14 16:07:51] [INFO] [logger] [STATS] FETCH | Count: 1000 | Time: 0.95s | Info: 1-9. タイトル・名称 網羅検索 (Part 9) | Offset: 79000
[2026-08-14 16:07:52] [INFO] [sparql_collector] [1-9. タイトル・名称 網羅検索 (Part 9)] Sub-fetch (limit=1000, progress=80000件〜) ...
[2026-08-14 16:07:53] [INFO] [sparql_collector] [1-9. タイトル・名称 網羅検索 (Part 9)] Got 1000 new items. (累計: 81000件) [0.94s]
[2026-08-14 16:07:53] [INFO] [logger] [STATS] FETCH | Count: 1000 | Time: 0.94s | Info: 1-9. タイトル・名称 網羅検索 (Part 9) | Offset: 80000
[2026-08-14 16:07:53] [INFO] [sparql_collector] [1-9. タイトル・名称 網羅検索 (Part 9)] Sub-fetch (limit=1000, progress=81000件〜) ...
[2026-08-14 16:07:54] [INFO] [sparql_collector] [1-9. タイトル・名称 網羅検索 (Part 9)] Got 1000 new items. (累計: 82000件) [0.93s]
[2026-08-14 16:07:54] [INFO] [logger] [STATS] FETCH | Count: 1000 | Time: 0.93s | Info: 1-9. タイトル・名称 網羅検索 (Part 9) | Offset: 81000
[2026-08-14 16:07:55] [INFO] [sparql_collector] [1-9. タイトル・名称 網羅検索 (Part 9)] Sub-fetch (limit=1000, progress=82000件〜) ...
[2026-08-14 16:07:56] [INFO] [sparql_collector] [1-9. タイトル・名称 網羅検索 (Part 9)] Got 1000 new items. (累計: 83000件) [0.96s]
[2026-08-14 16:07:56] [INFO] [logger] [STATS] FETCH | Count: 1000 | Time: 0.96s | Info: 1-9. タイトル・名称 網羅検索 (Part 9) | Offset: 82000
[2026-08-14 16:07:56] [INFO] [sparql_collector] [1-9. タイトル・名称 網羅検索 (Part 9)] Sub-fetch (limit=1000, progress=83000件〜) ...
[2026-08-14 16:07:57] [INFO] [sparql_collector] [1-9. タイトル・名称 網羅検索 (Part 9)] Got 1000 new items. (累計: 84000件) [0.98s]
[2026-08-14 16:07:57] [INFO] [logger] [STATS] FETCH | Count: 1000 | Time: 0.98s | Info: 1-9. タイトル・名称 網羅検索 (Part 9) | Offset: 83000
[2026-08-14 16:07:58] [INFO] [sparql_collector] [1-9. タイトル・名称 網羅検索 (Part 9)] Sub-fetch (limit=1000, progress=84000件〜) ...
[2026-08-14 16:07:59] [INFO] [sparql_collector] [1-9. タイトル・名称 網羅検索 (Part 9)] Got 1000 new items. (累計: 85000件) [1.01s]
[2026-08-14 16:07:59] [INFO] [logger] [STATS] FETCH | Count: 1000 | Time: 1.01s | Info: 1-9. タイトル・名称 網羅検索 (Part 9) | Offset: 84000
[2026-08-14 16:07:59] [INFO] [sparql_collector] [1-9. タイトル・名称 網羅検索 (Part 9)] Sub-fetch (limit=1000, progress=85000件〜) ...
[2026-08-14 16:08:00] [INFO] [sparql_collector] [1-9. タイトル・名称 網羅検索 (Part 9)] Got 1000 new items. (累計: 86000件) [1.00s]
[2026-08-14 16:08:00] [INFO] [logger] [STATS] FETCH | Count: 1000 | Time: 1.00s | Info: 1-9. タイトル・名称 網羅検索 (Part 9) | Offset: 85000
[2026-08-14 16:08:01] [INFO] [sparql_collector] [1-9. タイトル・名称 網羅検索 (Part 9)] Sub-fetch (limit=1000, progress=86000件〜) ...
[2026-08-14 16:08:02] [INFO] [sparql_collector] [1-9. タイトル・名称 網羅検索 (Part 9)] Got 1000 new items. (累計: 87000件) [0.99s]
[2026-08-14 16:08:02] [INFO] [logger] [STATS] FETCH | Count: 1000 | Time: 0.99s | Info: 1-9. タイトル・名称 網羅検索 (Part 9) | Offset: 86000
[2026-08-14 16:08:02] [INFO] [sparql_collector] [1-9. タイトル・名称 網羅検索 (Part 9)] Sub-fetch (limit=1000, progress=87000件〜) ...
[2026-08-14 16:08:03] [INFO] [sparql_collector] [1-9. タイトル・名称 網羅検索 (Part 9)] Got 1000 new items. (累計: 88000件) [1.05s]
[2026-08-14 16:08:03] [INFO] [logger] [STATS] FETCH | Count: 1000 | Time: 1.05s | Info: 1-9. タイトル・名称 網羅検索 (Part 9) | Offset: 87000
[2026-08-14 16:08:04] [INFO] [sparql_collector] [1-9. タイトル・名称 網羅検索 (Part 9)] Sub-fetch (limit=1000, progress=88000件〜) ...
[2026-08-14 16:08:05] [INFO] [sparql_collector] [1-9. タイトル・名称 網羅検索 (Part 9)] Got 1000 new items. (累計: 89000件) [1.06s]
[2026-08-14 16:08:05] [INFO] [logger] [STATS] FETCH | Count: 1000 | Time: 1.06s | Info: 1-9. タイトル・名称 網羅検索 (Part 9) | Offset: 88000
[2026-08-14 16:08:05] [INFO] [sparql_collector] [1-9. タイトル・名称 網羅検索 (Part 9)] Sub-fetch (limit=1000, progress=89000件〜) ...
[2026-08-14 16:08:07] [INFO] [sparql_collector] [1-9. タイトル・名称 網羅検索 (Part 9)] Got 1000 new items. (累計: 90000件) [1.05s]
[2026-08-14 16:08:07] [INFO] [logger] [STATS] FETCH | Count: 1000 | Time: 1.05s | Info: 1-9. タイトル・名称 網羅検索 (Part 9) | Offset: 89000
[2026-08-14 16:08:07] [INFO] [sparql_collector] [1-9. タイトル・名称 網羅検索 (Part 9)] Sub-fetch (limit=1000, progress=90000件〜) ...
[2026-08-14 16:08:08] [INFO] [sparql_collector] [1-9. タイトル・名称 網羅検索 (Part 9)] Got 1000 new items. (累計: 91000件) [1.15s]
[2026-08-14 16:08:08] [INFO] [logger] [STATS] FETCH | Count: 1000 | Time: 1.15s | Info: 1-9. タイトル・名称 網羅検索 (Part 9) | Offset: 90000
[2026-08-14 16:08:09] [INFO] [sparql_collector] [1-9. タイトル・名称 網羅検索 (Part 9)] Sub-fetch (limit=1000, progress=91000件〜) ...
[2026-08-14 16:08:10] [INFO] [sparql_collector] [1-9. タイトル・名称 網羅検索 (Part 9)] Got 1000 new items. (累計: 92000件) [1.01s]
[2026-08-14 16:08:10] [INFO] [logger] [STATS] FETCH | Count: 1000 | Time: 1.01s | Info: 1-9. タイトル・名称 網羅検索 (Part 9) | Offset: 91000
[2026-08-14 16:08:10] [INFO] [sparql_collector] [1-9. タイトル・名称 網羅検索 (Part 9)] Sub-fetch (limit=1000, progress=92000件〜) ...
[2026-08-14 16:08:11] [INFO] [sparql_collector] [1-9. タイトル・名称 網羅検索 (Part 9)] Got 1000 new items. (累計: 93000件) [1.11s]
[2026-08-14 16:08:11] [INFO] [logger] [STATS] FETCH | Count: 1000 | Time: 1.11s | Info: 1-9. タイトル・名称 網羅検索 (Part 9) | Offset: 92000
[2026-08-14 16:08:12] [INFO] [sparql_collector] [1-9. タイトル・名称 網羅検索 (Part 9)] Sub-fetch (limit=1000, progress=93000件〜) ...
[2026-08-14 16:08:13] [INFO] [sparql_collector] [1-9. タイトル・名称 網羅検索 (Part 9)] Got 1000 new items. (累計: 94000件) [1.11s]
[2026-08-14 16:08:13] [INFO] [logger] [STATS] FETCH | Count: 1000 | Time: 1.11s | Info: 1-9. タイトル・名称 網羅検索 (Part 9) | Offset: 93000
[2026-08-14 16:08:13] [INFO] [sparql_collector] [1-9. タイトル・名称 網羅検索 (Part 9)] Sub-fetch (limit=1000, progress=94000件〜) ...
[2026-08-14 16:08:15] [INFO] [sparql_collector] [1-9. タイトル・名称 網羅検索 (Part 9)] Got 1000 new items. (累計: 95000件) [1.11s]
[2026-08-14 16:08:15] [INFO] [logger] [STATS] FETCH | Count: 1000 | Time: 1.11s | Info: 1-9. タイトル・名称 網羅検索 (Part 9) | Offset: 94000
[2026-08-14 16:08:15] [INFO] [sparql_collector] [1-9. タイトル・名称 網羅検索 (Part 9)] Sub-fetch (limit=1000, progress=95000件〜) ...
[2026-08-14 16:08:16] [INFO] [sparql_collector] [1-9. タイトル・名称 網羅検索 (Part 9)] Got 1000 new items. (累計: 96000件) [1.15s]
[2026-08-14 16:08:16] [INFO] [logger] [STATS] FETCH | Count: 1000 | Time: 1.15s | Info: 1-9. タイトル・名称 網羅検索 (Part 9) | Offset: 95000
[2026-08-14 16:08:17] [INFO] [sparql_collector] [1-9. タイトル・名称 網羅検索 (Part 9)] Sub-fetch (limit=1000, progress=96000件〜) ...
[2026-08-14 16:08:18] [INFO] [sparql_collector] [1-9. タイトル・名称 網羅検索 (Part 9)] Got 1000 new items. (累計: 97000件) [1.12s]
[2026-08-14 16:08:18] [INFO] [logger] [STATS] FETCH | Count: 1000 | Time: 1.12s | Info: 1-9. タイトル・名称 網羅検索 (Part 9) | Offset: 96000
[2026-08-14 16:08:18] [INFO] [sparql_collector] [1-9. タイトル・名称 網羅検索 (Part 9)] Sub-fetch (limit=1000, progress=97000件〜) ...
[2026-08-14 16:08:19] [INFO] [sparql_collector] [1-9. タイトル・名称 網羅検索 (Part 9)] Got 1000 new items. (累計: 98000件) [1.16s]
[2026-08-14 16:08:19] [INFO] [logger] [STATS] FETCH | Count: 1000 | Time: 1.16s | Info: 1-9. タイトル・名称 網羅検索 (Part 9) | Offset: 97000
[2026-08-14 16:08:20] [INFO] [sparql_collector] [1-9. タイトル・名称 網羅検索 (Part 9)] Sub-fetch (limit=1000, progress=98000件〜) ...
[2026-08-14 16:08:21] [INFO] [sparql_collector] [1-9. タイトル・名称 網羅検索 (Part 9)] Got 1000 new items. (累計: 99000件) [1.10s]
[2026-08-14 16:08:21] [INFO] [logger] [STATS] FETCH | Count: 1000 | Time: 1.10s | Info: 1-9. タイトル・名称 網羅検索 (Part 9) | Offset: 98000
[2026-08-14 16:08:22] [INFO] [sparql_collector] [1-9. タイトル・名称 網羅検索 (Part 9)] Sub-fetch (limit=1000, progress=99000件〜) ...
[2026-08-14 16:08:23] [INFO] [sparql_collector] [1-9. タイトル・名称 網羅検索 (Part 9)] Got 1000 new items. (累計: 100000件) [1.17s]
[2026-08-14 16:08:23] [INFO] [logger] [STATS] FETCH | Count: 1000 | Time: 1.17s | Info: 1-9. タイトル・名称 網羅検索 (Part 9) | Offset: 99000
[2026-08-14 16:08:23] [INFO] [sparql_collector] [1-9. タイトル・名称 網羅検索 (Part 9)] Sub-fetch (limit=1000, progress=100000件〜) ...
[2026-08-14 16:08:25] [INFO] [sparql_collector] [1-9. タイトル・名称 網羅検索 (Part 9)] Got 1000 new items. (累計: 101000件) [1.41s]
[2026-08-14 16:08:25] [INFO] [logger] [STATS] FETCH | Count: 1000 | Time: 1.41s | Info: 1-9. タイトル・名称 網羅検索 (Part 9) | Offset: 100000
[2026-08-14 16:08:25] [INFO] [sparql_collector] [1-9. タイトル・名称 網羅検索 (Part 9)] Sub-fetch (limit=1000, progress=101000件〜) ...
[2026-08-14 16:08:26] [INFO] [sparql_collector] [1-9. タイトル・名称 網羅検索 (Part 9)] Got 1000 new items. (累計: 102000件) [1.12s]
[2026-08-14 16:08:26] [INFO] [logger] [STATS] FETCH | Count: 1000 | Time: 1.12s | Info: 1-9. タイトル・名称 網羅検索 (Part 9) | Offset: 101000
[2026-08-14 16:08:27] [INFO] [sparql_collector] [1-9. タイトル・名称 網羅検索 (Part 9)] Sub-fetch (limit=1000, progress=102000件〜) ...
[2026-08-14 16:08:28] [INFO] [sparql_collector] [1-9. タイトル・名称 網羅検索 (Part 9)] Got 1000 new items. (累計: 103000件) [1.19s]
[2026-08-14 16:08:28] [INFO] [logger] [STATS] FETCH | Count: 1000 | Time: 1.19s | Info: 1-9. タイトル・名称 網羅検索 (Part 9) | Offset: 102000
[2026-08-14 16:08:29] [INFO] [sparql_collector] [1-9. タイトル・名称 網羅検索 (Part 9)] Sub-fetch (limit=1000, progress=103000件〜) ...
[2026-08-14 16:08:30] [INFO] [sparql_collector] [1-9. タイトル・名称 網羅検索 (Part 9)] Got 1000 new items. (累計: 104000件) [1.23s]
[2026-08-14 16:08:30] [INFO] [logger] [STATS] FETCH | Count: 1000 | Time: 1.23s | Info: 1-9. タイトル・名称 網羅検索 (Part 9) | Offset: 103000
[2026-08-14 16:08:30] [INFO] [sparql_collector] [1-9. タイトル・名称 網羅検索 (Part 9)] Sub-fetch (limit=1000, progress=104000件〜) ...
[2026-08-14 16:08:31] [INFO] [sparql_collector] [1-9. タイトル・名称 網羅検索 (Part 9)] Got 1000 new items. (累計: 105000件) [1.19s]
[2026-08-14 16:08:31] [INFO] [logger] [STATS] FETCH | Count: 1000 | Time: 1.19s | Info: 1-9. タイトル・名称 網羅検索 (Part 9) | Offset: 104000
[2026-08-14 16:08:32] [INFO] [sparql_collector] [1-9. タイトル・名称 網羅検索 (Part 9)] Sub-fetch (limit=1000, progress=105000件〜) ...
[2026-08-14 16:08:33] [INFO] [sparql_collector] [1-9. タイトル・名称 網羅検索 (Part 9)] Got 1000 new items. (累計: 106000件) [1.23s]
[2026-08-14 16:08:33] [INFO] [logger] [STATS] FETCH | Count: 1000 | Time: 1.23s | Info: 1-9. タイトル・名称 網羅検索 (Part 9) | Offset: 105000
[2026-08-14 16:08:34] [INFO] [sparql_collector] [1-9. タイトル・名称 網羅検索 (Part 9)] Sub-fetch (limit=1000, progress=106000件〜) ...
[2026-08-14 16:08:35] [INFO] [sparql_collector] [1-9. タイトル・名称 網羅検索 (Part 9)] Got 1000 new items. (累計: 107000件) [1.28s]
[2026-08-14 16:08:35] [INFO] [logger] [STATS] FETCH | Count: 1000 | Time: 1.28s | Info: 1-9. タイトル・名称 網羅検索 (Part 9) | Offset: 106000
[2026-08-14 16:08:35] [INFO] [sparql_collector] [1-9. タイトル・名称 網羅検索 (Part 9)] Sub-fetch (limit=1000, progress=107000件〜) ...
[2026-08-14 16:08:37] [INFO] [sparql_collector] [1-9. タイトル・名称 網羅検索 (Part 9)] Got 1000 new items. (累計: 108000件) [1.19s]
[2026-08-14 16:08:37] [INFO] [logger] [STATS] FETCH | Count: 1000 | Time: 1.19s | Info: 1-9. タイトル・名称 網羅検索 (Part 9) | Offset: 107000
[2026-08-14 16:08:37] [INFO] [sparql_collector] [1-9. タイトル・名称 網羅検索 (Part 9)] Sub-fetch (limit=1000, progress=108000件〜) ...
[2026-08-14 16:08:38] [INFO] [sparql_collector] [1-9. タイトル・名称 網羅検索 (Part 9)] Got 1000 new items. (累計: 109000件) [1.25s]
[2026-08-14 16:08:38] [INFO] [logger] [STATS] FETCH | Count: 1000 | Time: 1.25s | Info: 1-9. タイトル・名称 網羅検索 (Part 9) | Offset: 108000
[2026-08-14 16:08:39] [INFO] [sparql_collector] [1-9. タイトル・名称 網羅検索 (Part 9)] Sub-fetch (limit=1000, progress=109000件〜) ...
[2026-08-14 16:08:40] [INFO] [sparql_collector] [1-9. タイトル・名称 網羅検索 (Part 9)] Got 1000 new items. (累計: 110000件) [1.26s]
[2026-08-14 16:08:40] [INFO] [logger] [STATS] FETCH | Count: 1000 | Time: 1.26s | Info: 1-9. タイトル・名称 網羅検索 (Part 9) | Offset: 109000
[2026-08-14 16:08:41] [INFO] [sparql_collector] [1-9. タイトル・名称 網羅検索 (Part 9)] Sub-fetch (limit=1000, progress=110000件〜) ...
[2026-08-14 16:08:42] [INFO] [sparql_collector] [1-9. タイトル・名称 網羅検索 (Part 9)] Got 1000 new items. (累計: 111000件) [1.29s]
[2026-08-14 16:08:42] [INFO] [logger] [STATS] FETCH | Count: 1000 | Time: 1.29s | Info: 1-9. タイトル・名称 網羅検索 (Part 9) | Offset: 110000
[2026-08-14 16:08:42] [INFO] [sparql_collector] [1-9. タイトル・名称 網羅検索 (Part 9)] Sub-fetch (limit=1000, progress=111000件〜) ...
[2026-08-14 16:08:44] [INFO] [sparql_collector] [1-9. タイトル・名称 網羅検索 (Part 9)] Got 1000 new items. (累計: 112000件) [1.29s]
[2026-08-14 16:08:44] [INFO] [logger] [STATS] FETCH | Count: 1000 | Time: 1.29s | Info: 1-9. タイトル・名称 網羅検索 (Part 9) | Offset: 111000
[2026-08-14 16:08:44] [INFO] [sparql_collector] [1-9. タイトル・名称 網羅検索 (Part 9)] Sub-fetch (limit=1000, progress=112000件〜) ...
[2026-08-14 16:08:46] [INFO] [sparql_collector] [1-9. タイトル・名称 網羅検索 (Part 9)] Got 1000 new items. (累計: 113000件) [1.27s]
[2026-08-14 16:08:46] [INFO] [logger] [STATS] FETCH | Count: 1000 | Time: 1.27s | Info: 1-9. タイトル・名称 網羅検索 (Part 9) | Offset: 112000
[2026-08-14 16:08:46] [INFO] [sparql_collector] [1-9. タイトル・名称 網羅検索 (Part 9)] Sub-fetch (limit=1000, progress=113000件〜) ...
[2026-08-14 16:08:47] [INFO] [sparql_collector] [1-9. タイトル・名称 網羅検索 (Part 9)] Got 1000 new items. (累計: 114000件) [1.26s]
[2026-08-14 16:08:47] [INFO] [logger] [STATS] FETCH | Count: 1000 | Time: 1.26s | Info: 1-9. タイトル・名称 網羅検索 (Part 9) | Offset: 113000
[2026-08-14 16:08:48] [INFO] [sparql_collector] [1-9. タイトル・名称 網羅検索 (Part 9)] Sub-fetch (limit=1000, progress=114000件〜) ...
[2026-08-14 16:08:49] [INFO] [sparql_collector] [1-9. タイトル・名称 網羅検索 (Part 9)] Got 1000 new items. (累計: 115000件) [1.24s]
[2026-08-14 16:08:49] [INFO] [logger] [STATS] FETCH | Count: 1000 | Time: 1.24s | Info: 1-9. タイトル・名称 網羅検索 (Part 9) | Offset: 114000
[2026-08-14 16:08:50] [INFO] [sparql_collector] [1-9. タイトル・名称 網羅検索 (Part 9)] Sub-fetch (limit=1000, progress=115000件〜) ...
[2026-08-14 16:08:51] [INFO] [sparql_collector] [1-9. タイトル・名称 網羅検索 (Part 9)] Got 1000 new items. (累計: 116000件) [1.25s]
[2026-08-14 16:08:51] [INFO] [logger] [STATS] FETCH | Count: 1000 | Time: 1.25s | Info: 1-9. タイトル・名称 網羅検索 (Part 9) | Offset: 115000
[2026-08-14 16:08:51] [INFO] [sparql_collector] [1-9. タイトル・名称 網羅検索 (Part 9)] Sub-fetch (limit=1000, progress=116000件〜) ...
[2026-08-14 16:08:53] [INFO] [sparql_collector] [1-9. タイトル・名称 網羅検索 (Part 9)] Got 1000 new items. (累計: 117000件) [1.20s]
[2026-08-14 16:08:53] [INFO] [logger] [STATS] FETCH | Count: 1000 | Time: 1.20s | Info: 1-9. タイトル・名称 網羅検索 (Part 9) | Offset: 116000
[2026-08-14 16:08:53] [INFO] [sparql_collector] [1-9. タイトル・名称 網羅検索 (Part 9)] Sub-fetch (limit=1000, progress=117000件〜) ...
[2026-08-14 16:08:54] [INFO] [sparql_collector] [1-9. タイトル・名称 網羅検索 (Part 9)] Got 1000 new items. (累計: 118000件) [1.25s]
[2026-08-14 16:08:54] [INFO] [logger] [STATS] FETCH | Count: 1000 | Time: 1.25s | Info: 1-9. タイトル・名称 網羅検索 (Part 9) | Offset: 117000
[2026-08-14 16:08:55] [INFO] [sparql_collector] [1-9. タイトル・名称 網羅検索 (Part 9)] Sub-fetch (limit=1000, progress=118000件〜) ...
[2026-08-14 16:08:56] [INFO] [sparql_collector] [1-9. タイトル・名称 網羅検索 (Part 9)] Got 1000 new items. (累計: 119000件) [1.26s]
[2026-08-14 16:08:56] [INFO] [logger] [STATS] FETCH | Count: 1000 | Time: 1.26s | Info: 1-9. タイトル・名称 網羅検索 (Part 9) | Offset: 118000
[2026-08-14 16:08:57] [INFO] [sparql_collector] [1-9. タイトル・名称 網羅検索 (Part 9)] Sub-fetch (limit=1000, progress=119000件〜) ...
[2026-08-14 16:08:58] [INFO] [sparql_collector] [1-9. タイトル・名称 網羅検索 (Part 9)] Got 1000 new items. (累計: 120000件) [1.24s]
[2026-08-14 16:08:58] [INFO] [logger] [STATS] FETCH | Count: 1000 | Time: 1.24s | Info: 1-9. タイトル・名称 網羅検索 (Part 9) | Offset: 119000
[2026-08-14 16:08:58] [INFO] [sparql_collector] [1-9. タイトル・名称 網羅検索 (Part 9)] Sub-fetch (limit=1000, progress=120000件〜) ...
[2026-08-14 16:09:00] [INFO] [sparql_collector] [1-9. タイトル・名称 網羅検索 (Part 9)] Got 1000 new items. (累計: 121000件) [1.31s]
[2026-08-14 16:09:00] [INFO] [logger] [STATS] FETCH | Count: 1000 | Time: 1.31s | Info: 1-9. タイトル・名称 網羅検索 (Part 9) | Offset: 120000
[2026-08-14 16:09:00] [INFO] [sparql_collector] [1-9. タイトル・名称 網羅検索 (Part 9)] Sub-fetch (limit=1000, progress=121000件〜) ...
[2026-08-14 16:09:01] [INFO] [sparql_collector] [1-9. タイトル・名称 網羅検索 (Part 9)] Got 1000 new items. (累計: 122000件) [1.30s]
[2026-08-14 16:09:01] [INFO] [logger] [STATS] FETCH | Count: 1000 | Time: 1.30s | Info: 1-9. タイトル・名称 網羅検索 (Part 9) | Offset: 121000
[2026-08-14 16:09:02] [INFO] [sparql_collector] [1-9. タイトル・名称 網羅検索 (Part 9)] Sub-fetch (limit=1000, progress=122000件〜) ...
[2026-08-14 16:09:03] [INFO] [sparql_collector] [1-9. タイトル・名称 網羅検索 (Part 9)] Got 1000 new items. (累計: 123000件) [1.23s]
[2026-08-14 16:09:03] [INFO] [logger] [STATS] FETCH | Count: 1000 | Time: 1.23s | Info: 1-9. タイトル・名称 網羅検索 (Part 9) | Offset: 122000
[2026-08-14 16:09:04] [INFO] [sparql_collector] [1-9. タイトル・名称 網羅検索 (Part 9)] Sub-fetch (limit=1000, progress=123000件〜) ...
[2026-08-14 16:09:05] [INFO] [sparql_collector] [1-9. タイトル・名称 網羅検索 (Part 9)] Got 1000 new items. (累計: 124000件) [1.34s]
[2026-08-14 16:09:05] [INFO] [logger] [STATS] FETCH | Count: 1000 | Time: 1.34s | Info: 1-9. タイトル・名称 網羅検索 (Part 9) | Offset: 123000
[2026-08-14 16:09:05] [INFO] [sparql_collector] [1-9. タイトル・名称 網羅検索 (Part 9)] Sub-fetch (limit=1000, progress=124000件〜) ...
[2026-08-14 16:09:07] [INFO] [sparql_collector] [1-9. タイトル・名称 網羅検索 (Part 9)] Got 1000 new items. (累計: 125000件) [1.32s]
[2026-08-14 16:09:07] [INFO] [logger] [STATS] FETCH | Count: 1000 | Time: 1.32s | Info: 1-9. タイトル・名称 網羅検索 (Part 9) | Offset: 124000
[2026-08-14 16:09:07] [INFO] [sparql_collector] [1-9. タイトル・名称 網羅検索 (Part 9)] Sub-fetch (limit=1000, progress=125000件〜) ...
[2026-08-14 16:09:09] [INFO] [sparql_collector] [1-9. タイトル・名称 網羅検索 (Part 9)] Got 1000 new items. (累計: 126000件) [1.30s]
[2026-08-14 16:09:09] [INFO] [logger] [STATS] FETCH | Count: 1000 | Time: 1.30s | Info: 1-9. タイトル・名称 網羅検索 (Part 9) | Offset: 125000
[2026-08-14 16:09:09] [INFO] [sparql_collector] [1-9. タイトル・名称 網羅検索 (Part 9)] Sub-fetch (limit=1000, progress=126000件〜) ...
[2026-08-14 16:09:11] [INFO] [sparql_collector] [1-9. タイトル・名称 網羅検索 (Part 9)] Got 1000 new items. (累計: 127000件) [1.38s]
[2026-08-14 16:09:11] [INFO] [logger] [STATS] FETCH | Count: 1000 | Time: 1.38s | Info: 1-9. タイトル・名称 網羅検索 (Part 9) | Offset: 126000
[2026-08-14 16:09:11] [INFO] [sparql_collector] [1-9. タイトル・名称 網羅検索 (Part 9)] Sub-fetch (limit=1000, progress=127000件〜) ...
[2026-08-14 16:09:12] [INFO] [sparql_collector] [1-9. タイトル・名称 網羅検索 (Part 9)] Got 1000 new items. (累計: 128000件) [1.37s]
[2026-08-14 16:09:12] [INFO] [logger] [STATS] FETCH | Count: 1000 | Time: 1.37s | Info: 1-9. タイトル・名称 網羅検索 (Part 9) | Offset: 127000
[2026-08-14 16:09:13] [INFO] [sparql_collector] [1-9. タイトル・名称 網羅検索 (Part 9)] Sub-fetch (limit=1000, progress=128000件〜) ...
[2026-08-14 16:09:14] [INFO] [sparql_collector] [1-9. タイトル・名称 網羅検索 (Part 9)] Got 1000 new items. (累計: 129000件) [1.38s]
[2026-08-14 16:09:14] [INFO] [logger] [STATS] FETCH | Count: 1000 | Time: 1.38s | Info: 1-9. タイトル・名称 網羅検索 (Part 9) | Offset: 128000
[2026-08-14 16:09:15] [INFO] [sparql_collector] [1-9. タイトル・名称 網羅検索 (Part 9)] Sub-fetch (limit=1000, progress=129000件〜) ...
[2026-08-14 16:09:16] [INFO] [sparql_collector] [1-9. タイトル・名称 網羅検索 (Part 9)] Got 1000 new items. (累計: 130000件) [1.38s]
[2026-08-14 16:09:16] [INFO] [logger] [STATS] FETCH | Count: 1000 | Time: 1.38s | Info: 1-9. タイトル・名称 網羅検索 (Part 9) | Offset: 129000
[2026-08-14 16:09:17] [INFO] [sparql_collector] [1-9. タイトル・名称 網羅検索 (Part 9)] Sub-fetch (limit=1000, progress=130000件〜) ...
[2026-08-14 16:09:18] [INFO] [sparql_collector] [1-9. タイトル・名称 網羅検索 (Part 9)] Got 1000 new items. (累計: 131000件) [1.39s]
[2026-08-14 16:09:18] [INFO] [logger] [STATS] FETCH | Count: 1000 | Time: 1.39s | Info: 1-9. タイトル・名称 網羅検索 (Part 9) | Offset: 130000
[2026-08-14 16:09:19] [INFO] [sparql_collector] [1-9. タイトル・名称 網羅検索 (Part 9)] Sub-fetch (limit=1000, progress=131000件〜) ...
[2026-08-14 16:09:20] [INFO] [sparql_collector] [1-9. タイトル・名称 網羅検索 (Part 9)] Got 1000 new items. (累計: 132000件) [1.35s]
[2026-08-14 16:09:20] [INFO] [logger] [STATS] FETCH | Count: 1000 | Time: 1.35s | Info: 1-9. タイトル・名称 網羅検索 (Part 9) | Offset: 131000
[2026-08-14 16:09:20] [INFO] [sparql_collector] [1-9. タイトル・名称 網羅検索 (Part 9)] Sub-fetch (limit=1000, progress=132000件〜) ...
[2026-08-14 16:09:22] [INFO] [sparql_collector] [1-9. タイトル・名称 網羅検索 (Part 9)] Got 1000 new items. (累計: 133000件) [1.42s]
[2026-08-14 16:09:22] [INFO] [logger] [STATS] FETCH | Count: 1000 | Time: 1.42s | Info: 1-9. タイトル・名称 網羅検索 (Part 9) | Offset: 132000
[2026-08-14 16:09:22] [INFO] [sparql_collector] [1-9. タイトル・名称 網羅検索 (Part 9)] Sub-fetch (limit=1000, progress=133000件〜) ...
[2026-08-14 16:09:24] [INFO] [sparql_collector] [1-9. タイトル・名称 網羅検索 (Part 9)] Got 1000 new items. (累計: 134000件) [1.45s]
[2026-08-14 16:09:24] [INFO] [logger] [STATS] FETCH | Count: 1000 | Time: 1.45s | Info: 1-9. タイトル・名称 網羅検索 (Part 9) | Offset: 133000
[2026-08-14 16:09:24] [INFO] [sparql_collector] [1-9. タイトル・名称 網羅検索 (Part 9)] Sub-fetch (limit=1000, progress=134000件〜) ...
[2026-08-14 16:09:26] [INFO] [sparql_collector] [1-9. タイトル・名称 網羅検索 (Part 9)] Got 1000 new items. (累計: 135000件) [1.44s]
[2026-08-14 16:09:26] [INFO] [logger] [STATS] FETCH | Count: 1000 | Time: 1.44s | Info: 1-9. タイトル・名称 網羅検索 (Part 9) | Offset: 134000
[2026-08-14 16:09:26] [INFO] [sparql_collector] [1-9. タイトル・名称 網羅検索 (Part 9)] Sub-fetch (limit=1000, progress=135000件〜) ...
[2026-08-14 16:09:28] [INFO] [sparql_collector] [1-9. タイトル・名称 網羅検索 (Part 9)] Got 1000 new items. (累計: 136000件) [1.38s]
[2026-08-14 16:09:28] [INFO] [logger] [STATS] FETCH | Count: 1000 | Time: 1.38s | Info: 1-9. タイトル・名称 網羅検索 (Part 9) | Offset: 135000
[2026-08-14 16:09:28] [INFO] [sparql_collector] [1-9. タイトル・名称 網羅検索 (Part 9)] Sub-fetch (limit=1000, progress=136000件〜) ...
[2026-08-14 16:09:30] [INFO] [sparql_collector] [1-9. タイトル・名称 網羅検索 (Part 9)] Got 1000 new items. (累計: 137000件) [1.49s]
[2026-08-14 16:09:30] [INFO] [logger] [STATS] FETCH | Count: 1000 | Time: 1.49s | Info: 1-9. タイトル・名称 網羅検索 (Part 9) | Offset: 136000
[2026-08-14 16:09:30] [INFO] [sparql_collector] [1-9. タイトル・名称 網羅検索 (Part 9)] Sub-fetch (limit=1000, progress=137000件〜) ...
[2026-08-14 16:09:32] [INFO] [sparql_collector] [1-9. タイトル・名称 網羅検索 (Part 9)] Got 1000 new items. (累計: 138000件) [1.46s]
[2026-08-14 16:09:32] [INFO] [logger] [STATS] FETCH | Count: 1000 | Time: 1.46s | Info: 1-9. タイトル・名称 網羅検索 (Part 9) | Offset: 137000
[2026-08-14 16:09:32] [INFO] [sparql_collector] [1-9. タイトル・名称 網羅検索 (Part 9)] Sub-fetch (limit=1000, progress=138000件〜) ...
[2026-08-14 16:09:34] [INFO] [sparql_collector] [1-9. タイトル・名称 網羅検索 (Part 9)] Got 1000 new items. (累計: 139000件) [1.47s]
[2026-08-14 16:09:34] [INFO] [logger] [STATS] FETCH | Count: 1000 | Time: 1.47s | Info: 1-9. タイトル・名称 網羅検索 (Part 9) | Offset: 138000
[2026-08-14 16:09:34] [INFO] [sparql_collector] [1-9. タイトル・名称 網羅検索 (Part 9)] Sub-fetch (limit=1000, progress=139000件〜) ...
[2026-08-14 16:09:35] [INFO] [sparql_collector] [1-9. タイトル・名称 網羅検索 (Part 9)] Got 1000 new items. (累計: 140000件) [1.42s]
[2026-08-14 16:09:35] [INFO] [logger] [STATS] FETCH | Count: 1000 | Time: 1.42s | Info: 1-9. タイトル・名称 網羅検索 (Part 9) | Offset: 139000
[2026-08-14 16:09:36] [INFO] [sparql_collector] [1-9. タイトル・名称 網羅検索 (Part 9)] Sub-fetch (limit=1000, progress=140000件〜) ...
[2026-08-14 16:09:37] [INFO] [sparql_collector] [1-9. タイトル・名称 網羅検索 (Part 9)] Got 1000 new items. (累計: 141000件) [1.45s]
[2026-08-14 16:09:37] [INFO] [logger] [STATS] FETCH | Count: 1000 | Time: 1.45s | Info: 1-9. タイトル・名称 網羅検索 (Part 9) | Offset: 140000
[2026-08-14 16:09:38] [INFO] [sparql_collector] [1-9. タイトル・名称 網羅検索 (Part 9)] Sub-fetch (limit=1000, progress=141000件〜) ...
[2026-08-14 16:09:39] [INFO] [sparql_collector] [1-9. タイトル・名称 網羅検索 (Part 9)] Got 1000 new items. (累計: 142000件) [1.46s]
[2026-08-14 16:09:39] [INFO] [logger] [STATS] FETCH | Count: 1000 | Time: 1.46s | Info: 1-9. タイトル・名称 網羅検索 (Part 9) | Offset: 141000
[2026-08-14 16:09:40] [INFO] [sparql_collector] [1-9. タイトル・名称 網羅検索 (Part 9)] Sub-fetch (limit=1000, progress=142000件〜) ...
[2026-08-14 16:09:41] [INFO] [sparql_collector] [1-9. タイトル・名称 網羅検索 (Part 9)] Got 1000 new items. (累計: 143000件) [1.43s]
[2026-08-14 16:09:41] [INFO] [logger] [STATS] FETCH | Count: 1000 | Time: 1.43s | Info: 1-9. タイトル・名称 網羅検索 (Part 9) | Offset: 142000
[2026-08-14 16:09:42] [INFO] [sparql_collector] [1-9. タイトル・名称 網羅検索 (Part 9)] Sub-fetch (limit=1000, progress=143000件〜) ...
[2026-08-14 16:09:44] [INFO] [sparql_collector] [1-9. タイトル・名称 網羅検索 (Part 9)] Got 1000 new items. (累計: 144000件) [1.72s]
[2026-08-14 16:09:44] [INFO] [logger] [STATS] FETCH | Count: 1000 | Time: 1.72s | Info: 1-9. タイトル・名称 網羅検索 (Part 9) | Offset: 143000
[2026-08-14 16:09:44] [INFO] [sparql_collector] [1-9. タイトル・名称 網羅検索 (Part 9)] Sub-fetch (limit=1000, progress=144000件〜) ...
[2026-08-14 16:09:46] [INFO] [sparql_collector] [1-9. タイトル・名称 網羅検索 (Part 9)] Got 1000 new items. (累計: 145000件) [1.55s]
[2026-08-14 16:09:46] [INFO] [logger] [STATS] FETCH | Count: 1000 | Time: 1.55s | Info: 1-9. タイトル・名称 網羅検索 (Part 9) | Offset: 144000
[2026-08-14 16:09:46] [INFO] [sparql_collector] [1-9. タイトル・名称 網羅検索 (Part 9)] Sub-fetch (limit=1000, progress=145000件〜) ...
[2026-08-14 16:09:48] [INFO] [sparql_collector] [1-9. タイトル・名称 網羅検索 (Part 9)] Got 1000 new items. (累計: 146000件) [1.52s]
[2026-08-14 16:09:48] [INFO] [logger] [STATS] FETCH | Count: 1000 | Time: 1.52s | Info: 1-9. タイトル・名称 網羅検索 (Part 9) | Offset: 145000
[2026-08-14 16:09:48] [INFO] [sparql_collector] [1-9. タイトル・名称 網羅検索 (Part 9)] Sub-fetch (limit=1000, progress=146000件〜) ...
[2026-08-14 16:09:50] [INFO] [sparql_collector] [1-9. タイトル・名称 網羅検索 (Part 9)] Got 1000 new items. (累計: 147000件) [1.50s]
[2026-08-14 16:09:50] [INFO] [logger] [STATS] FETCH | Count: 1000 | Time: 1.50s | Info: 1-9. タイトル・名称 網羅検索 (Part 9) | Offset: 146000
[2026-08-14 16:09:50] [INFO] [sparql_collector] [1-9. タイトル・名称 網羅検索 (Part 9)] Sub-fetch (limit=1000, progress=147000件〜) ...
[2026-08-14 16:09:52] [INFO] [sparql_collector] [1-9. タイトル・名称 網羅検索 (Part 9)] Got 1000 new items. (累計: 148000件) [1.58s]
[2026-08-14 16:09:52] [INFO] [logger] [STATS] FETCH | Count: 1000 | Time: 1.58s | Info: 1-9. タイトル・名称 網羅検索 (Part 9) | Offset: 147000
[2026-08-14 16:09:52] [INFO] [sparql_collector] [1-9. タイトル・名称 網羅検索 (Part 9)] Sub-fetch (limit=1000, progress=148000件〜) ...
[2026-08-14 16:09:54] [INFO] [sparql_collector] [1-9. タイトル・名称 網羅検索 (Part 9)] Got 1000 new items. (累計: 149000件) [1.61s]
[2026-08-14 16:09:54] [INFO] [logger] [STATS] FETCH | Count: 1000 | Time: 1.61s | Info: 1-9. タイトル・名称 網羅検索 (Part 9) | Offset: 148000
[2026-08-14 16:09:54] [INFO] [sparql_collector] [1-9. タイトル・名称 網羅検索 (Part 9)] Sub-fetch (limit=1000, progress=149000件〜) ...
[2026-08-14 16:09:56] [INFO] [sparql_collector] [1-9. タイトル・名称 網羅検索 (Part 9)] Got 1000 new items. (累計: 150000件) [1.50s]
[2026-08-14 16:09:56] [INFO] [logger] [STATS] FETCH | Count: 1000 | Time: 1.50s | Info: 1-9. タイトル・名称 網羅検索 (Part 9) | Offset: 149000
[2026-08-14 16:09:56] [INFO] [sparql_collector] [1-9. タイトル・名称 網羅検索 (Part 9)] Sub-fetch (limit=1000, progress=150000件〜) ...
[2026-08-14 16:09:58] [INFO] [sparql_collector] [1-9. タイトル・名称 網羅検索 (Part 9)] Got 1000 new items. (累計: 151000件) [1.55s]
[2026-08-14 16:09:58] [INFO] [logger] [STATS] FETCH | Count: 1000 | Time: 1.55s | Info: 1-9. タイトル・名称 網羅検索 (Part 9) | Offset: 150000
[2026-08-14 16:09:58] [INFO] [sparql_collector] [1-9. タイトル・名称 網羅検索 (Part 9)] Sub-fetch (limit=1000, progress=151000件〜) ...
[2026-08-14 16:10:00] [INFO] [sparql_collector] [1-9. タイトル・名称 網羅検索 (Part 9)] Got 1000 new items. (累計: 152000件) [1.61s]
[2026-08-14 16:10:00] [INFO] [logger] [STATS] FETCH | Count: 1000 | Time: 1.61s | Info: 1-9. タイトル・名称 網羅検索 (Part 9) | Offset: 151000
[2026-08-14 16:10:01] [INFO] [sparql_collector] [1-9. タイトル・名称 網羅検索 (Part 9)] Sub-fetch (limit=1000, progress=152000件〜) ...
[2026-08-14 16:10:02] [INFO] [sparql_collector] [1-9. タイトル・名称 網羅検索 (Part 9)] Got 1000 new items. (累計: 153000件) [1.66s]
[2026-08-14 16:10:02] [INFO] [logger] [STATS] FETCH | Count: 1000 | Time: 1.66s | Info: 1-9. タイトル・名称 網羅検索 (Part 9) | Offset: 152000
[2026-08-14 16:10:03] [INFO] [sparql_collector] [1-9. タイトル・名称 網羅検索 (Part 9)] Sub-fetch (limit=1000, progress=153000件〜) ...
[2026-08-14 16:10:04] [INFO] [sparql_collector] [1-9. タイトル・名称 網羅検索 (Part 9)] Got 1000 new items. (累計: 154000件) [1.65s]
[2026-08-14 16:10:04] [INFO] [logger] [STATS] FETCH | Count: 1000 | Time: 1.65s | Info: 1-9. タイトル・名称 網羅検索 (Part 9) | Offset: 153000
[2026-08-14 16:10:05] [INFO] [sparql_collector] [1-9. タイトル・名称 網羅検索 (Part 9)] Sub-fetch (limit=1000, progress=154000件〜) ...
[2026-08-14 16:10:07] [INFO] [sparql_collector] [1-9. タイトル・名称 網羅検索 (Part 9)] Got 1000 new items. (累計: 155000件) [1.73s]
[2026-08-14 16:10:07] [INFO] [logger] [STATS] FETCH | Count: 1000 | Time: 1.73s | Info: 1-9. タイトル・名称 網羅検索 (Part 9) | Offset: 154000
[2026-08-14 16:10:07] [INFO] [sparql_collector] [1-9. タイトル・名称 網羅検索 (Part 9)] Sub-fetch (limit=1000, progress=155000件〜) ...
[2026-08-14 16:10:09] [INFO] [sparql_collector] [1-9. タイトル・名称 網羅検索 (Part 9)] Got 1000 new items. (累計: 156000件) [1.56s]
[2026-08-14 16:10:09] [INFO] [logger] [STATS] FETCH | Count: 1000 | Time: 1.56s | Info: 1-9. タイトル・名称 網羅検索 (Part 9) | Offset: 155000
[2026-08-14 16:10:09] [INFO] [sparql_collector] [1-9. タイトル・名称 網羅検索 (Part 9)] Sub-fetch (limit=1000, progress=156000件〜) ...
[2026-08-14 16:10:11] [INFO] [sparql_collector] [1-9. タイトル・名称 網羅検索 (Part 9)] Got 1000 new items. (累計: 157000件) [1.60s]
[2026-08-14 16:10:11] [INFO] [logger] [STATS] FETCH | Count: 1000 | Time: 1.60s | Info: 1-9. タイトル・名称 網羅検索 (Part 9) | Offset: 156000
[2026-08-14 16:10:11] [INFO] [sparql_collector] [1-9. タイトル・名称 網羅検索 (Part 9)] Sub-fetch (limit=1000, progress=157000件〜) ...
[2026-08-14 16:10:13] [INFO] [sparql_collector] [1-9. タイトル・名称 網羅検索 (Part 9)] Got 1000 new items. (累計: 158000件) [1.85s]
[2026-08-14 16:10:13] [INFO] [logger] [STATS] FETCH | Count: 1000 | Time: 1.85s | Info: 1-9. タイトル・名称 網羅検索 (Part 9) | Offset: 157000
[2026-08-14 16:10:14] [INFO] [sparql_collector] [1-9. タイトル・名称 網羅検索 (Part 9)] Sub-fetch (limit=1000, progress=158000件〜) ...
[2026-08-14 16:10:15] [INFO] [sparql_collector] [1-9. タイトル・名称 網羅検索 (Part 9)] Got 1000 new items. (累計: 159000件) [1.70s]
[2026-08-14 16:10:15] [INFO] [logger] [STATS] FETCH | Count: 1000 | Time: 1.70s | Info: 1-9. タイトル・名称 網羅検索 (Part 9) | Offset: 158000
[2026-08-14 16:10:16] [INFO] [sparql_collector] [1-9. タイトル・名称 網羅検索 (Part 9)] Sub-fetch (limit=1000, progress=159000件〜) ...
[2026-08-14 16:10:18] [INFO] [sparql_collector] [1-9. タイトル・名称 網羅検索 (Part 9)] Got 1000 new items. (累計: 160000件) [1.77s]
[2026-08-14 16:10:18] [INFO] [logger] [STATS] FETCH | Count: 1000 | Time: 1.77s | Info: 1-9. タイトル・名称 網羅検索 (Part 9) | Offset: 159000
[2026-08-14 16:10:18] [INFO] [sparql_collector] [1-9. タイトル・名称 網羅検索 (Part 9)] Sub-fetch (limit=1000, progress=160000件〜) ...
[2026-08-14 16:10:20] [INFO] [sparql_collector] [1-9. タイトル・名称 網羅検索 (Part 9)] Got 1000 new items. (累計: 161000件) [1.69s]
[2026-08-14 16:10:20] [INFO] [logger] [STATS] FETCH | Count: 1000 | Time: 1.69s | Info: 1-9. タイトル・名称 網羅検索 (Part 9) | Offset: 160000
[2026-08-14 16:10:20] [INFO] [sparql_collector] [1-9. タイトル・名称 網羅検索 (Part 9)] Sub-fetch (limit=1000, progress=161000件〜) ...
[2026-08-14 16:10:22] [INFO] [sparql_collector] [1-9. タイトル・名称 網羅検索 (Part 9)] Got 1000 new items. (累計: 162000件) [1.63s]
[2026-08-14 16:10:22] [INFO] [logger] [STATS] FETCH | Count: 1000 | Time: 1.63s | Info: 1-9. タイトル・名称 網羅検索 (Part 9) | Offset: 161000
[2026-08-14 16:10:22] [INFO] [sparql_collector] [1-9. タイトル・名称 網羅検索 (Part 9)] Sub-fetch (limit=1000, progress=162000件〜) ...
[2026-08-14 16:10:24] [INFO] [sparql_collector] [1-9. タイトル・名称 網羅検索 (Part 9)] Got 1000 new items. (累計: 163000件) [1.69s]
[2026-08-14 16:10:24] [INFO] [logger] [STATS] FETCH | Count: 1000 | Time: 1.69s | Info: 1-9. タイトル・名称 網羅検索 (Part 9) | Offset: 162000
[2026-08-14 16:10:25] [INFO] [sparql_collector] [1-9. タイトル・名称 網羅検索 (Part 9)] Sub-fetch (limit=1000, progress=163000件〜) ...
[2026-08-14 16:10:26] [INFO] [sparql_collector] [1-9. タイトル・名称 網羅検索 (Part 9)] Got 1000 new items. (累計: 164000件) [1.77s]
[2026-08-14 16:10:26] [INFO] [logger] [STATS] FETCH | Count: 1000 | Time: 1.77s | Info: 1-9. タイトル・名称 網羅検索 (Part 9) | Offset: 163000
[2026-08-14 16:10:27] [INFO] [sparql_collector] [1-9. タイトル・名称 網羅検索 (Part 9)] Sub-fetch (limit=1000, progress=164000件〜) ...
[2026-08-14 16:10:29] [INFO] [sparql_collector] [1-9. タイトル・名称 網羅検索 (Part 9)] Got 1000 new items. (累計: 165000件) [1.81s]
[2026-08-14 16:10:29] [INFO] [logger] [STATS] FETCH | Count: 1000 | Time: 1.81s | Info: 1-9. タイトル・名称 網羅検索 (Part 9) | Offset: 164000
[2026-08-14 16:10:29] [INFO] [sparql_collector] [1-9. タイトル・名称 網羅検索 (Part 9)] Sub-fetch (limit=1000, progress=165000件〜) ...
[2026-08-14 16:10:31] [INFO] [sparql_collector] [1-9. タイトル・名称 網羅検索 (Part 9)] Got 1000 new items. (累計: 166000件) [1.82s]
[2026-08-14 16:10:31] [INFO] [logger] [STATS] FETCH | Count: 1000 | Time: 1.82s | Info: 1-9. タイトル・名称 網羅検索 (Part 9) | Offset: 165000
[2026-08-14 16:10:32] [INFO] [sparql_collector] [1-9. タイトル・名称 網羅検索 (Part 9)] Sub-fetch (limit=1000, progress=166000件〜) ...
[2026-08-14 16:10:33] [INFO] [sparql_collector] [1-9. タイトル・名称 網羅検索 (Part 9)] Got 1000 new items. (累計: 167000件) [1.84s]
[2026-08-14 16:10:33] [INFO] [logger] [STATS] FETCH | Count: 1000 | Time: 1.84s | Info: 1-9. タイトル・名称 網羅検索 (Part 9) | Offset: 166000
[2026-08-14 16:10:34] [INFO] [sparql_collector] [1-9. タイトル・名称 網羅検索 (Part 9)] Sub-fetch (limit=1000, progress=167000件〜) ...
[2026-08-14 16:10:36] [INFO] [sparql_collector] [1-9. タイトル・名称 網羅検索 (Part 9)] Got 1000 new items. (累計: 168000件) [2.06s]
[2026-08-14 16:10:36] [INFO] [logger] [STATS] FETCH | Count: 1000 | Time: 2.06s | Info: 1-9. タイトル・名称 網羅検索 (Part 9) | Offset: 167000
[2026-08-14 16:10:36] [INFO] [sparql_collector] [1-9. タイトル・名称 網羅検索 (Part 9)] Sub-fetch (limit=1000, progress=168000件〜) ...
[2026-08-14 16:10:38] [INFO] [sparql_collector] [1-9. タイトル・名称 網羅検索 (Part 9)] Got 1000 new items. (累計: 169000件) [1.91s]
[2026-08-14 16:10:38] [INFO] [logger] [STATS] FETCH | Count: 1000 | Time: 1.91s | Info: 1-9. タイトル・名称 網羅検索 (Part 9) | Offset: 168000
[2026-08-14 16:10:39] [INFO] [sparql_collector] [1-9. タイトル・名称 網羅検索 (Part 9)] Sub-fetch (limit=1000, progress=169000件〜) ...
[2026-08-14 16:10:41] [INFO] [sparql_collector] [1-9. タイトル・名称 網羅検索 (Part 9)] Got 1000 new items. (累計: 170000件) [1.97s]
[2026-08-14 16:10:41] [INFO] [logger] [STATS] FETCH | Count: 1000 | Time: 1.97s | Info: 1-9. タイトル・名称 網羅検索 (Part 9) | Offset: 169000
[2026-08-14 16:10:41] [INFO] [sparql_collector] [1-9. タイトル・名称 網羅検索 (Part 9)] Sub-fetch (limit=1000, progress=170000件〜) ...
[2026-08-14 16:10:43] [INFO] [sparql_collector] [1-9. タイトル・名称 網羅検索 (Part 9)] Got 1000 new items. (累計: 171000件) [1.83s]
[2026-08-14 16:10:43] [INFO] [logger] [STATS] FETCH | Count: 1000 | Time: 1.83s | Info: 1-9. タイトル・名称 網羅検索 (Part 9) | Offset: 170000
[2026-08-14 16:10:44] [INFO] [sparql_collector] [1-9. タイトル・名称 網羅検索 (Part 9)] Sub-fetch (limit=1000, progress=171000件〜) ...
[2026-08-14 16:10:46] [INFO] [sparql_collector] [1-9. タイトル・名称 網羅検索 (Part 9)] Got 1000 new items. (累計: 172000件) [1.91s]
[2026-08-14 16:10:46] [INFO] [logger] [STATS] FETCH | Count: 1000 | Time: 1.91s | Info: 1-9. タイトル・名称 網羅検索 (Part 9) | Offset: 171000
[2026-08-14 16:10:46] [INFO] [sparql_collector] [1-9. タイトル・名称 網羅検索 (Part 9)] Sub-fetch (limit=1000, progress=172000件〜) ...
[2026-08-14 16:10:48] [INFO] [sparql_collector] [1-9. タイトル・名称 網羅検索 (Part 9)] Got 1000 new items. (累計: 173000件) [1.86s]
[2026-08-14 16:10:48] [INFO] [logger] [STATS] FETCH | Count: 1000 | Time: 1.86s | Info: 1-9. タイトル・名称 網羅検索 (Part 9) | Offset: 172000
[2026-08-14 16:10:48] [INFO] [sparql_collector] [1-9. タイトル・名称 網羅検索 (Part 9)] Sub-fetch (limit=1000, progress=173000件〜) ...
[2026-08-14 16:10:50] [INFO] [sparql_collector] [1-9. タイトル・名称 網羅検索 (Part 9)] Got 1000 new items. (累計: 174000件) [2.01s]
[2026-08-14 16:10:50] [INFO] [logger] [STATS] FETCH | Count: 1000 | Time: 2.01s | Info: 1-9. タイトル・名称 網羅検索 (Part 9) | Offset: 173000
[2026-08-14 16:10:51] [INFO] [sparql_collector] [1-9. タイトル・名称 網羅検索 (Part 9)] Sub-fetch (limit=1000, progress=174000件〜) ...
[2026-08-14 16:10:53] [INFO] [sparql_collector] [1-9. タイトル・名称 網羅検索 (Part 9)] Got 1000 new items. (累計: 175000件) [1.98s]
[2026-08-14 16:10:53] [INFO] [logger] [STATS] FETCH | Count: 1000 | Time: 1.98s | Info: 1-9. タイトル・名称 網羅検索 (Part 9) | Offset: 174000
[2026-08-14 16:10:53] [INFO] [sparql_collector] [1-9. タイトル・名称 網羅検索 (Part 9)] Sub-fetch (limit=1000, progress=175000件〜) ...
[2026-08-14 16:10:56] [INFO] [sparql_collector] [1-9. タイトル・名称 網羅検索 (Part 9)] Got 1000 new items. (累計: 176000件) [2.09s]
[2026-08-14 16:10:56] [INFO] [logger] [STATS] FETCH | Count: 1000 | Time: 2.09s | Info: 1-9. タイトル・名称 網羅検索 (Part 9) | Offset: 175000
[2026-08-14 16:10:56] [INFO] [sparql_collector] [1-9. タイトル・名称 網羅検索 (Part 9)] Sub-fetch (limit=1000, progress=176000件〜) ...
[2026-08-14 16:10:58] [INFO] [sparql_collector] [1-9. タイトル・名称 網羅検索 (Part 9)] Got 1000 new items. (累計: 177000件) [1.99s]
[2026-08-14 16:10:58] [INFO] [logger] [STATS] FETCH | Count: 1000 | Time: 1.99s | Info: 1-9. タイトル・名称 網羅検索 (Part 9) | Offset: 176000
[2026-08-14 16:10:59] [INFO] [sparql_collector] [1-9. タイトル・名称 網羅検索 (Part 9)] Sub-fetch (limit=1000, progress=177000件〜) ...
[2026-08-14 16:11:01] [INFO] [sparql_collector] [1-9. タイトル・名称 網羅検索 (Part 9)] Got 1000 new items. (累計: 178000件) [2.11s]
[2026-08-14 16:11:01] [INFO] [logger] [STATS] FETCH | Count: 1000 | Time: 2.11s | Info: 1-9. タイトル・名称 網羅検索 (Part 9) | Offset: 177000
[2026-08-14 16:11:01] [INFO] [sparql_collector] [1-9. タイトル・名称 網羅検索 (Part 9)] Sub-fetch (limit=1000, progress=178000件〜) ...
[2026-08-14 16:11:03] [INFO] [sparql_collector] [1-9. タイトル・名称 網羅検索 (Part 9)] Got 1000 new items. (累計: 179000件) [2.04s]
[2026-08-14 16:11:03] [INFO] [logger] [STATS] FETCH | Count: 1000 | Time: 2.04s | Info: 1-9. タイトル・名称 網羅検索 (Part 9) | Offset: 178000
[2026-08-14 16:11:04] [INFO] [sparql_collector] [1-9. タイトル・名称 網羅検索 (Part 9)] Sub-fetch (limit=1000, progress=179000件〜) ...
[2026-08-14 16:11:06] [INFO] [sparql_collector] [1-9. タイトル・名称 網羅検索 (Part 9)] Got 1000 new items. (累計: 180000件) [2.13s]
[2026-08-14 16:11:06] [INFO] [logger] [STATS] FETCH | Count: 1000 | Time: 2.13s | Info: 1-9. タイトル・名称 網羅検索 (Part 9) | Offset: 179000
[2026-08-14 16:11:06] [INFO] [sparql_collector] [1-9. タイトル・名称 網羅検索 (Part 9)] Sub-fetch (limit=1000, progress=180000件〜) ...
[2026-08-14 16:11:08] [INFO] [sparql_collector] [1-9. タイトル・名称 網羅検索 (Part 9)] Got 1000 new items. (累計: 181000件) [2.12s]
[2026-08-14 16:11:08] [INFO] [logger] [STATS] FETCH | Count: 1000 | Time: 2.12s | Info: 1-9. タイトル・名称 網羅検索 (Part 9) | Offset: 180000
[2026-08-14 16:11:09] [INFO] [sparql_collector] [1-9. タイトル・名称 網羅検索 (Part 9)] Sub-fetch (limit=1000, progress=181000件〜) ...
[2026-08-14 16:11:11] [INFO] [sparql_collector] [1-9. タイトル・名称 網羅検索 (Part 9)] Got 1000 new items. (累計: 182000件) [2.08s]
[2026-08-14 16:11:11] [INFO] [logger] [STATS] FETCH | Count: 1000 | Time: 2.08s | Info: 1-9. タイトル・名称 網羅検索 (Part 9) | Offset: 181000
[2026-08-14 16:11:12] [INFO] [sparql_collector] [1-9. タイトル・名称 網羅検索 (Part 9)] Sub-fetch (limit=1000, progress=182000件〜) ...
[2026-08-14 16:11:14] [INFO] [sparql_collector] [1-9. タイトル・名称 網羅検索 (Part 9)] Got 1000 new items. (累計: 183000件) [2.13s]
[2026-08-14 16:11:14] [INFO] [logger] [STATS] FETCH | Count: 1000 | Time: 2.13s | Info: 1-9. タイトル・名称 網羅検索 (Part 9) | Offset: 182000
[2026-08-14 16:11:14] [INFO] [sparql_collector] [1-9. タイトル・名称 網羅検索 (Part 9)] Sub-fetch (limit=1000, progress=183000件〜) ...
[2026-08-14 16:11:16] [INFO] [sparql_collector] [1-9. タイトル・名称 網羅検索 (Part 9)] Got 1000 new items. (累計: 184000件) [2.01s]
[2026-08-14 16:11:16] [INFO] [logger] [STATS] FETCH | Count: 1000 | Time: 2.01s | Info: 1-9. タイトル・名称 網羅検索 (Part 9) | Offset: 183000
[2026-08-14 16:11:17] [INFO] [sparql_collector] [1-9. タイトル・名称 網羅検索 (Part 9)] Sub-fetch (limit=1000, progress=184000件〜) ...
[2026-08-14 16:11:19] [INFO] [sparql_collector] [1-9. タイトル・名称 網羅検索 (Part 9)] Got 1000 new items. (累計: 185000件) [2.09s]
[2026-08-14 16:11:19] [INFO] [logger] [STATS] FETCH | Count: 1000 | Time: 2.09s | Info: 1-9. タイトル・名称 網羅検索 (Part 9) | Offset: 184000
[2026-08-14 16:11:19] [INFO] [sparql_collector] [1-9. タイトル・名称 網羅検索 (Part 9)] Sub-fetch (limit=1000, progress=185000件〜) ...
[2026-08-14 16:11:22] [INFO] [sparql_collector] [1-9. タイトル・名称 網羅検索 (Part 9)] Got 1000 new items. (累計: 186000件) [2.20s]
[2026-08-14 16:11:22] [INFO] [logger] [STATS] FETCH | Count: 1000 | Time: 2.20s | Info: 1-9. タイトル・名称 網羅検索 (Part 9) | Offset: 185000
[2026-08-14 16:11:22] [INFO] [sparql_collector] [1-9. タイトル・名称 網羅検索 (Part 9)] Sub-fetch (limit=1000, progress=186000件〜) ...
[2026-08-14 16:11:24] [INFO] [sparql_collector] [1-9. タイトル・名称 網羅検索 (Part 9)] Got 1000 new items. (累計: 187000件) [2.14s]
[2026-08-14 16:11:24] [INFO] [logger] [STATS] FETCH | Count: 1000 | Time: 2.14s | Info: 1-9. タイトル・名称 網羅検索 (Part 9) | Offset: 186000
[2026-08-14 16:11:25] [INFO] [sparql_collector] [1-9. タイトル・名称 網羅検索 (Part 9)] Sub-fetch (limit=1000, progress=187000件〜) ...
[2026-08-14 16:11:27] [INFO] [sparql_collector] [1-9. タイトル・名称 網羅検索 (Part 9)] Got 1000 new items. (累計: 188000件) [2.10s]
[2026-08-14 16:11:27] [INFO] [logger] [STATS] FETCH | Count: 1000 | Time: 2.10s | Info: 1-9. タイトル・名称 網羅検索 (Part 9) | Offset: 187000
[2026-08-14 16:11:27] [INFO] [sparql_collector] [1-9. タイトル・名称 網羅検索 (Part 9)] Sub-fetch (limit=1000, progress=188000件〜) ...
[2026-08-14 16:11:29] [INFO] [sparql_collector] [1-9. タイトル・名称 網羅検索 (Part 9)] Got 1000 new items. (累計: 189000件) [2.22s]
[2026-08-14 16:11:29] [INFO] [logger] [STATS] FETCH | Count: 1000 | Time: 2.22s | Info: 1-9. タイトル・名称 網羅検索 (Part 9) | Offset: 188000
[2026-08-14 16:11:30] [INFO] [sparql_collector] [1-9. タイトル・名称 網羅検索 (Part 9)] Sub-fetch (limit=1000, progress=189000件〜) ...
[2026-08-14 16:11:32] [INFO] [sparql_collector] [1-9. タイトル・名称 網羅検索 (Part 9)] Got 1000 new items. (累計: 190000件) [2.18s]
[2026-08-14 16:11:32] [INFO] [logger] [STATS] FETCH | Count: 1000 | Time: 2.18s | Info: 1-9. タイトル・名称 網羅検索 (Part 9) | Offset: 189000
[2026-08-14 16:11:33] [INFO] [sparql_collector] [1-9. タイトル・名称 網羅検索 (Part 9)] Sub-fetch (limit=1000, progress=190000件〜) ...
[2026-08-14 16:11:35] [INFO] [sparql_collector] [1-9. タイトル・名称 網羅検索 (Part 9)] Got 1000 new items. (累計: 191000件) [2.18s]
[2026-08-14 16:11:35] [INFO] [logger] [STATS] FETCH | Count: 1000 | Time: 2.18s | Info: 1-9. タイトル・名称 網羅検索 (Part 9) | Offset: 190000
[2026-08-14 16:11:35] [INFO] [sparql_collector] [1-9. タイトル・名称 網羅検索 (Part 9)] Sub-fetch (limit=1000, progress=191000件〜) ...
[2026-08-14 16:11:38] [INFO] [sparql_collector] [1-9. タイトル・名称 網羅検索 (Part 9)] Got 1000 new items. (累計: 192000件) [2.29s]
[2026-08-14 16:11:38] [INFO] [logger] [STATS] FETCH | Count: 1000 | Time: 2.29s | Info: 1-9. タイトル・名称 網羅検索 (Part 9) | Offset: 191000
[2026-08-14 16:11:38] [INFO] [sparql_collector] [1-9. タイトル・名称 網羅検索 (Part 9)] Sub-fetch (limit=1000, progress=192000件〜) ...
[2026-08-14 16:11:41] [INFO] [sparql_collector] [1-9. タイトル・名称 網羅検索 (Part 9)] Got 1000 new items. (累計: 193000件) [2.35s]
[2026-08-14 16:11:41] [INFO] [logger] [STATS] FETCH | Count: 1000 | Time: 2.35s | Info: 1-9. タイトル・名称 網羅検索 (Part 9) | Offset: 192000
[2026-08-14 16:11:41] [INFO] [sparql_collector] [1-9. タイトル・名称 網羅検索 (Part 9)] Sub-fetch (limit=1000, progress=193000件〜) ...
[2026-08-14 16:11:43] [INFO] [sparql_collector] [1-9. タイトル・名称 網羅検索 (Part 9)] Got 1000 new items. (累計: 194000件) [2.30s]
[2026-08-14 16:11:43] [INFO] [logger] [STATS] FETCH | Count: 1000 | Time: 2.30s | Info: 1-9. タイトル・名称 網羅検索 (Part 9) | Offset: 193000
[2026-08-14 16:11:44] [INFO] [sparql_collector] [1-9. タイトル・名称 網羅検索 (Part 9)] Sub-fetch (limit=1000, progress=194000件〜) ...
[2026-08-14 16:11:46] [INFO] [sparql_collector] [1-9. タイトル・名称 網羅検索 (Part 9)] Got 1000 new items. (累計: 195000件) [2.26s]
[2026-08-14 16:11:46] [INFO] [logger] [STATS] FETCH | Count: 1000 | Time: 2.26s | Info: 1-9. タイトル・名称 網羅検索 (Part 9) | Offset: 194000
[2026-08-14 16:11:47] [INFO] [sparql_collector] [1-9. タイトル・名称 網羅検索 (Part 9)] Sub-fetch (limit=1000, progress=195000件〜) ...
[2026-08-14 16:11:49] [INFO] [sparql_collector] [1-9. タイトル・名称 網羅検索 (Part 9)] Got 1000 new items. (累計: 196000件) [2.32s]
[2026-08-14 16:11:49] [INFO] [logger] [STATS] FETCH | Count: 1000 | Time: 2.32s | Info: 1-9. タイトル・名称 網羅検索 (Part 9) | Offset: 195000
[2026-08-14 16:11:49] [INFO] [sparql_collector] [1-9. タイトル・名称 網羅検索 (Part 9)] Sub-fetch (limit=1000, progress=196000件〜) ...
[2026-08-14 16:11:52] [INFO] [sparql_collector] [1-9. タイトル・名称 網羅検索 (Part 9)] Got 1000 new items. (累計: 197000件) [2.39s]
[2026-08-14 16:11:52] [INFO] [logger] [STATS] FETCH | Count: 1000 | Time: 2.39s | Info: 1-9. タイトル・名称 網羅検索 (Part 9) | Offset: 196000
[2026-08-14 16:11:52] [INFO] [sparql_collector] [1-9. タイトル・名称 網羅検索 (Part 9)] Sub-fetch (limit=1000, progress=197000件〜) ...
[2026-08-14 16:11:55] [INFO] [sparql_collector] [1-9. タイトル・名称 網羅検索 (Part 9)] Got 1000 new items. (累計: 198000件) [2.34s]
[2026-08-14 16:11:55] [INFO] [logger] [STATS] FETCH | Count: 1000 | Time: 2.34s | Info: 1-9. タイトル・名称 網羅検索 (Part 9) | Offset: 197000
[2026-08-14 16:11:55] [INFO] [sparql_collector] [1-9. タイトル・名称 網羅検索 (Part 9)] Sub-fetch (limit=1000, progress=198000件〜) ...
[2026-08-14 16:11:58] [INFO] [sparql_collector] [1-9. タイトル・名称 網羅検索 (Part 9)] Got 1000 new items. (累計: 199000件) [2.37s]
[2026-08-14 16:11:58] [INFO] [logger] [STATS] FETCH | Count: 1000 | Time: 2.37s | Info: 1-9. タイトル・名称 網羅検索 (Part 9) | Offset: 198000
[2026-08-14 16:11:58] [INFO] [sparql_collector] [1-9. タイトル・名称 網羅検索 (Part 9)] Sub-fetch (limit=1000, progress=199000件〜) ...
[2026-08-14 16:12:01] [INFO] [sparql_collector] [1-9. タイトル・名称 網羅検索 (Part 9)] Got 1000 new items. (累計: 200000件) [2.47s]
[2026-08-14 16:12:01] [INFO] [logger] [STATS] FETCH | Count: 1000 | Time: 2.47s | Info: 1-9. タイトル・名称 網羅検索 (Part 9) | Offset: 199000
[2026-08-14 16:12:01] [INFO] [sparql_collector] [1-9. タイトル・名称 網羅検索 (Part 9)] Sub-fetch (limit=1000, progress=200000件〜) ...
[2026-08-14 16:12:03] [INFO] [sparql_collector] [1-9. タイトル・名称 網羅検索 (Part 9)] Got 1000 new items. (累計: 201000件) [2.39s]
[2026-08-14 16:12:03] [INFO] [logger] [STATS] FETCH | Count: 1000 | Time: 2.39s | Info: 1-9. タイトル・名称 網羅検索 (Part 9) | Offset: 200000
[2026-08-14 16:12:04] [INFO] [sparql_collector] [1-9. タイトル・名称 網羅検索 (Part 9)] Sub-fetch (limit=1000, progress=201000件〜) ...
[2026-08-14 16:12:06] [INFO] [sparql_collector] [1-9. タイトル・名称 網羅検索 (Part 9)] Got 1000 new items. (累計: 202000件) [2.47s]
[2026-08-14 16:12:06] [INFO] [logger] [STATS] FETCH | Count: 1000 | Time: 2.47s | Info: 1-9. タイトル・名称 網羅検索 (Part 9) | Offset: 201000
[2026-08-14 16:12:07] [INFO] [sparql_collector] [1-9. タイトル・名称 網羅検索 (Part 9)] Sub-fetch (limit=1000, progress=202000件〜) ...
[2026-08-14 16:12:09] [INFO] [sparql_collector] [1-9. タイトル・名称 網羅検索 (Part 9)] Got 1000 new items. (累計: 203000件) [2.41s]
[2026-08-14 16:12:09] [INFO] [logger] [STATS] FETCH | Count: 1000 | Time: 2.41s | Info: 1-9. タイトル・名称 網羅検索 (Part 9) | Offset: 202000
[2026-08-14 16:12:10] [INFO] [sparql_collector] [1-9. タイトル・名称 網羅検索 (Part 9)] Sub-fetch (limit=1000, progress=203000件〜) ...
[2026-08-14 16:12:12] [INFO] [sparql_collector] [1-9. タイトル・名称 網羅検索 (Part 9)] Got 1000 new items. (累計: 204000件) [2.40s]
[2026-08-14 16:12:12] [INFO] [logger] [STATS] FETCH | Count: 1000 | Time: 2.40s | Info: 1-9. タイトル・名称 網羅検索 (Part 9) | Offset: 203000
[2026-08-14 16:12:13] [INFO] [sparql_collector] [1-9. タイトル・名称 網羅検索 (Part 9)] Sub-fetch (limit=1000, progress=204000件〜) ...
[2026-08-14 16:12:15] [INFO] [sparql_collector] [1-9. タイトル・名称 網羅検索 (Part 9)] Got 1000 new items. (累計: 205000件) [2.65s]
[2026-08-14 16:12:15] [INFO] [logger] [STATS] FETCH | Count: 1000 | Time: 2.65s | Info: 1-9. タイトル・名称 網羅検索 (Part 9) | Offset: 204000
[2026-08-14 16:12:16] [INFO] [sparql_collector] [1-9. タイトル・名称 網羅検索 (Part 9)] Sub-fetch (limit=1000, progress=205000件〜) ...
[2026-08-14 16:12:18] [INFO] [sparql_collector] [1-9. タイトル・名称 網羅検索 (Part 9)] Got 1000 new items. (累計: 206000件) [2.51s]
[2026-08-14 16:12:18] [INFO] [logger] [STATS] FETCH | Count: 1000 | Time: 2.51s | Info: 1-9. タイトル・名称 網羅検索 (Part 9) | Offset: 205000
[2026-08-14 16:12:19] [INFO] [sparql_collector] [1-9. タイトル・名称 網羅検索 (Part 9)] Sub-fetch (limit=1000, progress=206000件〜) ...
[2026-08-14 16:12:21] [INFO] [sparql_collector] [1-9. タイトル・名称 網羅検索 (Part 9)] Got 1000 new items. (累計: 207000件) [2.54s]
[2026-08-14 16:12:21] [INFO] [logger] [STATS] FETCH | Count: 1000 | Time: 2.54s | Info: 1-9. タイトル・名称 網羅検索 (Part 9) | Offset: 206000
[2026-08-14 16:12:22] [INFO] [sparql_collector] [1-9. タイトル・名称 網羅検索 (Part 9)] Sub-fetch (limit=1000, progress=207000件〜) ...
[2026-08-14 16:12:25] [INFO] [sparql_collector] [1-9. タイトル・名称 網羅検索 (Part 9)] Got 1000 new items. (累計: 208000件) [2.58s]
[2026-08-14 16:12:25] [INFO] [logger] [STATS] FETCH | Count: 1000 | Time: 2.58s | Info: 1-9. タイトル・名称 網羅検索 (Part 9) | Offset: 207000
[2026-08-14 16:12:25] [INFO] [sparql_collector] [1-9. タイトル・名称 網羅検索 (Part 9)] Sub-fetch (limit=1000, progress=208000件〜) ...
[2026-08-14 16:12:28] [INFO] [sparql_collector] [1-9. タイトル・名称 網羅検索 (Part 9)] Got 1000 new items. (累計: 209000件) [2.52s]
[2026-08-14 16:12:28] [INFO] [logger] [STATS] FETCH | Count: 1000 | Time: 2.52s | Info: 1-9. タイトル・名称 網羅検索 (Part 9) | Offset: 208000
[2026-08-14 16:12:28] [INFO] [sparql_collector] [1-9. タイトル・名称 網羅検索 (Part 9)] Sub-fetch (limit=1000, progress=209000件〜) ...
[2026-08-14 16:12:31] [INFO] [sparql_collector] [1-9. タイトル・名称 網羅検索 (Part 9)] Got 1000 new items. (累計: 210000件) [2.56s]
[2026-08-14 16:12:31] [INFO] [logger] [STATS] FETCH | Count: 1000 | Time: 2.56s | Info: 1-9. タイトル・名称 網羅検索 (Part 9) | Offset: 209000
[2026-08-14 16:12:31] [INFO] [sparql_collector] [1-9. タイトル・名称 網羅検索 (Part 9)] Sub-fetch (limit=1000, progress=210000件〜) ...
[2026-08-14 16:12:34] [INFO] [sparql_collector] [1-9. タイトル・名称 網羅検索 (Part 9)] Got 1000 new items. (累計: 211000件) [2.58s]
[2026-08-14 16:12:34] [INFO] [logger] [STATS] FETCH | Count: 1000 | Time: 2.58s | Info: 1-9. タイトル・名称 網羅検索 (Part 9) | Offset: 210000
[2026-08-14 16:12:34] [INFO] [sparql_collector] [1-9. タイトル・名称 網羅検索 (Part 9)] Sub-fetch (limit=1000, progress=211000件〜) ...
[2026-08-14 16:12:37] [INFO] [sparql_collector] [1-9. タイトル・名称 網羅検索 (Part 9)] Got 1000 new items. (累計: 212000件) [2.53s]
[2026-08-14 16:12:37] [INFO] [logger] [STATS] FETCH | Count: 1000 | Time: 2.53s | Info: 1-9. タイトル・名称 網羅検索 (Part 9) | Offset: 211000
[2026-08-14 16:12:37] [INFO] [sparql_collector] [1-9. タイトル・名称 網羅検索 (Part 9)] Sub-fetch (limit=1000, progress=212000件〜) ...
[2026-08-14 16:12:40] [INFO] [sparql_collector] [1-9. タイトル・名称 網羅検索 (Part 9)] Got 1000 new items. (累計: 213000件) [2.53s]
[2026-08-14 16:12:40] [INFO] [logger] [STATS] FETCH | Count: 1000 | Time: 2.53s | Info: 1-9. タイトル・名称 網羅検索 (Part 9) | Offset: 212000
[2026-08-14 16:12:40] [INFO] [sparql_collector] [1-9. タイトル・名称 網羅検索 (Part 9)] Sub-fetch (limit=1000, progress=213000件〜) ...
[2026-08-14 16:12:43] [INFO] [sparql_collector] [1-9. タイトル・名称 網羅検索 (Part 9)] Got 1000 new items. (累計: 214000件) [2.57s]
[2026-08-14 16:12:43] [INFO] [logger] [STATS] FETCH | Count: 1000 | Time: 2.57s | Info: 1-9. タイトル・名称 網羅検索 (Part 9) | Offset: 213000
[2026-08-14 16:12:43] [INFO] [sparql_collector] [1-9. タイトル・名称 網羅検索 (Part 9)] Sub-fetch (limit=1000, progress=214000件〜) ...
[2026-08-14 16:12:46] [INFO] [sparql_collector] [1-9. タイトル・名称 網羅検索 (Part 9)] Got 1000 new items. (累計: 215000件) [2.30s]
[2026-08-14 16:12:46] [INFO] [logger] [STATS] FETCH | Count: 1000 | Time: 2.30s | Info: 1-9. タイトル・名称 網羅検索 (Part 9) | Offset: 214000
[2026-08-14 16:12:46] [INFO] [sparql_collector] [1-9. タイトル・名称 網羅検索 (Part 9)] Sub-fetch (limit=1000, progress=215000件〜) ...
[2026-08-14 16:12:49] [INFO] [sparql_collector] [1-9. タイトル・名称 網羅検索 (Part 9)] Got 1000 new items. (累計: 216000件) [2.41s]
[2026-08-14 16:12:49] [INFO] [logger] [STATS] FETCH | Count: 1000 | Time: 2.41s | Info: 1-9. タイトル・名称 網羅検索 (Part 9) | Offset: 215000
[2026-08-14 16:12:49] [INFO] [sparql_collector] [1-9. タイトル・名称 網羅検索 (Part 9)] Sub-fetch (limit=1000, progress=216000件〜) ...
[2026-08-14 16:12:51] [INFO] [sparql_collector] [1-9. タイトル・名称 網羅検索 (Part 9)] Got 1000 new items. (累計: 217000件) [2.40s]
[2026-08-14 16:12:51] [INFO] [logger] [STATS] FETCH | Count: 1000 | Time: 2.40s | Info: 1-9. タイトル・名称 網羅検索 (Part 9) | Offset: 216000
[2026-08-14 16:12:52] [INFO] [sparql_collector] [1-9. タイトル・名称 網羅検索 (Part 9)] Sub-fetch (limit=1000, progress=217000件〜) ...
[2026-08-14 16:12:54] [INFO] [sparql_collector] [1-9. タイトル・名称 網羅検索 (Part 9)] Got 1000 new items. (累計: 218000件) [2.33s]
[2026-08-14 16:12:54] [INFO] [logger] [STATS] FETCH | Count: 1000 | Time: 2.33s | Info: 1-9. タイトル・名称 網羅検索 (Part 9) | Offset: 217000
[2026-08-14 16:12:55] [INFO] [sparql_collector] [1-9. タイトル・名称 網羅検索 (Part 9)] Sub-fetch (limit=1000, progress=218000件〜) ...
[2026-08-14 16:12:57] [INFO] [sparql_collector] [1-9. タイトル・名称 網羅検索 (Part 9)] Got 1000 new items. (累計: 219000件) [2.37s]
[2026-08-14 16:12:57] [INFO] [logger] [STATS] FETCH | Count: 1000 | Time: 2.37s | Info: 1-9. タイトル・名称 網羅検索 (Part 9) | Offset: 218000
[2026-08-14 16:12:58] [INFO] [sparql_collector] [1-9. タイトル・名称 網羅検索 (Part 9)] Sub-fetch (limit=1000, progress=219000件〜) ...
[2026-08-14 16:13:00] [INFO] [sparql_collector] [1-9. タイトル・名称 網羅検索 (Part 9)] Got 1000 new items. (累計: 220000件) [2.39s]
[2026-08-14 16:13:00] [INFO] [logger] [STATS] FETCH | Count: 1000 | Time: 2.39s | Info: 1-9. タイトル・名称 網羅検索 (Part 9) | Offset: 219000
[2026-08-14 16:13:01] [INFO] [sparql_collector] [1-9. タイトル・名称 網羅検索 (Part 9)] Sub-fetch (limit=1000, progress=220000件〜) ...
[2026-08-14 16:13:03] [INFO] [sparql_collector] [1-9. タイトル・名称 網羅検索 (Part 9)] Got 1000 new items. (累計: 221000件) [2.46s]
[2026-08-14 16:13:03] [INFO] [logger] [STATS] FETCH | Count: 1000 | Time: 2.46s | Info: 1-9. タイトル・名称 網羅検索 (Part 9) | Offset: 220000
[2026-08-14 16:13:04] [INFO] [sparql_collector] [1-9. タイトル・名称 網羅検索 (Part 9)] Sub-fetch (limit=1000, progress=221000件〜) ...
[2026-08-14 16:13:06] [INFO] [sparql_collector] [1-9. タイトル・名称 網羅検索 (Part 9)] Got 1000 new items. (累計: 222000件) [2.45s]
[2026-08-14 16:13:06] [INFO] [logger] [STATS] FETCH | Count: 1000 | Time: 2.45s | Info: 1-9. タイトル・名称 網羅検索 (Part 9) | Offset: 221000
[2026-08-14 16:13:06] [INFO] [sparql_collector] [1-9. タイトル・名称 網羅検索 (Part 9)] Sub-fetch (limit=1000, progress=222000件〜) ...
[2026-08-14 16:13:09] [INFO] [sparql_collector] [1-9. タイトル・名称 網羅検索 (Part 9)] Got 1000 new items. (累計: 223000件) [2.43s]
[2026-08-14 16:13:09] [INFO] [logger] [STATS] FETCH | Count: 1000 | Time: 2.43s | Info: 1-9. タイトル・名称 網羅検索 (Part 9) | Offset: 222000
[2026-08-14 16:13:09] [INFO] [sparql_collector] [1-9. タイトル・名称 網羅検索 (Part 9)] Sub-fetch (limit=1000, progress=223000件〜) ...
[2026-08-14 16:13:12] [INFO] [sparql_collector] [1-9. タイトル・名称 網羅検索 (Part 9)] Got 1000 new items. (累計: 224000件) [2.48s]
[2026-08-14 16:13:12] [INFO] [logger] [STATS] FETCH | Count: 1000 | Time: 2.48s | Info: 1-9. タイトル・名称 網羅検索 (Part 9) | Offset: 223000
[2026-08-14 16:13:12] [INFO] [sparql_collector] [1-9. タイトル・名称 網羅検索 (Part 9)] Sub-fetch (limit=1000, progress=224000件〜) ...
[2026-08-14 16:13:15] [INFO] [sparql_collector] [1-9. タイトル・名称 網羅検索 (Part 9)] Got 1000 new items. (累計: 225000件) [2.44s]
[2026-08-14 16:13:15] [INFO] [logger] [STATS] FETCH | Count: 1000 | Time: 2.44s | Info: 1-9. タイトル・名称 網羅検索 (Part 9) | Offset: 224000
[2026-08-14 16:13:15] [INFO] [sparql_collector] [1-9. タイトル・名称 網羅検索 (Part 9)] Sub-fetch (limit=1000, progress=225000件〜) ...
[2026-08-14 16:13:18] [INFO] [sparql_collector] [1-9. タイトル・名称 網羅検索 (Part 9)] Got 1000 new items. (累計: 226000件) [2.47s]
[2026-08-14 16:13:18] [INFO] [logger] [STATS] FETCH | Count: 1000 | Time: 2.47s | Info: 1-9. タイトル・名称 網羅検索 (Part 9) | Offset: 225000
[2026-08-14 16:13:18] [INFO] [sparql_collector] [1-9. タイトル・名称 網羅検索 (Part 9)] Sub-fetch (limit=1000, progress=226000件〜) ...
[2026-08-14 16:13:21] [INFO] [sparql_collector] [1-9. タイトル・名称 網羅検索 (Part 9)] Got 1000 new items. (累計: 227000件) [2.56s]
[2026-08-14 16:13:21] [INFO] [logger] [STATS] FETCH | Count: 1000 | Time: 2.56s | Info: 1-9. タイトル・名称 網羅検索 (Part 9) | Offset: 226000
[2026-08-14 16:13:21] [INFO] [sparql_collector] [1-9. タイトル・名称 網羅検索 (Part 9)] Sub-fetch (limit=1000, progress=227000件〜) ...
[2026-08-14 16:13:24] [INFO] [sparql_collector] [1-9. タイトル・名称 網羅検索 (Part 9)] Got 1000 new items. (累計: 228000件) [2.64s]
[2026-08-14 16:13:24] [INFO] [logger] [STATS] FETCH | Count: 1000 | Time: 2.64s | Info: 1-9. タイトル・名称 網羅検索 (Part 9) | Offset: 227000
[2026-08-14 16:13:25] [INFO] [sparql_collector] [1-9. タイトル・名称 網羅検索 (Part 9)] Sub-fetch (limit=1000, progress=228000件〜) ...
[2026-08-14 16:13:27] [INFO] [sparql_collector] [1-9. タイトル・名称 網羅検索 (Part 9)] Got 1000 new items. (累計: 229000件) [2.65s]
[2026-08-14 16:13:27] [INFO] [logger] [STATS] FETCH | Count: 1000 | Time: 2.65s | Info: 1-9. タイトル・名称 網羅検索 (Part 9) | Offset: 228000
[2026-08-14 16:13:28] [INFO] [sparql_collector] [1-9. タイトル・名称 網羅検索 (Part 9)] Sub-fetch (limit=1000, progress=229000件〜) ...
[2026-08-14 16:13:30] [INFO] [sparql_collector] [1-9. タイトル・名称 網羅検索 (Part 9)] Got 1000 new items. (累計: 230000件) [2.62s]
[2026-08-14 16:13:30] [INFO] [logger] [STATS] FETCH | Count: 1000 | Time: 2.62s | Info: 1-9. タイトル・名称 網羅検索 (Part 9) | Offset: 229000
[2026-08-14 16:13:31] [INFO] [sparql_collector] [1-9. タイトル・名称 網羅検索 (Part 9)] Sub-fetch (limit=1000, progress=230000件〜) ...
[2026-08-14 16:13:34] [INFO] [sparql_collector] [1-9. タイトル・名称 網羅検索 (Part 9)] Got 1000 new items. (累計: 231000件) [2.71s]
[2026-08-14 16:13:34] [INFO] [logger] [STATS] FETCH | Count: 1000 | Time: 2.71s | Info: 1-9. タイトル・名称 網羅検索 (Part 9) | Offset: 230000
[2026-08-14 16:13:34] [INFO] [sparql_collector] [1-9. タイトル・名称 網羅検索 (Part 9)] Sub-fetch (limit=1000, progress=231000件〜) ...
[2026-08-14 16:13:37] [INFO] [sparql_collector] [1-9. タイトル・名称 網羅検索 (Part 9)] Got 1000 new items. (累計: 232000件) [2.84s]
[2026-08-14 16:13:37] [INFO] [logger] [STATS] FETCH | Count: 1000 | Time: 2.84s | Info: 1-9. タイトル・名称 網羅検索 (Part 9) | Offset: 231000
[2026-08-14 16:13:37] [INFO] [sparql_collector] [1-9. タイトル・名称 網羅検索 (Part 9)] Sub-fetch (limit=1000, progress=232000件〜) ...
[2026-08-14 16:13:40] [INFO] [sparql_collector] [1-9. タイトル・名称 網羅検索 (Part 9)] Got 1000 new items. (累計: 233000件) [2.83s]
[2026-08-14 16:13:40] [INFO] [logger] [STATS] FETCH | Count: 1000 | Time: 2.83s | Info: 1-9. タイトル・名称 網羅検索 (Part 9) | Offset: 232000
[2026-08-14 16:13:41] [INFO] [sparql_collector] [1-9. タイトル・名称 網羅検索 (Part 9)] Sub-fetch (limit=1000, progress=233000件〜) ...
[2026-08-14 16:13:44] [INFO] [sparql_collector] [1-9. タイトル・名称 網羅検索 (Part 9)] Got 1000 new items. (累計: 234000件) [2.84s]
[2026-08-14 16:13:44] [INFO] [logger] [STATS] FETCH | Count: 1000 | Time: 2.84s | Info: 1-9. タイトル・名称 網羅検索 (Part 9) | Offset: 233000
[2026-08-14 16:13:44] [INFO] [sparql_collector] [1-9. タイトル・名称 網羅検索 (Part 9)] Sub-fetch (limit=1000, progress=234000件〜) ...
[2026-08-14 16:13:47] [INFO] [sparql_collector] [1-9. タイトル・名称 網羅検索 (Part 9)] Got 1000 new items. (累計: 235000件) [2.79s]
[2026-08-14 16:13:47] [INFO] [logger] [STATS] FETCH | Count: 1000 | Time: 2.79s | Info: 1-9. タイトル・名称 網羅検索 (Part 9) | Offset: 234000
[2026-08-14 16:13:47] [INFO] [sparql_collector] [1-9. タイトル・名称 網羅検索 (Part 9)] Sub-fetch (limit=1000, progress=235000件〜) ...
[2026-08-14 16:13:50] [INFO] [sparql_collector] [1-9. タイトル・名称 網羅検索 (Part 9)] Got 1000 new items. (累計: 236000件) [2.85s]
[2026-08-14 16:13:50] [INFO] [logger] [STATS] FETCH | Count: 1000 | Time: 2.85s | Info: 1-9. タイトル・名称 網羅検索 (Part 9) | Offset: 235000
[2026-08-14 16:13:51] [INFO] [sparql_collector] [1-9. タイトル・名称 網羅検索 (Part 9)] Sub-fetch (limit=1000, progress=236000件〜) ...
[2026-08-14 16:13:54] [INFO] [sparql_collector] [1-9. タイトル・名称 網羅検索 (Part 9)] Got 1000 new items. (累計: 237000件) [3.01s]
[2026-08-14 16:13:54] [INFO] [logger] [STATS] FETCH | Count: 1000 | Time: 3.01s | Info: 1-9. タイトル・名称 網羅検索 (Part 9) | Offset: 236000
[2026-08-14 16:13:54] [INFO] [sparql_collector] [1-9. タイトル・名称 網羅検索 (Part 9)] Sub-fetch (limit=1000, progress=237000件〜) ...
[2026-08-14 16:13:57] [INFO] [sparql_collector] [1-9. タイトル・名称 網羅検索 (Part 9)] Got 1000 new items. (累計: 238000件) [2.99s]
[2026-08-14 16:13:57] [INFO] [logger] [STATS] FETCH | Count: 1000 | Time: 2.99s | Info: 1-9. タイトル・名称 網羅検索 (Part 9) | Offset: 237000
[2026-08-14 16:13:58] [INFO] [sparql_collector] [1-9. タイトル・名称 網羅検索 (Part 9)] Sub-fetch (limit=1000, progress=238000件〜) ...
[2026-08-14 16:14:01] [INFO] [sparql_collector] [1-9. タイトル・名称 網羅検索 (Part 9)] Got 1000 new items. (累計: 239000件) [2.99s]
[2026-08-14 16:14:01] [INFO] [logger] [STATS] FETCH | Count: 1000 | Time: 2.99s | Info: 1-9. タイトル・名称 網羅検索 (Part 9) | Offset: 238000
[2026-08-14 16:14:01] [INFO] [sparql_collector] [1-9. タイトル・名称 網羅検索 (Part 9)] Sub-fetch (limit=1000, progress=239000件〜) ...
[2026-08-14 16:14:05] [INFO] [sparql_collector] [1-9. タイトル・名称 網羅検索 (Part 9)] Got 1000 new items. (累計: 240000件) [3.93s]
[2026-08-14 16:14:05] [INFO] [logger] [STATS] FETCH | Count: 1000 | Time: 3.93s | Info: 1-9. タイトル・名称 網羅検索 (Part 9) | Offset: 239000
[2026-08-14 16:14:06] [INFO] [sparql_collector] [1-9. タイトル・名称 網羅検索 (Part 9)] Sub-fetch (limit=1000, progress=240000件〜) ...
[2026-08-14 16:14:09] [INFO] [sparql_collector] [1-9. タイトル・名称 網羅検索 (Part 9)] Got 1000 new items. (累計: 241000件) [3.33s]
[2026-08-14 16:14:09] [INFO] [logger] [STATS] FETCH | Count: 1000 | Time: 3.33s | Info: 1-9. タイトル・名称 網羅検索 (Part 9) | Offset: 240000
[2026-08-14 16:14:10] [INFO] [sparql_collector] [1-9. タイトル・名称 網羅検索 (Part 9)] Sub-fetch (limit=1000, progress=241000件〜) ...
[2026-08-14 16:14:15] [INFO] [sparql_collector] [1-9. タイトル・名称 網羅検索 (Part 9)] Got 1000 new items. (累計: 242000件) [5.50s]
[2026-08-14 16:14:15] [INFO] [logger] [STATS] FETCH | Count: 1000 | Time: 5.50s | Info: 1-9. タイトル・名称 網羅検索 (Part 9) | Offset: 241000
[2026-08-14 16:14:16] [INFO] [sparql_collector] [1-9. タイトル・名称 網羅検索 (Part 9)] Sub-fetch (limit=1000, progress=242000件〜) ...
[2026-08-14 16:14:19] [INFO] [sparql_collector] [1-9. タイトル・名称 網羅検索 (Part 9)] Got 1000 new items. (累計: 243000件) [3.44s]
[2026-08-14 16:14:19] [INFO] [logger] [STATS] FETCH | Count: 1000 | Time: 3.44s | Info: 1-9. タイトル・名称 網羅検索 (Part 9) | Offset: 242000
[2026-08-14 16:14:19] [INFO] [sparql_collector] [1-9. タイトル・名称 網羅検索 (Part 9)] Sub-fetch (limit=1000, progress=243000件〜) ...
[2026-08-14 16:14:23] [INFO] [sparql_collector] [1-9. タイトル・名称 網羅検索 (Part 9)] Got 1000 new items. (累計: 244000件) [3.49s]
[2026-08-14 16:14:23] [INFO] [logger] [STATS] FETCH | Count: 1000 | Time: 3.49s | Info: 1-9. タイトル・名称 網羅検索 (Part 9) | Offset: 243000
[2026-08-14 16:14:23] [INFO] [sparql_collector] [1-9. タイトル・名称 網羅検索 (Part 9)] Sub-fetch (limit=1000, progress=244000件〜) ...
[2026-08-14 16:14:27] [INFO] [sparql_collector] [1-9. タイトル・名称 網羅検索 (Part 9)] Got 1000 new items. (累計: 245000件) [3.62s]
[2026-08-14 16:14:27] [INFO] [logger] [STATS] FETCH | Count: 1000 | Time: 3.62s | Info: 1-9. タイトル・名称 網羅検索 (Part 9) | Offset: 244000
[2026-08-14 16:14:28] [INFO] [sparql_collector] [1-9. タイトル・名称 網羅検索 (Part 9)] Sub-fetch (limit=1000, progress=245000件〜) ...
[2026-08-14 16:14:31] [INFO] [sparql_collector] [1-9. タイトル・名称 網羅検索 (Part 9)] Got 1000 new items. (累計: 246000件) [3.39s]
[2026-08-14 16:14:31] [INFO] [logger] [STATS] FETCH | Count: 1000 | Time: 3.39s | Info: 1-9. タイトル・名称 網羅検索 (Part 9) | Offset: 245000
[2026-08-14 16:14:31] [INFO] [sparql_collector] [1-9. タイトル・名称 網羅検索 (Part 9)] Sub-fetch (limit=1000, progress=246000件〜) ...
[2026-08-14 16:14:35] [INFO] [sparql_collector] [1-9. タイトル・名称 網羅検索 (Part 9)] Got 1000 new items. (累計: 247000件) [3.40s]
[2026-08-14 16:14:35] [INFO] [logger] [STATS] FETCH | Count: 1000 | Time: 3.40s | Info: 1-9. タイトル・名称 網羅検索 (Part 9) | Offset: 246000
[2026-08-14 16:14:35] [INFO] [sparql_collector] [1-9. タイトル・名称 網羅検索 (Part 9)] Sub-fetch (limit=1000, progress=247000件〜) ...
[2026-08-14 16:14:39] [INFO] [sparql_collector] [1-9. タイトル・名称 網羅検索 (Part 9)] Got 1000 new items. (累計: 248000件) [3.39s]
[2026-08-14 16:14:39] [INFO] [logger] [STATS] FETCH | Count: 1000 | Time: 3.39s | Info: 1-9. タイトル・名称 網羅検索 (Part 9) | Offset: 247000
[2026-08-14 16:14:39] [INFO] [sparql_collector] [1-9. タイトル・名称 網羅検索 (Part 9)] Sub-fetch (limit=1000, progress=248000件〜) ...
[2026-08-14 16:14:43] [INFO] [sparql_collector] [1-9. タイトル・名称 網羅検索 (Part 9)] Got 1000 new items. (累計: 249000件) [3.39s]
[2026-08-14 16:14:43] [INFO] [logger] [STATS] FETCH | Count: 1000 | Time: 3.39s | Info: 1-9. タイトル・名称 網羅検索 (Part 9) | Offset: 248000
[2026-08-14 16:14:43] [INFO] [sparql_collector] [1-9. タイトル・名称 網羅検索 (Part 9)] Sub-fetch (limit=1000, progress=249000件〜) ...
[2026-08-14 16:14:47] [INFO] [sparql_collector] [1-9. タイトル・名称 網羅検索 (Part 9)] Got 1000 new items. (累計: 250000件) [3.44s]
[2026-08-14 16:14:47] [INFO] [logger] [STATS] FETCH | Count: 1000 | Time: 3.44s | Info: 1-9. タイトル・名称 網羅検索 (Part 9) | Offset: 249000
[2026-08-14 16:14:47] [INFO] [sparql_collector] [1-9. タイトル・名称 網羅検索 (Part 9)] Sub-fetch (limit=1000, progress=250000件〜) ...
[2026-08-14 16:14:50] [INFO] [sparql_collector] [1-9. タイトル・名称 網羅検索 (Part 9)] Got 1000 new items. (累計: 251000件) [3.26s]
[2026-08-14 16:14:50] [INFO] [logger] [STATS] FETCH | Count: 1000 | Time: 3.26s | Info: 1-9. タイトル・名称 網羅検索 (Part 9) | Offset: 250000
[2026-08-14 16:14:51] [INFO] [sparql_collector] [1-9. タイトル・名称 網羅検索 (Part 9)] Sub-fetch (limit=1000, progress=251000件〜) ...
[2026-08-14 16:14:54] [INFO] [sparql_collector] [1-9. タイトル・名称 網羅検索 (Part 9)] Got 1000 new items. (累計: 252000件) [3.19s]
[2026-08-14 16:14:54] [INFO] [logger] [STATS] FETCH | Count: 1000 | Time: 3.19s | Info: 1-9. タイトル・名称 網羅検索 (Part 9) | Offset: 251000
[2026-08-14 16:14:55] [INFO] [sparql_collector] [1-9. タイトル・名称 網羅検索 (Part 9)] Sub-fetch (limit=1000, progress=252000件〜) ...
[2026-08-14 16:14:58] [INFO] [sparql_collector] [1-9. タイトル・名称 網羅検索 (Part 9)] Got 1000 new items. (累計: 253000件) [3.24s]
[2026-08-14 16:14:58] [INFO] [logger] [STATS] FETCH | Count: 1000 | Time: 3.24s | Info: 1-9. タイトル・名称 網羅検索 (Part 9) | Offset: 252000
[2026-08-14 16:14:58] [INFO] [sparql_collector] [1-9. タイトル・名称 網羅検索 (Part 9)] Sub-fetch (limit=1000, progress=253000件〜) ...
[2026-08-14 16:15:02] [INFO] [sparql_collector] [1-9. タイトル・名称 網羅検索 (Part 9)] Got 1000 new items. (累計: 254000件) [3.22s]
[2026-08-14 16:15:02] [INFO] [logger] [STATS] FETCH | Count: 1000 | Time: 3.22s | Info: 1-9. タイトル・名称 網羅検索 (Part 9) | Offset: 253000
[2026-08-14 16:15:02] [INFO] [sparql_collector] [1-9. タイトル・名称 網羅検索 (Part 9)] Sub-fetch (limit=1000, progress=254000件〜) ...
[2026-08-14 16:15:05] [INFO] [sparql_collector] [1-9. タイトル・名称 網羅検索 (Part 9)] Got 1000 new items. (累計: 255000件) [3.38s]
[2026-08-14 16:15:05] [INFO] [logger] [STATS] FETCH | Count: 1000 | Time: 3.38s | Info: 1-9. タイトル・名称 網羅検索 (Part 9) | Offset: 254000
[2026-08-14 16:15:06] [INFO] [sparql_collector] [1-9. タイトル・名称 網羅検索 (Part 9)] Sub-fetch (limit=1000, progress=255000件〜) ...
[2026-08-14 16:15:09] [INFO] [sparql_collector] [1-9. タイトル・名称 網羅検索 (Part 9)] Got 1000 new items. (累計: 256000件) [3.27s]
[2026-08-14 16:15:09] [INFO] [logger] [STATS] FETCH | Count: 1000 | Time: 3.27s | Info: 1-9. タイトル・名称 網羅検索 (Part 9) | Offset: 255000
[2026-08-14 16:15:10] [INFO] [sparql_collector] [1-9. タイトル・名称 網羅検索 (Part 9)] Sub-fetch (limit=1000, progress=256000件〜) ...
[2026-08-14 16:15:13] [INFO] [sparql_collector] [1-9. タイトル・名称 網羅検索 (Part 9)] Got 1000 new items. (累計: 257000件) [3.27s]
[2026-08-14 16:15:13] [INFO] [logger] [STATS] FETCH | Count: 1000 | Time: 3.27s | Info: 1-9. タイトル・名称 網羅検索 (Part 9) | Offset: 256000
[2026-08-14 16:15:13] [INFO] [sparql_collector] [1-9. タイトル・名称 網羅検索 (Part 9)] Sub-fetch (limit=1000, progress=257000件〜) ...
[2026-08-14 16:15:17] [INFO] [sparql_collector] [1-9. タイトル・名称 網羅検索 (Part 9)] Got 1000 new items. (累計: 258000件) [3.34s]
[2026-08-14 16:15:17] [INFO] [logger] [STATS] FETCH | Count: 1000 | Time: 3.34s | Info: 1-9. タイトル・名称 網羅検索 (Part 9) | Offset: 257000
[2026-08-14 16:15:17] [INFO] [sparql_collector] [1-9. タイトル・名称 網羅検索 (Part 9)] Sub-fetch (limit=1000, progress=258000件〜) ...
[2026-08-14 16:15:21] [INFO] [sparql_collector] [1-9. タイトル・名称 網羅検索 (Part 9)] Got 1000 new items. (累計: 259000件) [3.23s]
[2026-08-14 16:15:21] [INFO] [logger] [STATS] FETCH | Count: 1000 | Time: 3.23s | Info: 1-9. タイトル・名称 網羅検索 (Part 9) | Offset: 258000
[2026-08-14 16:15:21] [INFO] [sparql_collector] [1-9. タイトル・名称 網羅検索 (Part 9)] Sub-fetch (limit=1000, progress=259000件〜) ...
[2026-08-14 16:15:24] [INFO] [sparql_collector] [1-9. タイトル・名称 網羅検索 (Part 9)] Got 1000 new items. (累計: 260000件) [3.28s]
[2026-08-14 16:15:24] [INFO] [logger] [STATS] FETCH | Count: 1000 | Time: 3.28s | Info: 1-9. タイトル・名称 網羅検索 (Part 9) | Offset: 259000
[2026-08-14 16:15:25] [INFO] [sparql_collector] [1-9. タイトル・名称 網羅検索 (Part 9)] Sub-fetch (limit=1000, progress=260000件〜) ...
[2026-08-14 16:15:28] [INFO] [sparql_collector] [1-9. タイトル・名称 網羅検索 (Part 9)] Got 1000 new items. (累計: 261000件) [3.20s]
[2026-08-14 16:15:28] [INFO] [logger] [STATS] FETCH | Count: 1000 | Time: 3.20s | Info: 1-9. タイトル・名称 網羅検索 (Part 9) | Offset: 260000
[2026-08-14 16:15:29] [INFO] [sparql_collector] [1-9. タイトル・名称 網羅検索 (Part 9)] Sub-fetch (limit=1000, progress=261000件〜) ...
[2026-08-14 16:15:32] [INFO] [sparql_collector] [1-9. タイトル・名称 網羅検索 (Part 9)] Got 1000 new items. (累計: 262000件) [3.25s]
[2026-08-14 16:15:32] [INFO] [logger] [STATS] FETCH | Count: 1000 | Time: 3.25s | Info: 1-9. タイトル・名称 網羅検索 (Part 9) | Offset: 261000
[2026-08-14 16:15:32] [INFO] [sparql_collector] [1-9. タイトル・名称 網羅検索 (Part 9)] Sub-fetch (limit=1000, progress=262000件〜) ...
[2026-08-14 16:15:36] [INFO] [sparql_collector] [1-9. タイトル・名称 網羅検索 (Part 9)] Got 1000 new items. (累計: 263000件) [3.25s]
[2026-08-14 16:15:36] [INFO] [logger] [STATS] FETCH | Count: 1000 | Time: 3.25s | Info: 1-9. タイトル・名称 網羅検索 (Part 9) | Offset: 262000
[2026-08-14 16:15:36] [INFO] [sparql_collector] [1-9. タイトル・名称 網羅検索 (Part 9)] Sub-fetch (limit=1000, progress=263000件〜) ...
[2026-08-14 16:15:39] [INFO] [sparql_collector] [1-9. タイトル・名称 網羅検索 (Part 9)] Got 1000 new items. (累計: 264000件) [3.18s]
[2026-08-14 16:15:39] [INFO] [logger] [STATS] FETCH | Count: 1000 | Time: 3.18s | Info: 1-9. タイトル・名称 網羅検索 (Part 9) | Offset: 263000
[2026-08-14 16:15:40] [INFO] [sparql_collector] [1-9. タイトル・名称 網羅検索 (Part 9)] Sub-fetch (limit=1000, progress=264000件〜) ...
[2026-08-14 16:15:43] [INFO] [sparql_collector] [1-9. タイトル・名称 網羅検索 (Part 9)] Got 1000 new items. (累計: 265000件) [3.39s]
[2026-08-14 16:15:43] [INFO] [logger] [STATS] FETCH | Count: 1000 | Time: 3.39s | Info: 1-9. タイトル・名称 網羅検索 (Part 9) | Offset: 264000
[2026-08-14 16:15:44] [INFO] [sparql_collector] [1-9. タイトル・名称 網羅検索 (Part 9)] Sub-fetch (limit=1000, progress=265000件〜) ...
[2026-08-14 16:15:47] [INFO] [sparql_collector] [1-9. タイトル・名称 網羅検索 (Part 9)] Got 1000 new items. (累計: 266000件) [3.35s]
[2026-08-14 16:15:47] [INFO] [logger] [STATS] FETCH | Count: 1000 | Time: 3.35s | Info: 1-9. タイトル・名称 網羅検索 (Part 9) | Offset: 265000
[2026-08-14 16:15:48] [INFO] [sparql_collector] [1-9. タイトル・名称 網羅検索 (Part 9)] Sub-fetch (limit=1000, progress=266000件〜) ...
[2026-08-14 16:15:52] [INFO] [sparql_collector] [1-9. タイトル・名称 網羅検索 (Part 9)] Got 1000 new items. (累計: 267000件) [4.23s]
[2026-08-14 16:15:52] [INFO] [logger] [STATS] FETCH | Count: 1000 | Time: 4.23s | Info: 1-9. タイトル・名称 網羅検索 (Part 9) | Offset: 266000
[2026-08-14 16:15:52] [INFO] [sparql_collector] [1-9. タイトル・名称 網羅検索 (Part 9)] Sub-fetch (limit=1000, progress=267000件〜) ...
[2026-08-14 16:15:57] [INFO] [sparql_collector] [1-9. タイトル・名称 網羅検索 (Part 9)] Got 1000 new items. (累計: 268000件) [4.56s]
[2026-08-14 16:15:57] [INFO] [logger] [STATS] FETCH | Count: 1000 | Time: 4.56s | Info: 1-9. タイトル・名称 網羅検索 (Part 9) | Offset: 267000
[2026-08-14 16:15:57] [INFO] [sparql_collector] [1-9. タイトル・名称 網羅検索 (Part 9)] Sub-fetch (limit=1000, progress=268000件〜) ...
[2026-08-14 16:16:02] [INFO] [sparql_collector] [1-9. タイトル・名称 網羅検索 (Part 9)] Got 664 new items. (累計: 268664件) [4.32s]
[2026-08-14 16:16:02] [INFO] [logger] [STATS] FETCH | Count: 664 | Time: 4.32s | Info: 1-9. タイトル・名称 網羅検索 (Part 9) | Offset: 268000
[2026-08-14 16:16:02] [INFO] [sparql_collector] [1-9. タイトル・名称 網羅検索 (Part 9)] 最終バッチ到達（全データ取得完了）。
[2026-08-14 16:16:03] [INFO] [sparql_collector] --- [開始] 1-10. タイトル・名称 網羅検索 (Part 10) (全件網羅 (上限なし)) ---
[2026-08-14 16:16:03] [INFO] [sparql_collector] [1-10. タイトル・名称 網羅検索 (Part 10)] Sub-fetch (limit=1000, progress=0件〜) ...
[2026-08-14 16:16:03] [INFO] [sparql_collector] [1-10. タイトル・名称 網羅検索 (Part 10)] Got 1000 new items. (累計: 1000件) [0.10s]
[2026-08-14 16:16:03] [INFO] [logger] [STATS] FETCH | Count: 1000 | Time: 0.10s | Info: 1-10. タイトル・名称 網羅検索 (Part 10) | Offset: 0
[2026-08-14 16:16:04] [INFO] [sparql_collector] [1-10. タイトル・名称 網羅検索 (Part 10)] Sub-fetch (limit=1000, progress=1000件〜) ...
[2026-08-14 16:16:04] [INFO] [sparql_collector] [1-10. タイトル・名称 網羅検索 (Part 10)] Got 1000 new items. (累計: 2000件) [0.09s]
[2026-08-14 16:16:04] [INFO] [logger] [STATS] FETCH | Count: 1000 | Time: 0.09s | Info: 1-10. タイトル・名称 網羅検索 (Part 10) | Offset: 1000
[2026-08-14 16:16:04] [INFO] [sparql_collector] [1-10. タイトル・名称 網羅検索 (Part 10)] Sub-fetch (limit=1000, progress=2000件〜) ...
[2026-08-14 16:16:05] [INFO] [sparql_collector] [1-10. タイトル・名称 網羅検索 (Part 10)] Got 1000 new items. (累計: 3000件) [0.09s]
[2026-08-14 16:16:05] [INFO] [logger] [STATS] FETCH | Count: 1000 | Time: 0.09s | Info: 1-10. タイトル・名称 網羅検索 (Part 10) | Offset: 2000
[2026-08-14 16:16:05] [INFO] [sparql_collector] [1-10. タイトル・名称 網羅検索 (Part 10)] Sub-fetch (limit=1000, progress=3000件〜) ...
[2026-08-14 16:16:05] [INFO] [sparql_collector] [1-10. タイトル・名称 網羅検索 (Part 10)] Got 1000 new items. (累計: 4000件) [0.09s]
[2026-08-14 16:16:05] [INFO] [logger] [STATS] FETCH | Count: 1000 | Time: 0.09s | Info: 1-10. タイトル・名称 網羅検索 (Part 10) | Offset: 3000
[2026-08-14 16:16:06] [INFO] [sparql_collector] [1-10. タイトル・名称 網羅検索 (Part 10)] Sub-fetch (limit=1000, progress=4000件〜) ...
[2026-08-14 16:16:06] [INFO] [sparql_collector] [1-10. タイトル・名称 網羅検索 (Part 10)] Got 1000 new items. (累計: 5000件) [0.16s]
[2026-08-14 16:16:06] [INFO] [logger] [STATS] FETCH | Count: 1000 | Time: 0.16s | Info: 1-10. タイトル・名称 網羅検索 (Part 10) | Offset: 4000
[2026-08-14 16:16:06] [INFO] [sparql_collector] [1-10. タイトル・名称 網羅検索 (Part 10)] Sub-fetch (limit=1000, progress=5000件〜) ...
[2026-08-14 16:16:06] [INFO] [sparql_collector] [1-10. タイトル・名称 網羅検索 (Part 10)] Got 1000 new items. (累計: 6000件) [0.16s]
[2026-08-14 16:16:06] [INFO] [logger] [STATS] FETCH | Count: 1000 | Time: 0.16s | Info: 1-10. タイトル・名称 網羅検索 (Part 10) | Offset: 5000
[2026-08-14 16:16:07] [INFO] [sparql_collector] [1-10. タイトル・名称 網羅検索 (Part 10)] Sub-fetch (limit=1000, progress=6000件〜) ...
[2026-08-14 16:16:07] [INFO] [sparql_collector] [1-10. タイトル・名称 網羅検索 (Part 10)] Got 1000 new items. (累計: 7000件) [0.16s]
[2026-08-14 16:16:07] [INFO] [logger] [STATS] FETCH | Count: 1000 | Time: 0.16s | Info: 1-10. タイトル・名称 網羅検索 (Part 10) | Offset: 6000
[2026-08-14 16:16:08] [INFO] [sparql_collector] [1-10. タイトル・名称 網羅検索 (Part 10)] Sub-fetch (limit=1000, progress=7000件〜) ...
[2026-08-14 16:16:08] [INFO] [sparql_collector] [1-10. タイトル・名称 網羅検索 (Part 10)] Got 1000 new items. (累計: 8000件) [0.20s]
[2026-08-14 16:16:08] [INFO] [logger] [STATS] FETCH | Count: 1000 | Time: 0.20s | Info: 1-10. タイトル・名称 網羅検索 (Part 10) | Offset: 7000
[2026-08-14 16:16:08] [INFO] [sparql_collector] [1-10. タイトル・名称 網羅検索 (Part 10)] Sub-fetch (limit=1000, progress=8000件〜) ...
[2026-08-14 16:16:09] [INFO] [sparql_collector] [1-10. タイトル・名称 網羅検索 (Part 10)] Got 1000 new items. (累計: 9000件) [0.24s]
[2026-08-14 16:16:09] [INFO] [logger] [STATS] FETCH | Count: 1000 | Time: 0.24s | Info: 1-10. タイトル・名称 網羅検索 (Part 10) | Offset: 8000
[2026-08-14 16:16:09] [INFO] [sparql_collector] [1-10. タイトル・名称 網羅検索 (Part 10)] Sub-fetch (limit=1000, progress=9000件〜) ...
[2026-08-14 16:16:09] [INFO] [sparql_collector] [1-10. タイトル・名称 網羅検索 (Part 10)] Got 1000 new items. (累計: 10000件) [0.27s]
[2026-08-14 16:16:09] [INFO] [logger] [STATS] FETCH | Count: 1000 | Time: 0.27s | Info: 1-10. タイトル・名称 網羅検索 (Part 10) | Offset: 9000
[2026-08-14 16:16:10] [INFO] [sparql_collector] [1-10. タイトル・名称 網羅検索 (Part 10)] Sub-fetch (limit=1000, progress=10000件〜) ...
[2026-08-14 16:16:10] [INFO] [sparql_collector] [1-10. タイトル・名称 網羅検索 (Part 10)] Got 1000 new items. (累計: 11000件) [0.29s]
[2026-08-14 16:16:10] [INFO] [logger] [STATS] FETCH | Count: 1000 | Time: 0.29s | Info: 1-10. タイトル・名称 網羅検索 (Part 10) | Offset: 10000
[2026-08-14 16:16:11] [INFO] [sparql_collector] [1-10. タイトル・名称 網羅検索 (Part 10)] Sub-fetch (limit=1000, progress=11000件〜) ...
[2026-08-14 16:16:11] [INFO] [sparql_collector] [1-10. タイトル・名称 網羅検索 (Part 10)] Got 1000 new items. (累計: 12000件) [0.40s]
[2026-08-14 16:16:11] [INFO] [logger] [STATS] FETCH | Count: 1000 | Time: 0.40s | Info: 1-10. タイトル・名称 網羅検索 (Part 10) | Offset: 11000
[2026-08-14 16:16:12] [INFO] [sparql_collector] [1-10. タイトル・名称 網羅検索 (Part 10)] Sub-fetch (limit=1000, progress=12000件〜) ...
[2026-08-14 16:16:12] [INFO] [sparql_collector] [1-10. タイトル・名称 網羅検索 (Part 10)] Got 1000 new items. (累計: 13000件) [0.44s]
[2026-08-14 16:16:12] [INFO] [logger] [STATS] FETCH | Count: 1000 | Time: 0.44s | Info: 1-10. タイトル・名称 網羅検索 (Part 10) | Offset: 12000
[2026-08-14 16:16:13] [INFO] [sparql_collector] [1-10. タイトル・名称 網羅検索 (Part 10)] Sub-fetch (limit=1000, progress=13000件〜) ...
[2026-08-14 16:16:13] [INFO] [sparql_collector] [1-10. タイトル・名称 網羅検索 (Part 10)] Got 1000 new items. (累計: 14000件) [0.41s]
[2026-08-14 16:16:13] [INFO] [logger] [STATS] FETCH | Count: 1000 | Time: 0.41s | Info: 1-10. タイトル・名称 網羅検索 (Part 10) | Offset: 13000
[2026-08-14 16:16:13] [INFO] [sparql_collector] [1-10. タイトル・名称 網羅検索 (Part 10)] Sub-fetch (limit=1000, progress=14000件〜) ...
[2026-08-14 16:16:14] [INFO] [sparql_collector] [1-10. タイトル・名称 網羅検索 (Part 10)] Got 1000 new items. (累計: 15000件) [0.44s]
[2026-08-14 16:16:14] [INFO] [logger] [STATS] FETCH | Count: 1000 | Time: 0.44s | Info: 1-10. タイトル・名称 網羅検索 (Part 10) | Offset: 14000
[2026-08-14 16:16:14] [INFO] [sparql_collector] [1-10. タイトル・名称 網羅検索 (Part 10)] Sub-fetch (limit=1000, progress=15000件〜) ...
[2026-08-14 16:16:15] [INFO] [sparql_collector] [1-10. タイトル・名称 網羅検索 (Part 10)] Got 1000 new items. (累計: 16000件) [0.61s]
[2026-08-14 16:16:15] [INFO] [logger] [STATS] FETCH | Count: 1000 | Time: 0.61s | Info: 1-10. タイトル・名称 網羅検索 (Part 10) | Offset: 15000
[2026-08-14 16:16:16] [INFO] [sparql_collector] [1-10. タイトル・名称 網羅検索 (Part 10)] Sub-fetch (limit=1000, progress=16000件〜) ...
[2026-08-14 16:16:16] [INFO] [sparql_collector] [1-10. タイトル・名称 網羅検索 (Part 10)] Got 1000 new items. (累計: 17000件) [0.82s]
[2026-08-14 16:16:16] [INFO] [logger] [STATS] FETCH | Count: 1000 | Time: 0.82s | Info: 1-10. タイトル・名称 網羅検索 (Part 10) | Offset: 16000
[2026-08-14 16:16:17] [INFO] [sparql_collector] [1-10. タイトル・名称 網羅検索 (Part 10)] Sub-fetch (limit=1000, progress=17000件〜) ...
[2026-08-14 16:16:17] [INFO] [sparql_collector] [1-10. タイトル・名称 網羅検索 (Part 10)] Got 16 new items. (累計: 17016件) [0.60s]
[2026-08-14 16:16:17] [INFO] [logger] [STATS] FETCH | Count: 16 | Time: 0.60s | Info: 1-10. タイトル・名称 網羅検索 (Part 10) | Offset: 17000
[2026-08-14 16:16:17] [INFO] [sparql_collector] [1-10. タイトル・名称 網羅検索 (Part 10)] 最終バッチ到達（全データ取得完了）。
[2026-08-14 16:16:19] [INFO] [sparql_collector] --- [開始] 1-11. タイトル・名称 網羅検索 (Part 11) (全件網羅 (上限なし)) ---
[2026-08-14 16:16:19] [INFO] [sparql_collector] [1-11. タイトル・名称 網羅検索 (Part 11)] Sub-fetch (limit=1000, progress=0件〜) ...
[2026-08-14 16:16:19] [INFO] [sparql_collector] [1-11. タイトル・名称 網羅検索 (Part 11)] Got 1000 new items. (累計: 1000件) [0.23s]
[2026-08-14 16:16:19] [INFO] [logger] [STATS] FETCH | Count: 1000 | Time: 0.23s | Info: 1-11. タイトル・名称 網羅検索 (Part 11) | Offset: 0
[2026-08-14 16:16:20] [INFO] [sparql_collector] [1-11. タイトル・名称 網羅検索 (Part 11)] Sub-fetch (limit=1000, progress=1000件〜) ...
[2026-08-14 16:16:20] [INFO] [sparql_collector] [1-11. タイトル・名称 網羅検索 (Part 11)] Got 1000 new items. (累計: 2000件) [0.23s]
[2026-08-14 16:16:20] [INFO] [logger] [STATS] FETCH | Count: 1000 | Time: 0.23s | Info: 1-11. タイトル・名称 網羅検索 (Part 11) | Offset: 1000
[2026-08-14 16:16:20] [INFO] [sparql_collector] [1-11. タイトル・名称 網羅検索 (Part 11)] Sub-fetch (limit=1000, progress=2000件〜) ...
[2026-08-14 16:16:21] [INFO] [sparql_collector] [1-11. タイトル・名称 網羅検索 (Part 11)] Got 1000 new items. (累計: 3000件) [0.39s]
[2026-08-14 16:16:21] [INFO] [logger] [STATS] FETCH | Count: 1000 | Time: 0.39s | Info: 1-11. タイトル・名称 網羅検索 (Part 11) | Offset: 2000
[2026-08-14 16:16:21] [INFO] [sparql_collector] [1-11. タイトル・名称 網羅検索 (Part 11)] Sub-fetch (limit=1000, progress=3000件〜) ...
[2026-08-14 16:16:22] [INFO] [sparql_collector] [1-11. タイトル・名称 網羅検索 (Part 11)] Got 941 new items. (累計: 3941件) [0.82s]
[2026-08-14 16:16:22] [INFO] [logger] [STATS] FETCH | Count: 941 | Time: 0.82s | Info: 1-11. タイトル・名称 網羅検索 (Part 11) | Offset: 3000
[2026-08-14 16:16:22] [INFO] [sparql_collector] [1-11. タイトル・名称 網羅検索 (Part 11)] 最終バッチ到達（全データ取得完了）。
[2026-08-14 16:16:24] [INFO] [sparql_collector] --- [開始] 1-12. タイトル・名称 網羅検索 (Part 12) (全件網羅 (上限なし)) ---
[2026-08-14 16:16:24] [INFO] [sparql_collector] [1-12. タイトル・名称 網羅検索 (Part 12)] Sub-fetch (limit=1000, progress=0件〜) ...
[2026-08-14 16:16:24] [INFO] [sparql_collector] [1-12. タイトル・名称 網羅検索 (Part 12)] Got 1000 new items. (累計: 1000件) [0.22s]
[2026-08-14 16:16:24] [INFO] [logger] [STATS] FETCH | Count: 1000 | Time: 0.22s | Info: 1-12. タイトル・名称 網羅検索 (Part 12) | Offset: 0
[2026-08-14 16:16:24] [INFO] [sparql_collector] [1-12. タイトル・名称 網羅検索 (Part 12)] Sub-fetch (limit=1000, progress=1000件〜) ...
[2026-08-14 16:16:25] [INFO] [sparql_collector] [1-12. タイトル・名称 網羅検索 (Part 12)] Got 1000 new items. (累計: 2000件) [0.16s]
[2026-08-14 16:16:25] [INFO] [logger] [STATS] FETCH | Count: 1000 | Time: 0.16s | Info: 1-12. タイトル・名称 網羅検索 (Part 12) | Offset: 1000
[2026-08-14 16:16:25] [INFO] [sparql_collector] [1-12. タイトル・名称 網羅検索 (Part 12)] Sub-fetch (limit=1000, progress=2000件〜) ...
[2026-08-14 16:16:26] [INFO] [sparql_collector] [1-12. タイトル・名称 網羅検索 (Part 12)] Got 907 new items. (累計: 2907件) [0.67s]
[2026-08-14 16:16:26] [INFO] [logger] [STATS] FETCH | Count: 907 | Time: 0.67s | Info: 1-12. タイトル・名称 網羅検索 (Part 12) | Offset: 2000
[2026-08-14 16:16:26] [INFO] [sparql_collector] [1-12. タイトル・名称 網羅検索 (Part 12)] 最終バッチ到達（全データ取得完了）。
[2026-08-14 16:16:27] [INFO] [sparql_collector] --- [開始] 1-13. タイトル・名称 網羅検索 (Part 13) (全件網羅 (上限なし)) ---
[2026-08-14 16:16:27] [INFO] [sparql_collector] [1-13. タイトル・名称 網羅検索 (Part 13)] Sub-fetch (limit=1000, progress=0件〜) ...
[2026-08-14 16:16:28] [INFO] [sparql_collector] [1-13. タイトル・名称 網羅検索 (Part 13)] Got 1000 new items. (累計: 1000件) [0.18s]
[2026-08-14 16:16:28] [INFO] [logger] [STATS] FETCH | Count: 1000 | Time: 0.18s | Info: 1-13. タイトル・名称 網羅検索 (Part 13) | Offset: 0
[2026-08-14 16:16:28] [INFO] [sparql_collector] [1-13. タイトル・名称 網羅検索 (Part 13)] Sub-fetch (limit=1000, progress=1000件〜) ...
[2026-08-14 16:16:28] [INFO] [sparql_collector] [1-13. タイトル・名称 網羅検索 (Part 13)] Got 1000 new items. (累計: 2000件) [0.14s]
[2026-08-14 16:16:28] [INFO] [logger] [STATS] FETCH | Count: 1000 | Time: 0.14s | Info: 1-13. タイトル・名称 網羅検索 (Part 13) | Offset: 1000
[2026-08-14 16:16:29] [INFO] [sparql_collector] [1-13. タイトル・名称 網羅検索 (Part 13)] Sub-fetch (limit=1000, progress=2000件〜) ...
[2026-08-14 16:16:29] [INFO] [sparql_collector] [1-13. タイトル・名称 網羅検索 (Part 13)] Got 1000 new items. (累計: 3000件) [0.18s]
[2026-08-14 16:16:29] [INFO] [logger] [STATS] FETCH | Count: 1000 | Time: 0.18s | Info: 1-13. タイトル・名称 網羅検索 (Part 13) | Offset: 2000
[2026-08-14 16:16:29] [INFO] [sparql_collector] [1-13. タイトル・名称 網羅検索 (Part 13)] Sub-fetch (limit=1000, progress=3000件〜) ...
[2026-08-14 16:16:30] [INFO] [sparql_collector] [1-13. タイトル・名称 網羅検索 (Part 13)] Got 1000 new items. (累計: 4000件) [0.23s]
[2026-08-14 16:16:30] [INFO] [logger] [STATS] FETCH | Count: 1000 | Time: 0.23s | Info: 1-13. タイトル・名称 網羅検索 (Part 13) | Offset: 3000
[2026-08-14 16:16:30] [INFO] [sparql_collector] [1-13. タイトル・名称 網羅検索 (Part 13)] Sub-fetch (limit=1000, progress=4000件〜) ...
[2026-08-14 16:16:31] [INFO] [sparql_collector] [1-13. タイトル・名称 網羅検索 (Part 13)] Got 1000 new items. (累計: 5000件) [0.43s]
[2026-08-14 16:16:31] [INFO] [logger] [STATS] FETCH | Count: 1000 | Time: 0.43s | Info: 1-13. タイトル・名称 網羅検索 (Part 13) | Offset: 4000
[2026-08-14 16:16:31] [INFO] [sparql_collector] [1-13. タイトル・名称 網羅検索 (Part 13)] Sub-fetch (limit=1000, progress=5000件〜) ...
[2026-08-14 16:16:31] [INFO] [sparql_collector] [1-13. タイトル・名称 網羅検索 (Part 13)] Got 1000 new items. (累計: 6000件) [0.42s]
[2026-08-14 16:16:31] [INFO] [logger] [STATS] FETCH | Count: 1000 | Time: 0.42s | Info: 1-13. タイトル・名称 網羅検索 (Part 13) | Offset: 5000
[2026-08-14 16:16:32] [INFO] [sparql_collector] [1-13. タイトル・名称 網羅検索 (Part 13)] Sub-fetch (limit=1000, progress=6000件〜) ...
[2026-08-14 16:16:32] [INFO] [sparql_collector] [1-13. タイトル・名称 網羅検索 (Part 13)] Got 1000 new items. (累計: 7000件) [0.42s]
[2026-08-14 16:16:32] [INFO] [logger] [STATS] FETCH | Count: 1000 | Time: 0.42s | Info: 1-13. タイトル・名称 網羅検索 (Part 13) | Offset: 6000
[2026-08-14 16:16:33] [INFO] [sparql_collector] [1-13. タイトル・名称 網羅検索 (Part 13)] Sub-fetch (limit=1000, progress=7000件〜) ...
[2026-08-14 16:16:33] [INFO] [sparql_collector] [1-13. タイトル・名称 網羅検索 (Part 13)] Got 1000 new items. (累計: 8000件) [0.42s]
[2026-08-14 16:16:33] [INFO] [logger] [STATS] FETCH | Count: 1000 | Time: 0.42s | Info: 1-13. タイトル・名称 網羅検索 (Part 13) | Offset: 7000
[2026-08-14 16:16:34] [INFO] [sparql_collector] [1-13. タイトル・名称 網羅検索 (Part 13)] Sub-fetch (limit=1000, progress=8000件〜) ...
[2026-08-14 16:16:34] [INFO] [sparql_collector] [1-13. タイトル・名称 網羅検索 (Part 13)] Got 1000 new items. (累計: 9000件) [0.41s]
[2026-08-14 16:16:34] [INFO] [logger] [STATS] FETCH | Count: 1000 | Time: 0.41s | Info: 1-13. タイトル・名称 網羅検索 (Part 13) | Offset: 8000
[2026-08-14 16:16:35] [INFO] [sparql_collector] [1-13. タイトル・名称 網羅検索 (Part 13)] Sub-fetch (limit=1000, progress=9000件〜) ...
[2026-08-14 16:16:35] [INFO] [sparql_collector] [1-13. タイトル・名称 網羅検索 (Part 13)] Got 1000 new items. (累計: 10000件) [0.37s]
[2026-08-14 16:16:35] [INFO] [logger] [STATS] FETCH | Count: 1000 | Time: 0.37s | Info: 1-13. タイトル・名称 網羅検索 (Part 13) | Offset: 9000
[2026-08-14 16:16:36] [INFO] [sparql_collector] [1-13. タイトル・名称 網羅検索 (Part 13)] Sub-fetch (limit=1000, progress=10000件〜) ...
[2026-08-14 16:16:36] [INFO] [sparql_collector] [1-13. タイトル・名称 網羅検索 (Part 13)] Got 1000 new items. (累計: 11000件) [0.38s]
[2026-08-14 16:16:36] [INFO] [logger] [STATS] FETCH | Count: 1000 | Time: 0.38s | Info: 1-13. タイトル・名称 網羅検索 (Part 13) | Offset: 10000
[2026-08-14 16:16:37] [INFO] [sparql_collector] [1-13. タイトル・名称 網羅検索 (Part 13)] Sub-fetch (limit=1000, progress=11000件〜) ...
[2026-08-14 16:16:37] [INFO] [sparql_collector] [1-13. タイトル・名称 網羅検索 (Part 13)] Got 1000 new items. (累計: 12000件) [0.43s]
[2026-08-14 16:16:37] [INFO] [logger] [STATS] FETCH | Count: 1000 | Time: 0.43s | Info: 1-13. タイトル・名称 網羅検索 (Part 13) | Offset: 11000
[2026-08-14 16:16:37] [INFO] [sparql_collector] [1-13. タイトル・名称 網羅検索 (Part 13)] Sub-fetch (limit=1000, progress=12000件〜) ...
[2026-08-14 16:16:38] [INFO] [sparql_collector] [1-13. タイトル・名称 網羅検索 (Part 13)] Got 1000 new items. (累計: 13000件) [0.43s]
[2026-08-14 16:16:38] [INFO] [logger] [STATS] FETCH | Count: 1000 | Time: 0.43s | Info: 1-13. タイトル・名称 網羅検索 (Part 13) | Offset: 12000
[2026-08-14 16:16:38] [INFO] [sparql_collector] [1-13. タイトル・名称 網羅検索 (Part 13)] Sub-fetch (limit=1000, progress=13000件〜) ...
[2026-08-14 16:16:39] [INFO] [sparql_collector] [1-13. タイトル・名称 網羅検索 (Part 13)] Got 1000 new items. (累計: 14000件) [0.43s]
[2026-08-14 16:16:39] [INFO] [logger] [STATS] FETCH | Count: 1000 | Time: 0.43s | Info: 1-13. タイトル・名称 網羅検索 (Part 13) | Offset: 13000
[2026-08-14 16:16:39] [INFO] [sparql_collector] [1-13. タイトル・名称 網羅検索 (Part 13)] Sub-fetch (limit=1000, progress=14000件〜) ...
[2026-08-14 16:16:40] [INFO] [sparql_collector] [1-13. タイトル・名称 網羅検索 (Part 13)] Got 1000 new items. (累計: 15000件) [0.45s]
[2026-08-14 16:16:40] [INFO] [logger] [STATS] FETCH | Count: 1000 | Time: 0.45s | Info: 1-13. タイトル・名称 網羅検索 (Part 13) | Offset: 14000
[2026-08-14 16:16:40] [INFO] [sparql_collector] [1-13. タイトル・名称 網羅検索 (Part 13)] Sub-fetch (limit=1000, progress=15000件〜) ...
[2026-08-14 16:16:41] [INFO] [sparql_collector] [1-13. タイトル・名称 網羅検索 (Part 13)] Got 1000 new items. (累計: 16000件) [0.53s]
[2026-08-14 16:16:41] [INFO] [logger] [STATS] FETCH | Count: 1000 | Time: 0.53s | Info: 1-13. タイトル・名称 網羅検索 (Part 13) | Offset: 15000
[2026-08-14 16:16:41] [INFO] [sparql_collector] [1-13. タイトル・名称 網羅検索 (Part 13)] Sub-fetch (limit=1000, progress=16000件〜) ...
[2026-08-14 16:16:42] [INFO] [sparql_collector] [1-13. タイトル・名称 網羅検索 (Part 13)] Got 1000 new items. (累計: 17000件) [0.60s]
[2026-08-14 16:16:42] [INFO] [logger] [STATS] FETCH | Count: 1000 | Time: 0.60s | Info: 1-13. タイトル・名称 網羅検索 (Part 13) | Offset: 16000
[2026-08-14 16:16:42] [INFO] [sparql_collector] [1-13. タイトル・名称 網羅検索 (Part 13)] Sub-fetch (limit=1000, progress=17000件〜) ...
[2026-08-14 16:16:43] [INFO] [sparql_collector] [1-13. タイトル・名称 網羅検索 (Part 13)] Got 456 new items. (累計: 17456件) [0.71s]
[2026-08-14 16:16:43] [INFO] [logger] [STATS] FETCH | Count: 456 | Time: 0.71s | Info: 1-13. タイトル・名称 網羅検索 (Part 13) | Offset: 17000
[2026-08-14 16:16:43] [INFO] [sparql_collector] [1-13. タイトル・名称 網羅検索 (Part 13)] 最終バッチ到達（全データ取得完了）。
[2026-08-14 16:16:45] [INFO] [sparql_collector] --- [開始] 1-14. タイトル・名称 網羅検索 (Part 14) (全件網羅 (上限なし)) ---
[2026-08-14 16:16:45] [INFO] [sparql_collector] [1-14. タイトル・名称 網羅検索 (Part 14)] Sub-fetch (limit=1000, progress=0件〜) ...
[2026-08-14 16:16:45] [INFO] [sparql_collector] [1-14. タイトル・名称 網羅検索 (Part 14)] Got 1000 new items. (累計: 1000件) [0.10s]
[2026-08-14 16:16:45] [INFO] [logger] [STATS] FETCH | Count: 1000 | Time: 0.10s | Info: 1-14. タイトル・名称 網羅検索 (Part 14) | Offset: 0
[2026-08-14 16:16:45] [INFO] [sparql_collector] [1-14. タイトル・名称 網羅検索 (Part 14)] Sub-fetch (limit=1000, progress=1000件〜) ...
[2026-08-14 16:16:45] [INFO] [sparql_collector] [1-14. タイトル・名称 網羅検索 (Part 14)] Got 1000 new items. (累計: 2000件) [0.08s]
[2026-08-14 16:16:45] [INFO] [logger] [STATS] FETCH | Count: 1000 | Time: 0.08s | Info: 1-14. タイトル・名称 網羅検索 (Part 14) | Offset: 1000
[2026-08-14 16:16:46] [INFO] [sparql_collector] [1-14. タイトル・名称 網羅検索 (Part 14)] Sub-fetch (limit=1000, progress=2000件〜) ...
[2026-08-14 16:16:46] [INFO] [sparql_collector] [1-14. タイトル・名称 網羅検索 (Part 14)] Got 1000 new items. (累計: 3000件) [0.09s]
[2026-08-14 16:16:46] [INFO] [logger] [STATS] FETCH | Count: 1000 | Time: 0.09s | Info: 1-14. タイトル・名称 網羅検索 (Part 14) | Offset: 2000
[2026-08-14 16:16:46] [INFO] [sparql_collector] [1-14. タイトル・名称 網羅検索 (Part 14)] Sub-fetch (limit=1000, progress=3000件〜) ...
[2026-08-14 16:16:47] [INFO] [sparql_collector] [1-14. タイトル・名称 網羅検索 (Part 14)] Got 1000 new items. (累計: 4000件) [0.10s]
[2026-08-14 16:16:47] [INFO] [logger] [STATS] FETCH | Count: 1000 | Time: 0.10s | Info: 1-14. タイトル・名称 網羅検索 (Part 14) | Offset: 3000
[2026-08-14 16:16:47] [INFO] [sparql_collector] [1-14. タイトル・名称 網羅検索 (Part 14)] Sub-fetch (limit=1000, progress=4000件〜) ...
[2026-08-14 16:16:47] [INFO] [sparql_collector] [1-14. タイトル・名称 網羅検索 (Part 14)] Got 1000 new items. (累計: 5000件) [0.14s]
[2026-08-14 16:16:47] [INFO] [logger] [STATS] FETCH | Count: 1000 | Time: 0.14s | Info: 1-14. タイトル・名称 網羅検索 (Part 14) | Offset: 4000
[2026-08-14 16:16:48] [INFO] [sparql_collector] [1-14. タイトル・名称 網羅検索 (Part 14)] Sub-fetch (limit=1000, progress=5000件〜) ...
[2026-08-14 16:16:48] [INFO] [sparql_collector] [1-14. タイトル・名称 網羅検索 (Part 14)] Got 1000 new items. (累計: 6000件) [0.19s]
[2026-08-14 16:16:48] [INFO] [logger] [STATS] FETCH | Count: 1000 | Time: 0.19s | Info: 1-14. タイトル・名称 網羅検索 (Part 14) | Offset: 5000
[2026-08-14 16:16:48] [INFO] [sparql_collector] [1-14. タイトル・名称 網羅検索 (Part 14)] Sub-fetch (limit=1000, progress=6000件〜) ...
[2026-08-14 16:16:49] [INFO] [sparql_collector] [1-14. タイトル・名称 網羅検索 (Part 14)] Got 1000 new items. (累計: 7000件) [0.16s]
[2026-08-14 16:16:49] [INFO] [logger] [STATS] FETCH | Count: 1000 | Time: 0.16s | Info: 1-14. タイトル・名称 網羅検索 (Part 14) | Offset: 6000
[2026-08-14 16:16:49] [INFO] [sparql_collector] [1-14. タイトル・名称 網羅検索 (Part 14)] Sub-fetch (limit=1000, progress=7000件〜) ...
[2026-08-14 16:16:49] [INFO] [sparql_collector] [1-14. タイトル・名称 網羅検索 (Part 14)] Got 1000 new items. (累計: 8000件) [0.18s]
[2026-08-14 16:16:49] [INFO] [logger] [STATS] FETCH | Count: 1000 | Time: 0.18s | Info: 1-14. タイトル・名称 網羅検索 (Part 14) | Offset: 7000
[2026-08-14 16:16:50] [INFO] [sparql_collector] [1-14. タイトル・名称 網羅検索 (Part 14)] Sub-fetch (limit=1000, progress=8000件〜) ...
[2026-08-14 16:16:50] [INFO] [sparql_collector] [1-14. タイトル・名称 網羅検索 (Part 14)] Got 1000 new items. (累計: 9000件) [0.21s]
[2026-08-14 16:16:50] [INFO] [logger] [STATS] FETCH | Count: 1000 | Time: 0.21s | Info: 1-14. タイトル・名称 網羅検索 (Part 14) | Offset: 8000
[2026-08-14 16:16:51] [INFO] [sparql_collector] [1-14. タイトル・名称 網羅検索 (Part 14)] Sub-fetch (limit=1000, progress=9000件〜) ...
[2026-08-14 16:16:51] [INFO] [sparql_collector] [1-14. タイトル・名称 網羅検索 (Part 14)] Got 1000 new items. (累計: 10000件) [0.24s]
[2026-08-14 16:16:51] [INFO] [logger] [STATS] FETCH | Count: 1000 | Time: 0.24s | Info: 1-14. タイトル・名称 網羅検索 (Part 14) | Offset: 9000
[2026-08-14 16:16:51] [INFO] [sparql_collector] [1-14. タイトル・名称 網羅検索 (Part 14)] Sub-fetch (limit=1000, progress=10000件〜) ...
[2026-08-14 16:16:52] [INFO] [sparql_collector] [1-14. タイトル・名称 網羅検索 (Part 14)] Got 1000 new items. (累計: 11000件) [0.25s]
[2026-08-14 16:16:52] [INFO] [logger] [STATS] FETCH | Count: 1000 | Time: 0.25s | Info: 1-14. タイトル・名称 網羅検索 (Part 14) | Offset: 10000
[2026-08-14 16:16:52] [INFO] [sparql_collector] [1-14. タイトル・名称 網羅検索 (Part 14)] Sub-fetch (limit=1000, progress=11000件〜) ...
[2026-08-14 16:16:52] [INFO] [sparql_collector] [1-14. タイトル・名称 網羅検索 (Part 14)] Got 524 new items. (累計: 11524件) [0.20s]
[2026-08-14 16:16:52] [INFO] [logger] [STATS] FETCH | Count: 524 | Time: 0.20s | Info: 1-14. タイトル・名称 網羅検索 (Part 14) | Offset: 11000
[2026-08-14 16:16:52] [INFO] [sparql_collector] [1-14. タイトル・名称 網羅検索 (Part 14)] 最終バッチ到達（全データ取得完了）。
[2026-08-14 16:16:54] [INFO] [sparql_collector] --- [開始] 1-15. タイトル・名称 網羅検索 (Part 15) (全件網羅 (上限なし)) ---
[2026-08-14 16:16:54] [INFO] [sparql_collector] [1-15. タイトル・名称 網羅検索 (Part 15)] Sub-fetch (limit=1000, progress=0件〜) ...
[2026-08-14 16:16:54] [INFO] [sparql_collector] [1-15. タイトル・名称 網羅検索 (Part 15)] Got 1000 new items. (累計: 1000件) [0.09s]
[2026-08-14 16:16:54] [INFO] [logger] [STATS] FETCH | Count: 1000 | Time: 0.09s | Info: 1-15. タイトル・名称 網羅検索 (Part 15) | Offset: 0
[2026-08-14 16:16:54] [INFO] [sparql_collector] [1-15. タイトル・名称 網羅検索 (Part 15)] Sub-fetch (limit=1000, progress=1000件〜) ...
[2026-08-14 16:16:54] [INFO] [sparql_collector] [1-15. タイトル・名称 網羅検索 (Part 15)] Got 1000 new items. (累計: 2000件) [0.07s]
[2026-08-14 16:16:54] [INFO] [logger] [STATS] FETCH | Count: 1000 | Time: 0.07s | Info: 1-15. タイトル・名称 網羅検索 (Part 15) | Offset: 1000
[2026-08-14 16:16:55] [INFO] [sparql_collector] [1-15. タイトル・名称 網羅検索 (Part 15)] Sub-fetch (limit=1000, progress=2000件〜) ...
[2026-08-14 16:16:55] [INFO] [sparql_collector] [1-15. タイトル・名称 網羅検索 (Part 15)] Got 1000 new items. (累計: 3000件) [0.08s]
[2026-08-14 16:16:55] [INFO] [logger] [STATS] FETCH | Count: 1000 | Time: 0.08s | Info: 1-15. タイトル・名称 網羅検索 (Part 15) | Offset: 2000
[2026-08-14 16:16:56] [INFO] [sparql_collector] [1-15. タイトル・名称 網羅検索 (Part 15)] Sub-fetch (limit=1000, progress=3000件〜) ...
[2026-08-14 16:16:56] [INFO] [sparql_collector] [1-15. タイトル・名称 網羅検索 (Part 15)] Got 1000 new items. (累計: 4000件) [0.10s]
[2026-08-14 16:16:56] [INFO] [logger] [STATS] FETCH | Count: 1000 | Time: 0.10s | Info: 1-15. タイトル・名称 網羅検索 (Part 15) | Offset: 3000
[2026-08-14 16:16:56] [INFO] [sparql_collector] [1-15. タイトル・名称 網羅検索 (Part 15)] Sub-fetch (limit=1000, progress=4000件〜) ...
[2026-08-14 16:16:56] [INFO] [sparql_collector] [1-15. タイトル・名称 網羅検索 (Part 15)] Got 1000 new items. (累計: 5000件) [0.12s]
[2026-08-14 16:16:56] [INFO] [logger] [STATS] FETCH | Count: 1000 | Time: 0.12s | Info: 1-15. タイトル・名称 網羅検索 (Part 15) | Offset: 4000
[2026-08-14 16:16:57] [INFO] [sparql_collector] [1-15. タイトル・名称 網羅検索 (Part 15)] Sub-fetch (limit=1000, progress=5000件〜) ...
[2026-08-14 16:16:57] [INFO] [sparql_collector] [1-15. タイトル・名称 網羅検索 (Part 15)] Got 1000 new items. (累計: 6000件) [0.11s]
[2026-08-14 16:16:57] [INFO] [logger] [STATS] FETCH | Count: 1000 | Time: 0.11s | Info: 1-15. タイトル・名称 網羅検索 (Part 15) | Offset: 5000
[2026-08-14 16:16:57] [INFO] [sparql_collector] [1-15. タイトル・名称 網羅検索 (Part 15)] Sub-fetch (limit=1000, progress=6000件〜) ...
[2026-08-14 16:16:58] [INFO] [sparql_collector] [1-15. タイトル・名称 網羅検索 (Part 15)] Got 1000 new items. (累計: 7000件) [0.12s]
[2026-08-14 16:16:58] [INFO] [logger] [STATS] FETCH | Count: 1000 | Time: 0.12s | Info: 1-15. タイトル・名称 網羅検索 (Part 15) | Offset: 6000
[2026-08-14 16:16:58] [INFO] [sparql_collector] [1-15. タイトル・名称 網羅検索 (Part 15)] Sub-fetch (limit=1000, progress=7000件〜) ...
[2026-08-14 16:16:58] [INFO] [sparql_collector] [1-15. タイトル・名称 網羅検索 (Part 15)] Got 1000 new items. (累計: 8000件) [0.14s]
[2026-08-14 16:16:58] [INFO] [logger] [STATS] FETCH | Count: 1000 | Time: 0.14s | Info: 1-15. タイトル・名称 網羅検索 (Part 15) | Offset: 7000
[2026-08-14 16:16:59] [INFO] [sparql_collector] [1-15. タイトル・名称 網羅検索 (Part 15)] Sub-fetch (limit=1000, progress=8000件〜) ...
[2026-08-14 16:16:59] [INFO] [sparql_collector] [1-15. タイトル・名称 網羅検索 (Part 15)] Got 1000 new items. (累計: 9000件) [0.15s]
[2026-08-14 16:16:59] [INFO] [logger] [STATS] FETCH | Count: 1000 | Time: 0.15s | Info: 1-15. タイトル・名称 網羅検索 (Part 15) | Offset: 8000
[2026-08-14 16:16:59] [INFO] [sparql_collector] [1-15. タイトル・名称 網羅検索 (Part 15)] Sub-fetch (limit=1000, progress=9000件〜) ...
[2026-08-14 16:17:00] [INFO] [sparql_collector] [1-15. タイトル・名称 網羅検索 (Part 15)] Got 1000 new items. (累計: 10000件) [0.19s]
[2026-08-14 16:17:00] [INFO] [logger] [STATS] FETCH | Count: 1000 | Time: 0.19s | Info: 1-15. タイトル・名称 網羅検索 (Part 15) | Offset: 9000
[2026-08-14 16:17:00] [INFO] [sparql_collector] [1-15. タイトル・名称 網羅検索 (Part 15)] Sub-fetch (limit=1000, progress=10000件〜) ...
[2026-08-14 16:17:00] [INFO] [sparql_collector] [1-15. タイトル・名称 網羅検索 (Part 15)] Got 1000 new items. (累計: 11000件) [0.20s]
[2026-08-14 16:17:00] [INFO] [logger] [STATS] FETCH | Count: 1000 | Time: 0.20s | Info: 1-15. タイトル・名称 網羅検索 (Part 15) | Offset: 10000
[2026-08-14 16:17:01] [INFO] [sparql_collector] [1-15. タイトル・名称 網羅検索 (Part 15)] Sub-fetch (limit=1000, progress=11000件〜) ...
[2026-08-14 16:17:01] [INFO] [sparql_collector] [1-15. タイトル・名称 網羅検索 (Part 15)] Got 1000 new items. (累計: 12000件) [0.21s]
[2026-08-14 16:17:01] [INFO] [logger] [STATS] FETCH | Count: 1000 | Time: 0.21s | Info: 1-15. タイトル・名称 網羅検索 (Part 15) | Offset: 11000
[2026-08-14 16:17:01] [INFO] [sparql_collector] [1-15. タイトル・名称 網羅検索 (Part 15)] Sub-fetch (limit=1000, progress=12000件〜) ...
[2026-08-14 16:17:02] [INFO] [sparql_collector] [1-15. タイトル・名称 網羅検索 (Part 15)] Got 1000 new items. (累計: 13000件) [0.21s]
[2026-08-14 16:17:02] [INFO] [logger] [STATS] FETCH | Count: 1000 | Time: 0.21s | Info: 1-15. タイトル・名称 網羅検索 (Part 15) | Offset: 12000
[2026-08-14 16:17:02] [INFO] [sparql_collector] [1-15. タイトル・名称 網羅検索 (Part 15)] Sub-fetch (limit=1000, progress=13000件〜) ...
[2026-08-14 16:17:03] [INFO] [sparql_collector] [1-15. タイトル・名称 網羅検索 (Part 15)] Got 1000 new items. (累計: 14000件) [0.34s]
[2026-08-14 16:17:03] [INFO] [logger] [STATS] FETCH | Count: 1000 | Time: 0.34s | Info: 1-15. タイトル・名称 網羅検索 (Part 15) | Offset: 13000
[2026-08-14 16:17:03] [INFO] [sparql_collector] [1-15. タイトル・名称 網羅検索 (Part 15)] Sub-fetch (limit=1000, progress=14000件〜) ...
[2026-08-14 16:17:03] [INFO] [sparql_collector] [1-15. タイトル・名称 網羅検索 (Part 15)] Got 34 new items. (累計: 14034件) [0.31s]
[2026-08-14 16:17:03] [INFO] [logger] [STATS] FETCH | Count: 34 | Time: 0.31s | Info: 1-15. タイトル・名称 網羅検索 (Part 15) | Offset: 14000
[2026-08-14 16:17:03] [INFO] [sparql_collector] [1-15. タイトル・名称 網羅検索 (Part 15)] 最終バッチ到達（全データ取得完了）。
[2026-08-14 16:17:05] [INFO] [sparql_collector] --- [開始] 1-16. タイトル・名称 網羅検索 (Part 16) (全件網羅 (上限なし)) ---
[2026-08-14 16:17:05] [INFO] [sparql_collector] [1-16. タイトル・名称 網羅検索 (Part 16)] Sub-fetch (limit=1000, progress=0件〜) ...
[2026-08-14 16:17:05] [INFO] [sparql_collector] [1-16. タイトル・名称 網羅検索 (Part 16)] Got 1000 new items. (累計: 1000件) [0.08s]
[2026-08-14 16:17:05] [INFO] [logger] [STATS] FETCH | Count: 1000 | Time: 0.08s | Info: 1-16. タイトル・名称 網羅検索 (Part 16) | Offset: 0
[2026-08-14 16:17:05] [INFO] [sparql_collector] [1-16. タイトル・名称 網羅検索 (Part 16)] Sub-fetch (limit=1000, progress=1000件〜) ...
[2026-08-14 16:17:06] [INFO] [sparql_collector] [1-16. タイトル・名称 網羅検索 (Part 16)] Got 1000 new items. (累計: 2000件) [0.07s]
[2026-08-14 16:17:06] [INFO] [logger] [STATS] FETCH | Count: 1000 | Time: 0.07s | Info: 1-16. タイトル・名称 網羅検索 (Part 16) | Offset: 1000
[2026-08-14 16:17:06] [INFO] [sparql_collector] [1-16. タイトル・名称 網羅検索 (Part 16)] Sub-fetch (limit=1000, progress=2000件〜) ...
[2026-08-14 16:17:06] [INFO] [sparql_collector] [1-16. タイトル・名称 網羅検索 (Part 16)] Got 1000 new items. (累計: 3000件) [0.06s]
[2026-08-14 16:17:06] [INFO] [logger] [STATS] FETCH | Count: 1000 | Time: 0.06s | Info: 1-16. タイトル・名称 網羅検索 (Part 16) | Offset: 2000
[2026-08-14 16:17:07] [INFO] [sparql_collector] [1-16. タイトル・名称 網羅検索 (Part 16)] Sub-fetch (limit=1000, progress=3000件〜) ...
[2026-08-14 16:17:07] [INFO] [sparql_collector] [1-16. タイトル・名称 網羅検索 (Part 16)] Got 1000 new items. (累計: 4000件) [0.15s]
[2026-08-14 16:17:07] [INFO] [logger] [STATS] FETCH | Count: 1000 | Time: 0.15s | Info: 1-16. タイトル・名称 網羅検索 (Part 16) | Offset: 3000
[2026-08-14 16:17:07] [INFO] [sparql_collector] [1-16. タイトル・名称 網羅検索 (Part 16)] Sub-fetch (limit=1000, progress=4000件〜) ...
[2026-08-14 16:17:07] [INFO] [sparql_collector] [1-16. タイトル・名称 網羅検索 (Part 16)] Got 1000 new items. (累計: 5000件) [0.11s]
[2026-08-14 16:17:07] [INFO] [logger] [STATS] FETCH | Count: 1000 | Time: 0.11s | Info: 1-16. タイトル・名称 網羅検索 (Part 16) | Offset: 4000
[2026-08-14 16:17:08] [INFO] [sparql_collector] [1-16. タイトル・名称 網羅検索 (Part 16)] Sub-fetch (limit=1000, progress=5000件〜) ...
[2026-08-14 16:17:08] [INFO] [sparql_collector] [1-16. タイトル・名称 網羅検索 (Part 16)] Got 1000 new items. (累計: 6000件) [0.13s]
[2026-08-14 16:17:08] [INFO] [logger] [STATS] FETCH | Count: 1000 | Time: 0.13s | Info: 1-16. タイトル・名称 網羅検索 (Part 16) | Offset: 5000
[2026-08-14 16:17:09] [INFO] [sparql_collector] [1-16. タイトル・名称 網羅検索 (Part 16)] Sub-fetch (limit=1000, progress=6000件〜) ...
[2026-08-14 16:17:09] [INFO] [sparql_collector] [1-16. タイトル・名称 網羅検索 (Part 16)] Got 1000 new items. (累計: 7000件) [0.18s]
[2026-08-14 16:17:09] [INFO] [logger] [STATS] FETCH | Count: 1000 | Time: 0.18s | Info: 1-16. タイトル・名称 網羅検索 (Part 16) | Offset: 6000
[2026-08-14 16:17:09] [INFO] [sparql_collector] [1-16. タイトル・名称 網羅検索 (Part 16)] Sub-fetch (limit=1000, progress=7000件〜) ...
[2026-08-14 16:17:09] [INFO] [sparql_collector] [1-16. タイトル・名称 網羅検索 (Part 16)] Got 1000 new items. (累計: 8000件) [0.14s]
[2026-08-14 16:17:09] [INFO] [logger] [STATS] FETCH | Count: 1000 | Time: 0.14s | Info: 1-16. タイトル・名称 網羅検索 (Part 16) | Offset: 7000
[2026-08-14 16:17:10] [INFO] [sparql_collector] [1-16. タイトル・名称 網羅検索 (Part 16)] Sub-fetch (limit=1000, progress=8000件〜) ...
[2026-08-14 16:17:10] [INFO] [sparql_collector] [1-16. タイトル・名称 網羅検索 (Part 16)] Got 1000 new items. (累計: 9000件) [0.17s]
[2026-08-14 16:17:10] [INFO] [logger] [STATS] FETCH | Count: 1000 | Time: 0.17s | Info: 1-16. タイトル・名称 網羅検索 (Part 16) | Offset: 8000
[2026-08-14 16:17:11] [INFO] [sparql_collector] [1-16. タイトル・名称 網羅検索 (Part 16)] Sub-fetch (limit=1000, progress=9000件〜) ...
[2026-08-14 16:17:11] [INFO] [sparql_collector] [1-16. タイトル・名称 網羅検索 (Part 16)] Got 1000 new items. (累計: 10000件) [0.20s]
[2026-08-14 16:17:11] [INFO] [logger] [STATS] FETCH | Count: 1000 | Time: 0.20s | Info: 1-16. タイトル・名称 網羅検索 (Part 16) | Offset: 9000
[2026-08-14 16:17:11] [INFO] [sparql_collector] [1-16. タイトル・名称 網羅検索 (Part 16)] Sub-fetch (limit=1000, progress=10000件〜) ...
[2026-08-14 16:17:11] [INFO] [sparql_collector] [1-16. タイトル・名称 網羅検索 (Part 16)] Got 1000 new items. (累計: 11000件) [0.19s]
[2026-08-14 16:17:11] [INFO] [logger] [STATS] FETCH | Count: 1000 | Time: 0.19s | Info: 1-16. タイトル・名称 網羅検索 (Part 16) | Offset: 10000
[2026-08-14 16:17:12] [INFO] [sparql_collector] [1-16. タイトル・名称 網羅検索 (Part 16)] Sub-fetch (limit=1000, progress=11000件〜) ...
[2026-08-14 16:17:12] [INFO] [sparql_collector] [1-16. タイトル・名称 網羅検索 (Part 16)] Got 1000 new items. (累計: 12000件) [0.17s]
[2026-08-14 16:17:12] [INFO] [logger] [STATS] FETCH | Count: 1000 | Time: 0.17s | Info: 1-16. タイトル・名称 網羅検索 (Part 16) | Offset: 11000
[2026-08-14 16:17:13] [INFO] [sparql_collector] [1-16. タイトル・名称 網羅検索 (Part 16)] Sub-fetch (limit=1000, progress=12000件〜) ...
[2026-08-14 16:17:13] [INFO] [sparql_collector] [1-16. タイトル・名称 網羅検索 (Part 16)] Got 1000 new items. (累計: 13000件) [0.19s]
[2026-08-14 16:17:13] [INFO] [logger] [STATS] FETCH | Count: 1000 | Time: 0.19s | Info: 1-16. タイトル・名称 網羅検索 (Part 16) | Offset: 12000
[2026-08-14 16:17:13] [INFO] [sparql_collector] [1-16. タイトル・名称 網羅検索 (Part 16)] Sub-fetch (limit=1000, progress=13000件〜) ...
[2026-08-14 16:17:14] [INFO] [sparql_collector] [1-16. タイトル・名称 網羅検索 (Part 16)] Got 1000 new items. (累計: 14000件) [0.22s]
[2026-08-14 16:17:14] [INFO] [logger] [STATS] FETCH | Count: 1000 | Time: 0.22s | Info: 1-16. タイトル・名称 網羅検索 (Part 16) | Offset: 13000
[2026-08-14 16:17:14] [INFO] [sparql_collector] [1-16. タイトル・名称 網羅検索 (Part 16)] Sub-fetch (limit=1000, progress=14000件〜) ...
[2026-08-14 16:17:14] [INFO] [sparql_collector] [1-16. タイトル・名称 網羅検索 (Part 16)] Got 1000 new items. (累計: 15000件) [0.20s]
[2026-08-14 16:17:14] [INFO] [logger] [STATS] FETCH | Count: 1000 | Time: 0.20s | Info: 1-16. タイトル・名称 網羅検索 (Part 16) | Offset: 14000
[2026-08-14 16:17:15] [INFO] [sparql_collector] [1-16. タイトル・名称 網羅検索 (Part 16)] Sub-fetch (limit=1000, progress=15000件〜) ...
[2026-08-14 16:17:15] [INFO] [sparql_collector] [1-16. タイトル・名称 網羅検索 (Part 16)] Got 1000 new items. (累計: 16000件) [0.23s]
[2026-08-14 16:17:15] [INFO] [logger] [STATS] FETCH | Count: 1000 | Time: 0.23s | Info: 1-16. タイトル・名称 網羅検索 (Part 16) | Offset: 15000
[2026-08-14 16:17:16] [INFO] [sparql_collector] [1-16. タイトル・名称 網羅検索 (Part 16)] Sub-fetch (limit=1000, progress=16000件〜) ...
[2026-08-14 16:17:16] [INFO] [sparql_collector] [1-16. タイトル・名称 網羅検索 (Part 16)] Got 1000 new items. (累計: 17000件) [0.22s]
[2026-08-14 16:17:16] [INFO] [logger] [STATS] FETCH | Count: 1000 | Time: 0.22s | Info: 1-16. タイトル・名称 網羅検索 (Part 16) | Offset: 16000
[2026-08-14 16:17:16] [INFO] [sparql_collector] [1-16. タイトル・名称 網羅検索 (Part 16)] Sub-fetch (limit=1000, progress=17000件〜) ...
[2026-08-14 16:17:17] [INFO] [sparql_collector] [1-16. タイトル・名称 網羅検索 (Part 16)] Got 1000 new items. (累計: 18000件) [0.24s]
[2026-08-14 16:17:17] [INFO] [logger] [STATS] FETCH | Count: 1000 | Time: 0.24s | Info: 1-16. タイトル・名称 網羅検索 (Part 16) | Offset: 17000
[2026-08-14 16:17:17] [INFO] [sparql_collector] [1-16. タイトル・名称 網羅検索 (Part 16)] Sub-fetch (limit=1000, progress=18000件〜) ...
[2026-08-14 16:17:17] [INFO] [sparql_collector] [1-16. タイトル・名称 網羅検索 (Part 16)] Got 1000 new items. (累計: 19000件) [0.22s]
[2026-08-14 16:17:17] [INFO] [logger] [STATS] FETCH | Count: 1000 | Time: 0.22s | Info: 1-16. タイトル・名称 網羅検索 (Part 16) | Offset: 18000
[2026-08-14 16:17:18] [INFO] [sparql_collector] [1-16. タイトル・名称 網羅検索 (Part 16)] Sub-fetch (limit=1000, progress=19000件〜) ...
[2026-08-14 16:17:18] [INFO] [sparql_collector] [1-16. タイトル・名称 網羅検索 (Part 16)] Got 1000 new items. (累計: 20000件) [0.23s]
[2026-08-14 16:17:18] [INFO] [logger] [STATS] FETCH | Count: 1000 | Time: 0.23s | Info: 1-16. タイトル・名称 網羅検索 (Part 16) | Offset: 19000
[2026-08-14 16:17:19] [INFO] [sparql_collector] [1-16. タイトル・名称 網羅検索 (Part 16)] Sub-fetch (limit=1000, progress=20000件〜) ...
[2026-08-14 16:17:19] [INFO] [sparql_collector] [1-16. タイトル・名称 網羅検索 (Part 16)] Got 1000 new items. (累計: 21000件) [0.24s]
[2026-08-14 16:17:19] [INFO] [logger] [STATS] FETCH | Count: 1000 | Time: 0.24s | Info: 1-16. タイトル・名称 網羅検索 (Part 16) | Offset: 20000
[2026-08-14 16:17:19] [INFO] [sparql_collector] [1-16. タイトル・名称 網羅検索 (Part 16)] Sub-fetch (limit=1000, progress=21000件〜) ...
[2026-08-14 16:17:20] [INFO] [sparql_collector] [1-16. タイトル・名称 網羅検索 (Part 16)] Got 1000 new items. (累計: 22000件) [0.26s]
[2026-08-14 16:17:20] [INFO] [logger] [STATS] FETCH | Count: 1000 | Time: 0.26s | Info: 1-16. タイトル・名称 網羅検索 (Part 16) | Offset: 21000
[2026-08-14 16:17:20] [INFO] [sparql_collector] [1-16. タイトル・名称 網羅検索 (Part 16)] Sub-fetch (limit=1000, progress=22000件〜) ...
[2026-08-14 16:17:20] [INFO] [sparql_collector] [1-16. タイトル・名称 網羅検索 (Part 16)] Got 1000 new items. (累計: 23000件) [0.26s]
[2026-08-14 16:17:20] [INFO] [logger] [STATS] FETCH | Count: 1000 | Time: 0.26s | Info: 1-16. タイトル・名称 網羅検索 (Part 16) | Offset: 22000
[2026-08-14 16:17:21] [INFO] [sparql_collector] [1-16. タイトル・名称 網羅検索 (Part 16)] Sub-fetch (limit=1000, progress=23000件〜) ...
[2026-08-14 16:17:21] [INFO] [sparql_collector] [1-16. タイトル・名称 網羅検索 (Part 16)] Got 1000 new items. (累計: 24000件) [0.27s]
[2026-08-14 16:17:21] [INFO] [logger] [STATS] FETCH | Count: 1000 | Time: 0.27s | Info: 1-16. タイトル・名称 網羅検索 (Part 16) | Offset: 23000
[2026-08-14 16:17:22] [INFO] [sparql_collector] [1-16. タイトル・名称 網羅検索 (Part 16)] Sub-fetch (limit=1000, progress=24000件〜) ...
[2026-08-14 16:17:22] [INFO] [sparql_collector] [1-16. タイトル・名称 網羅検索 (Part 16)] Got 1000 new items. (累計: 25000件) [0.28s]
[2026-08-14 16:17:22] [INFO] [logger] [STATS] FETCH | Count: 1000 | Time: 0.28s | Info: 1-16. タイトル・名称 網羅検索 (Part 16) | Offset: 24000
[2026-08-14 16:17:22] [INFO] [sparql_collector] [1-16. タイトル・名称 網羅検索 (Part 16)] Sub-fetch (limit=1000, progress=25000件〜) ...
[2026-08-14 16:17:23] [INFO] [sparql_collector] [1-16. タイトル・名称 網羅検索 (Part 16)] Got 1000 new items. (累計: 26000件) [0.30s]
[2026-08-14 16:17:23] [INFO] [logger] [STATS] FETCH | Count: 1000 | Time: 0.30s | Info: 1-16. タイトル・名称 網羅検索 (Part 16) | Offset: 25000
[2026-08-14 16:17:23] [INFO] [sparql_collector] [1-16. タイトル・名称 網羅検索 (Part 16)] Sub-fetch (limit=1000, progress=26000件〜) ...
[2026-08-14 16:17:23] [INFO] [sparql_collector] [1-16. タイトル・名称 網羅検索 (Part 16)] Got 1000 new items. (累計: 27000件) [0.30s]
[2026-08-14 16:17:23] [INFO] [logger] [STATS] FETCH | Count: 1000 | Time: 0.30s | Info: 1-16. タイトル・名称 網羅検索 (Part 16) | Offset: 26000
[2026-08-14 16:17:24] [INFO] [sparql_collector] [1-16. タイトル・名称 網羅検索 (Part 16)] Sub-fetch (limit=1000, progress=27000件〜) ...
[2026-08-14 16:17:24] [INFO] [sparql_collector] [1-16. タイトル・名称 網羅検索 (Part 16)] Got 1000 new items. (累計: 28000件) [0.30s]
[2026-08-14 16:17:24] [INFO] [logger] [STATS] FETCH | Count: 1000 | Time: 0.30s | Info: 1-16. タイトル・名称 網羅検索 (Part 16) | Offset: 27000
[2026-08-14 16:17:25] [INFO] [sparql_collector] [1-16. タイトル・名称 網羅検索 (Part 16)] Sub-fetch (limit=1000, progress=28000件〜) ...
[2026-08-14 16:17:25] [INFO] [sparql_collector] [1-16. タイトル・名称 網羅検索 (Part 16)] Got 1000 new items. (累計: 29000件) [0.33s]
[2026-08-14 16:17:25] [INFO] [logger] [STATS] FETCH | Count: 1000 | Time: 0.33s | Info: 1-16. タイトル・名称 網羅検索 (Part 16) | Offset: 28000
[2026-08-14 16:17:26] [INFO] [sparql_collector] [1-16. タイトル・名称 網羅検索 (Part 16)] Sub-fetch (limit=1000, progress=29000件〜) ...
[2026-08-14 16:17:26] [INFO] [sparql_collector] [1-16. タイトル・名称 網羅検索 (Part 16)] Got 1000 new items. (累計: 30000件) [0.33s]
[2026-08-14 16:17:26] [INFO] [logger] [STATS] FETCH | Count: 1000 | Time: 0.33s | Info: 1-16. タイトル・名称 網羅検索 (Part 16) | Offset: 29000
[2026-08-14 16:17:26] [INFO] [sparql_collector] [1-16. タイトル・名称 網羅検索 (Part 16)] Sub-fetch (limit=1000, progress=30000件〜) ...
[2026-08-14 16:17:27] [INFO] [sparql_collector] [1-16. タイトル・名称 網羅検索 (Part 16)] Got 1000 new items. (累計: 31000件) [0.35s]
[2026-08-14 16:17:27] [INFO] [logger] [STATS] FETCH | Count: 1000 | Time: 0.35s | Info: 1-16. タイトル・名称 網羅検索 (Part 16) | Offset: 30000
[2026-08-14 16:17:27] [INFO] [sparql_collector] [1-16. タイトル・名称 網羅検索 (Part 16)] Sub-fetch (limit=1000, progress=31000件〜) ...
[2026-08-14 16:17:28] [INFO] [sparql_collector] [1-16. タイトル・名称 網羅検索 (Part 16)] Got 1000 new items. (累計: 32000件) [0.38s]
[2026-08-14 16:17:28] [INFO] [logger] [STATS] FETCH | Count: 1000 | Time: 0.38s | Info: 1-16. タイトル・名称 網羅検索 (Part 16) | Offset: 31000
[2026-08-14 16:17:28] [INFO] [sparql_collector] [1-16. タイトル・名称 網羅検索 (Part 16)] Sub-fetch (limit=1000, progress=32000件〜) ...
[2026-08-14 16:17:29] [INFO] [sparql_collector] [1-16. タイトル・名称 網羅検索 (Part 16)] Got 1000 new items. (累計: 33000件) [0.36s]
[2026-08-14 16:17:29] [INFO] [logger] [STATS] FETCH | Count: 1000 | Time: 0.36s | Info: 1-16. タイトル・名称 網羅検索 (Part 16) | Offset: 32000
[2026-08-14 16:17:29] [INFO] [sparql_collector] [1-16. タイトル・名称 網羅検索 (Part 16)] Sub-fetch (limit=1000, progress=33000件〜) ...
[2026-08-14 16:17:29] [INFO] [sparql_collector] [1-16. タイトル・名称 網羅検索 (Part 16)] Got 1000 new items. (累計: 34000件) [0.38s]
[2026-08-14 16:17:29] [INFO] [logger] [STATS] FETCH | Count: 1000 | Time: 0.38s | Info: 1-16. タイトル・名称 網羅検索 (Part 16) | Offset: 33000
[2026-08-14 16:17:30] [INFO] [sparql_collector] [1-16. タイトル・名称 網羅検索 (Part 16)] Sub-fetch (limit=1000, progress=34000件〜) ...
[2026-08-14 16:17:30] [INFO] [sparql_collector] [1-16. タイトル・名称 網羅検索 (Part 16)] Got 1000 new items. (累計: 35000件) [0.42s]
[2026-08-14 16:17:30] [INFO] [logger] [STATS] FETCH | Count: 1000 | Time: 0.42s | Info: 1-16. タイトル・名称 網羅検索 (Part 16) | Offset: 34000
[2026-08-14 16:17:31] [INFO] [sparql_collector] [1-16. タイトル・名称 網羅検索 (Part 16)] Sub-fetch (limit=1000, progress=35000件〜) ...
[2026-08-14 16:17:31] [INFO] [sparql_collector] [1-16. タイトル・名称 網羅検索 (Part 16)] Got 1000 new items. (累計: 36000件) [0.37s]
[2026-08-14 16:17:31] [INFO] [logger] [STATS] FETCH | Count: 1000 | Time: 0.37s | Info: 1-16. タイトル・名称 網羅検索 (Part 16) | Offset: 35000
[2026-08-14 16:17:32] [INFO] [sparql_collector] [1-16. タイトル・名称 網羅検索 (Part 16)] Sub-fetch (limit=1000, progress=36000件〜) ...
[2026-08-14 16:17:32] [INFO] [sparql_collector] [1-16. タイトル・名称 網羅検索 (Part 16)] Got 1000 new items. (累計: 37000件) [0.48s]
[2026-08-14 16:17:32] [INFO] [logger] [STATS] FETCH | Count: 1000 | Time: 0.48s | Info: 1-16. タイトル・名称 網羅検索 (Part 16) | Offset: 36000
[2026-08-14 16:17:33] [INFO] [sparql_collector] [1-16. タイトル・名称 網羅検索 (Part 16)] Sub-fetch (limit=1000, progress=37000件〜) ...
[2026-08-14 16:17:33] [INFO] [sparql_collector] [1-16. タイトル・名称 網羅検索 (Part 16)] Got 1000 new items. (累計: 38000件) [0.46s]
[2026-08-14 16:17:33] [INFO] [logger] [STATS] FETCH | Count: 1000 | Time: 0.46s | Info: 1-16. タイトル・名称 網羅検索 (Part 16) | Offset: 37000
[2026-08-14 16:17:34] [INFO] [sparql_collector] [1-16. タイトル・名称 網羅検索 (Part 16)] Sub-fetch (limit=1000, progress=38000件〜) ...
[2026-08-14 16:17:34] [INFO] [sparql_collector] [1-16. タイトル・名称 網羅検索 (Part 16)] Got 1000 new items. (累計: 39000件) [0.42s]
[2026-08-14 16:17:34] [INFO] [logger] [STATS] FETCH | Count: 1000 | Time: 0.42s | Info: 1-16. タイトル・名称 網羅検索 (Part 16) | Offset: 38000
[2026-08-14 16:17:35] [INFO] [sparql_collector] [1-16. タイトル・名称 網羅検索 (Part 16)] Sub-fetch (limit=1000, progress=39000件〜) ...
[2026-08-14 16:17:35] [INFO] [sparql_collector] [1-16. タイトル・名称 網羅検索 (Part 16)] Got 1000 new items. (累計: 40000件) [0.38s]
[2026-08-14 16:17:35] [INFO] [logger] [STATS] FETCH | Count: 1000 | Time: 0.38s | Info: 1-16. タイトル・名称 網羅検索 (Part 16) | Offset: 39000
[2026-08-14 16:17:36] [INFO] [sparql_collector] [1-16. タイトル・名称 網羅検索 (Part 16)] Sub-fetch (limit=1000, progress=40000件〜) ...
[2026-08-14 16:17:36] [INFO] [sparql_collector] [1-16. タイトル・名称 網羅検索 (Part 16)] Got 1000 new items. (累計: 41000件) [0.45s]
[2026-08-14 16:17:36] [INFO] [logger] [STATS] FETCH | Count: 1000 | Time: 0.45s | Info: 1-16. タイトル・名称 網羅検索 (Part 16) | Offset: 40000
[2026-08-14 16:17:37] [INFO] [sparql_collector] [1-16. タイトル・名称 網羅検索 (Part 16)] Sub-fetch (limit=1000, progress=41000件〜) ...
[2026-08-14 16:17:37] [INFO] [sparql_collector] [1-16. タイトル・名称 網羅検索 (Part 16)] Got 1000 new items. (累計: 42000件) [0.46s]
[2026-08-14 16:17:37] [INFO] [logger] [STATS] FETCH | Count: 1000 | Time: 0.46s | Info: 1-16. タイトル・名称 網羅検索 (Part 16) | Offset: 41000
[2026-08-14 16:17:38] [INFO] [sparql_collector] [1-16. タイトル・名称 網羅検索 (Part 16)] Sub-fetch (limit=1000, progress=42000件〜) ...
[2026-08-14 16:17:38] [INFO] [sparql_collector] [1-16. タイトル・名称 網羅検索 (Part 16)] Got 1000 new items. (累計: 43000件) [0.48s]
[2026-08-14 16:17:38] [INFO] [logger] [STATS] FETCH | Count: 1000 | Time: 0.48s | Info: 1-16. タイトル・名称 網羅検索 (Part 16) | Offset: 42000
[2026-08-14 16:17:39] [INFO] [sparql_collector] [1-16. タイトル・名称 網羅検索 (Part 16)] Sub-fetch (limit=1000, progress=43000件〜) ...
[2026-08-14 16:17:39] [INFO] [sparql_collector] [1-16. タイトル・名称 網羅検索 (Part 16)] Got 1000 new items. (累計: 44000件) [0.49s]
[2026-08-14 16:17:39] [INFO] [logger] [STATS] FETCH | Count: 1000 | Time: 0.49s | Info: 1-16. タイトル・名称 網羅検索 (Part 16) | Offset: 43000
[2026-08-14 16:17:40] [INFO] [sparql_collector] [1-16. タイトル・名称 網羅検索 (Part 16)] Sub-fetch (limit=1000, progress=44000件〜) ...
[2026-08-14 16:17:40] [INFO] [sparql_collector] [1-16. タイトル・名称 網羅検索 (Part 16)] Got 1000 new items. (累計: 45000件) [0.46s]
[2026-08-14 16:17:40] [INFO] [logger] [STATS] FETCH | Count: 1000 | Time: 0.46s | Info: 1-16. タイトル・名称 網羅検索 (Part 16) | Offset: 44000
[2026-08-14 16:17:40] [INFO] [sparql_collector] [1-16. タイトル・名称 網羅検索 (Part 16)] Sub-fetch (limit=1000, progress=45000件〜) ...
[2026-08-14 16:17:41] [INFO] [sparql_collector] [1-16. タイトル・名称 網羅検索 (Part 16)] Got 1000 new items. (累計: 46000件) [0.56s]
[2026-08-14 16:17:41] [INFO] [logger] [STATS] FETCH | Count: 1000 | Time: 0.56s | Info: 1-16. タイトル・名称 網羅検索 (Part 16) | Offset: 45000
[2026-08-14 16:17:42] [INFO] [sparql_collector] [1-16. タイトル・名称 網羅検索 (Part 16)] Sub-fetch (limit=1000, progress=46000件〜) ...
[2026-08-14 16:17:42] [INFO] [sparql_collector] [1-16. タイトル・名称 網羅検索 (Part 16)] Got 1000 new items. (累計: 47000件) [0.50s]
[2026-08-14 16:17:42] [INFO] [logger] [STATS] FETCH | Count: 1000 | Time: 0.50s | Info: 1-16. タイトル・名称 網羅検索 (Part 16) | Offset: 46000
[2026-08-14 16:17:43] [INFO] [sparql_collector] [1-16. タイトル・名称 網羅検索 (Part 16)] Sub-fetch (limit=1000, progress=47000件〜) ...
[2026-08-14 16:17:43] [INFO] [sparql_collector] [1-16. タイトル・名称 網羅検索 (Part 16)] Got 1000 new items. (累計: 48000件) [0.52s]
[2026-08-14 16:17:43] [INFO] [logger] [STATS] FETCH | Count: 1000 | Time: 0.52s | Info: 1-16. タイトル・名称 網羅検索 (Part 16) | Offset: 47000
[2026-08-14 16:17:44] [INFO] [sparql_collector] [1-16. タイトル・名称 網羅検索 (Part 16)] Sub-fetch (limit=1000, progress=48000件〜) ...
[2026-08-14 16:17:44] [INFO] [sparql_collector] [1-16. タイトル・名称 網羅検索 (Part 16)] Got 1000 new items. (累計: 49000件) [0.53s]
[2026-08-14 16:17:44] [INFO] [logger] [STATS] FETCH | Count: 1000 | Time: 0.53s | Info: 1-16. タイトル・名称 網羅検索 (Part 16) | Offset: 48000
[2026-08-14 16:17:45] [INFO] [sparql_collector] [1-16. タイトル・名称 網羅検索 (Part 16)] Sub-fetch (limit=1000, progress=49000件〜) ...
[2026-08-14 16:17:45] [INFO] [sparql_collector] [1-16. タイトル・名称 網羅検索 (Part 16)] Got 1000 new items. (累計: 50000件) [0.53s]
[2026-08-14 16:17:45] [INFO] [logger] [STATS] FETCH | Count: 1000 | Time: 0.53s | Info: 1-16. タイトル・名称 網羅検索 (Part 16) | Offset: 49000
[2026-08-14 16:17:46] [INFO] [sparql_collector] [1-16. タイトル・名称 網羅検索 (Part 16)] Sub-fetch (limit=1000, progress=50000件〜) ...
[2026-08-14 16:17:46] [INFO] [sparql_collector] [1-16. タイトル・名称 網羅検索 (Part 16)] Got 1000 new items. (累計: 51000件) [0.56s]
[2026-08-14 16:17:46] [INFO] [logger] [STATS] FETCH | Count: 1000 | Time: 0.56s | Info: 1-16. タイトル・名称 網羅検索 (Part 16) | Offset: 50000
[2026-08-14 16:17:47] [INFO] [sparql_collector] [1-16. タイトル・名称 網羅検索 (Part 16)] Sub-fetch (limit=1000, progress=51000件〜) ...
[2026-08-14 16:17:47] [INFO] [sparql_collector] [1-16. タイトル・名称 網羅検索 (Part 16)] Got 1000 new items. (累計: 52000件) [0.56s]
[2026-08-14 16:17:47] [INFO] [logger] [STATS] FETCH | Count: 1000 | Time: 0.56s | Info: 1-16. タイトル・名称 網羅検索 (Part 16) | Offset: 51000
[2026-08-14 16:17:48] [INFO] [sparql_collector] [1-16. タイトル・名称 網羅検索 (Part 16)] Sub-fetch (limit=1000, progress=52000件〜) ...
[2026-08-14 16:17:48] [INFO] [sparql_collector] [1-16. タイトル・名称 網羅検索 (Part 16)] Got 1000 new items. (累計: 53000件) [0.51s]
[2026-08-14 16:17:48] [INFO] [logger] [STATS] FETCH | Count: 1000 | Time: 0.51s | Info: 1-16. タイトル・名称 網羅検索 (Part 16) | Offset: 52000
[2026-08-14 16:17:49] [INFO] [sparql_collector] [1-16. タイトル・名称 網羅検索 (Part 16)] Sub-fetch (limit=1000, progress=53000件〜) ...
[2026-08-14 16:17:49] [INFO] [sparql_collector] [1-16. タイトル・名称 網羅検索 (Part 16)] Got 1000 new items. (累計: 54000件) [0.52s]
[2026-08-14 16:17:49] [INFO] [logger] [STATS] FETCH | Count: 1000 | Time: 0.52s | Info: 1-16. タイトル・名称 網羅検索 (Part 16) | Offset: 53000
[2026-08-14 16:17:50] [INFO] [sparql_collector] [1-16. タイトル・名称 網羅検索 (Part 16)] Sub-fetch (limit=1000, progress=54000件〜) ...
[2026-08-14 16:17:50] [INFO] [sparql_collector] [1-16. タイトル・名称 網羅検索 (Part 16)] Got 1000 new items. (累計: 55000件) [0.50s]
[2026-08-14 16:17:50] [INFO] [logger] [STATS] FETCH | Count: 1000 | Time: 0.50s | Info: 1-16. タイトル・名称 網羅検索 (Part 16) | Offset: 54000
[2026-08-14 16:17:51] [INFO] [sparql_collector] [1-16. タイトル・名称 網羅検索 (Part 16)] Sub-fetch (limit=1000, progress=55000件〜) ...
[2026-08-14 16:17:51] [INFO] [sparql_collector] [1-16. タイトル・名称 網羅検索 (Part 16)] Got 1000 new items. (累計: 56000件) [0.49s]
[2026-08-14 16:17:51] [INFO] [logger] [STATS] FETCH | Count: 1000 | Time: 0.49s | Info: 1-16. タイトル・名称 網羅検索 (Part 16) | Offset: 55000
[2026-08-14 16:17:52] [INFO] [sparql_collector] [1-16. タイトル・名称 網羅検索 (Part 16)] Sub-fetch (limit=1000, progress=56000件〜) ...
[2026-08-14 16:17:52] [INFO] [sparql_collector] [1-16. タイトル・名称 網羅検索 (Part 16)] Got 1000 new items. (累計: 57000件) [0.54s]
[2026-08-14 16:17:52] [INFO] [logger] [STATS] FETCH | Count: 1000 | Time: 0.54s | Info: 1-16. タイトル・名称 網羅検索 (Part 16) | Offset: 56000
[2026-08-14 16:17:53] [INFO] [sparql_collector] [1-16. タイトル・名称 網羅検索 (Part 16)] Sub-fetch (limit=1000, progress=57000件〜) ...
[2026-08-14 16:17:53] [INFO] [sparql_collector] [1-16. タイトル・名称 網羅検索 (Part 16)] Got 1000 new items. (累計: 58000件) [0.52s]
[2026-08-14 16:17:53] [INFO] [logger] [STATS] FETCH | Count: 1000 | Time: 0.52s | Info: 1-16. タイトル・名称 網羅検索 (Part 16) | Offset: 57000
[2026-08-14 16:17:54] [INFO] [sparql_collector] [1-16. タイトル・名称 網羅検索 (Part 16)] Sub-fetch (limit=1000, progress=58000件〜) ...
[2026-08-14 16:17:55] [INFO] [sparql_collector] [1-16. タイトル・名称 網羅検索 (Part 16)] Got 1000 new items. (累計: 59000件) [0.54s]
[2026-08-14 16:17:55] [INFO] [logger] [STATS] FETCH | Count: 1000 | Time: 0.54s | Info: 1-16. タイトル・名称 網羅検索 (Part 16) | Offset: 58000
[2026-08-14 16:17:55] [INFO] [sparql_collector] [1-16. タイトル・名称 網羅検索 (Part 16)] Sub-fetch (limit=1000, progress=59000件〜) ...
[2026-08-14 16:17:56] [INFO] [sparql_collector] [1-16. タイトル・名称 網羅検索 (Part 16)] Got 1000 new items. (累計: 60000件) [0.56s]
[2026-08-14 16:17:56] [INFO] [logger] [STATS] FETCH | Count: 1000 | Time: 0.56s | Info: 1-16. タイトル・名称 網羅検索 (Part 16) | Offset: 59000
[2026-08-14 16:17:56] [INFO] [sparql_collector] [1-16. タイトル・名称 網羅検索 (Part 16)] Sub-fetch (limit=1000, progress=60000件〜) ...
[2026-08-14 16:17:57] [INFO] [sparql_collector] [1-16. タイトル・名称 網羅検索 (Part 16)] Got 1000 new items. (累計: 61000件) [0.60s]
[2026-08-14 16:17:57] [INFO] [logger] [STATS] FETCH | Count: 1000 | Time: 0.60s | Info: 1-16. タイトル・名称 網羅検索 (Part 16) | Offset: 60000
[2026-08-14 16:17:57] [INFO] [sparql_collector] [1-16. タイトル・名称 網羅検索 (Part 16)] Sub-fetch (limit=1000, progress=61000件〜) ...
[2026-08-14 16:17:58] [INFO] [sparql_collector] [1-16. タイトル・名称 網羅検索 (Part 16)] Got 1000 new items. (累計: 62000件) [0.58s]
[2026-08-14 16:17:58] [INFO] [logger] [STATS] FETCH | Count: 1000 | Time: 0.58s | Info: 1-16. タイトル・名称 網羅検索 (Part 16) | Offset: 61000
[2026-08-14 16:17:58] [INFO] [sparql_collector] [1-16. タイトル・名称 網羅検索 (Part 16)] Sub-fetch (limit=1000, progress=62000件〜) ...
[2026-08-14 16:17:59] [INFO] [sparql_collector] [1-16. タイトル・名称 網羅検索 (Part 16)] Got 1000 new items. (累計: 63000件) [0.55s]
[2026-08-14 16:17:59] [INFO] [logger] [STATS] FETCH | Count: 1000 | Time: 0.55s | Info: 1-16. タイトル・名称 網羅検索 (Part 16) | Offset: 62000
[2026-08-14 16:17:59] [INFO] [sparql_collector] [1-16. タイトル・名称 網羅検索 (Part 16)] Sub-fetch (limit=1000, progress=63000件〜) ...
[2026-08-14 16:18:00] [INFO] [sparql_collector] [1-16. タイトル・名称 網羅検索 (Part 16)] Got 1000 new items. (累計: 64000件) [0.61s]
[2026-08-14 16:18:00] [INFO] [logger] [STATS] FETCH | Count: 1000 | Time: 0.61s | Info: 1-16. タイトル・名称 網羅検索 (Part 16) | Offset: 63000
[2026-08-14 16:18:00] [INFO] [sparql_collector] [1-16. タイトル・名称 網羅検索 (Part 16)] Sub-fetch (limit=1000, progress=64000件〜) ...
[2026-08-14 16:18:01] [INFO] [sparql_collector] [1-16. タイトル・名称 網羅検索 (Part 16)] Got 1000 new items. (累計: 65000件) [0.63s]
[2026-08-14 16:18:01] [INFO] [logger] [STATS] FETCH | Count: 1000 | Time: 0.63s | Info: 1-16. タイトル・名称 網羅検索 (Part 16) | Offset: 64000
[2026-08-14 16:18:02] [INFO] [sparql_collector] [1-16. タイトル・名称 網羅検索 (Part 16)] Sub-fetch (limit=1000, progress=65000件〜) ...
[2026-08-14 16:18:02] [INFO] [sparql_collector] [1-16. タイトル・名称 網羅検索 (Part 16)] Got 1000 new items. (累計: 66000件) [0.72s]
[2026-08-14 16:18:02] [INFO] [logger] [STATS] FETCH | Count: 1000 | Time: 0.72s | Info: 1-16. タイトル・名称 網羅検索 (Part 16) | Offset: 65000
[2026-08-14 16:18:03] [INFO] [sparql_collector] [1-16. タイトル・名称 網羅検索 (Part 16)] Sub-fetch (limit=1000, progress=66000件〜) ...
[2026-08-14 16:18:03] [INFO] [sparql_collector] [1-16. タイトル・名称 網羅検索 (Part 16)] Got 1000 new items. (累計: 67000件) [0.63s]
[2026-08-14 16:18:03] [INFO] [logger] [STATS] FETCH | Count: 1000 | Time: 0.63s | Info: 1-16. タイトル・名称 網羅検索 (Part 16) | Offset: 66000
[2026-08-14 16:18:04] [INFO] [sparql_collector] [1-16. タイトル・名称 網羅検索 (Part 16)] Sub-fetch (limit=1000, progress=67000件〜) ...
[2026-08-14 16:18:05] [INFO] [sparql_collector] [1-16. タイトル・名称 網羅検索 (Part 16)] Got 1000 new items. (累計: 68000件) [0.64s]
[2026-08-14 16:18:05] [INFO] [logger] [STATS] FETCH | Count: 1000 | Time: 0.64s | Info: 1-16. タイトル・名称 網羅検索 (Part 16) | Offset: 67000
[2026-08-14 16:18:05] [INFO] [sparql_collector] [1-16. タイトル・名称 網羅検索 (Part 16)] Sub-fetch (limit=1000, progress=68000件〜) ...
[2026-08-14 16:18:06] [INFO] [sparql_collector] [1-16. タイトル・名称 網羅検索 (Part 16)] Got 1000 new items. (累計: 69000件) [0.64s]
[2026-08-14 16:18:06] [INFO] [logger] [STATS] FETCH | Count: 1000 | Time: 0.64s | Info: 1-16. タイトル・名称 網羅検索 (Part 16) | Offset: 68000
[2026-08-14 16:18:06] [INFO] [sparql_collector] [1-16. タイトル・名称 網羅検索 (Part 16)] Sub-fetch (limit=1000, progress=69000件〜) ...
[2026-08-14 16:18:07] [INFO] [sparql_collector] [1-16. タイトル・名称 網羅検索 (Part 16)] Got 1000 new items. (累計: 70000件) [0.63s]
[2026-08-14 16:18:07] [INFO] [logger] [STATS] FETCH | Count: 1000 | Time: 0.63s | Info: 1-16. タイトル・名称 網羅検索 (Part 16) | Offset: 69000
[2026-08-14 16:18:07] [INFO] [sparql_collector] [1-16. タイトル・名称 網羅検索 (Part 16)] Sub-fetch (limit=1000, progress=70000件〜) ...
[2026-08-14 16:18:08] [INFO] [sparql_collector] [1-16. タイトル・名称 網羅検索 (Part 16)] Got 1000 new items. (累計: 71000件) [0.66s]
[2026-08-14 16:18:08] [INFO] [logger] [STATS] FETCH | Count: 1000 | Time: 0.66s | Info: 1-16. タイトル・名称 網羅検索 (Part 16) | Offset: 70000
[2026-08-14 16:18:09] [INFO] [sparql_collector] [1-16. タイトル・名称 網羅検索 (Part 16)] Sub-fetch (limit=1000, progress=71000件〜) ...
[2026-08-14 16:18:09] [INFO] [sparql_collector] [1-16. タイトル・名称 網羅検索 (Part 16)] Got 1000 new items. (累計: 72000件) [0.74s]
[2026-08-14 16:18:09] [INFO] [logger] [STATS] FETCH | Count: 1000 | Time: 0.74s | Info: 1-16. タイトル・名称 網羅検索 (Part 16) | Offset: 71000
[2026-08-14 16:18:10] [INFO] [sparql_collector] [1-16. タイトル・名称 網羅検索 (Part 16)] Sub-fetch (limit=1000, progress=72000件〜) ...
[2026-08-14 16:18:11] [INFO] [sparql_collector] [1-16. タイトル・名称 網羅検索 (Part 16)] Got 1000 new items. (累計: 73000件) [0.69s]
[2026-08-14 16:18:11] [INFO] [logger] [STATS] FETCH | Count: 1000 | Time: 0.69s | Info: 1-16. タイトル・名称 網羅検索 (Part 16) | Offset: 72000
[2026-08-14 16:18:11] [INFO] [sparql_collector] [1-16. タイトル・名称 網羅検索 (Part 16)] Sub-fetch (limit=1000, progress=73000件〜) ...
[2026-08-14 16:18:12] [INFO] [sparql_collector] [1-16. タイトル・名称 網羅検索 (Part 16)] Got 1000 new items. (累計: 74000件) [0.68s]
[2026-08-14 16:18:12] [INFO] [logger] [STATS] FETCH | Count: 1000 | Time: 0.68s | Info: 1-16. タイトル・名称 網羅検索 (Part 16) | Offset: 73000
[2026-08-14 16:18:12] [INFO] [sparql_collector] [1-16. タイトル・名称 網羅検索 (Part 16)] Sub-fetch (limit=1000, progress=74000件〜) ...
[2026-08-14 16:18:13] [INFO] [sparql_collector] [1-16. タイトル・名称 網羅検索 (Part 16)] Got 1000 new items. (累計: 75000件) [0.79s]
[2026-08-14 16:18:13] [INFO] [logger] [STATS] FETCH | Count: 1000 | Time: 0.79s | Info: 1-16. タイトル・名称 網羅検索 (Part 16) | Offset: 74000
[2026-08-14 16:18:14] [INFO] [sparql_collector] [1-16. タイトル・名称 網羅検索 (Part 16)] Sub-fetch (limit=1000, progress=75000件〜) ...
[2026-08-14 16:18:14] [INFO] [sparql_collector] [1-16. タイトル・名称 網羅検索 (Part 16)] Got 1000 new items. (累計: 76000件) [0.73s]
[2026-08-14 16:18:14] [INFO] [logger] [STATS] FETCH | Count: 1000 | Time: 0.73s | Info: 1-16. タイトル・名称 網羅検索 (Part 16) | Offset: 75000
[2026-08-14 16:18:15] [INFO] [sparql_collector] [1-16. タイトル・名称 網羅検索 (Part 16)] Sub-fetch (limit=1000, progress=76000件〜) ...
[2026-08-14 16:18:16] [INFO] [sparql_collector] [1-16. タイトル・名称 網羅検索 (Part 16)] Got 1000 new items. (累計: 77000件) [0.83s]
[2026-08-14 16:18:16] [INFO] [logger] [STATS] FETCH | Count: 1000 | Time: 0.83s | Info: 1-16. タイトル・名称 網羅検索 (Part 16) | Offset: 76000
[2026-08-14 16:18:16] [INFO] [sparql_collector] [1-16. タイトル・名称 網羅検索 (Part 16)] Sub-fetch (limit=1000, progress=77000件〜) ...
[2026-08-14 16:18:17] [INFO] [sparql_collector] [1-16. タイトル・名称 網羅検索 (Part 16)] Got 1000 new items. (累計: 78000件) [0.80s]
[2026-08-14 16:18:17] [INFO] [logger] [STATS] FETCH | Count: 1000 | Time: 0.80s | Info: 1-16. タイトル・名称 網羅検索 (Part 16) | Offset: 77000
[2026-08-14 16:18:17] [INFO] [sparql_collector] [1-16. タイトル・名称 網羅検索 (Part 16)] Sub-fetch (limit=1000, progress=78000件〜) ...
[2026-08-14 16:18:18] [INFO] [sparql_collector] [1-16. タイトル・名称 網羅検索 (Part 16)] Got 1000 new items. (累計: 79000件) [0.84s]
[2026-08-14 16:18:18] [INFO] [logger] [STATS] FETCH | Count: 1000 | Time: 0.84s | Info: 1-16. タイトル・名称 網羅検索 (Part 16) | Offset: 78000
[2026-08-14 16:18:19] [INFO] [sparql_collector] [1-16. タイトル・名称 網羅検索 (Part 16)] Sub-fetch (limit=1000, progress=79000件〜) ...
[2026-08-14 16:18:20] [INFO] [sparql_collector] [1-16. タイトル・名称 網羅検索 (Part 16)] Got 1000 new items. (累計: 80000件) [0.81s]
[2026-08-14 16:18:20] [INFO] [logger] [STATS] FETCH | Count: 1000 | Time: 0.81s | Info: 1-16. タイトル・名称 網羅検索 (Part 16) | Offset: 79000
[2026-08-14 16:18:20] [INFO] [sparql_collector] [1-16. タイトル・名称 網羅検索 (Part 16)] Sub-fetch (limit=1000, progress=80000件〜) ...
[2026-08-14 16:18:21] [INFO] [sparql_collector] [1-16. タイトル・名称 網羅検索 (Part 16)] Got 1000 new items. (累計: 81000件) [0.82s]
[2026-08-14 16:18:21] [INFO] [logger] [STATS] FETCH | Count: 1000 | Time: 0.82s | Info: 1-16. タイトル・名称 網羅検索 (Part 16) | Offset: 80000
[2026-08-14 16:18:21] [INFO] [sparql_collector] [1-16. タイトル・名称 網羅検索 (Part 16)] Sub-fetch (limit=1000, progress=81000件〜) ...
[2026-08-14 16:18:22] [INFO] [sparql_collector] [1-16. タイトル・名称 網羅検索 (Part 16)] Got 1000 new items. (累計: 82000件) [0.86s]
[2026-08-14 16:18:22] [INFO] [logger] [STATS] FETCH | Count: 1000 | Time: 0.86s | Info: 1-16. タイトル・名称 網羅検索 (Part 16) | Offset: 81000
[2026-08-14 16:18:23] [INFO] [sparql_collector] [1-16. タイトル・名称 網羅検索 (Part 16)] Sub-fetch (limit=1000, progress=82000件〜) ...
[2026-08-14 16:18:24] [INFO] [sparql_collector] [1-16. タイトル・名称 網羅検索 (Part 16)] Got 1000 new items. (累計: 83000件) [0.82s]
[2026-08-14 16:18:24] [INFO] [logger] [STATS] FETCH | Count: 1000 | Time: 0.82s | Info: 1-16. タイトル・名称 網羅検索 (Part 16) | Offset: 82000
[2026-08-14 16:18:24] [INFO] [sparql_collector] [1-16. タイトル・名称 網羅検索 (Part 16)] Sub-fetch (limit=1000, progress=83000件〜) ...
[2026-08-14 16:18:25] [INFO] [sparql_collector] [1-16. タイトル・名称 網羅検索 (Part 16)] Got 1000 new items. (累計: 84000件) [0.78s]
[2026-08-14 16:18:25] [INFO] [logger] [STATS] FETCH | Count: 1000 | Time: 0.78s | Info: 1-16. タイトル・名称 網羅検索 (Part 16) | Offset: 83000
[2026-08-14 16:18:25] [INFO] [sparql_collector] [1-16. タイトル・名称 網羅検索 (Part 16)] Sub-fetch (limit=1000, progress=84000件〜) ...
[2026-08-14 16:18:26] [INFO] [sparql_collector] [1-16. タイトル・名称 網羅検索 (Part 16)] Got 1000 new items. (累計: 85000件) [0.97s]
[2026-08-14 16:18:26] [INFO] [logger] [STATS] FETCH | Count: 1000 | Time: 0.97s | Info: 1-16. タイトル・名称 網羅検索 (Part 16) | Offset: 84000
[2026-08-14 16:18:27] [INFO] [sparql_collector] [1-16. タイトル・名称 網羅検索 (Part 16)] Sub-fetch (limit=1000, progress=85000件〜) ...
[2026-08-14 16:18:28] [INFO] [sparql_collector] [1-16. タイトル・名称 網羅検索 (Part 16)] Got 1000 new items. (累計: 86000件) [0.81s]
[2026-08-14 16:18:28] [INFO] [logger] [STATS] FETCH | Count: 1000 | Time: 0.81s | Info: 1-16. タイトル・名称 網羅検索 (Part 16) | Offset: 85000
[2026-08-14 16:18:28] [INFO] [sparql_collector] [1-16. タイトル・名称 網羅検索 (Part 16)] Sub-fetch (limit=1000, progress=86000件〜) ...
[2026-08-14 16:18:29] [INFO] [sparql_collector] [1-16. タイトル・名称 網羅検索 (Part 16)] Got 1000 new items. (累計: 87000件) [0.85s]
[2026-08-14 16:18:29] [INFO] [logger] [STATS] FETCH | Count: 1000 | Time: 0.85s | Info: 1-16. タイトル・名称 網羅検索 (Part 16) | Offset: 86000
[2026-08-14 16:18:30] [INFO] [sparql_collector] [1-16. タイトル・名称 網羅検索 (Part 16)] Sub-fetch (limit=1000, progress=87000件〜) ...
[2026-08-14 16:18:30] [INFO] [sparql_collector] [1-16. タイトル・名称 網羅検索 (Part 16)] Got 1000 new items. (累計: 88000件) [0.80s]
[2026-08-14 16:18:30] [INFO] [logger] [STATS] FETCH | Count: 1000 | Time: 0.80s | Info: 1-16. タイトル・名称 網羅検索 (Part 16) | Offset: 87000
[2026-08-14 16:18:31] [INFO] [sparql_collector] [1-16. タイトル・名称 網羅検索 (Part 16)] Sub-fetch (limit=1000, progress=88000件〜) ...
[2026-08-14 16:18:32] [INFO] [sparql_collector] [1-16. タイトル・名称 網羅検索 (Part 16)] Got 1000 new items. (累計: 89000件) [0.85s]
[2026-08-14 16:18:32] [INFO] [logger] [STATS] FETCH | Count: 1000 | Time: 0.85s | Info: 1-16. タイトル・名称 網羅検索 (Part 16) | Offset: 88000
[2026-08-14 16:18:32] [INFO] [sparql_collector] [1-16. タイトル・名称 網羅検索 (Part 16)] Sub-fetch (limit=1000, progress=89000件〜) ...
[2026-08-14 16:18:33] [INFO] [sparql_collector] [1-16. タイトル・名称 網羅検索 (Part 16)] Got 1000 new items. (累計: 90000件) [0.79s]
[2026-08-14 16:18:33] [INFO] [logger] [STATS] FETCH | Count: 1000 | Time: 0.79s | Info: 1-16. タイトル・名称 網羅検索 (Part 16) | Offset: 89000
[2026-08-14 16:18:34] [INFO] [sparql_collector] [1-16. タイトル・名称 網羅検索 (Part 16)] Sub-fetch (limit=1000, progress=90000件〜) ...
[2026-08-14 16:18:34] [INFO] [sparql_collector] [1-16. タイトル・名称 網羅検索 (Part 16)] Got 1000 new items. (累計: 91000件) [0.89s]
[2026-08-14 16:18:34] [INFO] [logger] [STATS] FETCH | Count: 1000 | Time: 0.89s | Info: 1-16. タイトル・名称 網羅検索 (Part 16) | Offset: 90000
[2026-08-14 16:18:35] [INFO] [sparql_collector] [1-16. タイトル・名称 網羅検索 (Part 16)] Sub-fetch (limit=1000, progress=91000件〜) ...
[2026-08-14 16:18:36] [INFO] [sparql_collector] [1-16. タイトル・名称 網羅検索 (Part 16)] Got 1000 new items. (累計: 92000件) [0.91s]
[2026-08-14 16:18:36] [INFO] [logger] [STATS] FETCH | Count: 1000 | Time: 0.91s | Info: 1-16. タイトル・名称 網羅検索 (Part 16) | Offset: 91000
[2026-08-14 16:18:36] [INFO] [sparql_collector] [1-16. タイトル・名称 網羅検索 (Part 16)] Sub-fetch (limit=1000, progress=92000件〜) ...
[2026-08-14 16:18:37] [INFO] [sparql_collector] [1-16. タイトル・名称 網羅検索 (Part 16)] Got 1000 new items. (累計: 93000件) [0.95s]
[2026-08-14 16:18:37] [INFO] [logger] [STATS] FETCH | Count: 1000 | Time: 0.95s | Info: 1-16. タイトル・名称 網羅検索 (Part 16) | Offset: 92000
[2026-08-14 16:18:38] [INFO] [sparql_collector] [1-16. タイトル・名称 網羅検索 (Part 16)] Sub-fetch (limit=1000, progress=93000件〜) ...
[2026-08-14 16:18:39] [INFO] [sparql_collector] [1-16. タイトル・名称 網羅検索 (Part 16)] Got 1000 new items. (累計: 94000件) [0.93s]
[2026-08-14 16:18:39] [INFO] [logger] [STATS] FETCH | Count: 1000 | Time: 0.93s | Info: 1-16. タイトル・名称 網羅検索 (Part 16) | Offset: 93000
[2026-08-14 16:18:39] [INFO] [sparql_collector] [1-16. タイトル・名称 網羅検索 (Part 16)] Sub-fetch (limit=1000, progress=94000件〜) ...
[2026-08-14 16:18:40] [INFO] [sparql_collector] [1-16. タイトル・名称 網羅検索 (Part 16)] Got 1000 new items. (累計: 95000件) [0.95s]
[2026-08-14 16:18:40] [INFO] [logger] [STATS] FETCH | Count: 1000 | Time: 0.95s | Info: 1-16. タイトル・名称 網羅検索 (Part 16) | Offset: 94000
[2026-08-14 16:18:41] [INFO] [sparql_collector] [1-16. タイトル・名称 網羅検索 (Part 16)] Sub-fetch (limit=1000, progress=95000件〜) ...
[2026-08-14 16:18:42] [INFO] [sparql_collector] [1-16. タイトル・名称 網羅検索 (Part 16)] Got 1000 new items. (累計: 96000件) [0.98s]
[2026-08-14 16:18:42] [INFO] [logger] [STATS] FETCH | Count: 1000 | Time: 0.98s | Info: 1-16. タイトル・名称 網羅検索 (Part 16) | Offset: 95000
[2026-08-14 16:18:42] [INFO] [sparql_collector] [1-16. タイトル・名称 網羅検索 (Part 16)] Sub-fetch (limit=1000, progress=96000件〜) ...
[2026-08-14 16:18:43] [INFO] [sparql_collector] [1-16. タイトル・名称 網羅検索 (Part 16)] Got 1000 new items. (累計: 97000件) [0.91s]
[2026-08-14 16:18:43] [INFO] [logger] [STATS] FETCH | Count: 1000 | Time: 0.91s | Info: 1-16. タイトル・名称 網羅検索 (Part 16) | Offset: 96000
[2026-08-14 16:18:44] [INFO] [sparql_collector] [1-16. タイトル・名称 網羅検索 (Part 16)] Sub-fetch (limit=1000, progress=97000件〜) ...
[2026-08-14 16:18:45] [INFO] [sparql_collector] [1-16. タイトル・名称 網羅検索 (Part 16)] Got 1000 new items. (累計: 98000件) [0.86s]
[2026-08-14 16:18:45] [INFO] [logger] [STATS] FETCH | Count: 1000 | Time: 0.86s | Info: 1-16. タイトル・名称 網羅検索 (Part 16) | Offset: 97000
[2026-08-14 16:18:45] [INFO] [sparql_collector] [1-16. タイトル・名称 網羅検索 (Part 16)] Sub-fetch (limit=1000, progress=98000件〜) ...
[2026-08-14 16:18:46] [INFO] [sparql_collector] [1-16. タイトル・名称 網羅検索 (Part 16)] Got 1000 new items. (累計: 99000件) [0.89s]
[2026-08-14 16:18:46] [INFO] [logger] [STATS] FETCH | Count: 1000 | Time: 0.89s | Info: 1-16. タイトル・名称 網羅検索 (Part 16) | Offset: 98000
[2026-08-14 16:18:46] [INFO] [sparql_collector] [1-16. タイトル・名称 網羅検索 (Part 16)] Sub-fetch (limit=1000, progress=99000件〜) ...
[2026-08-14 16:18:47] [INFO] [sparql_collector] [1-16. タイトル・名称 網羅検索 (Part 16)] Got 1000 new items. (累計: 100000件) [0.91s]
[2026-08-14 16:18:47] [INFO] [logger] [STATS] FETCH | Count: 1000 | Time: 0.91s | Info: 1-16. タイトル・名称 網羅検索 (Part 16) | Offset: 99000
[2026-08-14 16:18:48] [INFO] [sparql_collector] [1-16. タイトル・名称 網羅検索 (Part 16)] Sub-fetch (limit=1000, progress=100000件〜) ...
[2026-08-14 16:18:49] [INFO] [sparql_collector] [1-16. タイトル・名称 網羅検索 (Part 16)] Got 1000 new items. (累計: 101000件) [0.90s]
[2026-08-14 16:18:49] [INFO] [logger] [STATS] FETCH | Count: 1000 | Time: 0.90s | Info: 1-16. タイトル・名称 網羅検索 (Part 16) | Offset: 100000
[2026-08-14 16:18:49] [INFO] [sparql_collector] [1-16. タイトル・名称 網羅検索 (Part 16)] Sub-fetch (limit=1000, progress=101000件〜) ...
[2026-08-14 16:18:50] [INFO] [sparql_collector] [1-16. タイトル・名称 網羅検索 (Part 16)] Got 1000 new items. (累計: 102000件) [1.01s]
[2026-08-14 16:18:50] [INFO] [logger] [STATS] FETCH | Count: 1000 | Time: 1.01s | Info: 1-16. タイトル・名称 網羅検索 (Part 16) | Offset: 101000
[2026-08-14 16:18:51] [INFO] [sparql_collector] [1-16. タイトル・名称 網羅検索 (Part 16)] Sub-fetch (limit=1000, progress=102000件〜) ...
[2026-08-14 16:18:52] [INFO] [sparql_collector] [1-16. タイトル・名称 網羅検索 (Part 16)] Got 1000 new items. (累計: 103000件) [1.04s]
[2026-08-14 16:18:52] [INFO] [logger] [STATS] FETCH | Count: 1000 | Time: 1.04s | Info: 1-16. タイトル・名称 網羅検索 (Part 16) | Offset: 102000
[2026-08-14 16:18:52] [INFO] [sparql_collector] [1-16. タイトル・名称 網羅検索 (Part 16)] Sub-fetch (limit=1000, progress=103000件〜) ...
[2026-08-14 16:18:53] [INFO] [sparql_collector] [1-16. タイトル・名称 網羅検索 (Part 16)] Got 1000 new items. (累計: 104000件) [1.02s]
[2026-08-14 16:18:53] [INFO] [logger] [STATS] FETCH | Count: 1000 | Time: 1.02s | Info: 1-16. タイトル・名称 網羅検索 (Part 16) | Offset: 103000
[2026-08-14 16:18:54] [INFO] [sparql_collector] [1-16. タイトル・名称 網羅検索 (Part 16)] Sub-fetch (limit=1000, progress=104000件〜) ...
[2026-08-14 16:18:55] [INFO] [sparql_collector] [1-16. タイトル・名称 網羅検索 (Part 16)] Got 1000 new items. (累計: 105000件) [1.01s]
[2026-08-14 16:18:55] [INFO] [logger] [STATS] FETCH | Count: 1000 | Time: 1.01s | Info: 1-16. タイトル・名称 網羅検索 (Part 16) | Offset: 104000
[2026-08-14 16:18:55] [INFO] [sparql_collector] [1-16. タイトル・名称 網羅検索 (Part 16)] Sub-fetch (limit=1000, progress=105000件〜) ...
[2026-08-14 16:18:57] [INFO] [sparql_collector] [1-16. タイトル・名称 網羅検索 (Part 16)] Got 1000 new items. (累計: 106000件) [1.10s]
[2026-08-14 16:18:57] [INFO] [logger] [STATS] FETCH | Count: 1000 | Time: 1.10s | Info: 1-16. タイトル・名称 網羅検索 (Part 16) | Offset: 105000
[2026-08-14 16:18:57] [INFO] [sparql_collector] [1-16. タイトル・名称 網羅検索 (Part 16)] Sub-fetch (limit=1000, progress=106000件〜) ...
[2026-08-14 16:18:58] [INFO] [sparql_collector] [1-16. タイトル・名称 網羅検索 (Part 16)] Got 1000 new items. (累計: 107000件) [1.03s]
[2026-08-14 16:18:58] [INFO] [logger] [STATS] FETCH | Count: 1000 | Time: 1.03s | Info: 1-16. タイトル・名称 網羅検索 (Part 16) | Offset: 106000
[2026-08-14 16:18:59] [INFO] [sparql_collector] [1-16. タイトル・名称 網羅検索 (Part 16)] Sub-fetch (limit=1000, progress=107000件〜) ...
[2026-08-14 16:19:00] [INFO] [sparql_collector] [1-16. タイトル・名称 網羅検索 (Part 16)] Got 1000 new items. (累計: 108000件) [1.15s]
[2026-08-14 16:19:00] [INFO] [logger] [STATS] FETCH | Count: 1000 | Time: 1.15s | Info: 1-16. タイトル・名称 網羅検索 (Part 16) | Offset: 107000
[2026-08-14 16:19:00] [INFO] [sparql_collector] [1-16. タイトル・名称 網羅検索 (Part 16)] Sub-fetch (limit=1000, progress=108000件〜) ...
[2026-08-14 16:19:01] [INFO] [sparql_collector] [1-16. タイトル・名称 網羅検索 (Part 16)] Got 1000 new items. (累計: 109000件) [1.13s]
[2026-08-14 16:19:01] [INFO] [logger] [STATS] FETCH | Count: 1000 | Time: 1.13s | Info: 1-16. タイトル・名称 網羅検索 (Part 16) | Offset: 108000
[2026-08-14 16:19:02] [INFO] [sparql_collector] [1-16. タイトル・名称 網羅検索 (Part 16)] Sub-fetch (limit=1000, progress=109000件〜) ...
[2026-08-14 16:19:03] [INFO] [sparql_collector] [1-16. タイトル・名称 網羅検索 (Part 16)] Got 1000 new items. (累計: 110000件) [1.07s]
[2026-08-14 16:19:03] [INFO] [logger] [STATS] FETCH | Count: 1000 | Time: 1.07s | Info: 1-16. タイトル・名称 網羅検索 (Part 16) | Offset: 109000
[2026-08-14 16:19:03] [INFO] [sparql_collector] [1-16. タイトル・名称 網羅検索 (Part 16)] Sub-fetch (limit=1000, progress=110000件〜) ...
[2026-08-14 16:19:05] [INFO] [sparql_collector] [1-16. タイトル・名称 網羅検索 (Part 16)] Got 1000 new items. (累計: 111000件) [1.12s]
[2026-08-14 16:19:05] [INFO] [logger] [STATS] FETCH | Count: 1000 | Time: 1.12s | Info: 1-16. タイトル・名称 網羅検索 (Part 16) | Offset: 110000
[2026-08-14 16:19:05] [INFO] [sparql_collector] [1-16. タイトル・名称 網羅検索 (Part 16)] Sub-fetch (limit=1000, progress=111000件〜) ...
[2026-08-14 16:19:06] [INFO] [sparql_collector] [1-16. タイトル・名称 網羅検索 (Part 16)] Got 1000 new items. (累計: 112000件) [1.07s]
[2026-08-14 16:19:06] [INFO] [logger] [STATS] FETCH | Count: 1000 | Time: 1.07s | Info: 1-16. タイトル・名称 網羅検索 (Part 16) | Offset: 111000
[2026-08-14 16:19:07] [INFO] [sparql_collector] [1-16. タイトル・名称 網羅検索 (Part 16)] Sub-fetch (limit=1000, progress=112000件〜) ...
[2026-08-14 16:19:08] [INFO] [sparql_collector] [1-16. タイトル・名称 網羅検索 (Part 16)] Got 1000 new items. (累計: 113000件) [1.20s]
[2026-08-14 16:19:08] [INFO] [logger] [STATS] FETCH | Count: 1000 | Time: 1.20s | Info: 1-16. タイトル・名称 網羅検索 (Part 16) | Offset: 112000
[2026-08-14 16:19:08] [INFO] [sparql_collector] [1-16. タイトル・名称 網羅検索 (Part 16)] Sub-fetch (limit=1000, progress=113000件〜) ...
[2026-08-14 16:19:10] [INFO] [sparql_collector] [1-16. タイトル・名称 網羅検索 (Part 16)] Got 1000 new items. (累計: 114000件) [1.14s]
[2026-08-14 16:19:10] [INFO] [logger] [STATS] FETCH | Count: 1000 | Time: 1.14s | Info: 1-16. タイトル・名称 網羅検索 (Part 16) | Offset: 113000
[2026-08-14 16:19:10] [INFO] [sparql_collector] [1-16. タイトル・名称 網羅検索 (Part 16)] Sub-fetch (limit=1000, progress=114000件〜) ...
[2026-08-14 16:19:11] [INFO] [sparql_collector] [1-16. タイトル・名称 網羅検索 (Part 16)] Got 1000 new items. (累計: 115000件) [1.08s]
[2026-08-14 16:19:11] [INFO] [logger] [STATS] FETCH | Count: 1000 | Time: 1.08s | Info: 1-16. タイトル・名称 網羅検索 (Part 16) | Offset: 114000
[2026-08-14 16:19:12] [INFO] [sparql_collector] [1-16. タイトル・名称 網羅検索 (Part 16)] Sub-fetch (limit=1000, progress=115000件〜) ...
[2026-08-14 16:19:13] [INFO] [sparql_collector] [1-16. タイトル・名称 網羅検索 (Part 16)] Got 1000 new items. (累計: 116000件) [1.22s]
[2026-08-14 16:19:13] [INFO] [logger] [STATS] FETCH | Count: 1000 | Time: 1.22s | Info: 1-16. タイトル・名称 網羅検索 (Part 16) | Offset: 115000
[2026-08-14 16:19:13] [INFO] [sparql_collector] [1-16. タイトル・名称 網羅検索 (Part 16)] Sub-fetch (limit=1000, progress=116000件〜) ...
[2026-08-14 16:19:15] [INFO] [sparql_collector] [1-16. タイトル・名称 網羅検索 (Part 16)] Got 1000 new items. (累計: 117000件) [1.23s]
[2026-08-14 16:19:15] [INFO] [logger] [STATS] FETCH | Count: 1000 | Time: 1.23s | Info: 1-16. タイトル・名称 網羅検索 (Part 16) | Offset: 116000
[2026-08-14 16:19:15] [INFO] [sparql_collector] [1-16. タイトル・名称 網羅検索 (Part 16)] Sub-fetch (limit=1000, progress=117000件〜) ...
[2026-08-14 16:19:16] [INFO] [sparql_collector] [1-16. タイトル・名称 網羅検索 (Part 16)] Got 1000 new items. (累計: 118000件) [1.25s]
[2026-08-14 16:19:16] [INFO] [logger] [STATS] FETCH | Count: 1000 | Time: 1.25s | Info: 1-16. タイトル・名称 網羅検索 (Part 16) | Offset: 117000
[2026-08-14 16:19:17] [INFO] [sparql_collector] [1-16. タイトル・名称 網羅検索 (Part 16)] Sub-fetch (limit=1000, progress=118000件〜) ...
[2026-08-14 16:19:18] [INFO] [sparql_collector] [1-16. タイトル・名称 網羅検索 (Part 16)] Got 1000 new items. (累計: 119000件) [1.22s]
[2026-08-14 16:19:18] [INFO] [logger] [STATS] FETCH | Count: 1000 | Time: 1.22s | Info: 1-16. タイトル・名称 網羅検索 (Part 16) | Offset: 118000
[2026-08-14 16:19:19] [INFO] [sparql_collector] [1-16. タイトル・名称 網羅検索 (Part 16)] Sub-fetch (limit=1000, progress=119000件〜) ...
[2026-08-14 16:19:20] [INFO] [sparql_collector] [1-16. タイトル・名称 網羅検索 (Part 16)] Got 1000 new items. (累計: 120000件) [1.25s]
[2026-08-14 16:19:20] [INFO] [logger] [STATS] FETCH | Count: 1000 | Time: 1.25s | Info: 1-16. タイトル・名称 網羅検索 (Part 16) | Offset: 119000
[2026-08-14 16:19:20] [INFO] [sparql_collector] [1-16. タイトル・名称 網羅検索 (Part 16)] Sub-fetch (limit=1000, progress=120000件〜) ...
[2026-08-14 16:19:22] [INFO] [sparql_collector] [1-16. タイトル・名称 網羅検索 (Part 16)] Got 1000 new items. (累計: 121000件) [1.29s]
[2026-08-14 16:19:22] [INFO] [logger] [STATS] FETCH | Count: 1000 | Time: 1.29s | Info: 1-16. タイトル・名称 網羅検索 (Part 16) | Offset: 120000
[2026-08-14 16:19:22] [INFO] [sparql_collector] [1-16. タイトル・名称 網羅検索 (Part 16)] Sub-fetch (limit=1000, progress=121000件〜) ...
[2026-08-14 16:19:23] [INFO] [sparql_collector] [1-16. タイトル・名称 網羅検索 (Part 16)] Got 1000 new items. (累計: 122000件) [1.26s]
[2026-08-14 16:19:23] [INFO] [logger] [STATS] FETCH | Count: 1000 | Time: 1.26s | Info: 1-16. タイトル・名称 網羅検索 (Part 16) | Offset: 121000
[2026-08-14 16:19:24] [INFO] [sparql_collector] [1-16. タイトル・名称 網羅検索 (Part 16)] Sub-fetch (limit=1000, progress=122000件〜) ...
[2026-08-14 16:19:25] [INFO] [sparql_collector] [1-16. タイトル・名称 網羅検索 (Part 16)] Got 1000 new items. (累計: 123000件) [1.38s]
[2026-08-14 16:19:25] [INFO] [logger] [STATS] FETCH | Count: 1000 | Time: 1.38s | Info: 1-16. タイトル・名称 網羅検索 (Part 16) | Offset: 122000
[2026-08-14 16:19:26] [INFO] [sparql_collector] [1-16. タイトル・名称 網羅検索 (Part 16)] Sub-fetch (limit=1000, progress=123000件〜) ...
[2026-08-14 16:19:27] [INFO] [sparql_collector] [1-16. タイトル・名称 網羅検索 (Part 16)] Got 1000 new items. (累計: 124000件) [1.26s]
[2026-08-14 16:19:27] [INFO] [logger] [STATS] FETCH | Count: 1000 | Time: 1.26s | Info: 1-16. タイトル・名称 網羅検索 (Part 16) | Offset: 123000
[2026-08-14 16:19:28] [INFO] [sparql_collector] [1-16. タイトル・名称 網羅検索 (Part 16)] Sub-fetch (limit=1000, progress=124000件〜) ...
[2026-08-14 16:19:29] [INFO] [sparql_collector] [1-16. タイトル・名称 網羅検索 (Part 16)] Got 1000 new items. (累計: 125000件) [1.39s]
[2026-08-14 16:19:29] [INFO] [logger] [STATS] FETCH | Count: 1000 | Time: 1.39s | Info: 1-16. タイトル・名称 網羅検索 (Part 16) | Offset: 124000
[2026-08-14 16:19:29] [INFO] [sparql_collector] [1-16. タイトル・名称 網羅検索 (Part 16)] Sub-fetch (limit=1000, progress=125000件〜) ...
[2026-08-14 16:19:31] [INFO] [sparql_collector] [1-16. タイトル・名称 網羅検索 (Part 16)] Got 1000 new items. (累計: 126000件) [1.35s]
[2026-08-14 16:19:31] [INFO] [logger] [STATS] FETCH | Count: 1000 | Time: 1.35s | Info: 1-16. タイトル・名称 網羅検索 (Part 16) | Offset: 125000
[2026-08-14 16:19:31] [INFO] [sparql_collector] [1-16. タイトル・名称 網羅検索 (Part 16)] Sub-fetch (limit=1000, progress=126000件〜) ...
[2026-08-14 16:19:33] [INFO] [sparql_collector] [1-16. タイトル・名称 網羅検索 (Part 16)] Got 1000 new items. (累計: 127000件) [1.33s]
[2026-08-14 16:19:33] [INFO] [logger] [STATS] FETCH | Count: 1000 | Time: 1.33s | Info: 1-16. タイトル・名称 網羅検索 (Part 16) | Offset: 126000
[2026-08-14 16:19:33] [INFO] [sparql_collector] [1-16. タイトル・名称 網羅検索 (Part 16)] Sub-fetch (limit=1000, progress=127000件〜) ...
[2026-08-14 16:19:35] [INFO] [sparql_collector] [1-16. タイトル・名称 網羅検索 (Part 16)] Got 1000 new items. (累計: 128000件) [1.35s]
[2026-08-14 16:19:35] [INFO] [logger] [STATS] FETCH | Count: 1000 | Time: 1.35s | Info: 1-16. タイトル・名称 網羅検索 (Part 16) | Offset: 127000
[2026-08-14 16:19:35] [INFO] [sparql_collector] [1-16. タイトル・名称 網羅検索 (Part 16)] Sub-fetch (limit=1000, progress=128000件〜) ...
[2026-08-14 16:19:36] [INFO] [sparql_collector] [1-16. タイトル・名称 網羅検索 (Part 16)] Got 1000 new items. (累計: 129000件) [1.40s]
[2026-08-14 16:19:36] [INFO] [logger] [STATS] FETCH | Count: 1000 | Time: 1.40s | Info: 1-16. タイトル・名称 網羅検索 (Part 16) | Offset: 128000
[2026-08-14 16:19:37] [INFO] [sparql_collector] [1-16. タイトル・名称 網羅検索 (Part 16)] Sub-fetch (limit=1000, progress=129000件〜) ...
[2026-08-14 16:19:38] [INFO] [sparql_collector] [1-16. タイトル・名称 網羅検索 (Part 16)] Got 1000 new items. (累計: 130000件) [1.34s]
[2026-08-14 16:19:38] [INFO] [logger] [STATS] FETCH | Count: 1000 | Time: 1.34s | Info: 1-16. タイトル・名称 網羅検索 (Part 16) | Offset: 129000
[2026-08-14 16:19:39] [INFO] [sparql_collector] [1-16. タイトル・名称 網羅検索 (Part 16)] Sub-fetch (limit=1000, progress=130000件〜) ...
[2026-08-14 16:19:40] [INFO] [sparql_collector] [1-16. タイトル・名称 網羅検索 (Part 16)] Got 1000 new items. (累計: 131000件) [1.44s]
[2026-08-14 16:19:40] [INFO] [logger] [STATS] FETCH | Count: 1000 | Time: 1.44s | Info: 1-16. タイトル・名称 網羅検索 (Part 16) | Offset: 130000
[2026-08-14 16:19:41] [INFO] [sparql_collector] [1-16. タイトル・名称 網羅検索 (Part 16)] Sub-fetch (limit=1000, progress=131000件〜) ...
[2026-08-14 16:19:42] [INFO] [sparql_collector] [1-16. タイトル・名称 網羅検索 (Part 16)] Got 1000 new items. (累計: 132000件) [1.33s]
[2026-08-14 16:19:42] [INFO] [logger] [STATS] FETCH | Count: 1000 | Time: 1.33s | Info: 1-16. タイトル・名称 網羅検索 (Part 16) | Offset: 131000
[2026-08-14 16:19:43] [INFO] [sparql_collector] [1-16. タイトル・名称 網羅検索 (Part 16)] Sub-fetch (limit=1000, progress=132000件〜) ...
[2026-08-14 16:19:44] [INFO] [sparql_collector] [1-16. タイトル・名称 網羅検索 (Part 16)] Got 1000 new items. (累計: 133000件) [1.50s]
[2026-08-14 16:19:44] [INFO] [logger] [STATS] FETCH | Count: 1000 | Time: 1.50s | Info: 1-16. タイトル・名称 網羅検索 (Part 16) | Offset: 132000
[2026-08-14 16:19:45] [INFO] [sparql_collector] [1-16. タイトル・名称 網羅検索 (Part 16)] Sub-fetch (limit=1000, progress=133000件〜) ...
[2026-08-14 16:19:46] [INFO] [sparql_collector] [1-16. タイトル・名称 網羅検索 (Part 16)] Got 1000 new items. (累計: 134000件) [1.45s]
[2026-08-14 16:19:46] [INFO] [logger] [STATS] FETCH | Count: 1000 | Time: 1.45s | Info: 1-16. タイトル・名称 網羅検索 (Part 16) | Offset: 133000
[2026-08-14 16:19:47] [INFO] [sparql_collector] [1-16. タイトル・名称 網羅検索 (Part 16)] Sub-fetch (limit=1000, progress=134000件〜) ...
[2026-08-14 16:19:48] [INFO] [sparql_collector] [1-16. タイトル・名称 網羅検索 (Part 16)] Got 1000 new items. (累計: 135000件) [1.46s]
[2026-08-14 16:19:48] [INFO] [logger] [STATS] FETCH | Count: 1000 | Time: 1.46s | Info: 1-16. タイトル・名称 網羅検索 (Part 16) | Offset: 134000
[2026-08-14 16:19:49] [INFO] [sparql_collector] [1-16. タイトル・名称 網羅検索 (Part 16)] Sub-fetch (limit=1000, progress=135000件〜) ...
[2026-08-14 16:19:50] [INFO] [sparql_collector] [1-16. タイトル・名称 網羅検索 (Part 16)] Got 1000 new items. (累計: 136000件) [1.45s]
[2026-08-14 16:19:50] [INFO] [logger] [STATS] FETCH | Count: 1000 | Time: 1.45s | Info: 1-16. タイトル・名称 網羅検索 (Part 16) | Offset: 135000
[2026-08-14 16:19:51] [INFO] [sparql_collector] [1-16. タイトル・名称 網羅検索 (Part 16)] Sub-fetch (limit=1000, progress=136000件〜) ...
[2026-08-14 16:19:52] [INFO] [sparql_collector] [1-16. タイトル・名称 網羅検索 (Part 16)] Got 1000 new items. (累計: 137000件) [1.47s]
[2026-08-14 16:19:52] [INFO] [logger] [STATS] FETCH | Count: 1000 | Time: 1.47s | Info: 1-16. タイトル・名称 網羅検索 (Part 16) | Offset: 136000
[2026-08-14 16:19:52] [INFO] [sparql_collector] [1-16. タイトル・名称 網羅検索 (Part 16)] Sub-fetch (limit=1000, progress=137000件〜) ...
[2026-08-14 16:19:54] [INFO] [sparql_collector] [1-16. タイトル・名称 網羅検索 (Part 16)] Got 1000 new items. (累計: 138000件) [1.40s]
[2026-08-14 16:19:54] [INFO] [logger] [STATS] FETCH | Count: 1000 | Time: 1.40s | Info: 1-16. タイトル・名称 網羅検索 (Part 16) | Offset: 137000
[2026-08-14 16:19:54] [INFO] [sparql_collector] [1-16. タイトル・名称 網羅検索 (Part 16)] Sub-fetch (limit=1000, progress=138000件〜) ...
[2026-08-14 16:19:56] [INFO] [sparql_collector] [1-16. タイトル・名称 網羅検索 (Part 16)] Got 1000 new items. (累計: 139000件) [1.48s]
[2026-08-14 16:19:56] [INFO] [logger] [STATS] FETCH | Count: 1000 | Time: 1.48s | Info: 1-16. タイトル・名称 網羅検索 (Part 16) | Offset: 138000
[2026-08-14 16:19:56] [INFO] [sparql_collector] [1-16. タイトル・名称 網羅検索 (Part 16)] Sub-fetch (limit=1000, progress=139000件〜) ...
[2026-08-14 16:19:58] [INFO] [sparql_collector] [1-16. タイトル・名称 網羅検索 (Part 16)] Got 1000 new items. (累計: 140000件) [1.62s]
[2026-08-14 16:19:58] [INFO] [logger] [STATS] FETCH | Count: 1000 | Time: 1.62s | Info: 1-16. タイトル・名称 網羅検索 (Part 16) | Offset: 139000
[2026-08-14 16:19:59] [INFO] [sparql_collector] [1-16. タイトル・名称 網羅検索 (Part 16)] Sub-fetch (limit=1000, progress=140000件〜) ...
[2026-08-14 16:20:00] [INFO] [sparql_collector] [1-16. タイトル・名称 網羅検索 (Part 16)] Got 1000 new items. (累計: 141000件) [1.52s]
[2026-08-14 16:20:00] [INFO] [logger] [STATS] FETCH | Count: 1000 | Time: 1.52s | Info: 1-16. タイトル・名称 網羅検索 (Part 16) | Offset: 140000
[2026-08-14 16:20:01] [INFO] [sparql_collector] [1-16. タイトル・名称 網羅検索 (Part 16)] Sub-fetch (limit=1000, progress=141000件〜) ...
[2026-08-14 16:20:02] [INFO] [sparql_collector] [1-16. タイトル・名称 網羅検索 (Part 16)] Got 1000 new items. (累計: 142000件) [1.57s]
[2026-08-14 16:20:02] [INFO] [logger] [STATS] FETCH | Count: 1000 | Time: 1.57s | Info: 1-16. タイトル・名称 網羅検索 (Part 16) | Offset: 141000
[2026-08-14 16:20:03] [INFO] [sparql_collector] [1-16. タイトル・名称 網羅検索 (Part 16)] Sub-fetch (limit=1000, progress=142000件〜) ...
[2026-08-14 16:20:04] [INFO] [sparql_collector] [1-16. タイトル・名称 網羅検索 (Part 16)] Got 1000 new items. (累計: 143000件) [1.58s]
[2026-08-14 16:20:04] [INFO] [logger] [STATS] FETCH | Count: 1000 | Time: 1.58s | Info: 1-16. タイトル・名称 網羅検索 (Part 16) | Offset: 142000
[2026-08-14 16:20:05] [INFO] [sparql_collector] [1-16. タイトル・名称 網羅検索 (Part 16)] Sub-fetch (limit=1000, progress=143000件〜) ...
[2026-08-14 16:20:06] [INFO] [sparql_collector] [1-16. タイトル・名称 網羅検索 (Part 16)] Got 1000 new items. (累計: 144000件) [1.51s]
[2026-08-14 16:20:06] [INFO] [logger] [STATS] FETCH | Count: 1000 | Time: 1.51s | Info: 1-16. タイトル・名称 網羅検索 (Part 16) | Offset: 143000
[2026-08-14 16:20:07] [INFO] [sparql_collector] [1-16. タイトル・名称 網羅検索 (Part 16)] Sub-fetch (limit=1000, progress=144000件〜) ...
[2026-08-14 16:20:08] [INFO] [sparql_collector] [1-16. タイトル・名称 網羅検索 (Part 16)] Got 1000 new items. (累計: 145000件) [1.66s]
[2026-08-14 16:20:08] [INFO] [logger] [STATS] FETCH | Count: 1000 | Time: 1.66s | Info: 1-16. タイトル・名称 網羅検索 (Part 16) | Offset: 144000
[2026-08-14 16:20:09] [INFO] [sparql_collector] [1-16. タイトル・名称 網羅検索 (Part 16)] Sub-fetch (limit=1000, progress=145000件〜) ...
[2026-08-14 16:20:11] [INFO] [sparql_collector] [1-16. タイトル・名称 網羅検索 (Part 16)] Got 1000 new items. (累計: 146000件) [1.89s]
[2026-08-14 16:20:11] [INFO] [logger] [STATS] FETCH | Count: 1000 | Time: 1.89s | Info: 1-16. タイトル・名称 網羅検索 (Part 16) | Offset: 145000
[2026-08-14 16:20:11] [INFO] [sparql_collector] [1-16. タイトル・名称 網羅検索 (Part 16)] Sub-fetch (limit=1000, progress=146000件〜) ...
[2026-08-14 16:20:13] [INFO] [sparql_collector] [1-16. タイトル・名称 網羅検索 (Part 16)] Got 1000 new items. (累計: 147000件) [1.58s]
[2026-08-14 16:20:13] [INFO] [logger] [STATS] FETCH | Count: 1000 | Time: 1.58s | Info: 1-16. タイトル・名称 網羅検索 (Part 16) | Offset: 146000
[2026-08-14 16:20:13] [INFO] [sparql_collector] [1-16. タイトル・名称 網羅検索 (Part 16)] Sub-fetch (limit=1000, progress=147000件〜) ...
[2026-08-14 16:20:15] [INFO] [sparql_collector] [1-16. タイトル・名称 網羅検索 (Part 16)] Got 1000 new items. (累計: 148000件) [1.58s]
[2026-08-14 16:20:15] [INFO] [logger] [STATS] FETCH | Count: 1000 | Time: 1.58s | Info: 1-16. タイトル・名称 網羅検索 (Part 16) | Offset: 147000
[2026-08-14 16:20:15] [INFO] [sparql_collector] [1-16. タイトル・名称 網羅検索 (Part 16)] Sub-fetch (limit=1000, progress=148000件〜) ...
[2026-08-14 16:20:17] [INFO] [sparql_collector] [1-16. タイトル・名称 網羅検索 (Part 16)] Got 1000 new items. (累計: 149000件) [1.74s]
[2026-08-14 16:20:17] [INFO] [logger] [STATS] FETCH | Count: 1000 | Time: 1.74s | Info: 1-16. タイトル・名称 網羅検索 (Part 16) | Offset: 148000
[2026-08-14 16:20:18] [INFO] [sparql_collector] [1-16. タイトル・名称 網羅検索 (Part 16)] Sub-fetch (limit=1000, progress=149000件〜) ...
[2026-08-14 16:20:19] [INFO] [sparql_collector] [1-16. タイトル・名称 網羅検索 (Part 16)] Got 1000 new items. (累計: 150000件) [1.57s]
[2026-08-14 16:20:19] [INFO] [logger] [STATS] FETCH | Count: 1000 | Time: 1.57s | Info: 1-16. タイトル・名称 網羅検索 (Part 16) | Offset: 149000
[2026-08-14 16:20:20] [INFO] [sparql_collector] [1-16. タイトル・名称 網羅検索 (Part 16)] Sub-fetch (limit=1000, progress=150000件〜) ...
[2026-08-14 16:20:22] [INFO] [sparql_collector] [1-16. タイトル・名称 網羅検索 (Part 16)] Got 1000 new items. (累計: 151000件) [1.67s]
[2026-08-14 16:20:22] [INFO] [logger] [STATS] FETCH | Count: 1000 | Time: 1.67s | Info: 1-16. タイトル・名称 網羅検索 (Part 16) | Offset: 150000
[2026-08-14 16:20:22] [INFO] [sparql_collector] [1-16. タイトル・名称 網羅検索 (Part 16)] Sub-fetch (limit=1000, progress=151000件〜) ...
[2026-08-14 16:20:24] [INFO] [sparql_collector] [1-16. タイトル・名称 網羅検索 (Part 16)] Got 1000 new items. (累計: 152000件) [1.75s]
[2026-08-14 16:20:24] [INFO] [logger] [STATS] FETCH | Count: 1000 | Time: 1.75s | Info: 1-16. タイトル・名称 網羅検索 (Part 16) | Offset: 151000
[2026-08-14 16:20:24] [INFO] [sparql_collector] [1-16. タイトル・名称 網羅検索 (Part 16)] Sub-fetch (limit=1000, progress=152000件〜) ...
[2026-08-14 16:20:26] [INFO] [sparql_collector] [1-16. タイトル・名称 網羅検索 (Part 16)] Got 1000 new items. (累計: 153000件) [1.74s]
[2026-08-14 16:20:26] [INFO] [logger] [STATS] FETCH | Count: 1000 | Time: 1.74s | Info: 1-16. タイトル・名称 網羅検索 (Part 16) | Offset: 152000
[2026-08-14 16:20:27] [INFO] [sparql_collector] [1-16. タイトル・名称 網羅検索 (Part 16)] Sub-fetch (limit=1000, progress=153000件〜) ...
[2026-08-14 16:20:28] [INFO] [sparql_collector] [1-16. タイトル・名称 網羅検索 (Part 16)] Got 1000 new items. (累計: 154000件) [1.74s]
[2026-08-14 16:20:28] [INFO] [logger] [STATS] FETCH | Count: 1000 | Time: 1.74s | Info: 1-16. タイトル・名称 網羅検索 (Part 16) | Offset: 153000
[2026-08-14 16:20:29] [INFO] [sparql_collector] [1-16. タイトル・名称 網羅検索 (Part 16)] Sub-fetch (limit=1000, progress=154000件〜) ...
[2026-08-14 16:20:31] [INFO] [sparql_collector] [1-16. タイトル・名称 網羅検索 (Part 16)] Got 1000 new items. (累計: 155000件) [1.77s]
[2026-08-14 16:20:31] [INFO] [logger] [STATS] FETCH | Count: 1000 | Time: 1.77s | Info: 1-16. タイトル・名称 網羅検索 (Part 16) | Offset: 154000
[2026-08-14 16:20:31] [INFO] [sparql_collector] [1-16. タイトル・名称 網羅検索 (Part 16)] Sub-fetch (limit=1000, progress=155000件〜) ...
[2026-08-14 16:20:33] [INFO] [sparql_collector] [1-16. タイトル・名称 網羅検索 (Part 16)] Got 1000 new items. (累計: 156000件) [1.70s]
[2026-08-14 16:20:33] [INFO] [logger] [STATS] FETCH | Count: 1000 | Time: 1.70s | Info: 1-16. タイトル・名称 網羅検索 (Part 16) | Offset: 155000
[2026-08-14 16:20:33] [INFO] [sparql_collector] [1-16. タイトル・名称 網羅検索 (Part 16)] Sub-fetch (limit=1000, progress=156000件〜) ...
[2026-08-14 16:20:35] [INFO] [sparql_collector] [1-16. タイトル・名称 網羅検索 (Part 16)] Got 1000 new items. (累計: 157000件) [1.66s]
[2026-08-14 16:20:35] [INFO] [logger] [STATS] FETCH | Count: 1000 | Time: 1.66s | Info: 1-16. タイトル・名称 網羅検索 (Part 16) | Offset: 156000
[2026-08-14 16:20:35] [INFO] [sparql_collector] [1-16. タイトル・名称 網羅検索 (Part 16)] Sub-fetch (limit=1000, progress=157000件〜) ...
[2026-08-14 16:20:37] [INFO] [sparql_collector] [1-16. タイトル・名称 網羅検索 (Part 16)] Got 1000 new items. (累計: 158000件) [1.69s]
[2026-08-14 16:20:37] [INFO] [logger] [STATS] FETCH | Count: 1000 | Time: 1.69s | Info: 1-16. タイトル・名称 網羅検索 (Part 16) | Offset: 157000
[2026-08-14 16:20:38] [INFO] [sparql_collector] [1-16. タイトル・名称 網羅検索 (Part 16)] Sub-fetch (limit=1000, progress=158000件〜) ...
[2026-08-14 16:20:39] [INFO] [sparql_collector] [1-16. タイトル・名称 網羅検索 (Part 16)] Got 1000 new items. (累計: 159000件) [1.77s]
[2026-08-14 16:20:39] [INFO] [logger] [STATS] FETCH | Count: 1000 | Time: 1.77s | Info: 1-16. タイトル・名称 網羅検索 (Part 16) | Offset: 158000
[2026-08-14 16:20:40] [INFO] [sparql_collector] [1-16. タイトル・名称 網羅検索 (Part 16)] Sub-fetch (limit=1000, progress=159000件〜) ...
[2026-08-14 16:20:42] [INFO] [sparql_collector] [1-16. タイトル・名称 網羅検索 (Part 16)] Got 1000 new items. (累計: 160000件) [1.83s]
[2026-08-14 16:20:42] [INFO] [logger] [STATS] FETCH | Count: 1000 | Time: 1.83s | Info: 1-16. タイトル・名称 網羅検索 (Part 16) | Offset: 159000
[2026-08-14 16:20:42] [INFO] [sparql_collector] [1-16. タイトル・名称 網羅検索 (Part 16)] Sub-fetch (limit=1000, progress=160000件〜) ...
[2026-08-14 16:20:44] [INFO] [sparql_collector] [1-16. タイトル・名称 網羅検索 (Part 16)] Got 1000 new items. (累計: 161000件) [1.79s]
[2026-08-14 16:20:44] [INFO] [logger] [STATS] FETCH | Count: 1000 | Time: 1.79s | Info: 1-16. タイトル・名称 網羅検索 (Part 16) | Offset: 160000
[2026-08-14 16:20:45] [INFO] [sparql_collector] [1-16. タイトル・名称 網羅検索 (Part 16)] Sub-fetch (limit=1000, progress=161000件〜) ...
[2026-08-14 16:20:46] [INFO] [sparql_collector] [1-16. タイトル・名称 網羅検索 (Part 16)] Got 1000 new items. (累計: 162000件) [1.82s]
[2026-08-14 16:20:46] [INFO] [logger] [STATS] FETCH | Count: 1000 | Time: 1.82s | Info: 1-16. タイトル・名称 網羅検索 (Part 16) | Offset: 161000
[2026-08-14 16:20:47] [INFO] [sparql_collector] [1-16. タイトル・名称 網羅検索 (Part 16)] Sub-fetch (limit=1000, progress=162000件〜) ...
[2026-08-14 16:20:49] [INFO] [sparql_collector] [1-16. タイトル・名称 網羅検索 (Part 16)] Got 1000 new items. (累計: 163000件) [1.79s]
[2026-08-14 16:20:49] [INFO] [logger] [STATS] FETCH | Count: 1000 | Time: 1.79s | Info: 1-16. タイトル・名称 網羅検索 (Part 16) | Offset: 162000
[2026-08-14 16:20:49] [INFO] [sparql_collector] [1-16. タイトル・名称 網羅検索 (Part 16)] Sub-fetch (limit=1000, progress=163000件〜) ...
[2026-08-14 16:20:51] [INFO] [sparql_collector] [1-16. タイトル・名称 網羅検索 (Part 16)] Got 1000 new items. (累計: 164000件) [1.80s]
[2026-08-14 16:20:51] [INFO] [logger] [STATS] FETCH | Count: 1000 | Time: 1.80s | Info: 1-16. タイトル・名称 網羅検索 (Part 16) | Offset: 163000
[2026-08-14 16:20:51] [INFO] [sparql_collector] [1-16. タイトル・名称 網羅検索 (Part 16)] Sub-fetch (limit=1000, progress=164000件〜) ...
[2026-08-14 16:20:53] [INFO] [sparql_collector] [1-16. タイトル・名称 網羅検索 (Part 16)] Got 1000 new items. (累計: 165000件) [1.75s]
[2026-08-14 16:20:53] [INFO] [logger] [STATS] FETCH | Count: 1000 | Time: 1.75s | Info: 1-16. タイトル・名称 網羅検索 (Part 16) | Offset: 164000
[2026-08-14 16:20:54] [INFO] [sparql_collector] [1-16. タイトル・名称 網羅検索 (Part 16)] Sub-fetch (limit=1000, progress=165000件〜) ...
[2026-08-14 16:20:56] [INFO] [sparql_collector] [1-16. タイトル・名称 網羅検索 (Part 16)] Got 1000 new items. (累計: 166000件) [1.78s]
[2026-08-14 16:20:56] [INFO] [logger] [STATS] FETCH | Count: 1000 | Time: 1.78s | Info: 1-16. タイトル・名称 網羅検索 (Part 16) | Offset: 165000
[2026-08-14 16:20:56] [INFO] [sparql_collector] [1-16. タイトル・名称 網羅検索 (Part 16)] Sub-fetch (limit=1000, progress=166000件〜) ...
[2026-08-14 16:20:58] [INFO] [sparql_collector] [1-16. タイトル・名称 網羅検索 (Part 16)] Got 1000 new items. (累計: 167000件) [1.97s]
[2026-08-14 16:20:58] [INFO] [logger] [STATS] FETCH | Count: 1000 | Time: 1.97s | Info: 1-16. タイトル・名称 網羅検索 (Part 16) | Offset: 166000
[2026-08-14 16:20:59] [INFO] [sparql_collector] [1-16. タイトル・名称 網羅検索 (Part 16)] Sub-fetch (limit=1000, progress=167000件〜) ...
[2026-08-14 16:21:00] [INFO] [sparql_collector] [1-16. タイトル・名称 網羅検索 (Part 16)] Got 1000 new items. (累計: 168000件) [1.87s]
[2026-08-14 16:21:00] [INFO] [logger] [STATS] FETCH | Count: 1000 | Time: 1.87s | Info: 1-16. タイトル・名称 網羅検索 (Part 16) | Offset: 167000
[2026-08-14 16:21:01] [INFO] [sparql_collector] [1-16. タイトル・名称 網羅検索 (Part 16)] Sub-fetch (limit=1000, progress=168000件〜) ...
[2026-08-14 16:21:03] [INFO] [sparql_collector] [1-16. タイトル・名称 網羅検索 (Part 16)] Got 1000 new items. (累計: 169000件) [1.66s]
[2026-08-14 16:21:03] [INFO] [logger] [STATS] FETCH | Count: 1000 | Time: 1.66s | Info: 1-16. タイトル・名称 網羅検索 (Part 16) | Offset: 168000
[2026-08-14 16:21:03] [INFO] [sparql_collector] [1-16. タイトル・名称 網羅検索 (Part 16)] Sub-fetch (limit=1000, progress=169000件〜) ...
[2026-08-14 16:21:05] [INFO] [sparql_collector] [1-16. タイトル・名称 網羅検索 (Part 16)] Got 1000 new items. (累計: 170000件) [1.68s]
[2026-08-14 16:21:05] [INFO] [logger] [STATS] FETCH | Count: 1000 | Time: 1.68s | Info: 1-16. タイトル・名称 網羅検索 (Part 16) | Offset: 169000
[2026-08-14 16:21:05] [INFO] [sparql_collector] [1-16. タイトル・名称 網羅検索 (Part 16)] Sub-fetch (limit=1000, progress=170000件〜) ...
[2026-08-14 16:21:07] [INFO] [sparql_collector] [1-16. タイトル・名称 網羅検索 (Part 16)] Got 1000 new items. (累計: 171000件) [1.58s]
[2026-08-14 16:21:07] [INFO] [logger] [STATS] FETCH | Count: 1000 | Time: 1.58s | Info: 1-16. タイトル・名称 網羅検索 (Part 16) | Offset: 170000
[2026-08-14 16:21:07] [INFO] [sparql_collector] [1-16. タイトル・名称 網羅検索 (Part 16)] Sub-fetch (limit=1000, progress=171000件〜) ...
[2026-08-14 16:21:09] [INFO] [sparql_collector] [1-16. タイトル・名称 網羅検索 (Part 16)] Got 1000 new items. (累計: 172000件) [1.59s]
[2026-08-14 16:21:09] [INFO] [logger] [STATS] FETCH | Count: 1000 | Time: 1.59s | Info: 1-16. タイトル・名称 網羅検索 (Part 16) | Offset: 171000
[2026-08-14 16:21:09] [INFO] [sparql_collector] [1-16. タイトル・名称 網羅検索 (Part 16)] Sub-fetch (limit=1000, progress=172000件〜) ...
[2026-08-14 16:21:11] [INFO] [sparql_collector] [1-16. タイトル・名称 網羅検索 (Part 16)] Got 1000 new items. (累計: 173000件) [1.73s]
[2026-08-14 16:21:11] [INFO] [logger] [STATS] FETCH | Count: 1000 | Time: 1.73s | Info: 1-16. タイトル・名称 網羅検索 (Part 16) | Offset: 172000
[2026-08-14 16:21:12] [INFO] [sparql_collector] [1-16. タイトル・名称 網羅検索 (Part 16)] Sub-fetch (limit=1000, progress=173000件〜) ...
[2026-08-14 16:21:13] [INFO] [sparql_collector] [1-16. タイトル・名称 網羅検索 (Part 16)] Got 1000 new items. (累計: 174000件) [1.79s]
[2026-08-14 16:21:13] [INFO] [logger] [STATS] FETCH | Count: 1000 | Time: 1.79s | Info: 1-16. タイトル・名称 網羅検索 (Part 16) | Offset: 173000
[2026-08-14 16:21:14] [INFO] [sparql_collector] [1-16. タイトル・名称 網羅検索 (Part 16)] Sub-fetch (limit=1000, progress=174000件〜) ...
[2026-08-14 16:21:16] [INFO] [sparql_collector] [1-16. タイトル・名称 網羅検索 (Part 16)] Got 1000 new items. (累計: 175000件) [1.83s]
[2026-08-14 16:21:16] [INFO] [logger] [STATS] FETCH | Count: 1000 | Time: 1.83s | Info: 1-16. タイトル・名称 網羅検索 (Part 16) | Offset: 174000
[2026-08-14 16:21:16] [INFO] [sparql_collector] [1-16. タイトル・名称 網羅検索 (Part 16)] Sub-fetch (limit=1000, progress=175000件〜) ...
[2026-08-14 16:21:18] [INFO] [sparql_collector] [1-16. タイトル・名称 網羅検索 (Part 16)] Got 1000 new items. (累計: 176000件) [1.93s]
[2026-08-14 16:21:18] [INFO] [logger] [STATS] FETCH | Count: 1000 | Time: 1.93s | Info: 1-16. タイトル・名称 網羅検索 (Part 16) | Offset: 175000
[2026-08-14 16:21:19] [INFO] [sparql_collector] [1-16. タイトル・名称 網羅検索 (Part 16)] Sub-fetch (limit=1000, progress=176000件〜) ...
[2026-08-14 16:21:21] [INFO] [sparql_collector] [1-16. タイトル・名称 網羅検索 (Part 16)] Got 1000 new items. (累計: 177000件) [1.91s]
[2026-08-14 16:21:21] [INFO] [logger] [STATS] FETCH | Count: 1000 | Time: 1.91s | Info: 1-16. タイトル・名称 網羅検索 (Part 16) | Offset: 176000
[2026-08-14 16:21:21] [INFO] [sparql_collector] [1-16. タイトル・名称 網羅検索 (Part 16)] Sub-fetch (limit=1000, progress=177000件〜) ...
[2026-08-14 16:21:23] [INFO] [sparql_collector] [1-16. タイトル・名称 網羅検索 (Part 16)] Got 1000 new items. (累計: 178000件) [1.96s]
[2026-08-14 16:21:23] [INFO] [logger] [STATS] FETCH | Count: 1000 | Time: 1.96s | Info: 1-16. タイトル・名称 網羅検索 (Part 16) | Offset: 177000
[2026-08-14 16:21:24] [INFO] [sparql_collector] [1-16. タイトル・名称 網羅検索 (Part 16)] Sub-fetch (limit=1000, progress=178000件〜) ...
[2026-08-14 16:21:26] [INFO] [sparql_collector] [1-16. タイトル・名称 網羅検索 (Part 16)] Got 1000 new items. (累計: 179000件) [1.93s]
[2026-08-14 16:21:26] [INFO] [logger] [STATS] FETCH | Count: 1000 | Time: 1.93s | Info: 1-16. タイトル・名称 網羅検索 (Part 16) | Offset: 178000
[2026-08-14 16:21:26] [INFO] [sparql_collector] [1-16. タイトル・名称 網羅検索 (Part 16)] Sub-fetch (limit=1000, progress=179000件〜) ...
[2026-08-14 16:21:28] [INFO] [sparql_collector] [1-16. タイトル・名称 網羅検索 (Part 16)] Got 1000 new items. (累計: 180000件) [1.88s]
[2026-08-14 16:21:28] [INFO] [logger] [STATS] FETCH | Count: 1000 | Time: 1.88s | Info: 1-16. タイトル・名称 網羅検索 (Part 16) | Offset: 179000
[2026-08-14 16:21:28] [INFO] [sparql_collector] [1-16. タイトル・名称 網羅検索 (Part 16)] Sub-fetch (limit=1000, progress=180000件〜) ...
[2026-08-14 16:21:30] [INFO] [sparql_collector] [1-16. タイトル・名称 網羅検索 (Part 16)] Got 1000 new items. (累計: 181000件) [1.89s]
[2026-08-14 16:21:30] [INFO] [logger] [STATS] FETCH | Count: 1000 | Time: 1.89s | Info: 1-16. タイトル・名称 網羅検索 (Part 16) | Offset: 180000
[2026-08-14 16:21:31] [INFO] [sparql_collector] [1-16. タイトル・名称 網羅検索 (Part 16)] Sub-fetch (limit=1000, progress=181000件〜) ...
[2026-08-14 16:21:33] [INFO] [sparql_collector] [1-16. タイトル・名称 網羅検索 (Part 16)] Got 1000 new items. (累計: 182000件) [1.90s]
[2026-08-14 16:21:33] [INFO] [logger] [STATS] FETCH | Count: 1000 | Time: 1.90s | Info: 1-16. タイトル・名称 網羅検索 (Part 16) | Offset: 181000
[2026-08-14 16:21:33] [INFO] [sparql_collector] [1-16. タイトル・名称 網羅検索 (Part 16)] Sub-fetch (limit=1000, progress=182000件〜) ...
[2026-08-14 16:21:35] [INFO] [sparql_collector] [1-16. タイトル・名称 網羅検索 (Part 16)] Got 1000 new items. (累計: 183000件) [1.97s]
[2026-08-14 16:21:35] [INFO] [logger] [STATS] FETCH | Count: 1000 | Time: 1.97s | Info: 1-16. タイトル・名称 網羅検索 (Part 16) | Offset: 182000
[2026-08-14 16:21:36] [INFO] [sparql_collector] [1-16. タイトル・名称 網羅検索 (Part 16)] Sub-fetch (limit=1000, progress=183000件〜) ...
[2026-08-14 16:21:38] [INFO] [sparql_collector] [1-16. タイトル・名称 網羅検索 (Part 16)] Got 1000 new items. (累計: 184000件) [1.84s]
[2026-08-14 16:21:38] [INFO] [logger] [STATS] FETCH | Count: 1000 | Time: 1.84s | Info: 1-16. タイトル・名称 網羅検索 (Part 16) | Offset: 183000
[2026-08-14 16:21:38] [INFO] [sparql_collector] [1-16. タイトル・名称 網羅検索 (Part 16)] Sub-fetch (limit=1000, progress=184000件〜) ...
[2026-08-14 16:21:40] [INFO] [sparql_collector] [1-16. タイトル・名称 網羅検索 (Part 16)] Got 1000 new items. (累計: 185000件) [1.87s]
[2026-08-14 16:21:40] [INFO] [logger] [STATS] FETCH | Count: 1000 | Time: 1.87s | Info: 1-16. タイトル・名称 網羅検索 (Part 16) | Offset: 184000
[2026-08-14 16:21:40] [INFO] [sparql_collector] [1-16. タイトル・名称 網羅検索 (Part 16)] Sub-fetch (limit=1000, progress=185000件〜) ...
[2026-08-14 16:21:42] [INFO] [sparql_collector] [1-16. タイトル・名称 網羅検索 (Part 16)] Got 1000 new items. (累計: 186000件) [1.88s]
[2026-08-14 16:21:42] [INFO] [logger] [STATS] FETCH | Count: 1000 | Time: 1.88s | Info: 1-16. タイトル・名称 網羅検索 (Part 16) | Offset: 185000
[2026-08-14 16:21:43] [INFO] [sparql_collector] [1-16. タイトル・名称 網羅検索 (Part 16)] Sub-fetch (limit=1000, progress=186000件〜) ...
[2026-08-14 16:21:45] [INFO] [sparql_collector] [1-16. タイトル・名称 網羅検索 (Part 16)] Got 1000 new items. (累計: 187000件) [1.90s]
[2026-08-14 16:21:45] [INFO] [logger] [STATS] FETCH | Count: 1000 | Time: 1.90s | Info: 1-16. タイトル・名称 網羅検索 (Part 16) | Offset: 186000
[2026-08-14 16:21:45] [INFO] [sparql_collector] [1-16. タイトル・名称 網羅検索 (Part 16)] Sub-fetch (limit=1000, progress=187000件〜) ...
[2026-08-14 16:21:47] [INFO] [sparql_collector] [1-16. タイトル・名称 網羅検索 (Part 16)] Got 1000 new items. (累計: 188000件) [2.05s]
[2026-08-14 16:21:47] [INFO] [logger] [STATS] FETCH | Count: 1000 | Time: 2.05s | Info: 1-16. タイトル・名称 網羅検索 (Part 16) | Offset: 187000
[2026-08-14 16:21:48] [INFO] [sparql_collector] [1-16. タイトル・名称 網羅検索 (Part 16)] Sub-fetch (limit=1000, progress=188000件〜) ...
[2026-08-14 16:21:50] [INFO] [sparql_collector] [1-16. タイトル・名称 網羅検索 (Part 16)] Got 1000 new items. (累計: 189000件) [1.97s]
[2026-08-14 16:21:50] [INFO] [logger] [STATS] FETCH | Count: 1000 | Time: 1.97s | Info: 1-16. タイトル・名称 網羅検索 (Part 16) | Offset: 188000
[2026-08-14 16:21:50] [INFO] [sparql_collector] [1-16. タイトル・名称 網羅検索 (Part 16)] Sub-fetch (limit=1000, progress=189000件〜) ...
[2026-08-14 16:21:52] [INFO] [sparql_collector] [1-16. タイトル・名称 網羅検索 (Part 16)] Got 1000 new items. (累計: 190000件) [2.02s]
[2026-08-14 16:21:52] [INFO] [logger] [STATS] FETCH | Count: 1000 | Time: 2.02s | Info: 1-16. タイトル・名称 網羅検索 (Part 16) | Offset: 189000
[2026-08-14 16:21:53] [INFO] [sparql_collector] [1-16. タイトル・名称 網羅検索 (Part 16)] Sub-fetch (limit=1000, progress=190000件〜) ...
[2026-08-14 16:21:55] [INFO] [sparql_collector] [1-16. タイトル・名称 網羅検索 (Part 16)] Got 1000 new items. (累計: 191000件) [2.03s]
[2026-08-14 16:21:55] [INFO] [logger] [STATS] FETCH | Count: 1000 | Time: 2.03s | Info: 1-16. タイトル・名称 網羅検索 (Part 16) | Offset: 190000
[2026-08-14 16:21:55] [INFO] [sparql_collector] [1-16. タイトル・名称 網羅検索 (Part 16)] Sub-fetch (limit=1000, progress=191000件〜) ...
[2026-08-14 16:21:58] [INFO] [sparql_collector] [1-16. タイトル・名称 網羅検索 (Part 16)] Got 1000 new items. (累計: 192000件) [2.33s]
[2026-08-14 16:21:58] [INFO] [logger] [STATS] FETCH | Count: 1000 | Time: 2.33s | Info: 1-16. タイトル・名称 網羅検索 (Part 16) | Offset: 191000
[2026-08-14 16:21:58] [INFO] [sparql_collector] [1-16. タイトル・名称 網羅検索 (Part 16)] Sub-fetch (limit=1000, progress=192000件〜) ...
[2026-08-14 16:22:01] [INFO] [sparql_collector] [1-16. タイトル・名称 網羅検索 (Part 16)] Got 1000 new items. (累計: 193000件) [2.45s]
[2026-08-14 16:22:01] [INFO] [logger] [STATS] FETCH | Count: 1000 | Time: 2.45s | Info: 1-16. タイトル・名称 網羅検索 (Part 16) | Offset: 192000
[2026-08-14 16:22:01] [INFO] [sparql_collector] [1-16. タイトル・名称 網羅検索 (Part 16)] Sub-fetch (limit=1000, progress=193000件〜) ...
[2026-08-14 16:22:04] [INFO] [sparql_collector] [1-16. タイトル・名称 網羅検索 (Part 16)] Got 1000 new items. (累計: 194000件) [2.81s]
[2026-08-14 16:22:04] [INFO] [logger] [STATS] FETCH | Count: 1000 | Time: 2.81s | Info: 1-16. タイトル・名称 網羅検索 (Part 16) | Offset: 193000
[2026-08-14 16:22:04] [INFO] [sparql_collector] [1-16. タイトル・名称 網羅検索 (Part 16)] Sub-fetch (limit=1000, progress=194000件〜) ...
[2026-08-14 16:22:07] [INFO] [sparql_collector] [1-16. タイトル・名称 網羅検索 (Part 16)] Got 569 new items. (累計: 194569件) [2.25s]
[2026-08-14 16:22:07] [INFO] [logger] [STATS] FETCH | Count: 569 | Time: 2.25s | Info: 1-16. タイトル・名称 網羅検索 (Part 16) | Offset: 194000
[2026-08-14 16:22:07] [INFO] [sparql_collector] [1-16. タイトル・名称 網羅検索 (Part 16)] 最終バッチ到達（全データ取得完了）。
[2026-08-14 16:22:08] [INFO] [sparql_collector] --- [開始] 1-17. タイトル・名称 網羅検索 (Part 17) (全件網羅 (上限なし)) ---
[2026-08-14 16:22:08] [INFO] [sparql_collector] [1-17. タイトル・名称 網羅検索 (Part 17)] Sub-fetch (limit=1000, progress=0件〜) ...
[2026-08-14 16:22:08] [INFO] [sparql_collector] [1-17. タイトル・名称 網羅検索 (Part 17)] Got 1000 new items. (累計: 1000件) [0.08s]
[2026-08-14 16:22:08] [INFO] [logger] [STATS] FETCH | Count: 1000 | Time: 0.08s | Info: 1-17. タイトル・名称 網羅検索 (Part 17) | Offset: 0
[2026-08-14 16:22:09] [INFO] [sparql_collector] [1-17. タイトル・名称 網羅検索 (Part 17)] Sub-fetch (limit=1000, progress=1000件〜) ...
[2026-08-14 16:22:09] [INFO] [sparql_collector] [1-17. タイトル・名称 網羅検索 (Part 17)] Got 1000 new items. (累計: 2000件) [0.09s]
[2026-08-14 16:22:09] [INFO] [logger] [STATS] FETCH | Count: 1000 | Time: 0.09s | Info: 1-17. タイトル・名称 網羅検索 (Part 17) | Offset: 1000
[2026-08-14 16:22:09] [INFO] [sparql_collector] [1-17. タイトル・名称 網羅検索 (Part 17)] Sub-fetch (limit=1000, progress=2000件〜) ...
[2026-08-14 16:22:10] [INFO] [sparql_collector] [1-17. タイトル・名称 網羅検索 (Part 17)] Got 650 new items. (累計: 2650件) [0.13s]
[2026-08-14 16:22:10] [INFO] [logger] [STATS] FETCH | Count: 650 | Time: 0.13s | Info: 1-17. タイトル・名称 網羅検索 (Part 17) | Offset: 2000
[2026-08-14 16:22:10] [INFO] [sparql_collector] [1-17. タイトル・名称 網羅検索 (Part 17)] 最終バッチ到達（全データ取得完了）。
[2026-08-14 16:22:11] [INFO] [sparql_collector] --- [開始] 1-18. タイトル・名称 網羅検索 (Part 18) (全件網羅 (上限なし)) ---
[2026-08-14 16:22:11] [INFO] [sparql_collector] [1-18. タイトル・名称 網羅検索 (Part 18)] Sub-fetch (limit=1000, progress=0件〜) ...
[2026-08-14 16:22:11] [INFO] [sparql_collector] [1-18. タイトル・名称 網羅検索 (Part 18)] Got 838 new items. (累計: 838件) [0.11s]
[2026-08-14 16:22:11] [INFO] [logger] [STATS] FETCH | Count: 838 | Time: 0.11s | Info: 1-18. タイトル・名称 網羅検索 (Part 18) | Offset: 0
[2026-08-14 16:22:11] [INFO] [sparql_collector] [1-18. タイトル・名称 網羅検索 (Part 18)] 最終バッチ到達（全データ取得完了）。
[2026-08-14 16:22:13] [INFO] [sparql_collector] --- [開始] 1-19. タイトル・名称 網羅検索 (Part 19) (全件網羅 (上限なし)) ---
[2026-08-14 16:22:13] [INFO] [sparql_collector] [1-19. タイトル・名称 網羅検索 (Part 19)] Sub-fetch (limit=1000, progress=0件〜) ...
[2026-08-14 16:22:13] [INFO] [sparql_collector] [1-19. タイトル・名称 網羅検索 (Part 19)] Got 1000 new items. (累計: 1000件) [0.09s]
[2026-08-14 16:22:13] [INFO] [logger] [STATS] FETCH | Count: 1000 | Time: 0.09s | Info: 1-19. タイトル・名称 網羅検索 (Part 19) | Offset: 0
[2026-08-14 16:22:13] [INFO] [sparql_collector] [1-19. タイトル・名称 網羅検索 (Part 19)] Sub-fetch (limit=1000, progress=1000件〜) ...
[2026-08-14 16:22:13] [INFO] [sparql_collector] [1-19. タイトル・名称 網羅検索 (Part 19)] Got 1000 new items. (累計: 2000件) [0.08s]
[2026-08-14 16:22:13] [INFO] [logger] [STATS] FETCH | Count: 1000 | Time: 0.08s | Info: 1-19. タイトル・名称 網羅検索 (Part 19) | Offset: 1000
[2026-08-14 16:22:14] [INFO] [sparql_collector] [1-19. タイトル・名称 網羅検索 (Part 19)] Sub-fetch (limit=1000, progress=2000件〜) ...
[2026-08-14 16:22:14] [INFO] [sparql_collector] [1-19. タイトル・名称 網羅検索 (Part 19)] Got 1000 new items. (累計: 3000件) [0.08s]
[2026-08-14 16:22:14] [INFO] [logger] [STATS] FETCH | Count: 1000 | Time: 0.08s | Info: 1-19. タイトル・名称 網羅検索 (Part 19) | Offset: 2000
[2026-08-14 16:22:15] [INFO] [sparql_collector] [1-19. タイトル・名称 網羅検索 (Part 19)] Sub-fetch (limit=1000, progress=3000件〜) ...
[2026-08-14 16:22:15] [INFO] [sparql_collector] [1-19. タイトル・名称 網羅検索 (Part 19)] Got 1000 new items. (累計: 4000件) [0.10s]
[2026-08-14 16:22:15] [INFO] [logger] [STATS] FETCH | Count: 1000 | Time: 0.10s | Info: 1-19. タイトル・名称 網羅検索 (Part 19) | Offset: 3000
[2026-08-14 16:22:15] [INFO] [sparql_collector] [1-19. タイトル・名称 網羅検索 (Part 19)] Sub-fetch (limit=1000, progress=4000件〜) ...
[2026-08-14 16:22:15] [INFO] [sparql_collector] [1-19. タイトル・名称 網羅検索 (Part 19)] Got 1000 new items. (累計: 5000件) [0.17s]
[2026-08-14 16:22:15] [INFO] [logger] [STATS] FETCH | Count: 1000 | Time: 0.17s | Info: 1-19. タイトル・名称 網羅検索 (Part 19) | Offset: 4000
[2026-08-14 16:22:16] [INFO] [sparql_collector] [1-19. タイトル・名称 網羅検索 (Part 19)] Sub-fetch (limit=1000, progress=5000件〜) ...
[2026-08-14 16:22:16] [INFO] [sparql_collector] [1-19. タイトル・名称 網羅検索 (Part 19)] Got 1000 new items. (累計: 6000件) [0.15s]
[2026-08-14 16:22:16] [INFO] [logger] [STATS] FETCH | Count: 1000 | Time: 0.15s | Info: 1-19. タイトル・名称 網羅検索 (Part 19) | Offset: 5000
[2026-08-14 16:22:16] [INFO] [sparql_collector] [1-19. タイトル・名称 網羅検索 (Part 19)] Sub-fetch (limit=1000, progress=6000件〜) ...
[2026-08-14 16:22:17] [INFO] [sparql_collector] [1-19. タイトル・名称 網羅検索 (Part 19)] Got 1000 new items. (累計: 7000件) [0.20s]
[2026-08-14 16:22:17] [INFO] [logger] [STATS] FETCH | Count: 1000 | Time: 0.20s | Info: 1-19. タイトル・名称 網羅検索 (Part 19) | Offset: 6000
[2026-08-14 16:22:17] [INFO] [sparql_collector] [1-19. タイトル・名称 網羅検索 (Part 19)] Sub-fetch (limit=1000, progress=7000件〜) ...
[2026-08-14 16:22:17] [INFO] [sparql_collector] [1-19. タイトル・名称 網羅検索 (Part 19)] Got 1000 new items. (累計: 8000件) [0.18s]
[2026-08-14 16:22:17] [INFO] [logger] [STATS] FETCH | Count: 1000 | Time: 0.18s | Info: 1-19. タイトル・名称 網羅検索 (Part 19) | Offset: 7000
[2026-08-14 16:22:18] [INFO] [sparql_collector] [1-19. タイトル・名称 網羅検索 (Part 19)] Sub-fetch (limit=1000, progress=8000件〜) ...
[2026-08-14 16:22:18] [INFO] [sparql_collector] [1-19. タイトル・名称 網羅検索 (Part 19)] Got 881 new items. (累計: 8881件) [0.27s]
[2026-08-14 16:22:18] [INFO] [logger] [STATS] FETCH | Count: 881 | Time: 0.27s | Info: 1-19. タイトル・名称 網羅検索 (Part 19) | Offset: 8000
[2026-08-14 16:22:18] [INFO] [sparql_collector] [1-19. タイトル・名称 網羅検索 (Part 19)] 最終バッチ到達（全データ取得完了）。
[2026-08-14 16:22:20] [INFO] [sparql_collector] --- [開始] 1-20. タイトル・名称 網羅検索 (Part 20) (全件網羅 (上限なし)) ---
[2026-08-14 16:22:20] [INFO] [sparql_collector] [1-20. タイトル・名称 網羅検索 (Part 20)] Sub-fetch (limit=1000, progress=0件〜) ...
[2026-08-14 16:22:20] [INFO] [sparql_collector] [1-20. タイトル・名称 網羅検索 (Part 20)] Got 887 new items. (累計: 887件) [0.12s]
[2026-08-14 16:22:20] [INFO] [logger] [STATS] FETCH | Count: 887 | Time: 0.12s | Info: 1-20. タイトル・名称 網羅検索 (Part 20) | Offset: 0
[2026-08-14 16:22:20] [INFO] [sparql_collector] [1-20. タイトル・名称 網羅検索 (Part 20)] 最終バッチ到達（全データ取得完了）。
[2026-08-14 16:22:21] [INFO] [sparql_collector] --- [開始] 1-21. タイトル・名称 網羅検索 (Part 21) (全件網羅 (上限なし)) ---
[2026-08-14 16:22:21] [INFO] [sparql_collector] [1-21. タイトル・名称 網羅検索 (Part 21)] Sub-fetch (limit=1000, progress=0件〜) ...
[2026-08-14 16:22:21] [INFO] [sparql_collector] [1-21. タイトル・名称 網羅検索 (Part 21)] Got 1000 new items. (累計: 1000件) [0.08s]
[2026-08-14 16:22:21] [INFO] [logger] [STATS] FETCH | Count: 1000 | Time: 0.08s | Info: 1-21. タイトル・名称 網羅検索 (Part 21) | Offset: 0
[2026-08-14 16:22:22] [INFO] [sparql_collector] [1-21. タイトル・名称 網羅検索 (Part 21)] Sub-fetch (limit=1000, progress=1000件〜) ...
[2026-08-14 16:22:22] [INFO] [sparql_collector] [1-21. タイトル・名称 網羅検索 (Part 21)] Got 1000 new items. (累計: 2000件) [0.07s]
[2026-08-14 16:22:22] [INFO] [logger] [STATS] FETCH | Count: 1000 | Time: 0.07s | Info: 1-21. タイトル・名称 網羅検索 (Part 21) | Offset: 1000
[2026-08-14 16:22:22] [INFO] [sparql_collector] [1-21. タイトル・名称 網羅検索 (Part 21)] Sub-fetch (limit=1000, progress=2000件〜) ...
[2026-08-14 16:22:22] [INFO] [sparql_collector] [1-21. タイトル・名称 網羅検索 (Part 21)] Got 1000 new items. (累計: 3000件) [0.08s]
[2026-08-14 16:22:22] [INFO] [logger] [STATS] FETCH | Count: 1000 | Time: 0.08s | Info: 1-21. タイトル・名称 網羅検索 (Part 21) | Offset: 2000
[2026-08-14 16:22:23] [INFO] [sparql_collector] [1-21. タイトル・名称 網羅検索 (Part 21)] Sub-fetch (limit=1000, progress=3000件〜) ...
[2026-08-14 16:22:23] [INFO] [sparql_collector] [1-21. タイトル・名称 網羅検索 (Part 21)] Got 1000 new items. (累計: 4000件) [0.09s]
[2026-08-14 16:22:23] [INFO] [logger] [STATS] FETCH | Count: 1000 | Time: 0.09s | Info: 1-21. タイトル・名称 網羅検索 (Part 21) | Offset: 3000
[2026-08-14 16:22:24] [INFO] [sparql_collector] [1-21. タイトル・名称 網羅検索 (Part 21)] Sub-fetch (limit=1000, progress=4000件〜) ...
[2026-08-14 16:22:24] [INFO] [sparql_collector] [1-21. タイトル・名称 網羅検索 (Part 21)] Got 1000 new items. (累計: 5000件) [0.11s]
[2026-08-14 16:22:24] [INFO] [logger] [STATS] FETCH | Count: 1000 | Time: 0.11s | Info: 1-21. タイトル・名称 網羅検索 (Part 21) | Offset: 4000
[2026-08-14 16:22:24] [INFO] [sparql_collector] [1-21. タイトル・名称 網羅検索 (Part 21)] Sub-fetch (limit=1000, progress=5000件〜) ...
[2026-08-14 16:22:24] [INFO] [sparql_collector] [1-21. タイトル・名称 網羅検索 (Part 21)] Got 1000 new items. (累計: 6000件) [0.10s]
[2026-08-14 16:22:24] [INFO] [logger] [STATS] FETCH | Count: 1000 | Time: 0.10s | Info: 1-21. タイトル・名称 網羅検索 (Part 21) | Offset: 5000
[2026-08-14 16:22:25] [INFO] [sparql_collector] [1-21. タイトル・名称 網羅検索 (Part 21)] Sub-fetch (limit=1000, progress=6000件〜) ...
[2026-08-14 16:22:25] [INFO] [sparql_collector] [1-21. タイトル・名称 網羅検索 (Part 21)] Got 1000 new items. (累計: 7000件) [0.14s]
[2026-08-14 16:22:25] [INFO] [logger] [STATS] FETCH | Count: 1000 | Time: 0.14s | Info: 1-21. タイトル・名称 網羅検索 (Part 21) | Offset: 6000
[2026-08-14 16:22:25] [INFO] [sparql_collector] [1-21. タイトル・名称 網羅検索 (Part 21)] Sub-fetch (limit=1000, progress=7000件〜) ...
[2026-08-14 16:22:26] [INFO] [sparql_collector] [1-21. タイトル・名称 網羅検索 (Part 21)] Got 1000 new items. (累計: 8000件) [0.16s]
[2026-08-14 16:22:26] [INFO] [logger] [STATS] FETCH | Count: 1000 | Time: 0.16s | Info: 1-21. タイトル・名称 網羅検索 (Part 21) | Offset: 7000
[2026-08-14 16:22:26] [INFO] [sparql_collector] [1-21. タイトル・名称 網羅検索 (Part 21)] Sub-fetch (limit=1000, progress=8000件〜) ...
[2026-08-14 16:22:26] [INFO] [sparql_collector] [1-21. タイトル・名称 網羅検索 (Part 21)] Got 1000 new items. (累計: 9000件) [0.15s]
[2026-08-14 16:22:26] [INFO] [logger] [STATS] FETCH | Count: 1000 | Time: 0.15s | Info: 1-21. タイトル・名称 網羅検索 (Part 21) | Offset: 8000
[2026-08-14 16:22:27] [INFO] [sparql_collector] [1-21. タイトル・名称 網羅検索 (Part 21)] Sub-fetch (limit=1000, progress=9000件〜) ...
[2026-08-14 16:22:27] [INFO] [sparql_collector] [1-21. タイトル・名称 網羅検索 (Part 21)] Got 1000 new items. (累計: 10000件) [0.15s]
[2026-08-14 16:22:27] [INFO] [logger] [STATS] FETCH | Count: 1000 | Time: 0.15s | Info: 1-21. タイトル・名称 網羅検索 (Part 21) | Offset: 9000
[2026-08-14 16:22:27] [INFO] [sparql_collector] [1-21. タイトル・名称 網羅検索 (Part 21)] Sub-fetch (limit=1000, progress=10000件〜) ...
[2026-08-14 16:22:28] [INFO] [sparql_collector] [1-21. タイトル・名称 網羅検索 (Part 21)] Got 1000 new items. (累計: 11000件) [0.17s]
[2026-08-14 16:22:28] [INFO] [logger] [STATS] FETCH | Count: 1000 | Time: 0.17s | Info: 1-21. タイトル・名称 網羅検索 (Part 21) | Offset: 10000
[2026-08-14 16:22:28] [INFO] [sparql_collector] [1-21. タイトル・名称 網羅検索 (Part 21)] Sub-fetch (limit=1000, progress=11000件〜) ...
[2026-08-14 16:22:28] [INFO] [sparql_collector] [1-21. タイトル・名称 網羅検索 (Part 21)] Got 1000 new items. (累計: 12000件) [0.18s]
[2026-08-14 16:22:28] [INFO] [logger] [STATS] FETCH | Count: 1000 | Time: 0.18s | Info: 1-21. タイトル・名称 網羅検索 (Part 21) | Offset: 11000
[2026-08-14 16:22:29] [INFO] [sparql_collector] [1-21. タイトル・名称 網羅検索 (Part 21)] Sub-fetch (limit=1000, progress=12000件〜) ...
[2026-08-14 16:22:29] [INFO] [sparql_collector] [1-21. タイトル・名称 網羅検索 (Part 21)] Got 1000 new items. (累計: 13000件) [0.18s]
[2026-08-14 16:22:29] [INFO] [logger] [STATS] FETCH | Count: 1000 | Time: 0.18s | Info: 1-21. タイトル・名称 網羅検索 (Part 21) | Offset: 12000
[2026-08-14 16:22:29] [INFO] [sparql_collector] [1-21. タイトル・名称 網羅検索 (Part 21)] Sub-fetch (limit=1000, progress=13000件〜) ...
[2026-08-14 16:22:30] [INFO] [sparql_collector] [1-21. タイトル・名称 網羅検索 (Part 21)] Got 1000 new items. (累計: 14000件) [0.19s]
[2026-08-14 16:22:30] [INFO] [logger] [STATS] FETCH | Count: 1000 | Time: 0.19s | Info: 1-21. タイトル・名称 網羅検索 (Part 21) | Offset: 13000
[2026-08-14 16:22:30] [INFO] [sparql_collector] [1-21. タイトル・名称 網羅検索 (Part 21)] Sub-fetch (limit=1000, progress=14000件〜) ...
[2026-08-14 16:22:30] [INFO] [sparql_collector] [1-21. タイトル・名称 網羅検索 (Part 21)] Got 1000 new items. (累計: 15000件) [0.20s]
[2026-08-14 16:22:30] [INFO] [logger] [STATS] FETCH | Count: 1000 | Time: 0.20s | Info: 1-21. タイトル・名称 網羅検索 (Part 21) | Offset: 14000
[2026-08-14 16:22:31] [INFO] [sparql_collector] [1-21. タイトル・名称 網羅検索 (Part 21)] Sub-fetch (limit=1000, progress=15000件〜) ...
[2026-08-14 16:22:31] [INFO] [sparql_collector] [1-21. タイトル・名称 網羅検索 (Part 21)] Got 1000 new items. (累計: 16000件) [0.23s]
[2026-08-14 16:22:31] [INFO] [logger] [STATS] FETCH | Count: 1000 | Time: 0.23s | Info: 1-21. タイトル・名称 網羅検索 (Part 21) | Offset: 15000
[2026-08-14 16:22:32] [INFO] [sparql_collector] [1-21. タイトル・名称 網羅検索 (Part 21)] Sub-fetch (limit=1000, progress=16000件〜) ...
[2026-08-14 16:22:32] [INFO] [sparql_collector] [1-21. タイトル・名称 網羅検索 (Part 21)] Got 1000 new items. (累計: 17000件) [0.23s]
[2026-08-14 16:22:32] [INFO] [logger] [STATS] FETCH | Count: 1000 | Time: 0.23s | Info: 1-21. タイトル・名称 網羅検索 (Part 21) | Offset: 16000
[2026-08-14 16:22:32] [INFO] [sparql_collector] [1-21. タイトル・名称 網羅検索 (Part 21)] Sub-fetch (limit=1000, progress=17000件〜) ...
[2026-08-14 16:22:33] [INFO] [sparql_collector] [1-21. タイトル・名称 網羅検索 (Part 21)] Got 1000 new items. (累計: 18000件) [0.23s]
[2026-08-14 16:22:33] [INFO] [logger] [STATS] FETCH | Count: 1000 | Time: 0.23s | Info: 1-21. タイトル・名称 網羅検索 (Part 21) | Offset: 17000
[2026-08-14 16:22:33] [INFO] [sparql_collector] [1-21. タイトル・名称 網羅検索 (Part 21)] Sub-fetch (limit=1000, progress=18000件〜) ...
[2026-08-14 16:22:33] [INFO] [sparql_collector] [1-21. タイトル・名称 網羅検索 (Part 21)] Got 1000 new items. (累計: 19000件) [0.24s]
[2026-08-14 16:22:33] [INFO] [logger] [STATS] FETCH | Count: 1000 | Time: 0.24s | Info: 1-21. タイトル・名称 網羅検索 (Part 21) | Offset: 18000
[2026-08-14 16:22:34] [INFO] [sparql_collector] [1-21. タイトル・名称 網羅検索 (Part 21)] Sub-fetch (limit=1000, progress=19000件〜) ...
[2026-08-14 16:22:34] [INFO] [sparql_collector] [1-21. タイトル・名称 網羅検索 (Part 21)] Got 1000 new items. (累計: 20000件) [0.26s]
[2026-08-14 16:22:34] [INFO] [logger] [STATS] FETCH | Count: 1000 | Time: 0.26s | Info: 1-21. タイトル・名称 網羅検索 (Part 21) | Offset: 19000
[2026-08-14 16:22:35] [INFO] [sparql_collector] [1-21. タイトル・名称 網羅検索 (Part 21)] Sub-fetch (limit=1000, progress=20000件〜) ...
[2026-08-14 16:22:35] [INFO] [sparql_collector] [1-21. タイトル・名称 網羅検索 (Part 21)] Got 1000 new items. (累計: 21000件) [0.27s]
[2026-08-14 16:22:35] [INFO] [logger] [STATS] FETCH | Count: 1000 | Time: 0.27s | Info: 1-21. タイトル・名称 網羅検索 (Part 21) | Offset: 20000
[2026-08-14 16:22:35] [INFO] [sparql_collector] [1-21. タイトル・名称 網羅検索 (Part 21)] Sub-fetch (limit=1000, progress=21000件〜) ...
[2026-08-14 16:22:36] [INFO] [sparql_collector] [1-21. タイトル・名称 網羅検索 (Part 21)] Got 1000 new items. (累計: 22000件) [0.27s]
[2026-08-14 16:22:36] [INFO] [logger] [STATS] FETCH | Count: 1000 | Time: 0.27s | Info: 1-21. タイトル・名称 網羅検索 (Part 21) | Offset: 21000
[2026-08-14 16:22:36] [INFO] [sparql_collector] [1-21. タイトル・名称 網羅検索 (Part 21)] Sub-fetch (limit=1000, progress=22000件〜) ...
[2026-08-14 16:22:36] [INFO] [sparql_collector] [1-21. タイトル・名称 網羅検索 (Part 21)] Got 1000 new items. (累計: 23000件) [0.29s]
[2026-08-14 16:22:36] [INFO] [logger] [STATS] FETCH | Count: 1000 | Time: 0.29s | Info: 1-21. タイトル・名称 網羅検索 (Part 21) | Offset: 22000
[2026-08-14 16:22:37] [INFO] [sparql_collector] [1-21. タイトル・名称 網羅検索 (Part 21)] Sub-fetch (limit=1000, progress=23000件〜) ...
[2026-08-14 16:22:37] [INFO] [sparql_collector] [1-21. タイトル・名称 網羅検索 (Part 21)] Got 1000 new items. (累計: 24000件) [0.31s]
[2026-08-14 16:22:37] [INFO] [logger] [STATS] FETCH | Count: 1000 | Time: 0.31s | Info: 1-21. タイトル・名称 網羅検索 (Part 21) | Offset: 23000
[2026-08-14 16:22:38] [INFO] [sparql_collector] [1-21. タイトル・名称 網羅検索 (Part 21)] Sub-fetch (limit=1000, progress=24000件〜) ...
[2026-08-14 16:22:38] [INFO] [sparql_collector] [1-21. タイトル・名称 網羅検索 (Part 21)] Got 1000 new items. (累計: 25000件) [0.30s]
[2026-08-14 16:22:38] [INFO] [logger] [STATS] FETCH | Count: 1000 | Time: 0.30s | Info: 1-21. タイトル・名称 網羅検索 (Part 21) | Offset: 24000
[2026-08-14 16:22:39] [INFO] [sparql_collector] [1-21. タイトル・名称 網羅検索 (Part 21)] Sub-fetch (limit=1000, progress=25000件〜) ...
[2026-08-14 16:22:39] [INFO] [sparql_collector] [1-21. タイトル・名称 網羅検索 (Part 21)] Got 1000 new items. (累計: 26000件) [0.31s]
[2026-08-14 16:22:39] [INFO] [logger] [STATS] FETCH | Count: 1000 | Time: 0.31s | Info: 1-21. タイトル・名称 網羅検索 (Part 21) | Offset: 25000
[2026-08-14 16:22:39] [INFO] [sparql_collector] [1-21. タイトル・名称 網羅検索 (Part 21)] Sub-fetch (limit=1000, progress=26000件〜) ...
[2026-08-14 16:22:40] [INFO] [sparql_collector] [1-21. タイトル・名称 網羅検索 (Part 21)] Got 1000 new items. (累計: 27000件) [0.33s]
[2026-08-14 16:22:40] [INFO] [logger] [STATS] FETCH | Count: 1000 | Time: 0.33s | Info: 1-21. タイトル・名称 網羅検索 (Part 21) | Offset: 26000
[2026-08-14 16:22:40] [INFO] [sparql_collector] [1-21. タイトル・名称 網羅検索 (Part 21)] Sub-fetch (limit=1000, progress=27000件〜) ...
[2026-08-14 16:22:41] [INFO] [sparql_collector] [1-21. タイトル・名称 網羅検索 (Part 21)] Got 1000 new items. (累計: 28000件) [0.32s]
[2026-08-14 16:22:41] [INFO] [logger] [STATS] FETCH | Count: 1000 | Time: 0.32s | Info: 1-21. タイトル・名称 網羅検索 (Part 21) | Offset: 27000
[2026-08-14 16:22:41] [INFO] [sparql_collector] [1-21. タイトル・名称 網羅検索 (Part 21)] Sub-fetch (limit=1000, progress=28000件〜) ...
[2026-08-14 16:22:41] [INFO] [sparql_collector] [1-21. タイトル・名称 網羅検索 (Part 21)] Got 1000 new items. (累計: 29000件) [0.32s]
[2026-08-14 16:22:41] [INFO] [logger] [STATS] FETCH | Count: 1000 | Time: 0.32s | Info: 1-21. タイトル・名称 網羅検索 (Part 21) | Offset: 28000
[2026-08-14 16:22:42] [INFO] [sparql_collector] [1-21. タイトル・名称 網羅検索 (Part 21)] Sub-fetch (limit=1000, progress=29000件〜) ...
[2026-08-14 16:22:42] [INFO] [sparql_collector] [1-21. タイトル・名称 網羅検索 (Part 21)] Got 1000 new items. (累計: 30000件) [0.33s]
[2026-08-14 16:22:42] [INFO] [logger] [STATS] FETCH | Count: 1000 | Time: 0.33s | Info: 1-21. タイトル・名称 網羅検索 (Part 21) | Offset: 29000
[2026-08-14 16:22:43] [INFO] [sparql_collector] [1-21. タイトル・名称 網羅検索 (Part 21)] Sub-fetch (limit=1000, progress=30000件〜) ...
[2026-08-14 16:22:43] [INFO] [sparql_collector] [1-21. タイトル・名称 網羅検索 (Part 21)] Got 1000 new items. (累計: 31000件) [0.36s]
[2026-08-14 16:22:43] [INFO] [logger] [STATS] FETCH | Count: 1000 | Time: 0.36s | Info: 1-21. タイトル・名称 網羅検索 (Part 21) | Offset: 30000
[2026-08-14 16:22:44] [INFO] [sparql_collector] [1-21. タイトル・名称 網羅検索 (Part 21)] Sub-fetch (limit=1000, progress=31000件〜) ...
[2026-08-14 16:22:44] [INFO] [sparql_collector] [1-21. タイトル・名称 網羅検索 (Part 21)] Got 1000 new items. (累計: 32000件) [0.36s]
[2026-08-14 16:22:44] [INFO] [logger] [STATS] FETCH | Count: 1000 | Time: 0.36s | Info: 1-21. タイトル・名称 網羅検索 (Part 21) | Offset: 31000
[2026-08-14 16:22:44] [INFO] [sparql_collector] [1-21. タイトル・名称 網羅検索 (Part 21)] Sub-fetch (limit=1000, progress=32000件〜) ...
[2026-08-14 16:22:45] [INFO] [sparql_collector] [1-21. タイトル・名称 網羅検索 (Part 21)] Got 1000 new items. (累計: 33000件) [0.38s]
[2026-08-14 16:22:45] [INFO] [logger] [STATS] FETCH | Count: 1000 | Time: 0.38s | Info: 1-21. タイトル・名称 網羅検索 (Part 21) | Offset: 32000
[2026-08-14 16:22:45] [INFO] [sparql_collector] [1-21. タイトル・名称 網羅検索 (Part 21)] Sub-fetch (limit=1000, progress=33000件〜) ...
[2026-08-14 16:22:46] [INFO] [sparql_collector] [1-21. タイトル・名称 網羅検索 (Part 21)] Got 1000 new items. (累計: 34000件) [0.38s]
[2026-08-14 16:22:46] [INFO] [logger] [STATS] FETCH | Count: 1000 | Time: 0.38s | Info: 1-21. タイトル・名称 網羅検索 (Part 21) | Offset: 33000
[2026-08-14 16:22:46] [INFO] [sparql_collector] [1-21. タイトル・名称 網羅検索 (Part 21)] Sub-fetch (limit=1000, progress=34000件〜) ...
[2026-08-14 16:22:47] [INFO] [sparql_collector] [1-21. タイトル・名称 網羅検索 (Part 21)] Got 1000 new items. (累計: 35000件) [0.63s]
[2026-08-14 16:22:47] [INFO] [logger] [STATS] FETCH | Count: 1000 | Time: 0.63s | Info: 1-21. タイトル・名称 網羅検索 (Part 21) | Offset: 34000
[2026-08-14 16:22:47] [INFO] [sparql_collector] [1-21. タイトル・名称 網羅検索 (Part 21)] Sub-fetch (limit=1000, progress=35000件〜) ...
[2026-08-14 16:22:48] [INFO] [sparql_collector] [1-21. タイトル・名称 網羅検索 (Part 21)] Got 1000 new items. (累計: 36000件) [0.41s]
[2026-08-14 16:22:48] [INFO] [logger] [STATS] FETCH | Count: 1000 | Time: 0.41s | Info: 1-21. タイトル・名称 網羅検索 (Part 21) | Offset: 35000
[2026-08-14 16:22:48] [INFO] [sparql_collector] [1-21. タイトル・名称 網羅検索 (Part 21)] Sub-fetch (limit=1000, progress=36000件〜) ...
[2026-08-14 16:22:49] [INFO] [sparql_collector] [1-21. タイトル・名称 網羅検索 (Part 21)] Got 1000 new items. (累計: 37000件) [0.40s]
[2026-08-14 16:22:49] [INFO] [logger] [STATS] FETCH | Count: 1000 | Time: 0.40s | Info: 1-21. タイトル・名称 網羅検索 (Part 21) | Offset: 36000
[2026-08-14 16:22:49] [INFO] [sparql_collector] [1-21. タイトル・名称 網羅検索 (Part 21)] Sub-fetch (limit=1000, progress=37000件〜) ...
[2026-08-14 16:22:50] [INFO] [sparql_collector] [1-21. タイトル・名称 網羅検索 (Part 21)] Got 1000 new items. (累計: 38000件) [0.41s]
[2026-08-14 16:22:50] [INFO] [logger] [STATS] FETCH | Count: 1000 | Time: 0.41s | Info: 1-21. タイトル・名称 網羅検索 (Part 21) | Offset: 37000
[2026-08-14 16:22:50] [INFO] [sparql_collector] [1-21. タイトル・名称 網羅検索 (Part 21)] Sub-fetch (limit=1000, progress=38000件〜) ...
[2026-08-14 16:22:50] [INFO] [sparql_collector] [1-21. タイトル・名称 網羅検索 (Part 21)] Got 1000 new items. (累計: 39000件) [0.41s]
[2026-08-14 16:22:50] [INFO] [logger] [STATS] FETCH | Count: 1000 | Time: 0.41s | Info: 1-21. タイトル・名称 網羅検索 (Part 21) | Offset: 38000
[2026-08-14 16:22:51] [INFO] [sparql_collector] [1-21. タイトル・名称 網羅検索 (Part 21)] Sub-fetch (limit=1000, progress=39000件〜) ...
[2026-08-14 16:22:51] [INFO] [sparql_collector] [1-21. タイトル・名称 網羅検索 (Part 21)] Got 1000 new items. (累計: 40000件) [0.41s]
[2026-08-14 16:22:51] [INFO] [logger] [STATS] FETCH | Count: 1000 | Time: 0.41s | Info: 1-21. タイトル・名称 網羅検索 (Part 21) | Offset: 39000
[2026-08-14 16:22:52] [INFO] [sparql_collector] [1-21. タイトル・名称 網羅検索 (Part 21)] Sub-fetch (limit=1000, progress=40000件〜) ...
[2026-08-14 16:22:52] [INFO] [sparql_collector] [1-21. タイトル・名称 網羅検索 (Part 21)] Got 1000 new items. (累計: 41000件) [0.43s]
[2026-08-14 16:22:52] [INFO] [logger] [STATS] FETCH | Count: 1000 | Time: 0.43s | Info: 1-21. タイトル・名称 網羅検索 (Part 21) | Offset: 40000
[2026-08-14 16:22:53] [INFO] [sparql_collector] [1-21. タイトル・名称 網羅検索 (Part 21)] Sub-fetch (limit=1000, progress=41000件〜) ...
[2026-08-14 16:22:53] [INFO] [sparql_collector] [1-21. タイトル・名称 網羅検索 (Part 21)] Got 1000 new items. (累計: 42000件) [0.46s]
[2026-08-14 16:22:53] [INFO] [logger] [STATS] FETCH | Count: 1000 | Time: 0.46s | Info: 1-21. タイトル・名称 網羅検索 (Part 21) | Offset: 41000
[2026-08-14 16:22:54] [INFO] [sparql_collector] [1-21. タイトル・名称 網羅検索 (Part 21)] Sub-fetch (limit=1000, progress=42000件〜) ...
[2026-08-14 16:22:54] [INFO] [sparql_collector] [1-21. タイトル・名称 網羅検索 (Part 21)] Got 1000 new items. (累計: 43000件) [0.45s]
[2026-08-14 16:22:54] [INFO] [logger] [STATS] FETCH | Count: 1000 | Time: 0.45s | Info: 1-21. タイトル・名称 網羅検索 (Part 21) | Offset: 42000
[2026-08-14 16:22:55] [INFO] [sparql_collector] [1-21. タイトル・名称 網羅検索 (Part 21)] Sub-fetch (limit=1000, progress=43000件〜) ...
[2026-08-14 16:22:55] [INFO] [sparql_collector] [1-21. タイトル・名称 網羅検索 (Part 21)] Got 1000 new items. (累計: 44000件) [0.48s]
[2026-08-14 16:22:55] [INFO] [logger] [STATS] FETCH | Count: 1000 | Time: 0.48s | Info: 1-21. タイトル・名称 網羅検索 (Part 21) | Offset: 43000
[2026-08-14 16:22:56] [INFO] [sparql_collector] [1-21. タイトル・名称 網羅検索 (Part 21)] Sub-fetch (limit=1000, progress=44000件〜) ...
[2026-08-14 16:22:56] [INFO] [sparql_collector] [1-21. タイトル・名称 網羅検索 (Part 21)] Got 1000 new items. (累計: 45000件) [0.50s]
[2026-08-14 16:22:56] [INFO] [logger] [STATS] FETCH | Count: 1000 | Time: 0.50s | Info: 1-21. タイトル・名称 網羅検索 (Part 21) | Offset: 44000
[2026-08-14 16:22:57] [INFO] [sparql_collector] [1-21. タイトル・名称 網羅検索 (Part 21)] Sub-fetch (limit=1000, progress=45000件〜) ...
[2026-08-14 16:22:57] [INFO] [sparql_collector] [1-21. タイトル・名称 網羅検索 (Part 21)] Got 1000 new items. (累計: 46000件) [0.65s]
[2026-08-14 16:22:57] [INFO] [logger] [STATS] FETCH | Count: 1000 | Time: 0.65s | Info: 1-21. タイトル・名称 網羅検索 (Part 21) | Offset: 45000
[2026-08-14 16:22:58] [INFO] [sparql_collector] [1-21. タイトル・名称 網羅検索 (Part 21)] Sub-fetch (limit=1000, progress=46000件〜) ...
[2026-08-14 16:22:58] [INFO] [sparql_collector] [1-21. タイトル・名称 網羅検索 (Part 21)] Got 1000 new items. (累計: 47000件) [0.53s]
[2026-08-14 16:22:58] [INFO] [logger] [STATS] FETCH | Count: 1000 | Time: 0.53s | Info: 1-21. タイトル・名称 網羅検索 (Part 21) | Offset: 46000
[2026-08-14 16:22:59] [INFO] [sparql_collector] [1-21. タイトル・名称 網羅検索 (Part 21)] Sub-fetch (limit=1000, progress=47000件〜) ...
[2026-08-14 16:22:59] [INFO] [sparql_collector] [1-21. タイトル・名称 網羅検索 (Part 21)] Got 1000 new items. (累計: 48000件) [0.55s]
[2026-08-14 16:22:59] [INFO] [logger] [STATS] FETCH | Count: 1000 | Time: 0.55s | Info: 1-21. タイトル・名称 網羅検索 (Part 21) | Offset: 47000
[2026-08-14 16:23:00] [INFO] [sparql_collector] [1-21. タイトル・名称 網羅検索 (Part 21)] Sub-fetch (limit=1000, progress=48000件〜) ...
[2026-08-14 16:23:01] [INFO] [sparql_collector] [1-21. タイトル・名称 網羅検索 (Part 21)] Got 1000 new items. (累計: 49000件) [0.58s]
[2026-08-14 16:23:01] [INFO] [logger] [STATS] FETCH | Count: 1000 | Time: 0.58s | Info: 1-21. タイトル・名称 網羅検索 (Part 21) | Offset: 48000
[2026-08-14 16:23:01] [INFO] [sparql_collector] [1-21. タイトル・名称 網羅検索 (Part 21)] Sub-fetch (limit=1000, progress=49000件〜) ...
[2026-08-14 16:23:02] [INFO] [sparql_collector] [1-21. タイトル・名称 網羅検索 (Part 21)] Got 1000 new items. (累計: 50000件) [0.60s]
[2026-08-14 16:23:02] [INFO] [logger] [STATS] FETCH | Count: 1000 | Time: 0.60s | Info: 1-21. タイトル・名称 網羅検索 (Part 21) | Offset: 49000
[2026-08-14 16:23:02] [INFO] [sparql_collector] [1-21. タイトル・名称 網羅検索 (Part 21)] Sub-fetch (limit=1000, progress=50000件〜) ...
[2026-08-14 16:23:03] [INFO] [sparql_collector] [1-21. タイトル・名称 網羅検索 (Part 21)] Got 1000 new items. (累計: 51000件) [0.62s]
[2026-08-14 16:23:03] [INFO] [logger] [STATS] FETCH | Count: 1000 | Time: 0.62s | Info: 1-21. タイトル・名称 網羅検索 (Part 21) | Offset: 50000
[2026-08-14 16:23:03] [INFO] [sparql_collector] [1-21. タイトル・名称 網羅検索 (Part 21)] Sub-fetch (limit=1000, progress=51000件〜) ...
[2026-08-14 16:23:04] [INFO] [sparql_collector] [1-21. タイトル・名称 網羅検索 (Part 21)] Got 1000 new items. (累計: 52000件) [0.63s]
[2026-08-14 16:23:04] [INFO] [logger] [STATS] FETCH | Count: 1000 | Time: 0.63s | Info: 1-21. タイトル・名称 網羅検索 (Part 21) | Offset: 51000
[2026-08-14 16:23:04] [INFO] [sparql_collector] [1-21. タイトル・名称 網羅検索 (Part 21)] Sub-fetch (limit=1000, progress=52000件〜) ...
[2026-08-14 16:23:05] [INFO] [sparql_collector] [1-21. タイトル・名称 網羅検索 (Part 21)] Got 1000 new items. (累計: 53000件) [0.61s]
[2026-08-14 16:23:05] [INFO] [logger] [STATS] FETCH | Count: 1000 | Time: 0.61s | Info: 1-21. タイトル・名称 網羅検索 (Part 21) | Offset: 52000
[2026-08-14 16:23:06] [INFO] [sparql_collector] [1-21. タイトル・名称 網羅検索 (Part 21)] Sub-fetch (limit=1000, progress=53000件〜) ...
[2026-08-14 16:23:06] [INFO] [sparql_collector] [1-21. タイトル・名称 網羅検索 (Part 21)] Got 1000 new items. (累計: 54000件) [0.73s]
[2026-08-14 16:23:06] [INFO] [logger] [STATS] FETCH | Count: 1000 | Time: 0.73s | Info: 1-21. タイトル・名称 網羅検索 (Part 21) | Offset: 53000
[2026-08-14 16:23:07] [INFO] [sparql_collector] [1-21. タイトル・名称 網羅検索 (Part 21)] Sub-fetch (limit=1000, progress=54000件〜) ...
[2026-08-14 16:23:07] [INFO] [sparql_collector] [1-21. タイトル・名称 網羅検索 (Part 21)] Got 1000 new items. (累計: 55000件) [0.63s]
[2026-08-14 16:23:07] [INFO] [logger] [STATS] FETCH | Count: 1000 | Time: 0.63s | Info: 1-21. タイトル・名称 網羅検索 (Part 21) | Offset: 54000
[2026-08-14 16:23:08] [INFO] [sparql_collector] [1-21. タイトル・名称 網羅検索 (Part 21)] Sub-fetch (limit=1000, progress=55000件〜) ...
[2026-08-14 16:23:09] [INFO] [sparql_collector] [1-21. タイトル・名称 網羅検索 (Part 21)] Got 1000 new items. (累計: 56000件) [0.65s]
[2026-08-14 16:23:09] [INFO] [logger] [STATS] FETCH | Count: 1000 | Time: 0.65s | Info: 1-21. タイトル・名称 網羅検索 (Part 21) | Offset: 55000
[2026-08-14 16:23:09] [INFO] [sparql_collector] [1-21. タイトル・名称 網羅検索 (Part 21)] Sub-fetch (limit=1000, progress=56000件〜) ...
[2026-08-14 16:23:10] [INFO] [sparql_collector] [1-21. タイトル・名称 網羅検索 (Part 21)] Got 1000 new items. (累計: 57000件) [0.68s]
[2026-08-14 16:23:10] [INFO] [logger] [STATS] FETCH | Count: 1000 | Time: 0.68s | Info: 1-21. タイトル・名称 網羅検索 (Part 21) | Offset: 56000
[2026-08-14 16:23:10] [INFO] [sparql_collector] [1-21. タイトル・名称 網羅検索 (Part 21)] Sub-fetch (limit=1000, progress=57000件〜) ...
[2026-08-14 16:23:11] [INFO] [sparql_collector] [1-21. タイトル・名称 網羅検索 (Part 21)] Got 1000 new items. (累計: 58000件) [0.72s]
[2026-08-14 16:23:11] [INFO] [logger] [STATS] FETCH | Count: 1000 | Time: 0.72s | Info: 1-21. タイトル・名称 網羅検索 (Part 21) | Offset: 57000
[2026-08-14 16:23:11] [INFO] [sparql_collector] [1-21. タイトル・名称 網羅検索 (Part 21)] Sub-fetch (limit=1000, progress=58000件〜) ...
[2026-08-14 16:23:12] [INFO] [sparql_collector] [1-21. タイトル・名称 網羅検索 (Part 21)] Got 1000 new items. (累計: 59000件) [0.71s]
[2026-08-14 16:23:12] [INFO] [logger] [STATS] FETCH | Count: 1000 | Time: 0.71s | Info: 1-21. タイトル・名称 網羅検索 (Part 21) | Offset: 58000
[2026-08-14 16:23:13] [INFO] [sparql_collector] [1-21. タイトル・名称 網羅検索 (Part 21)] Sub-fetch (limit=1000, progress=59000件〜) ...
[2026-08-14 16:23:13] [INFO] [sparql_collector] [1-21. タイトル・名称 網羅検索 (Part 21)] Got 1000 new items. (累計: 60000件) [0.72s]
[2026-08-14 16:23:13] [INFO] [logger] [STATS] FETCH | Count: 1000 | Time: 0.72s | Info: 1-21. タイトル・名称 網羅検索 (Part 21) | Offset: 59000
[2026-08-14 16:23:14] [INFO] [sparql_collector] [1-21. タイトル・名称 網羅検索 (Part 21)] Sub-fetch (limit=1000, progress=60000件〜) ...
[2026-08-14 16:23:15] [INFO] [sparql_collector] [1-21. タイトル・名称 網羅検索 (Part 21)] Got 1000 new items. (累計: 61000件) [0.68s]
[2026-08-14 16:23:15] [INFO] [logger] [STATS] FETCH | Count: 1000 | Time: 0.68s | Info: 1-21. タイトル・名称 網羅検索 (Part 21) | Offset: 60000
[2026-08-14 16:23:15] [INFO] [sparql_collector] [1-21. タイトル・名称 網羅検索 (Part 21)] Sub-fetch (limit=1000, progress=61000件〜) ...
[2026-08-14 16:23:16] [INFO] [sparql_collector] [1-21. タイトル・名称 網羅検索 (Part 21)] Got 1000 new items. (累計: 62000件) [0.66s]
[2026-08-14 16:23:16] [INFO] [logger] [STATS] FETCH | Count: 1000 | Time: 0.66s | Info: 1-21. タイトル・名称 網羅検索 (Part 21) | Offset: 61000
[2026-08-14 16:23:16] [INFO] [sparql_collector] [1-21. タイトル・名称 網羅検索 (Part 21)] Sub-fetch (limit=1000, progress=62000件〜) ...
[2026-08-14 16:23:17] [INFO] [sparql_collector] [1-21. タイトル・名称 網羅検索 (Part 21)] Got 1000 new items. (累計: 63000件) [0.78s]
[2026-08-14 16:23:17] [INFO] [logger] [STATS] FETCH | Count: 1000 | Time: 0.78s | Info: 1-21. タイトル・名称 網羅検索 (Part 21) | Offset: 62000
[2026-08-14 16:23:18] [INFO] [sparql_collector] [1-21. タイトル・名称 網羅検索 (Part 21)] Sub-fetch (limit=1000, progress=63000件〜) ...
[2026-08-14 16:23:18] [INFO] [sparql_collector] [1-21. タイトル・名称 網羅検索 (Part 21)] Got 1000 new items. (累計: 64000件) [0.76s]
[2026-08-14 16:23:18] [INFO] [logger] [STATS] FETCH | Count: 1000 | Time: 0.76s | Info: 1-21. タイトル・名称 網羅検索 (Part 21) | Offset: 63000
[2026-08-14 16:23:19] [INFO] [sparql_collector] [1-21. タイトル・名称 網羅検索 (Part 21)] Sub-fetch (limit=1000, progress=64000件〜) ...
[2026-08-14 16:23:20] [INFO] [sparql_collector] [1-21. タイトル・名称 網羅検索 (Part 21)] Got 1000 new items. (累計: 65000件) [0.75s]
[2026-08-14 16:23:20] [INFO] [logger] [STATS] FETCH | Count: 1000 | Time: 0.75s | Info: 1-21. タイトル・名称 網羅検索 (Part 21) | Offset: 64000
[2026-08-14 16:23:20] [INFO] [sparql_collector] [1-21. タイトル・名称 網羅検索 (Part 21)] Sub-fetch (limit=1000, progress=65000件〜) ...
[2026-08-14 16:23:21] [INFO] [sparql_collector] [1-21. タイトル・名称 網羅検索 (Part 21)] Got 1000 new items. (累計: 66000件) [0.76s]
[2026-08-14 16:23:21] [INFO] [logger] [STATS] FETCH | Count: 1000 | Time: 0.76s | Info: 1-21. タイトル・名称 網羅検索 (Part 21) | Offset: 65000
[2026-08-14 16:23:21] [INFO] [sparql_collector] [1-21. タイトル・名称 網羅検索 (Part 21)] Sub-fetch (limit=1000, progress=66000件〜) ...
[2026-08-14 16:23:22] [INFO] [sparql_collector] [1-21. タイトル・名称 網羅検索 (Part 21)] Got 1000 new items. (累計: 67000件) [0.78s]
[2026-08-14 16:23:22] [INFO] [logger] [STATS] FETCH | Count: 1000 | Time: 0.78s | Info: 1-21. タイトル・名称 網羅検索 (Part 21) | Offset: 66000
[2026-08-14 16:23:23] [INFO] [sparql_collector] [1-21. タイトル・名称 網羅検索 (Part 21)] Sub-fetch (limit=1000, progress=67000件〜) ...
[2026-08-14 16:23:23] [INFO] [sparql_collector] [1-21. タイトル・名称 網羅検索 (Part 21)] Got 1000 new items. (累計: 68000件) [0.80s]
[2026-08-14 16:23:23] [INFO] [logger] [STATS] FETCH | Count: 1000 | Time: 0.80s | Info: 1-21. タイトル・名称 網羅検索 (Part 21) | Offset: 67000
[2026-08-14 16:23:24] [INFO] [sparql_collector] [1-21. タイトル・名称 網羅検索 (Part 21)] Sub-fetch (limit=1000, progress=68000件〜) ...
[2026-08-14 16:23:25] [INFO] [sparql_collector] [1-21. タイトル・名称 網羅検索 (Part 21)] Got 1000 new items. (累計: 69000件) [0.72s]
[2026-08-14 16:23:25] [INFO] [logger] [STATS] FETCH | Count: 1000 | Time: 0.72s | Info: 1-21. タイトル・名称 網羅検索 (Part 21) | Offset: 68000
[2026-08-14 16:23:25] [INFO] [sparql_collector] [1-21. タイトル・名称 網羅検索 (Part 21)] Sub-fetch (limit=1000, progress=69000件〜) ...
[2026-08-14 16:23:26] [INFO] [sparql_collector] [1-21. タイトル・名称 網羅検索 (Part 21)] Got 1000 new items. (累計: 70000件) [0.76s]
[2026-08-14 16:23:26] [INFO] [logger] [STATS] FETCH | Count: 1000 | Time: 0.76s | Info: 1-21. タイトル・名称 網羅検索 (Part 21) | Offset: 69000
[2026-08-14 16:23:26] [INFO] [sparql_collector] [1-21. タイトル・名称 網羅検索 (Part 21)] Sub-fetch (limit=1000, progress=70000件〜) ...
[2026-08-14 16:23:27] [INFO] [sparql_collector] [1-21. タイトル・名称 網羅検索 (Part 21)] Got 1000 new items. (累計: 71000件) [0.77s]
[2026-08-14 16:23:27] [INFO] [logger] [STATS] FETCH | Count: 1000 | Time: 0.77s | Info: 1-21. タイトル・名称 網羅検索 (Part 21) | Offset: 70000
[2026-08-14 16:23:28] [INFO] [sparql_collector] [1-21. タイトル・名称 網羅検索 (Part 21)] Sub-fetch (limit=1000, progress=71000件〜) ...
[2026-08-14 16:23:28] [INFO] [sparql_collector] [1-21. タイトル・名称 網羅検索 (Part 21)] Got 1000 new items. (累計: 72000件) [0.79s]
[2026-08-14 16:23:28] [INFO] [logger] [STATS] FETCH | Count: 1000 | Time: 0.79s | Info: 1-21. タイトル・名称 網羅検索 (Part 21) | Offset: 71000
[2026-08-14 16:23:29] [INFO] [sparql_collector] [1-21. タイトル・名称 網羅検索 (Part 21)] Sub-fetch (limit=1000, progress=72000件〜) ...
[2026-08-14 16:23:30] [INFO] [sparql_collector] [1-21. タイトル・名称 網羅検索 (Part 21)] Got 1000 new items. (累計: 73000件) [0.76s]
[2026-08-14 16:23:30] [INFO] [logger] [STATS] FETCH | Count: 1000 | Time: 0.76s | Info: 1-21. タイトル・名称 網羅検索 (Part 21) | Offset: 72000
[2026-08-14 16:23:30] [INFO] [sparql_collector] [1-21. タイトル・名称 網羅検索 (Part 21)] Sub-fetch (limit=1000, progress=73000件〜) ...
[2026-08-14 16:23:31] [INFO] [sparql_collector] [1-21. タイトル・名称 網羅検索 (Part 21)] Got 1000 new items. (累計: 74000件) [1.06s]
[2026-08-14 16:23:31] [INFO] [logger] [STATS] FETCH | Count: 1000 | Time: 1.06s | Info: 1-21. タイトル・名称 網羅検索 (Part 21) | Offset: 73000
[2026-08-14 16:23:32] [INFO] [sparql_collector] [1-21. タイトル・名称 網羅検索 (Part 21)] Sub-fetch (limit=1000, progress=74000件〜) ...
[2026-08-14 16:23:33] [INFO] [sparql_collector] [1-21. タイトル・名称 網羅検索 (Part 21)] Got 330 new items. (累計: 74330件) [0.81s]
[2026-08-14 16:23:33] [INFO] [logger] [STATS] FETCH | Count: 330 | Time: 0.81s | Info: 1-21. タイトル・名称 網羅検索 (Part 21) | Offset: 74000
[2026-08-14 16:23:33] [INFO] [sparql_collector] [1-21. タイトル・名称 網羅検索 (Part 21)] 最終バッチ到達（全データ取得完了）。
[2026-08-14 16:23:34] [INFO] [sparql_collector] --- [開始] 1-22. タイトル・名称 網羅検索 (Part 22) (全件網羅 (上限なし)) ---
[2026-08-14 16:23:34] [INFO] [sparql_collector] [1-22. タイトル・名称 網羅検索 (Part 22)] Sub-fetch (limit=1000, progress=0件〜) ...
[2026-08-14 16:23:34] [INFO] [sparql_collector] [1-22. タイトル・名称 網羅検索 (Part 22)] Got 6 new items. (累計: 6件) [0.06s]
[2026-08-14 16:23:34] [INFO] [logger] [STATS] FETCH | Count: 6 | Time: 0.06s | Info: 1-22. タイトル・名称 網羅検索 (Part 22) | Offset: 0
[2026-08-14 16:23:34] [INFO] [sparql_collector] [1-22. タイトル・名称 網羅検索 (Part 22)] 最終バッチ到達（全データ取得完了）。
[2026-08-14 16:23:36] [INFO] [sparql_collector] --- [開始] 1-23. タイトル・名称 網羅検索 (Part 23) (全件網羅 (上限なし)) ---
[2026-08-14 16:23:36] [INFO] [sparql_collector] [1-23. タイトル・名称 網羅検索 (Part 23)] Sub-fetch (limit=1000, progress=0件〜) ...
[2026-08-14 16:23:36] [INFO] [sparql_collector] [1-23. タイトル・名称 網羅検索 (Part 23)] Got 1000 new items. (累計: 1000件) [0.09s]
[2026-08-14 16:23:36] [INFO] [logger] [STATS] FETCH | Count: 1000 | Time: 0.09s | Info: 1-23. タイトル・名称 網羅検索 (Part 23) | Offset: 0
[2026-08-14 16:23:36] [INFO] [sparql_collector] [1-23. タイトル・名称 網羅検索 (Part 23)] Sub-fetch (limit=1000, progress=1000件〜) ...
[2026-08-14 16:23:36] [INFO] [sparql_collector] [1-23. タイトル・名称 網羅検索 (Part 23)] Got 1000 new items. (累計: 2000件) [0.07s]
[2026-08-14 16:23:36] [INFO] [logger] [STATS] FETCH | Count: 1000 | Time: 0.07s | Info: 1-23. タイトル・名称 網羅検索 (Part 23) | Offset: 1000
[2026-08-14 16:23:37] [INFO] [sparql_collector] [1-23. タイトル・名称 網羅検索 (Part 23)] Sub-fetch (limit=1000, progress=2000件〜) ...
[2026-08-14 16:23:37] [INFO] [sparql_collector] [1-23. タイトル・名称 網羅検索 (Part 23)] Got 1000 new items. (累計: 3000件) [0.07s]
[2026-08-14 16:23:37] [INFO] [logger] [STATS] FETCH | Count: 1000 | Time: 0.07s | Info: 1-23. タイトル・名称 網羅検索 (Part 23) | Offset: 2000
[2026-08-14 16:23:37] [INFO] [sparql_collector] [1-23. タイトル・名称 網羅検索 (Part 23)] Sub-fetch (limit=1000, progress=3000件〜) ...
[2026-08-14 16:23:38] [INFO] [sparql_collector] [1-23. タイトル・名称 網羅検索 (Part 23)] Got 1000 new items. (累計: 4000件) [0.09s]
[2026-08-14 16:23:38] [INFO] [logger] [STATS] FETCH | Count: 1000 | Time: 0.09s | Info: 1-23. タイトル・名称 網羅検索 (Part 23) | Offset: 3000
[2026-08-14 16:23:38] [INFO] [sparql_collector] [1-23. タイトル・名称 網羅検索 (Part 23)] Sub-fetch (limit=1000, progress=4000件〜) ...
[2026-08-14 16:23:38] [INFO] [sparql_collector] [1-23. タイトル・名称 網羅検索 (Part 23)] Got 1000 new items. (累計: 5000件) [0.11s]
[2026-08-14 16:23:38] [INFO] [logger] [STATS] FETCH | Count: 1000 | Time: 0.11s | Info: 1-23. タイトル・名称 網羅検索 (Part 23) | Offset: 4000
[2026-08-14 16:23:39] [INFO] [sparql_collector] [1-23. タイトル・名称 網羅検索 (Part 23)] Sub-fetch (limit=1000, progress=5000件〜) ...
[2026-08-14 16:23:39] [INFO] [sparql_collector] [1-23. タイトル・名称 網羅検索 (Part 23)] Got 1000 new items. (累計: 6000件) [0.12s]
[2026-08-14 16:23:39] [INFO] [logger] [STATS] FETCH | Count: 1000 | Time: 0.12s | Info: 1-23. タイトル・名称 網羅検索 (Part 23) | Offset: 5000
[2026-08-14 16:23:39] [INFO] [sparql_collector] [1-23. タイトル・名称 網羅検索 (Part 23)] Sub-fetch (limit=1000, progress=6000件〜) ...
[2026-08-14 16:23:39] [INFO] [sparql_collector] [1-23. タイトル・名称 網羅検索 (Part 23)] Got 1000 new items. (累計: 7000件) [0.12s]
[2026-08-14 16:23:39] [INFO] [logger] [STATS] FETCH | Count: 1000 | Time: 0.12s | Info: 1-23. タイトル・名称 網羅検索 (Part 23) | Offset: 6000
[2026-08-14 16:23:40] [INFO] [sparql_collector] [1-23. タイトル・名称 網羅検索 (Part 23)] Sub-fetch (limit=1000, progress=7000件〜) ...
[2026-08-14 16:23:40] [INFO] [sparql_collector] [1-23. タイトル・名称 網羅検索 (Part 23)] Got 1000 new items. (累計: 8000件) [0.12s]
[2026-08-14 16:23:40] [INFO] [logger] [STATS] FETCH | Count: 1000 | Time: 0.12s | Info: 1-23. タイトル・名称 網羅検索 (Part 23) | Offset: 7000
[2026-08-14 16:23:41] [INFO] [sparql_collector] [1-23. タイトル・名称 網羅検索 (Part 23)] Sub-fetch (limit=1000, progress=8000件〜) ...
[2026-08-14 16:23:41] [INFO] [sparql_collector] [1-23. タイトル・名称 網羅検索 (Part 23)] Got 1000 new items. (累計: 9000件) [0.13s]
[2026-08-14 16:23:41] [INFO] [logger] [STATS] FETCH | Count: 1000 | Time: 0.13s | Info: 1-23. タイトル・名称 網羅検索 (Part 23) | Offset: 8000
[2026-08-14 16:23:41] [INFO] [sparql_collector] [1-23. タイトル・名称 網羅検索 (Part 23)] Sub-fetch (limit=1000, progress=9000件〜) ...
[2026-08-14 16:23:41] [INFO] [sparql_collector] [1-23. タイトル・名称 網羅検索 (Part 23)] Got 1000 new items. (累計: 10000件) [0.15s]
[2026-08-14 16:23:41] [INFO] [logger] [STATS] FETCH | Count: 1000 | Time: 0.15s | Info: 1-23. タイトル・名称 網羅検索 (Part 23) | Offset: 9000
[2026-08-14 16:23:42] [INFO] [sparql_collector] [1-23. タイトル・名称 網羅検索 (Part 23)] Sub-fetch (limit=1000, progress=10000件〜) ...
[2026-08-14 16:23:42] [INFO] [sparql_collector] [1-23. タイトル・名称 網羅検索 (Part 23)] Got 1000 new items. (累計: 11000件) [0.15s]
[2026-08-14 16:23:42] [INFO] [logger] [STATS] FETCH | Count: 1000 | Time: 0.15s | Info: 1-23. タイトル・名称 網羅検索 (Part 23) | Offset: 10000
[2026-08-14 16:23:43] [INFO] [sparql_collector] [1-23. タイトル・名称 網羅検索 (Part 23)] Sub-fetch (limit=1000, progress=11000件〜) ...
[2026-08-14 16:23:43] [INFO] [sparql_collector] [1-23. タイトル・名称 網羅検索 (Part 23)] Got 1000 new items. (累計: 12000件) [0.17s]
[2026-08-14 16:23:43] [INFO] [logger] [STATS] FETCH | Count: 1000 | Time: 0.17s | Info: 1-23. タイトル・名称 網羅検索 (Part 23) | Offset: 11000
[2026-08-14 16:23:43] [INFO] [sparql_collector] [1-23. タイトル・名称 網羅検索 (Part 23)] Sub-fetch (limit=1000, progress=12000件〜) ...
[2026-08-14 16:23:43] [INFO] [sparql_collector] [1-23. タイトル・名称 網羅検索 (Part 23)] Got 1000 new items. (累計: 13000件) [0.16s]
[2026-08-14 16:23:43] [INFO] [logger] [STATS] FETCH | Count: 1000 | Time: 0.16s | Info: 1-23. タイトル・名称 網羅検索 (Part 23) | Offset: 12000
[2026-08-14 16:23:44] [INFO] [sparql_collector] [1-23. タイトル・名称 網羅検索 (Part 23)] Sub-fetch (limit=1000, progress=13000件〜) ...
[2026-08-14 16:23:44] [INFO] [sparql_collector] [1-23. タイトル・名称 網羅検索 (Part 23)] Got 1000 new items. (累計: 14000件) [0.19s]
[2026-08-14 16:23:44] [INFO] [logger] [STATS] FETCH | Count: 1000 | Time: 0.19s | Info: 1-23. タイトル・名称 網羅検索 (Part 23) | Offset: 13000
[2026-08-14 16:23:45] [INFO] [sparql_collector] [1-23. タイトル・名称 網羅検索 (Part 23)] Sub-fetch (limit=1000, progress=14000件〜) ...
[2026-08-14 16:23:45] [INFO] [sparql_collector] [1-23. タイトル・名称 網羅検索 (Part 23)] Got 1000 new items. (累計: 15000件) [0.19s]
[2026-08-14 16:23:45] [INFO] [logger] [STATS] FETCH | Count: 1000 | Time: 0.19s | Info: 1-23. タイトル・名称 網羅検索 (Part 23) | Offset: 14000
[2026-08-14 16:23:45] [INFO] [sparql_collector] [1-23. タイトル・名称 網羅検索 (Part 23)] Sub-fetch (limit=1000, progress=15000件〜) ...
[2026-08-14 16:23:45] [INFO] [sparql_collector] [1-23. タイトル・名称 網羅検索 (Part 23)] Got 1000 new items. (累計: 16000件) [0.21s]
[2026-08-14 16:23:45] [INFO] [logger] [STATS] FETCH | Count: 1000 | Time: 0.21s | Info: 1-23. タイトル・名称 網羅検索 (Part 23) | Offset: 15000
[2026-08-14 16:23:46] [INFO] [sparql_collector] [1-23. タイトル・名称 網羅検索 (Part 23)] Sub-fetch (limit=1000, progress=16000件〜) ...
[2026-08-14 16:23:46] [INFO] [sparql_collector] [1-23. タイトル・名称 網羅検索 (Part 23)] Got 1000 new items. (累計: 17000件) [0.21s]
[2026-08-14 16:23:46] [INFO] [logger] [STATS] FETCH | Count: 1000 | Time: 0.21s | Info: 1-23. タイトル・名称 網羅検索 (Part 23) | Offset: 16000
[2026-08-14 16:23:47] [INFO] [sparql_collector] [1-23. タイトル・名称 網羅検索 (Part 23)] Sub-fetch (limit=1000, progress=17000件〜) ...
[2026-08-14 16:23:47] [INFO] [sparql_collector] [1-23. タイトル・名称 網羅検索 (Part 23)] Got 1000 new items. (累計: 18000件) [0.21s]
[2026-08-14 16:23:47] [INFO] [logger] [STATS] FETCH | Count: 1000 | Time: 0.21s | Info: 1-23. タイトル・名称 網羅検索 (Part 23) | Offset: 17000
[2026-08-14 16:23:47] [INFO] [sparql_collector] [1-23. タイトル・名称 網羅検索 (Part 23)] Sub-fetch (limit=1000, progress=18000件〜) ...
[2026-08-14 16:23:48] [INFO] [sparql_collector] [1-23. タイトル・名称 網羅検索 (Part 23)] Got 1000 new items. (累計: 19000件) [0.24s]
[2026-08-14 16:23:48] [INFO] [logger] [STATS] FETCH | Count: 1000 | Time: 0.24s | Info: 1-23. タイトル・名称 網羅検索 (Part 23) | Offset: 18000
[2026-08-14 16:23:48] [INFO] [sparql_collector] [1-23. タイトル・名称 網羅検索 (Part 23)] Sub-fetch (limit=1000, progress=19000件〜) ...
[2026-08-14 16:23:48] [INFO] [sparql_collector] [1-23. タイトル・名称 網羅検索 (Part 23)] Got 1000 new items. (累計: 20000件) [0.24s]
[2026-08-14 16:23:48] [INFO] [logger] [STATS] FETCH | Count: 1000 | Time: 0.24s | Info: 1-23. タイトル・名称 網羅検索 (Part 23) | Offset: 19000
[2026-08-14 16:23:49] [INFO] [sparql_collector] [1-23. タイトル・名称 網羅検索 (Part 23)] Sub-fetch (limit=1000, progress=20000件〜) ...
[2026-08-14 16:23:49] [INFO] [sparql_collector] [1-23. タイトル・名称 網羅検索 (Part 23)] Got 1000 new items. (累計: 21000件) [0.22s]
[2026-08-14 16:23:49] [INFO] [logger] [STATS] FETCH | Count: 1000 | Time: 0.22s | Info: 1-23. タイトル・名称 網羅検索 (Part 23) | Offset: 20000
[2026-08-14 16:23:50] [INFO] [sparql_collector] [1-23. タイトル・名称 網羅検索 (Part 23)] Sub-fetch (limit=1000, progress=21000件〜) ...
[2026-08-14 16:23:50] [INFO] [sparql_collector] [1-23. タイトル・名称 網羅検索 (Part 23)] Got 1000 new items. (累計: 22000件) [0.27s]
[2026-08-14 16:23:50] [INFO] [logger] [STATS] FETCH | Count: 1000 | Time: 0.27s | Info: 1-23. タイトル・名称 網羅検索 (Part 23) | Offset: 21000
[2026-08-14 16:23:50] [INFO] [sparql_collector] [1-23. タイトル・名称 網羅検索 (Part 23)] Sub-fetch (limit=1000, progress=22000件〜) ...
[2026-08-14 16:23:51] [INFO] [sparql_collector] [1-23. タイトル・名称 網羅検索 (Part 23)] Got 1000 new items. (累計: 23000件) [0.26s]
[2026-08-14 16:23:51] [INFO] [logger] [STATS] FETCH | Count: 1000 | Time: 0.26s | Info: 1-23. タイトル・名称 網羅検索 (Part 23) | Offset: 22000
[2026-08-14 16:23:51] [INFO] [sparql_collector] [1-23. タイトル・名称 網羅検索 (Part 23)] Sub-fetch (limit=1000, progress=23000件〜) ...
[2026-08-14 16:23:51] [INFO] [sparql_collector] [1-23. タイトル・名称 網羅検索 (Part 23)] Got 1000 new items. (累計: 24000件) [0.28s]
[2026-08-14 16:23:51] [INFO] [logger] [STATS] FETCH | Count: 1000 | Time: 0.28s | Info: 1-23. タイトル・名称 網羅検索 (Part 23) | Offset: 23000
[2026-08-14 16:23:52] [INFO] [sparql_collector] [1-23. タイトル・名称 網羅検索 (Part 23)] Sub-fetch (limit=1000, progress=24000件〜) ...
[2026-08-14 16:23:52] [INFO] [sparql_collector] [1-23. タイトル・名称 網羅検索 (Part 23)] Got 1000 new items. (累計: 25000件) [0.30s]
[2026-08-14 16:23:52] [INFO] [logger] [STATS] FETCH | Count: 1000 | Time: 0.30s | Info: 1-23. タイトル・名称 網羅検索 (Part 23) | Offset: 24000
[2026-08-14 16:23:53] [INFO] [sparql_collector] [1-23. タイトル・名称 網羅検索 (Part 23)] Sub-fetch (limit=1000, progress=25000件〜) ...
[2026-08-14 16:23:53] [INFO] [sparql_collector] [1-23. タイトル・名称 網羅検索 (Part 23)] Got 1000 new items. (累計: 26000件) [0.33s]
[2026-08-14 16:23:53] [INFO] [logger] [STATS] FETCH | Count: 1000 | Time: 0.33s | Info: 1-23. タイトル・名称 網羅検索 (Part 23) | Offset: 25000
[2026-08-14 16:23:54] [INFO] [sparql_collector] [1-23. タイトル・名称 網羅検索 (Part 23)] Sub-fetch (limit=1000, progress=26000件〜) ...
[2026-08-14 16:23:54] [INFO] [sparql_collector] [1-23. タイトル・名称 網羅検索 (Part 23)] Got 1000 new items. (累計: 27000件) [0.32s]
[2026-08-14 16:23:54] [INFO] [logger] [STATS] FETCH | Count: 1000 | Time: 0.32s | Info: 1-23. タイトル・名称 網羅検索 (Part 23) | Offset: 26000
[2026-08-14 16:23:54] [INFO] [sparql_collector] [1-23. タイトル・名称 網羅検索 (Part 23)] Sub-fetch (limit=1000, progress=27000件〜) ...
[2026-08-14 16:23:55] [INFO] [sparql_collector] [1-23. タイトル・名称 網羅検索 (Part 23)] Got 1000 new items. (累計: 28000件) [0.30s]
[2026-08-14 16:23:55] [INFO] [logger] [STATS] FETCH | Count: 1000 | Time: 0.30s | Info: 1-23. タイトル・名称 網羅検索 (Part 23) | Offset: 27000
[2026-08-14 16:23:55] [INFO] [sparql_collector] [1-23. タイトル・名称 網羅検索 (Part 23)] Sub-fetch (limit=1000, progress=28000件〜) ...
[2026-08-14 16:23:56] [INFO] [sparql_collector] [1-23. タイトル・名称 網羅検索 (Part 23)] Got 1000 new items. (累計: 29000件) [0.34s]
[2026-08-14 16:23:56] [INFO] [logger] [STATS] FETCH | Count: 1000 | Time: 0.34s | Info: 1-23. タイトル・名称 網羅検索 (Part 23) | Offset: 28000
[2026-08-14 16:23:56] [INFO] [sparql_collector] [1-23. タイトル・名称 網羅検索 (Part 23)] Sub-fetch (limit=1000, progress=29000件〜) ...
[2026-08-14 16:23:56] [INFO] [sparql_collector] [1-23. タイトル・名称 網羅検索 (Part 23)] Got 1000 new items. (累計: 30000件) [0.36s]
[2026-08-14 16:23:56] [INFO] [logger] [STATS] FETCH | Count: 1000 | Time: 0.36s | Info: 1-23. タイトル・名称 網羅検索 (Part 23) | Offset: 29000
[2026-08-14 16:23:57] [INFO] [sparql_collector] [1-23. タイトル・名称 網羅検索 (Part 23)] Sub-fetch (limit=1000, progress=30000件〜) ...
[2026-08-14 16:23:57] [INFO] [sparql_collector] [1-23. タイトル・名称 網羅検索 (Part 23)] Got 1000 new items. (累計: 31000件) [0.38s]
[2026-08-14 16:23:57] [INFO] [logger] [STATS] FETCH | Count: 1000 | Time: 0.38s | Info: 1-23. タイトル・名称 網羅検索 (Part 23) | Offset: 30000
[2026-08-14 16:23:58] [INFO] [sparql_collector] [1-23. タイトル・名称 網羅検索 (Part 23)] Sub-fetch (limit=1000, progress=31000件〜) ...
[2026-08-14 16:23:58] [INFO] [sparql_collector] [1-23. タイトル・名称 網羅検索 (Part 23)] Got 1000 new items. (累計: 32000件) [0.38s]
[2026-08-14 16:23:58] [INFO] [logger] [STATS] FETCH | Count: 1000 | Time: 0.38s | Info: 1-23. タイトル・名称 網羅検索 (Part 23) | Offset: 31000
[2026-08-14 16:23:59] [INFO] [sparql_collector] [1-23. タイトル・名称 網羅検索 (Part 23)] Sub-fetch (limit=1000, progress=32000件〜) ...
[2026-08-14 16:23:59] [INFO] [sparql_collector] [1-23. タイトル・名称 網羅検索 (Part 23)] Got 1000 new items. (累計: 33000件) [0.38s]
[2026-08-14 16:23:59] [INFO] [logger] [STATS] FETCH | Count: 1000 | Time: 0.38s | Info: 1-23. タイトル・名称 網羅検索 (Part 23) | Offset: 32000
[2026-08-14 16:24:00] [INFO] [sparql_collector] [1-23. タイトル・名称 網羅検索 (Part 23)] Sub-fetch (limit=1000, progress=33000件〜) ...
[2026-08-14 16:24:00] [INFO] [sparql_collector] [1-23. タイトル・名称 網羅検索 (Part 23)] Got 1000 new items. (累計: 34000件) [0.40s]
[2026-08-14 16:24:00] [INFO] [logger] [STATS] FETCH | Count: 1000 | Time: 0.40s | Info: 1-23. タイトル・名称 網羅検索 (Part 23) | Offset: 33000
[2026-08-14 16:24:00] [INFO] [sparql_collector] [1-23. タイトル・名称 網羅検索 (Part 23)] Sub-fetch (limit=1000, progress=34000件〜) ...
[2026-08-14 16:24:01] [INFO] [sparql_collector] [1-23. タイトル・名称 網羅検索 (Part 23)] Got 1000 new items. (累計: 35000件) [0.39s]
[2026-08-14 16:24:01] [INFO] [logger] [STATS] FETCH | Count: 1000 | Time: 0.39s | Info: 1-23. タイトル・名称 網羅検索 (Part 23) | Offset: 34000
[2026-08-14 16:24:01] [INFO] [sparql_collector] [1-23. タイトル・名称 網羅検索 (Part 23)] Sub-fetch (limit=1000, progress=35000件〜) ...
[2026-08-14 16:24:02] [INFO] [sparql_collector] [1-23. タイトル・名称 網羅検索 (Part 23)] Got 1000 new items. (累計: 36000件) [0.44s]
[2026-08-14 16:24:02] [INFO] [logger] [STATS] FETCH | Count: 1000 | Time: 0.44s | Info: 1-23. タイトル・名称 網羅検索 (Part 23) | Offset: 35000
[2026-08-14 16:24:02] [INFO] [sparql_collector] [1-23. タイトル・名称 網羅検索 (Part 23)] Sub-fetch (limit=1000, progress=36000件〜) ...
[2026-08-14 16:24:03] [INFO] [sparql_collector] [1-23. タイトル・名称 網羅検索 (Part 23)] Got 1000 new items. (累計: 37000件) [0.44s]
[2026-08-14 16:24:03] [INFO] [logger] [STATS] FETCH | Count: 1000 | Time: 0.44s | Info: 1-23. タイトル・名称 網羅検索 (Part 23) | Offset: 36000
[2026-08-14 16:24:03] [INFO] [sparql_collector] [1-23. タイトル・名称 網羅検索 (Part 23)] Sub-fetch (limit=1000, progress=37000件〜) ...
[2026-08-14 16:24:04] [INFO] [sparql_collector] [1-23. タイトル・名称 網羅検索 (Part 23)] Got 1000 new items. (累計: 38000件) [0.41s]
[2026-08-14 16:24:04] [INFO] [logger] [STATS] FETCH | Count: 1000 | Time: 0.41s | Info: 1-23. タイトル・名称 網羅検索 (Part 23) | Offset: 37000
[2026-08-14 16:24:04] [INFO] [sparql_collector] [1-23. タイトル・名称 網羅検索 (Part 23)] Sub-fetch (limit=1000, progress=38000件〜) ...
[2026-08-14 16:24:05] [INFO] [sparql_collector] [1-23. タイトル・名称 網羅検索 (Part 23)] Got 1000 new items. (累計: 39000件) [0.49s]
[2026-08-14 16:24:05] [INFO] [logger] [STATS] FETCH | Count: 1000 | Time: 0.49s | Info: 1-23. タイトル・名称 網羅検索 (Part 23) | Offset: 38000
[2026-08-14 16:24:05] [INFO] [sparql_collector] [1-23. タイトル・名称 網羅検索 (Part 23)] Sub-fetch (limit=1000, progress=39000件〜) ...
[2026-08-14 16:24:06] [INFO] [sparql_collector] [1-23. タイトル・名称 網羅検索 (Part 23)] Got 1000 new items. (累計: 40000件) [0.38s]
[2026-08-14 16:24:06] [INFO] [logger] [STATS] FETCH | Count: 1000 | Time: 0.38s | Info: 1-23. タイトル・名称 網羅検索 (Part 23) | Offset: 39000
[2026-08-14 16:24:06] [INFO] [sparql_collector] [1-23. タイトル・名称 網羅検索 (Part 23)] Sub-fetch (limit=1000, progress=40000件〜) ...
[2026-08-14 16:24:07] [INFO] [sparql_collector] [1-23. タイトル・名称 網羅検索 (Part 23)] Got 1000 new items. (累計: 41000件) [0.44s]
[2026-08-14 16:24:07] [INFO] [logger] [STATS] FETCH | Count: 1000 | Time: 0.44s | Info: 1-23. タイトル・名称 網羅検索 (Part 23) | Offset: 40000
[2026-08-14 16:24:07] [INFO] [sparql_collector] [1-23. タイトル・名称 網羅検索 (Part 23)] Sub-fetch (limit=1000, progress=41000件〜) ...
[2026-08-14 16:24:07] [INFO] [sparql_collector] [1-23. タイトル・名称 網羅検索 (Part 23)] Got 1000 new items. (累計: 42000件) [0.45s]
[2026-08-14 16:24:07] [INFO] [logger] [STATS] FETCH | Count: 1000 | Time: 0.45s | Info: 1-23. タイトル・名称 網羅検索 (Part 23) | Offset: 41000
[2026-08-14 16:24:08] [INFO] [sparql_collector] [1-23. タイトル・名称 網羅検索 (Part 23)] Sub-fetch (limit=1000, progress=42000件〜) ...
[2026-08-14 16:24:08] [INFO] [sparql_collector] [1-23. タイトル・名称 網羅検索 (Part 23)] Got 1000 new items. (累計: 43000件) [0.50s]
[2026-08-14 16:24:08] [INFO] [logger] [STATS] FETCH | Count: 1000 | Time: 0.50s | Info: 1-23. タイトル・名称 網羅検索 (Part 23) | Offset: 42000
[2026-08-14 16:24:09] [INFO] [sparql_collector] [1-23. タイトル・名称 網羅検索 (Part 23)] Sub-fetch (limit=1000, progress=43000件〜) ...
[2026-08-14 16:24:09] [INFO] [sparql_collector] [1-23. タイトル・名称 網羅検索 (Part 23)] Got 1000 new items. (累計: 44000件) [0.45s]
[2026-08-14 16:24:09] [INFO] [logger] [STATS] FETCH | Count: 1000 | Time: 0.45s | Info: 1-23. タイトル・名称 網羅検索 (Part 23) | Offset: 43000
[2026-08-14 16:24:10] [INFO] [sparql_collector] [1-23. タイトル・名称 網羅検索 (Part 23)] Sub-fetch (limit=1000, progress=44000件〜) ...
[2026-08-14 16:24:10] [INFO] [sparql_collector] [1-23. タイトル・名称 網羅検索 (Part 23)] Got 1000 new items. (累計: 45000件) [0.50s]
[2026-08-14 16:24:10] [INFO] [logger] [STATS] FETCH | Count: 1000 | Time: 0.50s | Info: 1-23. タイトル・名称 網羅検索 (Part 23) | Offset: 44000
[2026-08-14 16:24:11] [INFO] [sparql_collector] [1-23. タイトル・名称 網羅検索 (Part 23)] Sub-fetch (limit=1000, progress=45000件〜) ...
[2026-08-14 16:24:11] [INFO] [sparql_collector] [1-23. タイトル・名称 網羅検索 (Part 23)] Got 1000 new items. (累計: 46000件) [0.48s]
[2026-08-14 16:24:11] [INFO] [logger] [STATS] FETCH | Count: 1000 | Time: 0.48s | Info: 1-23. タイトル・名称 網羅検索 (Part 23) | Offset: 45000
[2026-08-14 16:24:12] [INFO] [sparql_collector] [1-23. タイトル・名称 網羅検索 (Part 23)] Sub-fetch (limit=1000, progress=46000件〜) ...
[2026-08-14 16:24:12] [INFO] [sparql_collector] [1-23. タイトル・名称 網羅検索 (Part 23)] Got 1000 new items. (累計: 47000件) [0.46s]
[2026-08-14 16:24:12] [INFO] [logger] [STATS] FETCH | Count: 1000 | Time: 0.46s | Info: 1-23. タイトル・名称 網羅検索 (Part 23) | Offset: 46000
[2026-08-14 16:24:13] [INFO] [sparql_collector] [1-23. タイトル・名称 網羅検索 (Part 23)] Sub-fetch (limit=1000, progress=47000件〜) ...
[2026-08-14 16:24:13] [INFO] [sparql_collector] [1-23. タイトル・名称 網羅検索 (Part 23)] Got 1000 new items. (累計: 48000件) [0.50s]
[2026-08-14 16:24:13] [INFO] [logger] [STATS] FETCH | Count: 1000 | Time: 0.50s | Info: 1-23. タイトル・名称 網羅検索 (Part 23) | Offset: 47000
[2026-08-14 16:24:14] [INFO] [sparql_collector] [1-23. タイトル・名称 網羅検索 (Part 23)] Sub-fetch (limit=1000, progress=48000件〜) ...
[2026-08-14 16:24:14] [INFO] [sparql_collector] [1-23. タイトル・名称 網羅検索 (Part 23)] Got 1000 new items. (累計: 49000件) [0.48s]
[2026-08-14 16:24:14] [INFO] [logger] [STATS] FETCH | Count: 1000 | Time: 0.48s | Info: 1-23. タイトル・名称 網羅検索 (Part 23) | Offset: 48000
[2026-08-14 16:24:15] [INFO] [sparql_collector] [1-23. タイトル・名称 網羅検索 (Part 23)] Sub-fetch (limit=1000, progress=49000件〜) ...
[2026-08-14 16:24:15] [INFO] [sparql_collector] [1-23. タイトル・名称 網羅検索 (Part 23)] Got 1000 new items. (累計: 50000件) [0.48s]
[2026-08-14 16:24:15] [INFO] [logger] [STATS] FETCH | Count: 1000 | Time: 0.48s | Info: 1-23. タイトル・名称 網羅検索 (Part 23) | Offset: 49000
[2026-08-14 16:24:16] [INFO] [sparql_collector] [1-23. タイトル・名称 網羅検索 (Part 23)] Sub-fetch (limit=1000, progress=50000件〜) ...
[2026-08-14 16:24:16] [INFO] [sparql_collector] [1-23. タイトル・名称 網羅検索 (Part 23)] Got 1000 new items. (累計: 51000件) [0.50s]
[2026-08-14 16:24:16] [INFO] [logger] [STATS] FETCH | Count: 1000 | Time: 0.50s | Info: 1-23. タイトル・名称 網羅検索 (Part 23) | Offset: 50000
[2026-08-14 16:24:17] [INFO] [sparql_collector] [1-23. タイトル・名称 網羅検索 (Part 23)] Sub-fetch (limit=1000, progress=51000件〜) ...
[2026-08-14 16:24:17] [INFO] [sparql_collector] [1-23. タイトル・名称 網羅検索 (Part 23)] Got 1000 new items. (累計: 52000件) [0.52s]
[2026-08-14 16:24:17] [INFO] [logger] [STATS] FETCH | Count: 1000 | Time: 0.52s | Info: 1-23. タイトル・名称 網羅検索 (Part 23) | Offset: 51000
[2026-08-14 16:24:18] [INFO] [sparql_collector] [1-23. タイトル・名称 網羅検索 (Part 23)] Sub-fetch (limit=1000, progress=52000件〜) ...
[2026-08-14 16:24:18] [INFO] [sparql_collector] [1-23. タイトル・名称 網羅検索 (Part 23)] Got 1000 new items. (累計: 53000件) [0.53s]
[2026-08-14 16:24:18] [INFO] [logger] [STATS] FETCH | Count: 1000 | Time: 0.53s | Info: 1-23. タイトル・名称 網羅検索 (Part 23) | Offset: 52000
[2026-08-14 16:24:19] [INFO] [sparql_collector] [1-23. タイトル・名称 網羅検索 (Part 23)] Sub-fetch (limit=1000, progress=53000件〜) ...
[2026-08-14 16:24:19] [INFO] [sparql_collector] [1-23. タイトル・名称 網羅検索 (Part 23)] Got 1000 new items. (累計: 54000件) [0.57s]
[2026-08-14 16:24:19] [INFO] [logger] [STATS] FETCH | Count: 1000 | Time: 0.57s | Info: 1-23. タイトル・名称 網羅検索 (Part 23) | Offset: 53000
[2026-08-14 16:24:20] [INFO] [sparql_collector] [1-23. タイトル・名称 網羅検索 (Part 23)] Sub-fetch (limit=1000, progress=54000件〜) ...
[2026-08-14 16:24:21] [INFO] [sparql_collector] [1-23. タイトル・名称 網羅検索 (Part 23)] Got 1000 new items. (累計: 55000件) [0.59s]
[2026-08-14 16:24:21] [INFO] [logger] [STATS] FETCH | Count: 1000 | Time: 0.59s | Info: 1-23. タイトル・名称 網羅検索 (Part 23) | Offset: 54000
[2026-08-14 16:24:21] [INFO] [sparql_collector] [1-23. タイトル・名称 網羅検索 (Part 23)] Sub-fetch (limit=1000, progress=55000件〜) ...
[2026-08-14 16:24:22] [INFO] [sparql_collector] [1-23. タイトル・名称 網羅検索 (Part 23)] Got 1000 new items. (累計: 56000件) [0.51s]
[2026-08-14 16:24:22] [INFO] [logger] [STATS] FETCH | Count: 1000 | Time: 0.51s | Info: 1-23. タイトル・名称 網羅検索 (Part 23) | Offset: 55000
[2026-08-14 16:24:22] [INFO] [sparql_collector] [1-23. タイトル・名称 網羅検索 (Part 23)] Sub-fetch (limit=1000, progress=56000件〜) ...
[2026-08-14 16:24:23] [INFO] [sparql_collector] [1-23. タイトル・名称 網羅検索 (Part 23)] Got 1000 new items. (累計: 57000件) [0.54s]
[2026-08-14 16:24:23] [INFO] [logger] [STATS] FETCH | Count: 1000 | Time: 0.54s | Info: 1-23. タイトル・名称 網羅検索 (Part 23) | Offset: 56000
[2026-08-14 16:24:23] [INFO] [sparql_collector] [1-23. タイトル・名称 網羅検索 (Part 23)] Sub-fetch (limit=1000, progress=57000件〜) ...
[2026-08-14 16:24:24] [INFO] [sparql_collector] [1-23. タイトル・名称 網羅検索 (Part 23)] Got 1000 new items. (累計: 58000件) [0.56s]
[2026-08-14 16:24:24] [INFO] [logger] [STATS] FETCH | Count: 1000 | Time: 0.56s | Info: 1-23. タイトル・名称 網羅検索 (Part 23) | Offset: 57000
[2026-08-14 16:24:24] [INFO] [sparql_collector] [1-23. タイトル・名称 網羅検索 (Part 23)] Sub-fetch (limit=1000, progress=58000件〜) ...
[2026-08-14 16:24:25] [INFO] [sparql_collector] [1-23. タイトル・名称 網羅検索 (Part 23)] Got 1000 new items. (累計: 59000件) [0.56s]
[2026-08-14 16:24:25] [INFO] [logger] [STATS] FETCH | Count: 1000 | Time: 0.56s | Info: 1-23. タイトル・名称 網羅検索 (Part 23) | Offset: 58000
[2026-08-14 16:24:25] [INFO] [sparql_collector] [1-23. タイトル・名称 網羅検索 (Part 23)] Sub-fetch (limit=1000, progress=59000件〜) ...
[2026-08-14 16:24:26] [INFO] [sparql_collector] [1-23. タイトル・名称 網羅検索 (Part 23)] Got 1000 new items. (累計: 60000件) [0.58s]
[2026-08-14 16:24:26] [INFO] [logger] [STATS] FETCH | Count: 1000 | Time: 0.58s | Info: 1-23. タイトル・名称 網羅検索 (Part 23) | Offset: 59000
[2026-08-14 16:24:26] [INFO] [sparql_collector] [1-23. タイトル・名称 網羅検索 (Part 23)] Sub-fetch (limit=1000, progress=60000件〜) ...
[2026-08-14 16:24:27] [INFO] [sparql_collector] [1-23. タイトル・名称 網羅検索 (Part 23)] Got 1000 new items. (累計: 61000件) [0.61s]
[2026-08-14 16:24:27] [INFO] [logger] [STATS] FETCH | Count: 1000 | Time: 0.61s | Info: 1-23. タイトル・名称 網羅検索 (Part 23) | Offset: 60000
[2026-08-14 16:24:27] [INFO] [sparql_collector] [1-23. タイトル・名称 網羅検索 (Part 23)] Sub-fetch (limit=1000, progress=61000件〜) ...
[2026-08-14 16:24:28] [INFO] [sparql_collector] [1-23. タイトル・名称 網羅検索 (Part 23)] Got 1000 new items. (累計: 62000件) [0.60s]
[2026-08-14 16:24:28] [INFO] [logger] [STATS] FETCH | Count: 1000 | Time: 0.60s | Info: 1-23. タイトル・名称 網羅検索 (Part 23) | Offset: 61000
[2026-08-14 16:24:29] [INFO] [sparql_collector] [1-23. タイトル・名称 網羅検索 (Part 23)] Sub-fetch (limit=1000, progress=62000件〜) ...
[2026-08-14 16:24:29] [INFO] [sparql_collector] [1-23. タイトル・名称 網羅検索 (Part 23)] Got 1000 new items. (累計: 63000件) [0.61s]
[2026-08-14 16:24:29] [INFO] [logger] [STATS] FETCH | Count: 1000 | Time: 0.61s | Info: 1-23. タイトル・名称 網羅検索 (Part 23) | Offset: 62000
[2026-08-14 16:24:30] [INFO] [sparql_collector] [1-23. タイトル・名称 網羅検索 (Part 23)] Sub-fetch (limit=1000, progress=63000件〜) ...
[2026-08-14 16:24:30] [INFO] [sparql_collector] [1-23. タイトル・名称 網羅検索 (Part 23)] Got 1000 new items. (累計: 64000件) [0.62s]
[2026-08-14 16:24:30] [INFO] [logger] [STATS] FETCH | Count: 1000 | Time: 0.62s | Info: 1-23. タイトル・名称 網羅検索 (Part 23) | Offset: 63000
[2026-08-14 16:24:31] [INFO] [sparql_collector] [1-23. タイトル・名称 網羅検索 (Part 23)] Sub-fetch (limit=1000, progress=64000件〜) ...
[2026-08-14 16:24:31] [INFO] [sparql_collector] [1-23. タイトル・名称 網羅検索 (Part 23)] Got 1000 new items. (累計: 65000件) [0.65s]
[2026-08-14 16:24:31] [INFO] [logger] [STATS] FETCH | Count: 1000 | Time: 0.65s | Info: 1-23. タイトル・名称 網羅検索 (Part 23) | Offset: 64000
[2026-08-14 16:24:32] [INFO] [sparql_collector] [1-23. タイトル・名称 網羅検索 (Part 23)] Sub-fetch (limit=1000, progress=65000件〜) ...
[2026-08-14 16:24:33] [INFO] [sparql_collector] [1-23. タイトル・名称 網羅検索 (Part 23)] Got 1000 new items. (累計: 66000件) [0.69s]
[2026-08-14 16:24:33] [INFO] [logger] [STATS] FETCH | Count: 1000 | Time: 0.69s | Info: 1-23. タイトル・名称 網羅検索 (Part 23) | Offset: 65000
[2026-08-14 16:24:33] [INFO] [sparql_collector] [1-23. タイトル・名称 網羅検索 (Part 23)] Sub-fetch (limit=1000, progress=66000件〜) ...
[2026-08-14 16:24:34] [INFO] [sparql_collector] [1-23. タイトル・名称 網羅検索 (Part 23)] Got 1000 new items. (累計: 67000件) [0.70s]
[2026-08-14 16:24:34] [INFO] [logger] [STATS] FETCH | Count: 1000 | Time: 0.70s | Info: 1-23. タイトル・名称 網羅検索 (Part 23) | Offset: 66000
[2026-08-14 16:24:34] [INFO] [sparql_collector] [1-23. タイトル・名称 網羅検索 (Part 23)] Sub-fetch (limit=1000, progress=67000件〜) ...
[2026-08-14 16:24:35] [INFO] [sparql_collector] [1-23. タイトル・名称 網羅検索 (Part 23)] Got 1000 new items. (累計: 68000件) [0.70s]
[2026-08-14 16:24:35] [INFO] [logger] [STATS] FETCH | Count: 1000 | Time: 0.70s | Info: 1-23. タイトル・名称 網羅検索 (Part 23) | Offset: 67000
[2026-08-14 16:24:36] [INFO] [sparql_collector] [1-23. タイトル・名称 網羅検索 (Part 23)] Sub-fetch (limit=1000, progress=68000件〜) ...
[2026-08-14 16:24:36] [INFO] [sparql_collector] [1-23. タイトル・名称 網羅検索 (Part 23)] Got 1000 new items. (累計: 69000件) [0.67s]
[2026-08-14 16:24:36] [INFO] [logger] [STATS] FETCH | Count: 1000 | Time: 0.67s | Info: 1-23. タイトル・名称 網羅検索 (Part 23) | Offset: 68000
[2026-08-14 16:24:37] [INFO] [sparql_collector] [1-23. タイトル・名称 網羅検索 (Part 23)] Sub-fetch (limit=1000, progress=69000件〜) ...
[2026-08-14 16:24:37] [INFO] [sparql_collector] [1-23. タイトル・名称 網羅検索 (Part 23)] Got 1000 new items. (累計: 70000件) [0.71s]
[2026-08-14 16:24:37] [INFO] [logger] [STATS] FETCH | Count: 1000 | Time: 0.71s | Info: 1-23. タイトル・名称 網羅検索 (Part 23) | Offset: 69000
[2026-08-14 16:24:38] [INFO] [sparql_collector] [1-23. タイトル・名称 網羅検索 (Part 23)] Sub-fetch (limit=1000, progress=70000件〜) ...
[2026-08-14 16:24:39] [INFO] [sparql_collector] [1-23. タイトル・名称 網羅検索 (Part 23)] Got 1000 new items. (累計: 71000件) [0.72s]
[2026-08-14 16:24:39] [INFO] [logger] [STATS] FETCH | Count: 1000 | Time: 0.72s | Info: 1-23. タイトル・名称 網羅検索 (Part 23) | Offset: 70000
[2026-08-14 16:24:39] [INFO] [sparql_collector] [1-23. タイトル・名称 網羅検索 (Part 23)] Sub-fetch (limit=1000, progress=71000件〜) ...
[2026-08-14 16:24:40] [INFO] [sparql_collector] [1-23. タイトル・名称 網羅検索 (Part 23)] Got 1000 new items. (累計: 72000件) [0.74s]
[2026-08-14 16:24:40] [INFO] [logger] [STATS] FETCH | Count: 1000 | Time: 0.74s | Info: 1-23. タイトル・名称 網羅検索 (Part 23) | Offset: 71000
[2026-08-14 16:24:40] [INFO] [sparql_collector] [1-23. タイトル・名称 網羅検索 (Part 23)] Sub-fetch (limit=1000, progress=72000件〜) ...
[2026-08-14 16:24:41] [INFO] [sparql_collector] [1-23. タイトル・名称 網羅検索 (Part 23)] Got 1000 new items. (累計: 73000件) [0.77s]
[2026-08-14 16:24:41] [INFO] [logger] [STATS] FETCH | Count: 1000 | Time: 0.77s | Info: 1-23. タイトル・名称 網羅検索 (Part 23) | Offset: 72000
[2026-08-14 16:24:42] [INFO] [sparql_collector] [1-23. タイトル・名称 網羅検索 (Part 23)] Sub-fetch (limit=1000, progress=73000件〜) ...
[2026-08-14 16:24:43] [INFO] [sparql_collector] [1-23. タイトル・名称 網羅検索 (Part 23)] Got 1000 new items. (累計: 74000件) [0.80s]
[2026-08-14 16:24:43] [INFO] [logger] [STATS] FETCH | Count: 1000 | Time: 0.80s | Info: 1-23. タイトル・名称 網羅検索 (Part 23) | Offset: 73000
[2026-08-14 16:24:43] [INFO] [sparql_collector] [1-23. タイトル・名称 網羅検索 (Part 23)] Sub-fetch (limit=1000, progress=74000件〜) ...
[2026-08-14 16:24:44] [INFO] [sparql_collector] [1-23. タイトル・名称 網羅検索 (Part 23)] Got 1000 new items. (累計: 75000件) [0.79s]
[2026-08-14 16:24:44] [INFO] [logger] [STATS] FETCH | Count: 1000 | Time: 0.79s | Info: 1-23. タイトル・名称 網羅検索 (Part 23) | Offset: 74000
[2026-08-14 16:24:44] [INFO] [sparql_collector] [1-23. タイトル・名称 網羅検索 (Part 23)] Sub-fetch (limit=1000, progress=75000件〜) ...
[2026-08-14 16:24:45] [INFO] [sparql_collector] [1-23. タイトル・名称 網羅検索 (Part 23)] Got 1000 new items. (累計: 76000件) [0.85s]
[2026-08-14 16:24:45] [INFO] [logger] [STATS] FETCH | Count: 1000 | Time: 0.85s | Info: 1-23. タイトル・名称 網羅検索 (Part 23) | Offset: 75000
[2026-08-14 16:24:46] [INFO] [sparql_collector] [1-23. タイトル・名称 網羅検索 (Part 23)] Sub-fetch (limit=1000, progress=76000件〜) ...
[2026-08-14 16:24:46] [INFO] [sparql_collector] [1-23. タイトル・名称 網羅検索 (Part 23)] Got 1000 new items. (累計: 77000件) [0.83s]
[2026-08-14 16:24:46] [INFO] [logger] [STATS] FETCH | Count: 1000 | Time: 0.83s | Info: 1-23. タイトル・名称 網羅検索 (Part 23) | Offset: 76000
[2026-08-14 16:24:47] [INFO] [sparql_collector] [1-23. タイトル・名称 網羅検索 (Part 23)] Sub-fetch (limit=1000, progress=77000件〜) ...
[2026-08-14 16:24:48] [INFO] [sparql_collector] [1-23. タイトル・名称 網羅検索 (Part 23)] Got 1000 new items. (累計: 78000件) [0.80s]
[2026-08-14 16:24:48] [INFO] [logger] [STATS] FETCH | Count: 1000 | Time: 0.80s | Info: 1-23. タイトル・名称 網羅検索 (Part 23) | Offset: 77000
[2026-08-14 16:24:48] [INFO] [sparql_collector] [1-23. タイトル・名称 網羅検索 (Part 23)] Sub-fetch (limit=1000, progress=78000件〜) ...
[2026-08-14 16:24:49] [INFO] [sparql_collector] [1-23. タイトル・名称 網羅検索 (Part 23)] Got 1000 new items. (累計: 79000件) [0.86s]
[2026-08-14 16:24:49] [INFO] [logger] [STATS] FETCH | Count: 1000 | Time: 0.86s | Info: 1-23. タイトル・名称 網羅検索 (Part 23) | Offset: 78000
[2026-08-14 16:24:50] [INFO] [sparql_collector] [1-23. タイトル・名称 網羅検索 (Part 23)] Sub-fetch (limit=1000, progress=79000件〜) ...
[2026-08-14 16:24:50] [INFO] [sparql_collector] [1-23. タイトル・名称 網羅検索 (Part 23)] Got 1000 new items. (累計: 80000件) [0.79s]
[2026-08-14 16:24:50] [INFO] [logger] [STATS] FETCH | Count: 1000 | Time: 0.79s | Info: 1-23. タイトル・名称 網羅検索 (Part 23) | Offset: 79000
[2026-08-14 16:24:51] [INFO] [sparql_collector] [1-23. タイトル・名称 網羅検索 (Part 23)] Sub-fetch (limit=1000, progress=80000件〜) ...
[2026-08-14 16:24:52] [INFO] [sparql_collector] [1-23. タイトル・名称 網羅検索 (Part 23)] Got 1000 new items. (累計: 81000件) [0.81s]
[2026-08-14 16:24:52] [INFO] [logger] [STATS] FETCH | Count: 1000 | Time: 0.81s | Info: 1-23. タイトル・名称 網羅検索 (Part 23) | Offset: 80000
[2026-08-14 16:24:52] [INFO] [sparql_collector] [1-23. タイトル・名称 網羅検索 (Part 23)] Sub-fetch (limit=1000, progress=81000件〜) ...
[2026-08-14 16:24:53] [INFO] [sparql_collector] [1-23. タイトル・名称 網羅検索 (Part 23)] Got 1000 new items. (累計: 82000件) [0.84s]
[2026-08-14 16:24:53] [INFO] [logger] [STATS] FETCH | Count: 1000 | Time: 0.84s | Info: 1-23. タイトル・名称 網羅検索 (Part 23) | Offset: 81000
[2026-08-14 16:24:54] [INFO] [sparql_collector] [1-23. タイトル・名称 網羅検索 (Part 23)] Sub-fetch (limit=1000, progress=82000件〜) ...
[2026-08-14 16:24:55] [INFO] [sparql_collector] [1-23. タイトル・名称 網羅検索 (Part 23)] Got 1000 new items. (累計: 83000件) [0.95s]
[2026-08-14 16:24:55] [INFO] [logger] [STATS] FETCH | Count: 1000 | Time: 0.95s | Info: 1-23. タイトル・名称 網羅検索 (Part 23) | Offset: 82000
[2026-08-14 16:24:55] [INFO] [sparql_collector] [1-23. タイトル・名称 網羅検索 (Part 23)] Sub-fetch (limit=1000, progress=83000件〜) ...
[2026-08-14 16:24:56] [INFO] [sparql_collector] [1-23. タイトル・名称 網羅検索 (Part 23)] Got 1000 new items. (累計: 84000件) [0.98s]
[2026-08-14 16:24:56] [INFO] [logger] [STATS] FETCH | Count: 1000 | Time: 0.98s | Info: 1-23. タイトル・名称 網羅検索 (Part 23) | Offset: 83000
[2026-08-14 16:24:57] [INFO] [sparql_collector] [1-23. タイトル・名称 網羅検索 (Part 23)] Sub-fetch (limit=1000, progress=84000件〜) ...
[2026-08-14 16:24:58] [INFO] [sparql_collector] [1-23. タイトル・名称 網羅検索 (Part 23)] Got 1000 new items. (累計: 85000件) [1.10s]
[2026-08-14 16:24:58] [INFO] [logger] [STATS] FETCH | Count: 1000 | Time: 1.10s | Info: 1-23. タイトル・名称 網羅検索 (Part 23) | Offset: 84000
[2026-08-14 16:24:58] [INFO] [sparql_collector] [1-23. タイトル・名称 網羅検索 (Part 23)] Sub-fetch (limit=1000, progress=85000件〜) ...
[2026-08-14 16:24:59] [INFO] [sparql_collector] [1-23. タイトル・名称 網羅検索 (Part 23)] Got 1000 new items. (累計: 86000件) [1.18s]
[2026-08-14 16:24:59] [INFO] [logger] [STATS] FETCH | Count: 1000 | Time: 1.18s | Info: 1-23. タイトル・名称 網羅検索 (Part 23) | Offset: 85000
[2026-08-14 16:25:00] [INFO] [sparql_collector] [1-23. タイトル・名称 網羅検索 (Part 23)] Sub-fetch (limit=1000, progress=86000件〜) ...
[2026-08-14 16:25:01] [INFO] [sparql_collector] [1-23. タイトル・名称 網羅検索 (Part 23)] Got 1000 new items. (累計: 87000件) [1.41s]
[2026-08-14 16:25:01] [INFO] [logger] [STATS] FETCH | Count: 1000 | Time: 1.41s | Info: 1-23. タイトル・名称 網羅検索 (Part 23) | Offset: 86000
[2026-08-14 16:25:02] [INFO] [sparql_collector] [1-23. タイトル・名称 網羅検索 (Part 23)] Sub-fetch (limit=1000, progress=87000件〜) ...
[2026-08-14 16:25:03] [INFO] [sparql_collector] [1-23. タイトル・名称 網羅検索 (Part 23)] Got 1000 new items. (累計: 88000件) [1.36s]
[2026-08-14 16:25:03] [INFO] [logger] [STATS] FETCH | Count: 1000 | Time: 1.36s | Info: 1-23. タイトル・名称 網羅検索 (Part 23) | Offset: 87000
[2026-08-14 16:25:04] [INFO] [sparql_collector] [1-23. タイトル・名称 網羅検索 (Part 23)] Sub-fetch (limit=1000, progress=88000件〜) ...
[2026-08-14 16:25:05] [INFO] [sparql_collector] [1-23. タイトル・名称 網羅検索 (Part 23)] Got 1000 new items. (累計: 89000件) [1.34s]
[2026-08-14 16:25:05] [INFO] [logger] [STATS] FETCH | Count: 1000 | Time: 1.34s | Info: 1-23. タイトル・名称 網羅検索 (Part 23) | Offset: 88000
[2026-08-14 16:25:05] [INFO] [sparql_collector] [1-23. タイトル・名称 網羅検索 (Part 23)] Sub-fetch (limit=1000, progress=89000件〜) ...
[2026-08-14 16:25:07] [INFO] [sparql_collector] [1-23. タイトル・名称 網羅検索 (Part 23)] Got 1000 new items. (累計: 90000件) [1.30s]
[2026-08-14 16:25:07] [INFO] [logger] [STATS] FETCH | Count: 1000 | Time: 1.30s | Info: 1-23. タイトル・名称 網羅検索 (Part 23) | Offset: 89000
[2026-08-14 16:25:07] [INFO] [sparql_collector] [1-23. タイトル・名称 網羅検索 (Part 23)] Sub-fetch (limit=1000, progress=90000件〜) ...
[2026-08-14 16:25:09] [INFO] [sparql_collector] [1-23. タイトル・名称 網羅検索 (Part 23)] Got 1000 new items. (累計: 91000件) [1.35s]
[2026-08-14 16:25:09] [INFO] [logger] [STATS] FETCH | Count: 1000 | Time: 1.35s | Info: 1-23. タイトル・名称 網羅検索 (Part 23) | Offset: 90000
[2026-08-14 16:25:09] [INFO] [sparql_collector] [1-23. タイトル・名称 網羅検索 (Part 23)] Sub-fetch (limit=1000, progress=91000件〜) ...
[2026-08-14 16:25:11] [INFO] [sparql_collector] [1-23. タイトル・名称 網羅検索 (Part 23)] Got 1000 new items. (累計: 92000件) [1.39s]
[2026-08-14 16:25:11] [INFO] [logger] [STATS] FETCH | Count: 1000 | Time: 1.39s | Info: 1-23. タイトル・名称 網羅検索 (Part 23) | Offset: 91000
[2026-08-14 16:25:11] [INFO] [sparql_collector] [1-23. タイトル・名称 網羅検索 (Part 23)] Sub-fetch (limit=1000, progress=92000件〜) ...
[2026-08-14 16:25:12] [INFO] [sparql_collector] [1-23. タイトル・名称 網羅検索 (Part 23)] Got 1000 new items. (累計: 93000件) [1.34s]
[2026-08-14 16:25:12] [INFO] [logger] [STATS] FETCH | Count: 1000 | Time: 1.34s | Info: 1-23. タイトル・名称 網羅検索 (Part 23) | Offset: 92000
[2026-08-14 16:25:13] [INFO] [sparql_collector] [1-23. タイトル・名称 網羅検索 (Part 23)] Sub-fetch (limit=1000, progress=93000件〜) ...
[2026-08-14 16:25:14] [INFO] [sparql_collector] [1-23. タイトル・名称 網羅検索 (Part 23)] Got 1000 new items. (累計: 94000件) [1.39s]
[2026-08-14 16:25:14] [INFO] [logger] [STATS] FETCH | Count: 1000 | Time: 1.39s | Info: 1-23. タイトル・名称 網羅検索 (Part 23) | Offset: 93000
[2026-08-14 16:25:15] [INFO] [sparql_collector] [1-23. タイトル・名称 網羅検索 (Part 23)] Sub-fetch (limit=1000, progress=94000件〜) ...
[2026-08-14 16:25:16] [INFO] [sparql_collector] [1-23. タイトル・名称 網羅検索 (Part 23)] Got 1000 new items. (累計: 95000件) [1.39s]
[2026-08-14 16:25:16] [INFO] [logger] [STATS] FETCH | Count: 1000 | Time: 1.39s | Info: 1-23. タイトル・名称 網羅検索 (Part 23) | Offset: 94000
[2026-08-14 16:25:17] [INFO] [sparql_collector] [1-23. タイトル・名称 網羅検索 (Part 23)] Sub-fetch (limit=1000, progress=95000件〜) ...
[2026-08-14 16:25:18] [INFO] [sparql_collector] [1-23. タイトル・名称 網羅検索 (Part 23)] Got 1000 new items. (累計: 96000件) [1.42s]
[2026-08-14 16:25:18] [INFO] [logger] [STATS] FETCH | Count: 1000 | Time: 1.42s | Info: 1-23. タイトル・名称 網羅検索 (Part 23) | Offset: 95000
[2026-08-14 16:25:19] [INFO] [sparql_collector] [1-23. タイトル・名称 網羅検索 (Part 23)] Sub-fetch (limit=1000, progress=96000件〜) ...
[2026-08-14 16:25:20] [INFO] [sparql_collector] [1-23. タイトル・名称 網羅検索 (Part 23)] Got 1000 new items. (累計: 97000件) [1.64s]
[2026-08-14 16:25:20] [INFO] [logger] [STATS] FETCH | Count: 1000 | Time: 1.64s | Info: 1-23. タイトル・名称 網羅検索 (Part 23) | Offset: 96000
[2026-08-14 16:25:21] [INFO] [sparql_collector] [1-23. タイトル・名称 網羅検索 (Part 23)] Sub-fetch (limit=1000, progress=97000件〜) ...
[2026-08-14 16:25:23] [INFO] [sparql_collector] [1-23. タイトル・名称 網羅検索 (Part 23)] Got 765 new items. (累計: 97765件) [2.02s]
[2026-08-14 16:25:23] [INFO] [logger] [STATS] FETCH | Count: 765 | Time: 2.02s | Info: 1-23. タイトル・名称 網羅検索 (Part 23) | Offset: 97000
[2026-08-14 16:25:23] [INFO] [sparql_collector] [1-23. タイトル・名称 網羅検索 (Part 23)] 最終バッチ到達（全データ取得完了）。
[2026-08-14 16:25:24] [INFO] [sparql_collector] --- [開始] 1-24. タイトル・名称 網羅検索 (Part 24) (全件網羅 (上限なし)) ---
[2026-08-14 16:25:24] [INFO] [sparql_collector] [1-24. タイトル・名称 網羅検索 (Part 24)] Sub-fetch (limit=1000, progress=0件〜) ...
[2026-08-14 16:25:25] [INFO] [sparql_collector] [1-24. タイトル・名称 網羅検索 (Part 24)] Got 1000 new items. (累計: 1000件) [0.59s]
[2026-08-14 16:25:25] [INFO] [logger] [STATS] FETCH | Count: 1000 | Time: 0.59s | Info: 1-24. タイトル・名称 網羅検索 (Part 24) | Offset: 0
[2026-08-14 16:25:25] [INFO] [sparql_collector] [1-24. タイトル・名称 網羅検索 (Part 24)] Sub-fetch (limit=1000, progress=1000件〜) ...
[2026-08-14 16:25:25] [INFO] [sparql_collector] [1-24. タイトル・名称 網羅検索 (Part 24)] Got 1000 new items. (累計: 2000件) [0.06s]
[2026-08-14 16:25:25] [INFO] [logger] [STATS] FETCH | Count: 1000 | Time: 0.06s | Info: 1-24. タイトル・名称 網羅検索 (Part 24) | Offset: 1000
[2026-08-14 16:25:26] [INFO] [sparql_collector] [1-24. タイトル・名称 網羅検索 (Part 24)] Sub-fetch (limit=1000, progress=2000件〜) ...
[2026-08-14 16:25:26] [INFO] [sparql_collector] [1-24. タイトル・名称 網羅検索 (Part 24)] Got 1000 new items. (累計: 3000件) [0.07s]
[2026-08-14 16:25:26] [INFO] [logger] [STATS] FETCH | Count: 1000 | Time: 0.07s | Info: 1-24. タイトル・名称 網羅検索 (Part 24) | Offset: 2000
[2026-08-14 16:25:27] [INFO] [sparql_collector] [1-24. タイトル・名称 網羅検索 (Part 24)] Sub-fetch (limit=1000, progress=3000件〜) ...
[2026-08-14 16:25:27] [INFO] [sparql_collector] [1-24. タイトル・名称 網羅検索 (Part 24)] Got 1000 new items. (累計: 4000件) [0.08s]
[2026-08-14 16:25:27] [INFO] [logger] [STATS] FETCH | Count: 1000 | Time: 0.08s | Info: 1-24. タイトル・名称 網羅検索 (Part 24) | Offset: 3000
[2026-08-14 16:25:27] [INFO] [sparql_collector] [1-24. タイトル・名称 網羅検索 (Part 24)] Sub-fetch (limit=1000, progress=4000件〜) ...
[2026-08-14 16:25:27] [INFO] [sparql_collector] [1-24. タイトル・名称 網羅検索 (Part 24)] Got 1000 new items. (累計: 5000件) [0.10s]
[2026-08-14 16:25:27] [INFO] [logger] [STATS] FETCH | Count: 1000 | Time: 0.10s | Info: 1-24. タイトル・名称 網羅検索 (Part 24) | Offset: 4000
[2026-08-14 16:25:28] [INFO] [sparql_collector] [1-24. タイトル・名称 網羅検索 (Part 24)] Sub-fetch (limit=1000, progress=5000件〜) ...
[2026-08-14 16:25:28] [INFO] [sparql_collector] [1-24. タイトル・名称 網羅検索 (Part 24)] Got 1000 new items. (累計: 6000件) [0.11s]
[2026-08-14 16:25:28] [INFO] [logger] [STATS] FETCH | Count: 1000 | Time: 0.11s | Info: 1-24. タイトル・名称 網羅検索 (Part 24) | Offset: 5000
[2026-08-14 16:25:28] [INFO] [sparql_collector] [1-24. タイトル・名称 網羅検索 (Part 24)] Sub-fetch (limit=1000, progress=6000件〜) ...
[2026-08-14 16:25:28] [INFO] [sparql_collector] [1-24. タイトル・名称 網羅検索 (Part 24)] Got 1000 new items. (累計: 7000件) [0.12s]
[2026-08-14 16:25:28] [INFO] [logger] [STATS] FETCH | Count: 1000 | Time: 0.12s | Info: 1-24. タイトル・名称 網羅検索 (Part 24) | Offset: 6000
[2026-08-14 16:25:29] [INFO] [sparql_collector] [1-24. タイトル・名称 網羅検索 (Part 24)] Sub-fetch (limit=1000, progress=7000件〜) ...
[2026-08-14 16:25:29] [INFO] [sparql_collector] [1-24. タイトル・名称 網羅検索 (Part 24)] Got 1000 new items. (累計: 8000件) [0.16s]
[2026-08-14 16:25:29] [INFO] [logger] [STATS] FETCH | Count: 1000 | Time: 0.16s | Info: 1-24. タイトル・名称 網羅検索 (Part 24) | Offset: 7000
[2026-08-14 16:25:30] [INFO] [sparql_collector] [1-24. タイトル・名称 網羅検索 (Part 24)] Sub-fetch (limit=1000, progress=8000件〜) ...
[2026-08-14 16:25:30] [INFO] [sparql_collector] [1-24. タイトル・名称 網羅検索 (Part 24)] Got 1000 new items. (累計: 9000件) [0.18s]
[2026-08-14 16:25:30] [INFO] [logger] [STATS] FETCH | Count: 1000 | Time: 0.18s | Info: 1-24. タイトル・名称 網羅検索 (Part 24) | Offset: 8000
[2026-08-14 16:25:30] [INFO] [sparql_collector] [1-24. タイトル・名称 網羅検索 (Part 24)] Sub-fetch (limit=1000, progress=9000件〜) ...
[2026-08-14 16:25:31] [INFO] [sparql_collector] [1-24. タイトル・名称 網羅検索 (Part 24)] Got 1000 new items. (累計: 10000件) [0.19s]
[2026-08-14 16:25:31] [INFO] [logger] [STATS] FETCH | Count: 1000 | Time: 0.19s | Info: 1-24. タイトル・名称 網羅検索 (Part 24) | Offset: 9000
[2026-08-14 16:25:31] [INFO] [sparql_collector] [1-24. タイトル・名称 網羅検索 (Part 24)] Sub-fetch (limit=1000, progress=10000件〜) ...
[2026-08-14 16:25:31] [INFO] [sparql_collector] [1-24. タイトル・名称 網羅検索 (Part 24)] Got 1000 new items. (累計: 11000件) [0.29s]
[2026-08-14 16:25:31] [INFO] [logger] [STATS] FETCH | Count: 1000 | Time: 0.29s | Info: 1-24. タイトル・名称 網羅検索 (Part 24) | Offset: 10000
[2026-08-14 16:25:32] [INFO] [sparql_collector] [1-24. タイトル・名称 網羅検索 (Part 24)] Sub-fetch (limit=1000, progress=11000件〜) ...
[2026-08-14 16:25:32] [INFO] [sparql_collector] [1-24. タイトル・名称 網羅検索 (Part 24)] Got 27 new items. (累計: 11027件) [0.21s]
[2026-08-14 16:25:32] [INFO] [logger] [STATS] FETCH | Count: 27 | Time: 0.21s | Info: 1-24. タイトル・名称 網羅検索 (Part 24) | Offset: 11000
[2026-08-14 16:25:32] [INFO] [sparql_collector] [1-24. タイトル・名称 網羅検索 (Part 24)] 最終バッチ到達（全データ取得完了）。
[2026-08-14 16:25:34] [INFO] [sparql_collector] --- [開始] 1-25. タイトル・名称 網羅検索 (Part 25) (全件網羅 (上限なし)) ---
[2026-08-14 16:25:34] [INFO] [sparql_collector] [1-25. タイトル・名称 網羅検索 (Part 25)] Sub-fetch (limit=1000, progress=0件〜) ...
[2026-08-14 16:25:34] [INFO] [sparql_collector] [1-25. タイトル・名称 網羅検索 (Part 25)] Got 1000 new items. (累計: 1000件) [0.09s]
[2026-08-14 16:25:34] [INFO] [logger] [STATS] FETCH | Count: 1000 | Time: 0.09s | Info: 1-25. タイトル・名称 網羅検索 (Part 25) | Offset: 0
[2026-08-14 16:25:34] [INFO] [sparql_collector] [1-25. タイトル・名称 網羅検索 (Part 25)] Sub-fetch (limit=1000, progress=1000件〜) ...
[2026-08-14 16:25:34] [INFO] [sparql_collector] [1-25. タイトル・名称 網羅検索 (Part 25)] Got 1000 new items. (累計: 2000件) [0.07s]
[2026-08-14 16:25:34] [INFO] [logger] [STATS] FETCH | Count: 1000 | Time: 0.07s | Info: 1-25. タイトル・名称 網羅検索 (Part 25) | Offset: 1000
[2026-08-14 16:25:35] [INFO] [sparql_collector] [1-25. タイトル・名称 網羅検索 (Part 25)] Sub-fetch (limit=1000, progress=2000件〜) ...
[2026-08-14 16:25:35] [INFO] [sparql_collector] [1-25. タイトル・名称 網羅検索 (Part 25)] Got 1000 new items. (累計: 3000件) [0.14s]
[2026-08-14 16:25:35] [INFO] [logger] [STATS] FETCH | Count: 1000 | Time: 0.14s | Info: 1-25. タイトル・名称 網羅検索 (Part 25) | Offset: 2000
[2026-08-14 16:25:35] [INFO] [sparql_collector] [1-25. タイトル・名称 網羅検索 (Part 25)] Sub-fetch (limit=1000, progress=3000件〜) ...
[2026-08-14 16:25:36] [INFO] [sparql_collector] [1-25. タイトル・名称 網羅検索 (Part 25)] Got 2 new items. (累計: 3002件) [0.11s]
[2026-08-14 16:25:36] [INFO] [logger] [STATS] FETCH | Count: 2 | Time: 0.11s | Info: 1-25. タイトル・名称 網羅検索 (Part 25) | Offset: 3000
[2026-08-14 16:25:36] [INFO] [sparql_collector] [1-25. タイトル・名称 網羅検索 (Part 25)] 最終バッチ到達（全データ取得完了）。
[2026-08-14 16:25:37] [INFO] [sparql_collector] --- [開始] 1-26. タイトル・名称 網羅検索 (Part 26) (全件網羅 (上限なし)) ---
[2026-08-14 16:25:37] [INFO] [sparql_collector] [1-26. タイトル・名称 網羅検索 (Part 26)] Sub-fetch (limit=1000, progress=0件〜) ...
[2026-08-14 16:25:37] [INFO] [sparql_collector] [1-26. タイトル・名称 網羅検索 (Part 26)] Got 1000 new items. (累計: 1000件) [0.11s]
[2026-08-14 16:25:37] [INFO] [logger] [STATS] FETCH | Count: 1000 | Time: 0.11s | Info: 1-26. タイトル・名称 網羅検索 (Part 26) | Offset: 0
[2026-08-14 16:25:38] [INFO] [sparql_collector] [1-26. タイトル・名称 網羅検索 (Part 26)] Sub-fetch (limit=1000, progress=1000件〜) ...
[2026-08-14 16:25:38] [INFO] [sparql_collector] [1-26. タイトル・名称 網羅検索 (Part 26)] Got 1000 new items. (累計: 2000件) [0.08s]
[2026-08-14 16:25:38] [INFO] [logger] [STATS] FETCH | Count: 1000 | Time: 0.08s | Info: 1-26. タイトル・名称 網羅検索 (Part 26) | Offset: 1000
[2026-08-14 16:25:38] [INFO] [sparql_collector] [1-26. タイトル・名称 網羅検索 (Part 26)] Sub-fetch (limit=1000, progress=2000件〜) ...
[2026-08-14 16:25:38] [INFO] [sparql_collector] [1-26. タイトル・名称 網羅検索 (Part 26)] Got 1000 new items. (累計: 3000件) [0.09s]
[2026-08-14 16:25:38] [INFO] [logger] [STATS] FETCH | Count: 1000 | Time: 0.09s | Info: 1-26. タイトル・名称 網羅検索 (Part 26) | Offset: 2000
[2026-08-14 16:25:39] [INFO] [sparql_collector] [1-26. タイトル・名称 網羅検索 (Part 26)] Sub-fetch (limit=1000, progress=3000件〜) ...
[2026-08-14 16:25:39] [INFO] [sparql_collector] [1-26. タイトル・名称 網羅検索 (Part 26)] Got 991 new items. (累計: 3991件) [0.16s]
[2026-08-14 16:25:39] [INFO] [logger] [STATS] FETCH | Count: 991 | Time: 0.16s | Info: 1-26. タイトル・名称 網羅検索 (Part 26) | Offset: 3000
[2026-08-14 16:25:39] [INFO] [sparql_collector] [1-26. タイトル・名称 網羅検索 (Part 26)] 最終バッチ到達（全データ取得完了）。
[2026-08-14 16:25:40] [INFO] [sparql_collector] --- [開始] 1-27. タイトル・名称 網羅検索 (Part 27) (全件網羅 (上限なし)) ---
[2026-08-14 16:25:40] [INFO] [sparql_collector] [1-27. タイトル・名称 網羅検索 (Part 27)] Sub-fetch (limit=1000, progress=0件〜) ...
[2026-08-14 16:25:41] [INFO] [sparql_collector] [1-27. タイトル・名称 網羅検索 (Part 27)] Got 1000 new items. (累計: 1000件) [0.07s]
[2026-08-14 16:25:41] [INFO] [logger] [STATS] FETCH | Count: 1000 | Time: 0.07s | Info: 1-27. タイトル・名称 網羅検索 (Part 27) | Offset: 0
[2026-08-14 16:25:41] [INFO] [sparql_collector] [1-27. タイトル・名称 網羅検索 (Part 27)] Sub-fetch (limit=1000, progress=1000件〜) ...
[2026-08-14 16:25:41] [INFO] [sparql_collector] [1-27. タイトル・名称 網羅検索 (Part 27)] Got 1000 new items. (累計: 2000件) [0.07s]
[2026-08-14 16:25:41] [INFO] [logger] [STATS] FETCH | Count: 1000 | Time: 0.07s | Info: 1-27. タイトル・名称 網羅検索 (Part 27) | Offset: 1000
[2026-08-14 16:25:42] [INFO] [sparql_collector] [1-27. タイトル・名称 網羅検索 (Part 27)] Sub-fetch (limit=1000, progress=2000件〜) ...
[2026-08-14 16:25:42] [INFO] [sparql_collector] [1-27. タイトル・名称 網羅検索 (Part 27)] Got 1000 new items. (累計: 3000件) [0.07s]
[2026-08-14 16:25:42] [INFO] [logger] [STATS] FETCH | Count: 1000 | Time: 0.07s | Info: 1-27. タイトル・名称 網羅検索 (Part 27) | Offset: 2000
[2026-08-14 16:25:42] [INFO] [sparql_collector] [1-27. タイトル・名称 網羅検索 (Part 27)] Sub-fetch (limit=1000, progress=3000件〜) ...
[2026-08-14 16:25:42] [INFO] [sparql_collector] [1-27. タイトル・名称 網羅検索 (Part 27)] Got 1000 new items. (累計: 4000件) [0.09s]
[2026-08-14 16:25:42] [INFO] [logger] [STATS] FETCH | Count: 1000 | Time: 0.09s | Info: 1-27. タイトル・名称 網羅検索 (Part 27) | Offset: 3000
[2026-08-14 16:25:43] [INFO] [sparql_collector] [1-27. タイトル・名称 網羅検索 (Part 27)] Sub-fetch (limit=1000, progress=4000件〜) ...
[2026-08-14 16:25:43] [INFO] [sparql_collector] [1-27. タイトル・名称 網羅検索 (Part 27)] Got 1000 new items. (累計: 5000件) [0.12s]
[2026-08-14 16:25:43] [INFO] [logger] [STATS] FETCH | Count: 1000 | Time: 0.12s | Info: 1-27. タイトル・名称 網羅検索 (Part 27) | Offset: 4000
[2026-08-14 16:25:43] [INFO] [sparql_collector] [1-27. タイトル・名称 網羅検索 (Part 27)] Sub-fetch (limit=1000, progress=5000件〜) ...
[2026-08-14 16:25:44] [INFO] [sparql_collector] [1-27. タイトル・名称 網羅検索 (Part 27)] Got 1000 new items. (累計: 6000件) [0.13s]
[2026-08-14 16:25:44] [INFO] [logger] [STATS] FETCH | Count: 1000 | Time: 0.13s | Info: 1-27. タイトル・名称 網羅検索 (Part 27) | Offset: 5000
[2026-08-14 16:25:44] [INFO] [sparql_collector] [1-27. タイトル・名称 網羅検索 (Part 27)] Sub-fetch (limit=1000, progress=6000件〜) ...
[2026-08-14 16:25:44] [INFO] [sparql_collector] [1-27. タイトル・名称 網羅検索 (Part 27)] Got 1000 new items. (累計: 7000件) [0.14s]
[2026-08-14 16:25:44] [INFO] [logger] [STATS] FETCH | Count: 1000 | Time: 0.14s | Info: 1-27. タイトル・名称 網羅検索 (Part 27) | Offset: 6000
[2026-08-14 16:25:45] [INFO] [sparql_collector] [1-27. タイトル・名称 網羅検索 (Part 27)] Sub-fetch (limit=1000, progress=7000件〜) ...
[2026-08-14 16:25:45] [INFO] [sparql_collector] [1-27. タイトル・名称 網羅検索 (Part 27)] Got 1000 new items. (累計: 8000件) [0.13s]
[2026-08-14 16:25:45] [INFO] [logger] [STATS] FETCH | Count: 1000 | Time: 0.13s | Info: 1-27. タイトル・名称 網羅検索 (Part 27) | Offset: 7000
[2026-08-14 16:25:45] [INFO] [sparql_collector] [1-27. タイトル・名称 網羅検索 (Part 27)] Sub-fetch (limit=1000, progress=8000件〜) ...
[2026-08-14 16:25:45] [INFO] [sparql_collector] [1-27. タイトル・名称 網羅検索 (Part 27)] Got 1000 new items. (累計: 9000件) [0.14s]
[2026-08-14 16:25:45] [INFO] [logger] [STATS] FETCH | Count: 1000 | Time: 0.14s | Info: 1-27. タイトル・名称 網羅検索 (Part 27) | Offset: 8000
[2026-08-14 16:25:46] [INFO] [sparql_collector] [1-27. タイトル・名称 網羅検索 (Part 27)] Sub-fetch (limit=1000, progress=9000件〜) ...
[2026-08-14 16:25:46] [INFO] [sparql_collector] [1-27. タイトル・名称 網羅検索 (Part 27)] Got 1000 new items. (累計: 10000件) [0.17s]
[2026-08-14 16:25:46] [INFO] [logger] [STATS] FETCH | Count: 1000 | Time: 0.17s | Info: 1-27. タイトル・名称 網羅検索 (Part 27) | Offset: 9000
[2026-08-14 16:25:47] [INFO] [sparql_collector] [1-27. タイトル・名称 網羅検索 (Part 27)] Sub-fetch (limit=1000, progress=10000件〜) ...
[2026-08-14 16:25:47] [INFO] [sparql_collector] [1-27. タイトル・名称 網羅検索 (Part 27)] Got 1000 new items. (累計: 11000件) [0.17s]
[2026-08-14 16:25:47] [INFO] [logger] [STATS] FETCH | Count: 1000 | Time: 0.17s | Info: 1-27. タイトル・名称 網羅検索 (Part 27) | Offset: 10000
[2026-08-14 16:25:47] [INFO] [sparql_collector] [1-27. タイトル・名称 網羅検索 (Part 27)] Sub-fetch (limit=1000, progress=11000件〜) ...
[2026-08-14 16:25:47] [INFO] [sparql_collector] [1-27. タイトル・名称 網羅検索 (Part 27)] Got 1000 new items. (累計: 12000件) [0.16s]
[2026-08-14 16:25:47] [INFO] [logger] [STATS] FETCH | Count: 1000 | Time: 0.16s | Info: 1-27. タイトル・名称 網羅検索 (Part 27) | Offset: 11000
[2026-08-14 16:25:48] [INFO] [sparql_collector] [1-27. タイトル・名称 網羅検索 (Part 27)] Sub-fetch (limit=1000, progress=12000件〜) ...
[2026-08-14 16:25:48] [INFO] [sparql_collector] [1-27. タイトル・名称 網羅検索 (Part 27)] Got 1000 new items. (累計: 13000件) [0.18s]
[2026-08-14 16:25:48] [INFO] [logger] [STATS] FETCH | Count: 1000 | Time: 0.18s | Info: 1-27. タイトル・名称 網羅検索 (Part 27) | Offset: 12000
[2026-08-14 16:25:49] [INFO] [sparql_collector] [1-27. タイトル・名称 網羅検索 (Part 27)] Sub-fetch (limit=1000, progress=13000件〜) ...
[2026-08-14 16:25:49] [INFO] [sparql_collector] [1-27. タイトル・名称 網羅検索 (Part 27)] Got 1000 new items. (累計: 14000件) [0.19s]
[2026-08-14 16:25:49] [INFO] [logger] [STATS] FETCH | Count: 1000 | Time: 0.19s | Info: 1-27. タイトル・名称 網羅検索 (Part 27) | Offset: 13000
[2026-08-14 16:25:49] [INFO] [sparql_collector] [1-27. タイトル・名称 網羅検索 (Part 27)] Sub-fetch (limit=1000, progress=14000件〜) ...
[2026-08-14 16:25:50] [INFO] [sparql_collector] [1-27. タイトル・名称 網羅検索 (Part 27)] Got 1000 new items. (累計: 15000件) [0.21s]
[2026-08-14 16:25:50] [INFO] [logger] [STATS] FETCH | Count: 1000 | Time: 0.21s | Info: 1-27. タイトル・名称 網羅検索 (Part 27) | Offset: 14000
[2026-08-14 16:25:50] [INFO] [sparql_collector] [1-27. タイトル・名称 網羅検索 (Part 27)] Sub-fetch (limit=1000, progress=15000件〜) ...
[2026-08-14 16:25:50] [INFO] [sparql_collector] [1-27. タイトル・名称 網羅検索 (Part 27)] Got 1000 new items. (累計: 16000件) [0.22s]
[2026-08-14 16:25:50] [INFO] [logger] [STATS] FETCH | Count: 1000 | Time: 0.22s | Info: 1-27. タイトル・名称 網羅検索 (Part 27) | Offset: 15000
[2026-08-14 16:25:51] [INFO] [sparql_collector] [1-27. タイトル・名称 網羅検索 (Part 27)] Sub-fetch (limit=1000, progress=16000件〜) ...
[2026-08-14 16:25:51] [INFO] [sparql_collector] [1-27. タイトル・名称 網羅検索 (Part 27)] Got 1000 new items. (累計: 17000件) [0.23s]
[2026-08-14 16:25:51] [INFO] [logger] [STATS] FETCH | Count: 1000 | Time: 0.23s | Info: 1-27. タイトル・名称 網羅検索 (Part 27) | Offset: 16000
[2026-08-14 16:25:52] [INFO] [sparql_collector] [1-27. タイトル・名称 網羅検索 (Part 27)] Sub-fetch (limit=1000, progress=17000件〜) ...
[2026-08-14 16:25:52] [INFO] [sparql_collector] [1-27. タイトル・名称 網羅検索 (Part 27)] Got 1000 new items. (累計: 18000件) [0.24s]
[2026-08-14 16:25:52] [INFO] [logger] [STATS] FETCH | Count: 1000 | Time: 0.24s | Info: 1-27. タイトル・名称 網羅検索 (Part 27) | Offset: 17000
[2026-08-14 16:25:52] [INFO] [sparql_collector] [1-27. タイトル・名称 網羅検索 (Part 27)] Sub-fetch (limit=1000, progress=18000件〜) ...
[2026-08-14 16:25:53] [INFO] [sparql_collector] [1-27. タイトル・名称 網羅検索 (Part 27)] Got 1000 new items. (累計: 19000件) [0.27s]
[2026-08-14 16:25:53] [INFO] [logger] [STATS] FETCH | Count: 1000 | Time: 0.27s | Info: 1-27. タイトル・名称 網羅検索 (Part 27) | Offset: 18000
[2026-08-14 16:25:53] [INFO] [sparql_collector] [1-27. タイトル・名称 網羅検索 (Part 27)] Sub-fetch (limit=1000, progress=19000件〜) ...
[2026-08-14 16:25:53] [INFO] [sparql_collector] [1-27. タイトル・名称 網羅検索 (Part 27)] Got 1000 new items. (累計: 20000件) [0.28s]
[2026-08-14 16:25:53] [INFO] [logger] [STATS] FETCH | Count: 1000 | Time: 0.28s | Info: 1-27. タイトル・名称 網羅検索 (Part 27) | Offset: 19000
[2026-08-14 16:25:54] [INFO] [sparql_collector] [1-27. タイトル・名称 網羅検索 (Part 27)] Sub-fetch (limit=1000, progress=20000件〜) ...
[2026-08-14 16:25:54] [INFO] [sparql_collector] [1-27. タイトル・名称 網羅検索 (Part 27)] Got 1000 new items. (累計: 21000件) [0.30s]
[2026-08-14 16:25:54] [INFO] [logger] [STATS] FETCH | Count: 1000 | Time: 0.30s | Info: 1-27. タイトル・名称 網羅検索 (Part 27) | Offset: 20000
[2026-08-14 16:25:55] [INFO] [sparql_collector] [1-27. タイトル・名称 網羅検索 (Part 27)] Sub-fetch (limit=1000, progress=21000件〜) ...
[2026-08-14 16:25:55] [INFO] [sparql_collector] [1-27. タイトル・名称 網羅検索 (Part 27)] Got 1000 new items. (累計: 22000件) [0.31s]
[2026-08-14 16:25:55] [INFO] [logger] [STATS] FETCH | Count: 1000 | Time: 0.31s | Info: 1-27. タイトル・名称 網羅検索 (Part 27) | Offset: 21000
[2026-08-14 16:25:55] [INFO] [sparql_collector] [1-27. タイトル・名称 網羅検索 (Part 27)] Sub-fetch (limit=1000, progress=22000件〜) ...
[2026-08-14 16:25:56] [INFO] [sparql_collector] [1-27. タイトル・名称 網羅検索 (Part 27)] Got 1000 new items. (累計: 23000件) [0.32s]
[2026-08-14 16:25:56] [INFO] [logger] [STATS] FETCH | Count: 1000 | Time: 0.32s | Info: 1-27. タイトル・名称 網羅検索 (Part 27) | Offset: 22000
[2026-08-14 16:25:56] [INFO] [sparql_collector] [1-27. タイトル・名称 網羅検索 (Part 27)] Sub-fetch (limit=1000, progress=23000件〜) ...
[2026-08-14 16:25:57] [INFO] [sparql_collector] [1-27. タイトル・名称 網羅検索 (Part 27)] Got 1000 new items. (累計: 24000件) [0.31s]
[2026-08-14 16:25:57] [INFO] [logger] [STATS] FETCH | Count: 1000 | Time: 0.31s | Info: 1-27. タイトル・名称 網羅検索 (Part 27) | Offset: 23000
[2026-08-14 16:25:57] [INFO] [sparql_collector] [1-27. タイトル・名称 網羅検索 (Part 27)] Sub-fetch (limit=1000, progress=24000件〜) ...
[2026-08-14 16:25:57] [INFO] [sparql_collector] [1-27. タイトル・名称 網羅検索 (Part 27)] Got 1000 new items. (累計: 25000件) [0.31s]
[2026-08-14 16:25:57] [INFO] [logger] [STATS] FETCH | Count: 1000 | Time: 0.31s | Info: 1-27. タイトル・名称 網羅検索 (Part 27) | Offset: 24000
[2026-08-14 16:25:58] [INFO] [sparql_collector] [1-27. タイトル・名称 網羅検索 (Part 27)] Sub-fetch (limit=1000, progress=25000件〜) ...
[2026-08-14 16:25:58] [INFO] [sparql_collector] [1-27. タイトル・名称 網羅検索 (Part 27)] Got 1000 new items. (累計: 26000件) [0.35s]
[2026-08-14 16:25:58] [INFO] [logger] [STATS] FETCH | Count: 1000 | Time: 0.35s | Info: 1-27. タイトル・名称 網羅検索 (Part 27) | Offset: 25000
[2026-08-14 16:25:59] [INFO] [sparql_collector] [1-27. タイトル・名称 網羅検索 (Part 27)] Sub-fetch (limit=1000, progress=26000件〜) ...
[2026-08-14 16:25:59] [INFO] [sparql_collector] [1-27. タイトル・名称 網羅検索 (Part 27)] Got 1000 new items. (累計: 27000件) [0.35s]
[2026-08-14 16:25:59] [INFO] [logger] [STATS] FETCH | Count: 1000 | Time: 0.35s | Info: 1-27. タイトル・名称 網羅検索 (Part 27) | Offset: 26000
[2026-08-14 16:26:00] [INFO] [sparql_collector] [1-27. タイトル・名称 網羅検索 (Part 27)] Sub-fetch (limit=1000, progress=27000件〜) ...
[2026-08-14 16:26:00] [INFO] [sparql_collector] [1-27. タイトル・名称 網羅検索 (Part 27)] Got 1000 new items. (累計: 28000件) [0.36s]
[2026-08-14 16:26:00] [INFO] [logger] [STATS] FETCH | Count: 1000 | Time: 0.36s | Info: 1-27. タイトル・名称 網羅検索 (Part 27) | Offset: 27000
[2026-08-14 16:26:01] [INFO] [sparql_collector] [1-27. タイトル・名称 網羅検索 (Part 27)] Sub-fetch (limit=1000, progress=28000件〜) ...
[2026-08-14 16:26:01] [INFO] [sparql_collector] [1-27. タイトル・名称 網羅検索 (Part 27)] Got 1000 new items. (累計: 29000件) [0.39s]
[2026-08-14 16:26:01] [INFO] [logger] [STATS] FETCH | Count: 1000 | Time: 0.39s | Info: 1-27. タイトル・名称 網羅検索 (Part 27) | Offset: 28000
[2026-08-14 16:26:01] [INFO] [sparql_collector] [1-27. タイトル・名称 網羅検索 (Part 27)] Sub-fetch (limit=1000, progress=29000件〜) ...
[2026-08-14 16:26:02] [INFO] [sparql_collector] [1-27. タイトル・名称 網羅検索 (Part 27)] Got 1000 new items. (累計: 30000件) [0.39s]
[2026-08-14 16:26:02] [INFO] [logger] [STATS] FETCH | Count: 1000 | Time: 0.39s | Info: 1-27. タイトル・名称 網羅検索 (Part 27) | Offset: 29000
[2026-08-14 16:26:02] [INFO] [sparql_collector] [1-27. タイトル・名称 網羅検索 (Part 27)] Sub-fetch (limit=1000, progress=30000件〜) ...
[2026-08-14 16:26:03] [INFO] [sparql_collector] [1-27. タイトル・名称 網羅検索 (Part 27)] Got 1000 new items. (累計: 31000件) [0.40s]
[2026-08-14 16:26:03] [INFO] [logger] [STATS] FETCH | Count: 1000 | Time: 0.40s | Info: 1-27. タイトル・名称 網羅検索 (Part 27) | Offset: 30000
[2026-08-14 16:26:03] [INFO] [sparql_collector] [1-27. タイトル・名称 網羅検索 (Part 27)] Sub-fetch (limit=1000, progress=31000件〜) ...
[2026-08-14 16:26:04] [INFO] [sparql_collector] [1-27. タイトル・名称 網羅検索 (Part 27)] Got 1000 new items. (累計: 32000件) [0.40s]
[2026-08-14 16:26:04] [INFO] [logger] [STATS] FETCH | Count: 1000 | Time: 0.40s | Info: 1-27. タイトル・名称 網羅検索 (Part 27) | Offset: 31000
[2026-08-14 16:26:04] [INFO] [sparql_collector] [1-27. タイトル・名称 網羅検索 (Part 27)] Sub-fetch (limit=1000, progress=32000件〜) ...
[2026-08-14 16:26:05] [INFO] [sparql_collector] [1-27. タイトル・名称 網羅検索 (Part 27)] Got 1000 new items. (累計: 33000件) [0.41s]
[2026-08-14 16:26:05] [INFO] [logger] [STATS] FETCH | Count: 1000 | Time: 0.41s | Info: 1-27. タイトル・名称 網羅検索 (Part 27) | Offset: 32000
[2026-08-14 16:26:05] [INFO] [sparql_collector] [1-27. タイトル・名称 網羅検索 (Part 27)] Sub-fetch (limit=1000, progress=33000件〜) ...
[2026-08-14 16:26:06] [INFO] [sparql_collector] [1-27. タイトル・名称 網羅検索 (Part 27)] Got 988 new items. (累計: 33988件) [0.58s]
[2026-08-14 16:26:06] [INFO] [logger] [STATS] FETCH | Count: 988 | Time: 0.58s | Info: 1-27. タイトル・名称 網羅検索 (Part 27) | Offset: 33000
[2026-08-14 16:26:06] [INFO] [sparql_collector] [1-27. タイトル・名称 網羅検索 (Part 27)] 最終バッチ到達（全データ取得完了）。
[2026-08-14 16:26:07] [INFO] [sparql_collector] --- [開始] 1-28. タイトル・名称 網羅検索 (Part 28) (全件網羅 (上限なし)) ---
[2026-08-14 16:26:07] [INFO] [sparql_collector] [1-28. タイトル・名称 網羅検索 (Part 28)] Sub-fetch (limit=1000, progress=0件〜) ...
[2026-08-14 16:26:07] [INFO] [sparql_collector] [1-28. タイトル・名称 網羅検索 (Part 28)] Got 1000 new items. (累計: 1000件) [0.10s]
[2026-08-14 16:26:07] [INFO] [logger] [STATS] FETCH | Count: 1000 | Time: 0.10s | Info: 1-28. タイトル・名称 網羅検索 (Part 28) | Offset: 0
[2026-08-14 16:26:08] [INFO] [sparql_collector] [1-28. タイトル・名称 網羅検索 (Part 28)] Sub-fetch (limit=1000, progress=1000件〜) ...
[2026-08-14 16:26:08] [INFO] [sparql_collector] [1-28. タイトル・名称 網羅検索 (Part 28)] Got 1000 new items. (累計: 2000件) [0.07s]
[2026-08-14 16:26:08] [INFO] [logger] [STATS] FETCH | Count: 1000 | Time: 0.07s | Info: 1-28. タイトル・名称 網羅検索 (Part 28) | Offset: 1000
[2026-08-14 16:26:08] [INFO] [sparql_collector] [1-28. タイトル・名称 網羅検索 (Part 28)] Sub-fetch (limit=1000, progress=2000件〜) ...
[2026-08-14 16:26:08] [INFO] [sparql_collector] [1-28. タイトル・名称 網羅検索 (Part 28)] Got 1000 new items. (累計: 3000件) [0.07s]
[2026-08-14 16:26:08] [INFO] [logger] [STATS] FETCH | Count: 1000 | Time: 0.07s | Info: 1-28. タイトル・名称 網羅検索 (Part 28) | Offset: 2000
[2026-08-14 16:26:09] [INFO] [sparql_collector] [1-28. タイトル・名称 網羅検索 (Part 28)] Sub-fetch (limit=1000, progress=3000件〜) ...
[2026-08-14 16:26:09] [INFO] [sparql_collector] [1-28. タイトル・名称 網羅検索 (Part 28)] Got 1000 new items. (累計: 4000件) [0.10s]
[2026-08-14 16:26:09] [INFO] [logger] [STATS] FETCH | Count: 1000 | Time: 0.10s | Info: 1-28. タイトル・名称 網羅検索 (Part 28) | Offset: 3000
[2026-08-14 16:26:09] [INFO] [sparql_collector] [1-28. タイトル・名称 網羅検索 (Part 28)] Sub-fetch (limit=1000, progress=4000件〜) ...
[2026-08-14 16:26:10] [INFO] [sparql_collector] [1-28. タイトル・名称 網羅検索 (Part 28)] Got 1000 new items. (累計: 5000件) [0.10s]
[2026-08-14 16:26:10] [INFO] [logger] [STATS] FETCH | Count: 1000 | Time: 0.10s | Info: 1-28. タイトル・名称 網羅検索 (Part 28) | Offset: 4000
[2026-08-14 16:26:10] [INFO] [sparql_collector] [1-28. タイトル・名称 網羅検索 (Part 28)] Sub-fetch (limit=1000, progress=5000件〜) ...
[2026-08-14 16:26:10] [INFO] [sparql_collector] [1-28. タイトル・名称 網羅検索 (Part 28)] Got 1000 new items. (累計: 6000件) [0.11s]
[2026-08-14 16:26:10] [INFO] [logger] [STATS] FETCH | Count: 1000 | Time: 0.11s | Info: 1-28. タイトル・名称 網羅検索 (Part 28) | Offset: 5000
[2026-08-14 16:26:11] [INFO] [sparql_collector] [1-28. タイトル・名称 網羅検索 (Part 28)] Sub-fetch (limit=1000, progress=6000件〜) ...
[2026-08-14 16:26:11] [INFO] [sparql_collector] [1-28. タイトル・名称 網羅検索 (Part 28)] Got 1000 new items. (累計: 7000件) [0.12s]
[2026-08-14 16:26:11] [INFO] [logger] [STATS] FETCH | Count: 1000 | Time: 0.12s | Info: 1-28. タイトル・名称 網羅検索 (Part 28) | Offset: 6000
[2026-08-14 16:26:11] [INFO] [sparql_collector] [1-28. タイトル・名称 網羅検索 (Part 28)] Sub-fetch (limit=1000, progress=7000件〜) ...
[2026-08-14 16:26:11] [INFO] [sparql_collector] [1-28. タイトル・名称 網羅検索 (Part 28)] Got 1000 new items. (累計: 8000件) [0.15s]
[2026-08-14 16:26:11] [INFO] [logger] [STATS] FETCH | Count: 1000 | Time: 0.15s | Info: 1-28. タイトル・名称 網羅検索 (Part 28) | Offset: 7000
[2026-08-14 16:26:12] [INFO] [sparql_collector] [1-28. タイトル・名称 網羅検索 (Part 28)] Sub-fetch (limit=1000, progress=8000件〜) ...
[2026-08-14 16:26:12] [INFO] [sparql_collector] [1-28. タイトル・名称 網羅検索 (Part 28)] Got 1000 new items. (累計: 9000件) [0.18s]
[2026-08-14 16:26:12] [INFO] [logger] [STATS] FETCH | Count: 1000 | Time: 0.18s | Info: 1-28. タイトル・名称 網羅検索 (Part 28) | Offset: 8000
[2026-08-14 16:26:13] [INFO] [sparql_collector] [1-28. タイトル・名称 網羅検索 (Part 28)] Sub-fetch (limit=1000, progress=9000件〜) ...
[2026-08-14 16:26:13] [INFO] [sparql_collector] [1-28. タイトル・名称 網羅検索 (Part 28)] Got 1000 new items. (累計: 10000件) [0.18s]
[2026-08-14 16:26:13] [INFO] [logger] [STATS] FETCH | Count: 1000 | Time: 0.18s | Info: 1-28. タイトル・名称 網羅検索 (Part 28) | Offset: 9000
[2026-08-14 16:26:13] [INFO] [sparql_collector] [1-28. タイトル・名称 網羅検索 (Part 28)] Sub-fetch (limit=1000, progress=10000件〜) ...
[2026-08-14 16:26:14] [INFO] [sparql_collector] [1-28. タイトル・名称 網羅検索 (Part 28)] Got 1000 new items. (累計: 11000件) [0.18s]
[2026-08-14 16:26:14] [INFO] [logger] [STATS] FETCH | Count: 1000 | Time: 0.18s | Info: 1-28. タイトル・名称 網羅検索 (Part 28) | Offset: 10000
[2026-08-14 16:26:14] [INFO] [sparql_collector] [1-28. タイトル・名称 網羅検索 (Part 28)] Sub-fetch (limit=1000, progress=11000件〜) ...
[2026-08-14 16:26:14] [INFO] [sparql_collector] [1-28. タイトル・名称 網羅検索 (Part 28)] Got 1000 new items. (累計: 12000件) [0.19s]
[2026-08-14 16:26:14] [INFO] [logger] [STATS] FETCH | Count: 1000 | Time: 0.19s | Info: 1-28. タイトル・名称 網羅検索 (Part 28) | Offset: 11000
[2026-08-14 16:26:15] [INFO] [sparql_collector] [1-28. タイトル・名称 網羅検索 (Part 28)] Sub-fetch (limit=1000, progress=12000件〜) ...
[2026-08-14 16:26:15] [INFO] [sparql_collector] [1-28. タイトル・名称 網羅検索 (Part 28)] Got 1000 new items. (累計: 13000件) [0.18s]
[2026-08-14 16:26:15] [INFO] [logger] [STATS] FETCH | Count: 1000 | Time: 0.18s | Info: 1-28. タイトル・名称 網羅検索 (Part 28) | Offset: 12000
[2026-08-14 16:26:15] [INFO] [sparql_collector] [1-28. タイトル・名称 網羅検索 (Part 28)] Sub-fetch (limit=1000, progress=13000件〜) ...
[2026-08-14 16:26:16] [INFO] [sparql_collector] [1-28. タイトル・名称 網羅検索 (Part 28)] Got 1000 new items. (累計: 14000件) [0.20s]
[2026-08-14 16:26:16] [INFO] [logger] [STATS] FETCH | Count: 1000 | Time: 0.20s | Info: 1-28. タイトル・名称 網羅検索 (Part 28) | Offset: 13000
[2026-08-14 16:26:16] [INFO] [sparql_collector] [1-28. タイトル・名称 網羅検索 (Part 28)] Sub-fetch (limit=1000, progress=14000件〜) ...
[2026-08-14 16:26:16] [INFO] [sparql_collector] [1-28. タイトル・名称 網羅検索 (Part 28)] Got 1000 new items. (累計: 15000件) [0.22s]
[2026-08-14 16:26:16] [INFO] [logger] [STATS] FETCH | Count: 1000 | Time: 0.22s | Info: 1-28. タイトル・名称 網羅検索 (Part 28) | Offset: 14000
[2026-08-14 16:26:17] [INFO] [sparql_collector] [1-28. タイトル・名称 網羅検索 (Part 28)] Sub-fetch (limit=1000, progress=15000件〜) ...
[2026-08-14 16:26:17] [INFO] [sparql_collector] [1-28. タイトル・名称 網羅検索 (Part 28)] Got 1000 new items. (累計: 16000件) [0.25s]
[2026-08-14 16:26:17] [INFO] [logger] [STATS] FETCH | Count: 1000 | Time: 0.25s | Info: 1-28. タイトル・名称 網羅検索 (Part 28) | Offset: 15000
[2026-08-14 16:26:18] [INFO] [sparql_collector] [1-28. タイトル・名称 網羅検索 (Part 28)] Sub-fetch (limit=1000, progress=16000件〜) ...
[2026-08-14 16:26:18] [INFO] [sparql_collector] [1-28. タイトル・名称 網羅検索 (Part 28)] Got 1000 new items. (累計: 17000件) [0.23s]
[2026-08-14 16:26:18] [INFO] [logger] [STATS] FETCH | Count: 1000 | Time: 0.23s | Info: 1-28. タイトル・名称 網羅検索 (Part 28) | Offset: 16000
[2026-08-14 16:26:18] [INFO] [sparql_collector] [1-28. タイトル・名称 網羅検索 (Part 28)] Sub-fetch (limit=1000, progress=17000件〜) ...
[2026-08-14 16:26:19] [INFO] [sparql_collector] [1-28. タイトル・名称 網羅検索 (Part 28)] Got 1000 new items. (累計: 18000件) [0.26s]
[2026-08-14 16:26:19] [INFO] [logger] [STATS] FETCH | Count: 1000 | Time: 0.26s | Info: 1-28. タイトル・名称 網羅検索 (Part 28) | Offset: 17000
[2026-08-14 16:26:19] [INFO] [sparql_collector] [1-28. タイトル・名称 網羅検索 (Part 28)] Sub-fetch (limit=1000, progress=18000件〜) ...
[2026-08-14 16:26:19] [INFO] [sparql_collector] [1-28. タイトル・名称 網羅検索 (Part 28)] Got 1000 new items. (累計: 19000件) [0.26s]
[2026-08-14 16:26:19] [INFO] [logger] [STATS] FETCH | Count: 1000 | Time: 0.26s | Info: 1-28. タイトル・名称 網羅検索 (Part 28) | Offset: 18000
[2026-08-14 16:26:20] [INFO] [sparql_collector] [1-28. タイトル・名称 網羅検索 (Part 28)] Sub-fetch (limit=1000, progress=19000件〜) ...
[2026-08-14 16:26:20] [INFO] [sparql_collector] [1-28. タイトル・名称 網羅検索 (Part 28)] Got 1000 new items. (累計: 20000件) [0.34s]
[2026-08-14 16:26:20] [INFO] [logger] [STATS] FETCH | Count: 1000 | Time: 0.34s | Info: 1-28. タイトル・名称 網羅検索 (Part 28) | Offset: 19000
[2026-08-14 16:26:21] [INFO] [sparql_collector] [1-28. タイトル・名称 網羅検索 (Part 28)] Sub-fetch (limit=1000, progress=20000件〜) ...
[2026-08-14 16:26:21] [INFO] [sparql_collector] [1-28. タイトル・名称 網羅検索 (Part 28)] Got 385 new items. (累計: 20385件) [0.32s]
[2026-08-14 16:26:21] [INFO] [logger] [STATS] FETCH | Count: 385 | Time: 0.32s | Info: 1-28. タイトル・名称 網羅検索 (Part 28) | Offset: 20000
[2026-08-14 16:26:21] [INFO] [sparql_collector] [1-28. タイトル・名称 網羅検索 (Part 28)] 最終バッチ到達（全データ取得完了）。
[2026-08-14 16:26:23] [INFO] [sparql_collector] --- [開始] 1-29. タイトル・名称 網羅検索 (Part 29) (全件網羅 (上限なし)) ---
[2026-08-14 16:26:23] [INFO] [sparql_collector] [1-29. タイトル・名称 網羅検索 (Part 29)] Sub-fetch (limit=1000, progress=0件〜) ...
[2026-08-14 16:26:23] [INFO] [sparql_collector] [1-29. タイトル・名称 網羅検索 (Part 29)] Got 1000 new items. (累計: 1000件) [0.09s]
[2026-08-14 16:26:23] [INFO] [logger] [STATS] FETCH | Count: 1000 | Time: 0.09s | Info: 1-29. タイトル・名称 網羅検索 (Part 29) | Offset: 0
[2026-08-14 16:26:23] [INFO] [sparql_collector] [1-29. タイトル・名称 網羅検索 (Part 29)] Sub-fetch (limit=1000, progress=1000件〜) ...
[2026-08-14 16:26:23] [INFO] [sparql_collector] [1-29. タイトル・名称 網羅検索 (Part 29)] Got 1000 new items. (累計: 2000件) [0.07s]
[2026-08-14 16:26:23] [INFO] [logger] [STATS] FETCH | Count: 1000 | Time: 0.07s | Info: 1-29. タイトル・名称 網羅検索 (Part 29) | Offset: 1000
[2026-08-14 16:26:24] [INFO] [sparql_collector] [1-29. タイトル・名称 網羅検索 (Part 29)] Sub-fetch (limit=1000, progress=2000件〜) ...
[2026-08-14 16:26:24] [INFO] [sparql_collector] [1-29. タイトル・名称 網羅検索 (Part 29)] Got 1000 new items. (累計: 3000件) [0.09s]
[2026-08-14 16:26:24] [INFO] [logger] [STATS] FETCH | Count: 1000 | Time: 0.09s | Info: 1-29. タイトル・名称 網羅検索 (Part 29) | Offset: 2000
[2026-08-14 16:26:24] [INFO] [sparql_collector] [1-29. タイトル・名称 網羅検索 (Part 29)] Sub-fetch (limit=1000, progress=3000件〜) ...
[2026-08-14 16:26:24] [INFO] [sparql_collector] [1-29. タイトル・名称 網羅検索 (Part 29)] Got 1000 new items. (累計: 4000件) [0.10s]
[2026-08-14 16:26:24] [INFO] [logger] [STATS] FETCH | Count: 1000 | Time: 0.10s | Info: 1-29. タイトル・名称 網羅検索 (Part 29) | Offset: 3000
[2026-08-14 16:26:25] [INFO] [sparql_collector] [1-29. タイトル・名称 網羅検索 (Part 29)] Sub-fetch (limit=1000, progress=4000件〜) ...
[2026-08-14 16:26:25] [INFO] [sparql_collector] [1-29. タイトル・名称 網羅検索 (Part 29)] Got 1000 new items. (累計: 5000件) [0.10s]
[2026-08-14 16:26:25] [INFO] [logger] [STATS] FETCH | Count: 1000 | Time: 0.10s | Info: 1-29. タイトル・名称 網羅検索 (Part 29) | Offset: 4000
[2026-08-14 16:26:26] [INFO] [sparql_collector] [1-29. タイトル・名称 網羅検索 (Part 29)] Sub-fetch (limit=1000, progress=5000件〜) ...
[2026-08-14 16:26:26] [INFO] [sparql_collector] [1-29. タイトル・名称 網羅検索 (Part 29)] Got 1000 new items. (累計: 6000件) [0.13s]
[2026-08-14 16:26:26] [INFO] [logger] [STATS] FETCH | Count: 1000 | Time: 0.13s | Info: 1-29. タイトル・名称 網羅検索 (Part 29) | Offset: 5000
[2026-08-14 16:26:26] [INFO] [sparql_collector] [1-29. タイトル・名称 網羅検索 (Part 29)] Sub-fetch (limit=1000, progress=6000件〜) ...
[2026-08-14 16:26:26] [INFO] [sparql_collector] [1-29. タイトル・名称 網羅検索 (Part 29)] Got 1000 new items. (累計: 7000件) [0.14s]
[2026-08-14 16:26:26] [INFO] [logger] [STATS] FETCH | Count: 1000 | Time: 0.14s | Info: 1-29. タイトル・名称 網羅検索 (Part 29) | Offset: 6000
[2026-08-14 16:26:27] [INFO] [sparql_collector] [1-29. タイトル・名称 網羅検索 (Part 29)] Sub-fetch (limit=1000, progress=7000件〜) ...
[2026-08-14 16:26:27] [INFO] [sparql_collector] [1-29. タイトル・名称 網羅検索 (Part 29)] Got 1000 new items. (累計: 8000件) [0.14s]
[2026-08-14 16:26:27] [INFO] [logger] [STATS] FETCH | Count: 1000 | Time: 0.14s | Info: 1-29. タイトル・名称 網羅検索 (Part 29) | Offset: 7000
[2026-08-14 16:26:27] [INFO] [sparql_collector] [1-29. タイトル・名称 網羅検索 (Part 29)] Sub-fetch (limit=1000, progress=8000件〜) ...
[2026-08-14 16:26:28] [INFO] [sparql_collector] [1-29. タイトル・名称 網羅検索 (Part 29)] Got 1000 new items. (累計: 9000件) [0.14s]
[2026-08-14 16:26:28] [INFO] [logger] [STATS] FETCH | Count: 1000 | Time: 0.14s | Info: 1-29. タイトル・名称 網羅検索 (Part 29) | Offset: 8000
[2026-08-14 16:26:28] [INFO] [sparql_collector] [1-29. タイトル・名称 網羅検索 (Part 29)] Sub-fetch (limit=1000, progress=9000件〜) ...
[2026-08-14 16:26:28] [INFO] [sparql_collector] [1-29. タイトル・名称 網羅検索 (Part 29)] Got 1000 new items. (累計: 10000件) [0.15s]
[2026-08-14 16:26:28] [INFO] [logger] [STATS] FETCH | Count: 1000 | Time: 0.15s | Info: 1-29. タイトル・名称 網羅検索 (Part 29) | Offset: 9000
[2026-08-14 16:26:29] [INFO] [sparql_collector] [1-29. タイトル・名称 網羅検索 (Part 29)] Sub-fetch (limit=1000, progress=10000件〜) ...
[2026-08-14 16:26:29] [INFO] [sparql_collector] [1-29. タイトル・名称 網羅検索 (Part 29)] Got 1000 new items. (累計: 11000件) [0.20s]
[2026-08-14 16:26:29] [INFO] [logger] [STATS] FETCH | Count: 1000 | Time: 0.20s | Info: 1-29. タイトル・名称 網羅検索 (Part 29) | Offset: 10000
[2026-08-14 16:26:29] [INFO] [sparql_collector] [1-29. タイトル・名称 網羅検索 (Part 29)] Sub-fetch (limit=1000, progress=11000件〜) ...
[2026-08-14 16:26:30] [INFO] [sparql_collector] [1-29. タイトル・名称 網羅検索 (Part 29)] Got 1000 new items. (累計: 12000件) [0.18s]
[2026-08-14 16:26:30] [INFO] [logger] [STATS] FETCH | Count: 1000 | Time: 0.18s | Info: 1-29. タイトル・名称 網羅検索 (Part 29) | Offset: 11000
[2026-08-14 16:26:30] [INFO] [sparql_collector] [1-29. タイトル・名称 網羅検索 (Part 29)] Sub-fetch (limit=1000, progress=12000件〜) ...
[2026-08-14 16:26:30] [INFO] [sparql_collector] [1-29. タイトル・名称 網羅検索 (Part 29)] Got 1000 new items. (累計: 13000件) [0.20s]
[2026-08-14 16:26:30] [INFO] [logger] [STATS] FETCH | Count: 1000 | Time: 0.20s | Info: 1-29. タイトル・名称 網羅検索 (Part 29) | Offset: 12000
[2026-08-14 16:26:31] [INFO] [sparql_collector] [1-29. タイトル・名称 網羅検索 (Part 29)] Sub-fetch (limit=1000, progress=13000件〜) ...
[2026-08-14 16:26:31] [INFO] [sparql_collector] [1-29. タイトル・名称 網羅検索 (Part 29)] Got 987 new items. (累計: 13987件) [0.31s]
[2026-08-14 16:26:31] [INFO] [logger] [STATS] FETCH | Count: 987 | Time: 0.31s | Info: 1-29. タイトル・名称 網羅検索 (Part 29) | Offset: 13000
[2026-08-14 16:26:31] [INFO] [sparql_collector] [1-29. タイトル・名称 網羅検索 (Part 29)] 最終バッチ到達（全データ取得完了）。
[2026-08-14 16:26:33] [INFO] [sparql_collector] --- [開始] 1-30. タイトル・名称 網羅検索 (Part 30) (全件網羅 (上限なし)) ---
[2026-08-14 16:26:33] [INFO] [sparql_collector] [1-30. タイトル・名称 網羅検索 (Part 30)] Sub-fetch (limit=1000, progress=0件〜) ...
[2026-08-14 16:26:33] [INFO] [sparql_collector] [1-30. タイトル・名称 網羅検索 (Part 30)] Got 1000 new items. (累計: 1000件) [0.08s]
[2026-08-14 16:26:33] [INFO] [logger] [STATS] FETCH | Count: 1000 | Time: 0.08s | Info: 1-30. タイトル・名称 網羅検索 (Part 30) | Offset: 0
[2026-08-14 16:26:33] [INFO] [sparql_collector] [1-30. タイトル・名称 網羅検索 (Part 30)] Sub-fetch (limit=1000, progress=1000件〜) ...
[2026-08-14 16:26:33] [INFO] [sparql_collector] [1-30. タイトル・名称 網羅検索 (Part 30)] Got 1000 new items. (累計: 2000件) [0.09s]
[2026-08-14 16:26:33] [INFO] [logger] [STATS] FETCH | Count: 1000 | Time: 0.09s | Info: 1-30. タイトル・名称 網羅検索 (Part 30) | Offset: 1000
[2026-08-14 16:26:34] [INFO] [sparql_collector] [1-30. タイトル・名称 網羅検索 (Part 30)] Sub-fetch (limit=1000, progress=2000件〜) ...
[2026-08-14 16:26:34] [INFO] [sparql_collector] [1-30. タイトル・名称 網羅検索 (Part 30)] Got 1000 new items. (累計: 3000件) [0.07s]
[2026-08-14 16:26:34] [INFO] [logger] [STATS] FETCH | Count: 1000 | Time: 0.07s | Info: 1-30. タイトル・名称 網羅検索 (Part 30) | Offset: 2000
[2026-08-14 16:26:34] [INFO] [sparql_collector] [1-30. タイトル・名称 網羅検索 (Part 30)] Sub-fetch (limit=1000, progress=3000件〜) ...
[2026-08-14 16:26:35] [INFO] [sparql_collector] [1-30. タイトル・名称 網羅検索 (Part 30)] Got 1000 new items. (累計: 4000件) [0.08s]
[2026-08-14 16:26:35] [INFO] [logger] [STATS] FETCH | Count: 1000 | Time: 0.08s | Info: 1-30. タイトル・名称 網羅検索 (Part 30) | Offset: 3000
[2026-08-14 16:26:35] [INFO] [sparql_collector] [1-30. タイトル・名称 網羅検索 (Part 30)] Sub-fetch (limit=1000, progress=4000件〜) ...
[2026-08-14 16:26:35] [INFO] [sparql_collector] [1-30. タイトル・名称 網羅検索 (Part 30)] Got 1000 new items. (累計: 5000件) [0.09s]
[2026-08-14 16:26:35] [INFO] [logger] [STATS] FETCH | Count: 1000 | Time: 0.09s | Info: 1-30. タイトル・名称 網羅検索 (Part 30) | Offset: 4000
[2026-08-14 16:26:36] [INFO] [sparql_collector] [1-30. タイトル・名称 網羅検索 (Part 30)] Sub-fetch (limit=1000, progress=5000件〜) ...
[2026-08-14 16:26:36] [INFO] [sparql_collector] [1-30. タイトル・名称 網羅検索 (Part 30)] Got 1000 new items. (累計: 6000件) [0.12s]
[2026-08-14 16:26:36] [INFO] [logger] [STATS] FETCH | Count: 1000 | Time: 0.12s | Info: 1-30. タイトル・名称 網羅検索 (Part 30) | Offset: 5000
[2026-08-14 16:26:36] [INFO] [sparql_collector] [1-30. タイトル・名称 網羅検索 (Part 30)] Sub-fetch (limit=1000, progress=6000件〜) ...
[2026-08-14 16:26:36] [INFO] [sparql_collector] [1-30. タイトル・名称 網羅検索 (Part 30)] Got 1000 new items. (累計: 7000件) [0.11s]
[2026-08-14 16:26:36] [INFO] [logger] [STATS] FETCH | Count: 1000 | Time: 0.11s | Info: 1-30. タイトル・名称 網羅検索 (Part 30) | Offset: 6000
[2026-08-14 16:26:37] [INFO] [sparql_collector] [1-30. タイトル・名称 網羅検索 (Part 30)] Sub-fetch (limit=1000, progress=7000件〜) ...
[2026-08-14 16:26:37] [INFO] [sparql_collector] [1-30. タイトル・名称 網羅検索 (Part 30)] Got 1000 new items. (累計: 8000件) [0.12s]
[2026-08-14 16:26:37] [INFO] [logger] [STATS] FETCH | Count: 1000 | Time: 0.12s | Info: 1-30. タイトル・名称 網羅検索 (Part 30) | Offset: 7000
[2026-08-14 16:26:37] [INFO] [sparql_collector] [1-30. タイトル・名称 網羅検索 (Part 30)] Sub-fetch (limit=1000, progress=8000件〜) ...
[2026-08-14 16:26:38] [INFO] [sparql_collector] [1-30. タイトル・名称 網羅検索 (Part 30)] Got 1000 new items. (累計: 9000件) [0.13s]
[2026-08-14 16:26:38] [INFO] [logger] [STATS] FETCH | Count: 1000 | Time: 0.13s | Info: 1-30. タイトル・名称 網羅検索 (Part 30) | Offset: 8000
[2026-08-14 16:26:38] [INFO] [sparql_collector] [1-30. タイトル・名称 網羅検索 (Part 30)] Sub-fetch (limit=1000, progress=9000件〜) ...
[2026-08-14 16:26:38] [INFO] [sparql_collector] [1-30. タイトル・名称 網羅検索 (Part 30)] Got 1000 new items. (累計: 10000件) [0.14s]
[2026-08-14 16:26:38] [INFO] [logger] [STATS] FETCH | Count: 1000 | Time: 0.14s | Info: 1-30. タイトル・名称 網羅検索 (Part 30) | Offset: 9000
[2026-08-14 16:26:39] [INFO] [sparql_collector] [1-30. タイトル・名称 網羅検索 (Part 30)] Sub-fetch (limit=1000, progress=10000件〜) ...
[2026-08-14 16:26:39] [INFO] [sparql_collector] [1-30. タイトル・名称 網羅検索 (Part 30)] Got 1000 new items. (累計: 11000件) [0.16s]
[2026-08-14 16:26:39] [INFO] [logger] [STATS] FETCH | Count: 1000 | Time: 0.16s | Info: 1-30. タイトル・名称 網羅検索 (Part 30) | Offset: 10000
[2026-08-14 16:26:39] [INFO] [sparql_collector] [1-30. タイトル・名称 網羅検索 (Part 30)] Sub-fetch (limit=1000, progress=11000件〜) ...
[2026-08-14 16:26:40] [INFO] [sparql_collector] [1-30. タイトル・名称 網羅検索 (Part 30)] Got 1000 new items. (累計: 12000件) [0.19s]
[2026-08-14 16:26:40] [INFO] [logger] [STATS] FETCH | Count: 1000 | Time: 0.19s | Info: 1-30. タイトル・名称 網羅検索 (Part 30) | Offset: 11000
[2026-08-14 16:26:40] [INFO] [sparql_collector] [1-30. タイトル・名称 網羅検索 (Part 30)] Sub-fetch (limit=1000, progress=12000件〜) ...
[2026-08-14 16:26:40] [INFO] [sparql_collector] [1-30. タイトル・名称 網羅検索 (Part 30)] Got 1000 new items. (累計: 13000件) [0.16s]
[2026-08-14 16:26:40] [INFO] [logger] [STATS] FETCH | Count: 1000 | Time: 0.16s | Info: 1-30. タイトル・名称 網羅検索 (Part 30) | Offset: 12000
[2026-08-14 16:26:41] [INFO] [sparql_collector] [1-30. タイトル・名称 網羅検索 (Part 30)] Sub-fetch (limit=1000, progress=13000件〜) ...
[2026-08-14 16:26:41] [INFO] [sparql_collector] [1-30. タイトル・名称 網羅検索 (Part 30)] Got 1000 new items. (累計: 14000件) [0.18s]
[2026-08-14 16:26:41] [INFO] [logger] [STATS] FETCH | Count: 1000 | Time: 0.18s | Info: 1-30. タイトル・名称 網羅検索 (Part 30) | Offset: 13000
[2026-08-14 16:26:41] [INFO] [sparql_collector] [1-30. タイトル・名称 網羅検索 (Part 30)] Sub-fetch (limit=1000, progress=14000件〜) ...
[2026-08-14 16:26:42] [INFO] [sparql_collector] [1-30. タイトル・名称 網羅検索 (Part 30)] Got 1000 new items. (累計: 15000件) [0.20s]
[2026-08-14 16:26:42] [INFO] [logger] [STATS] FETCH | Count: 1000 | Time: 0.20s | Info: 1-30. タイトル・名称 網羅検索 (Part 30) | Offset: 14000
[2026-08-14 16:26:42] [INFO] [sparql_collector] [1-30. タイトル・名称 網羅検索 (Part 30)] Sub-fetch (limit=1000, progress=15000件〜) ...
[2026-08-14 16:26:43] [INFO] [sparql_collector] [1-30. タイトル・名称 網羅検索 (Part 30)] Got 1000 new items. (累計: 16000件) [0.47s]
[2026-08-14 16:26:43] [INFO] [logger] [STATS] FETCH | Count: 1000 | Time: 0.47s | Info: 1-30. タイトル・名称 網羅検索 (Part 30) | Offset: 15000
[2026-08-14 16:26:43] [INFO] [sparql_collector] [1-30. タイトル・名称 網羅検索 (Part 30)] Sub-fetch (limit=1000, progress=16000件〜) ...
[2026-08-14 16:26:43] [INFO] [sparql_collector] [1-30. タイトル・名称 網羅検索 (Part 30)] Got 1000 new items. (累計: 17000件) [0.25s]
[2026-08-14 16:26:43] [INFO] [logger] [STATS] FETCH | Count: 1000 | Time: 0.25s | Info: 1-30. タイトル・名称 網羅検索 (Part 30) | Offset: 16000
[2026-08-14 16:26:44] [INFO] [sparql_collector] [1-30. タイトル・名称 網羅検索 (Part 30)] Sub-fetch (limit=1000, progress=17000件〜) ...
[2026-08-14 16:26:44] [INFO] [sparql_collector] [1-30. タイトル・名称 網羅検索 (Part 30)] Got 1000 new items. (累計: 18000件) [0.22s]
[2026-08-14 16:26:44] [INFO] [logger] [STATS] FETCH | Count: 1000 | Time: 0.22s | Info: 1-30. タイトル・名称 網羅検索 (Part 30) | Offset: 17000
[2026-08-14 16:26:45] [INFO] [sparql_collector] [1-30. タイトル・名称 網羅検索 (Part 30)] Sub-fetch (limit=1000, progress=18000件〜) ...
[2026-08-14 16:26:45] [INFO] [sparql_collector] [1-30. タイトル・名称 網羅検索 (Part 30)] Got 1000 new items. (累計: 19000件) [0.26s]
[2026-08-14 16:26:45] [INFO] [logger] [STATS] FETCH | Count: 1000 | Time: 0.26s | Info: 1-30. タイトル・名称 網羅検索 (Part 30) | Offset: 18000
[2026-08-14 16:26:45] [INFO] [sparql_collector] [1-30. タイトル・名称 網羅検索 (Part 30)] Sub-fetch (limit=1000, progress=19000件〜) ...
[2026-08-14 16:26:46] [INFO] [sparql_collector] [1-30. タイトル・名称 網羅検索 (Part 30)] Got 1000 new items. (累計: 20000件) [0.24s]
[2026-08-14 16:26:46] [INFO] [logger] [STATS] FETCH | Count: 1000 | Time: 0.24s | Info: 1-30. タイトル・名称 網羅検索 (Part 30) | Offset: 19000
[2026-08-14 16:26:46] [INFO] [sparql_collector] [1-30. タイトル・名称 網羅検索 (Part 30)] Sub-fetch (limit=1000, progress=20000件〜) ...
[2026-08-14 16:26:46] [INFO] [sparql_collector] [1-30. タイトル・名称 網羅検索 (Part 30)] Got 1000 new items. (累計: 21000件) [0.25s]
[2026-08-14 16:26:46] [INFO] [logger] [STATS] FETCH | Count: 1000 | Time: 0.25s | Info: 1-30. タイトル・名称 網羅検索 (Part 30) | Offset: 20000
[2026-08-14 16:26:47] [INFO] [sparql_collector] [1-30. タイトル・名称 網羅検索 (Part 30)] Sub-fetch (limit=1000, progress=21000件〜) ...
[2026-08-14 16:26:47] [INFO] [sparql_collector] [1-30. タイトル・名称 網羅検索 (Part 30)] Got 1000 new items. (累計: 22000件) [0.26s]
[2026-08-14 16:26:47] [INFO] [logger] [STATS] FETCH | Count: 1000 | Time: 0.26s | Info: 1-30. タイトル・名称 網羅検索 (Part 30) | Offset: 21000
[2026-08-14 16:26:48] [INFO] [sparql_collector] [1-30. タイトル・名称 網羅検索 (Part 30)] Sub-fetch (limit=1000, progress=22000件〜) ...
[2026-08-14 16:26:48] [INFO] [sparql_collector] [1-30. タイトル・名称 網羅検索 (Part 30)] Got 1000 new items. (累計: 23000件) [0.28s]
[2026-08-14 16:26:48] [INFO] [logger] [STATS] FETCH | Count: 1000 | Time: 0.28s | Info: 1-30. タイトル・名称 網羅検索 (Part 30) | Offset: 22000
[2026-08-14 16:26:48] [INFO] [sparql_collector] [1-30. タイトル・名称 網羅検索 (Part 30)] Sub-fetch (limit=1000, progress=23000件〜) ...
[2026-08-14 16:26:49] [INFO] [sparql_collector] [1-30. タイトル・名称 網羅検索 (Part 30)] Got 1000 new items. (累計: 24000件) [0.24s]
[2026-08-14 16:26:49] [INFO] [logger] [STATS] FETCH | Count: 1000 | Time: 0.24s | Info: 1-30. タイトル・名称 網羅検索 (Part 30) | Offset: 23000
[2026-08-14 16:26:49] [INFO] [sparql_collector] [1-30. タイトル・名称 網羅検索 (Part 30)] Sub-fetch (limit=1000, progress=24000件〜) ...
[2026-08-14 16:26:49] [INFO] [sparql_collector] [1-30. タイトル・名称 網羅検索 (Part 30)] Got 1000 new items. (累計: 25000件) [0.29s]
[2026-08-14 16:26:49] [INFO] [logger] [STATS] FETCH | Count: 1000 | Time: 0.29s | Info: 1-30. タイトル・名称 網羅検索 (Part 30) | Offset: 24000
[2026-08-14 16:26:50] [INFO] [sparql_collector] [1-30. タイトル・名称 網羅検索 (Part 30)] Sub-fetch (limit=1000, progress=25000件〜) ...
[2026-08-14 16:26:50] [INFO] [sparql_collector] [1-30. タイトル・名称 網羅検索 (Part 30)] Got 1000 new items. (累計: 26000件) [0.30s]
[2026-08-14 16:26:50] [INFO] [logger] [STATS] FETCH | Count: 1000 | Time: 0.30s | Info: 1-30. タイトル・名称 網羅検索 (Part 30) | Offset: 25000
[2026-08-14 16:26:51] [INFO] [sparql_collector] [1-30. タイトル・名称 網羅検索 (Part 30)] Sub-fetch (limit=1000, progress=26000件〜) ...
[2026-08-14 16:26:51] [INFO] [sparql_collector] [1-30. タイトル・名称 網羅検索 (Part 30)] Got 1000 new items. (累計: 27000件) [0.29s]
[2026-08-14 16:26:51] [INFO] [logger] [STATS] FETCH | Count: 1000 | Time: 0.29s | Info: 1-30. タイトル・名称 網羅検索 (Part 30) | Offset: 26000
[2026-08-14 16:26:52] [INFO] [sparql_collector] [1-30. タイトル・名称 網羅検索 (Part 30)] Sub-fetch (limit=1000, progress=27000件〜) ...
[2026-08-14 16:26:52] [INFO] [sparql_collector] [1-30. タイトル・名称 網羅検索 (Part 30)] Got 1000 new items. (累計: 28000件) [0.29s]
[2026-08-14 16:26:52] [INFO] [logger] [STATS] FETCH | Count: 1000 | Time: 0.29s | Info: 1-30. タイトル・名称 網羅検索 (Part 30) | Offset: 27000
[2026-08-14 16:26:52] [INFO] [sparql_collector] [1-30. タイトル・名称 網羅検索 (Part 30)] Sub-fetch (limit=1000, progress=28000件〜) ...
[2026-08-14 16:26:53] [INFO] [sparql_collector] [1-30. タイトル・名称 網羅検索 (Part 30)] Got 1000 new items. (累計: 29000件) [0.32s]
[2026-08-14 16:26:53] [INFO] [logger] [STATS] FETCH | Count: 1000 | Time: 0.32s | Info: 1-30. タイトル・名称 網羅検索 (Part 30) | Offset: 28000
[2026-08-14 16:26:53] [INFO] [sparql_collector] [1-30. タイトル・名称 網羅検索 (Part 30)] Sub-fetch (limit=1000, progress=29000件〜) ...
[2026-08-14 16:26:54] [INFO] [sparql_collector] [1-30. タイトル・名称 網羅検索 (Part 30)] Got 1000 new items. (累計: 30000件) [0.33s]
[2026-08-14 16:26:54] [INFO] [logger] [STATS] FETCH | Count: 1000 | Time: 0.33s | Info: 1-30. タイトル・名称 網羅検索 (Part 30) | Offset: 29000
[2026-08-14 16:26:54] [INFO] [sparql_collector] [1-30. タイトル・名称 網羅検索 (Part 30)] Sub-fetch (limit=1000, progress=30000件〜) ...
[2026-08-14 16:26:54] [INFO] [sparql_collector] [1-30. タイトル・名称 網羅検索 (Part 30)] Got 1000 new items. (累計: 31000件) [0.32s]
[2026-08-14 16:26:54] [INFO] [logger] [STATS] FETCH | Count: 1000 | Time: 0.32s | Info: 1-30. タイトル・名称 網羅検索 (Part 30) | Offset: 30000
[2026-08-14 16:26:55] [INFO] [sparql_collector] [1-30. タイトル・名称 網羅検索 (Part 30)] Sub-fetch (limit=1000, progress=31000件〜) ...
[2026-08-14 16:26:55] [INFO] [sparql_collector] [1-30. タイトル・名称 網羅検索 (Part 30)] Got 1000 new items. (累計: 32000件) [0.36s]
[2026-08-14 16:26:55] [INFO] [logger] [STATS] FETCH | Count: 1000 | Time: 0.36s | Info: 1-30. タイトル・名称 網羅検索 (Part 30) | Offset: 31000
[2026-08-14 16:26:56] [INFO] [sparql_collector] [1-30. タイトル・名称 網羅検索 (Part 30)] Sub-fetch (limit=1000, progress=32000件〜) ...
[2026-08-14 16:26:56] [INFO] [sparql_collector] [1-30. タイトル・名称 網羅検索 (Part 30)] Got 1000 new items. (累計: 33000件) [0.36s]
[2026-08-14 16:26:56] [INFO] [logger] [STATS] FETCH | Count: 1000 | Time: 0.36s | Info: 1-30. タイトル・名称 網羅検索 (Part 30) | Offset: 32000
[2026-08-14 16:26:57] [INFO] [sparql_collector] [1-30. タイトル・名称 網羅検索 (Part 30)] Sub-fetch (limit=1000, progress=33000件〜) ...
[2026-08-14 16:26:57] [INFO] [sparql_collector] [1-30. タイトル・名称 網羅検索 (Part 30)] Got 1000 new items. (累計: 34000件) [0.38s]
[2026-08-14 16:26:57] [INFO] [logger] [STATS] FETCH | Count: 1000 | Time: 0.38s | Info: 1-30. タイトル・名称 網羅検索 (Part 30) | Offset: 33000
[2026-08-14 16:26:57] [INFO] [sparql_collector] [1-30. タイトル・名称 網羅検索 (Part 30)] Sub-fetch (limit=1000, progress=34000件〜) ...
[2026-08-14 16:26:58] [INFO] [sparql_collector] [1-30. タイトル・名称 網羅検索 (Part 30)] Got 1000 new items. (累計: 35000件) [0.40s]
[2026-08-14 16:26:58] [INFO] [logger] [STATS] FETCH | Count: 1000 | Time: 0.40s | Info: 1-30. タイトル・名称 網羅検索 (Part 30) | Offset: 34000
[2026-08-14 16:26:58] [INFO] [sparql_collector] [1-30. タイトル・名称 網羅検索 (Part 30)] Sub-fetch (limit=1000, progress=35000件〜) ...
[2026-08-14 16:26:59] [INFO] [sparql_collector] [1-30. タイトル・名称 網羅検索 (Part 30)] Got 1000 new items. (累計: 36000件) [0.43s]
[2026-08-14 16:26:59] [INFO] [logger] [STATS] FETCH | Count: 1000 | Time: 0.43s | Info: 1-30. タイトル・名称 網羅検索 (Part 30) | Offset: 35000
[2026-08-14 16:26:59] [INFO] [sparql_collector] [1-30. タイトル・名称 網羅検索 (Part 30)] Sub-fetch (limit=1000, progress=36000件〜) ...
[2026-08-14 16:27:00] [INFO] [sparql_collector] [1-30. タイトル・名称 網羅検索 (Part 30)] Got 1000 new items. (累計: 37000件) [0.44s]
[2026-08-14 16:27:00] [INFO] [logger] [STATS] FETCH | Count: 1000 | Time: 0.44s | Info: 1-30. タイトル・名称 網羅検索 (Part 30) | Offset: 36000
[2026-08-14 16:27:00] [INFO] [sparql_collector] [1-30. タイトル・名称 網羅検索 (Part 30)] Sub-fetch (limit=1000, progress=37000件〜) ...
[2026-08-14 16:27:01] [INFO] [sparql_collector] [1-30. タイトル・名称 網羅検索 (Part 30)] Got 1000 new items. (累計: 38000件) [0.45s]
[2026-08-14 16:27:01] [INFO] [logger] [STATS] FETCH | Count: 1000 | Time: 0.45s | Info: 1-30. タイトル・名称 網羅検索 (Part 30) | Offset: 37000
[2026-08-14 16:27:01] [INFO] [sparql_collector] [1-30. タイトル・名称 網羅検索 (Part 30)] Sub-fetch (limit=1000, progress=38000件〜) ...
[2026-08-14 16:27:02] [INFO] [sparql_collector] [1-30. タイトル・名称 網羅検索 (Part 30)] Got 1000 new items. (累計: 39000件) [0.48s]
[2026-08-14 16:27:02] [INFO] [logger] [STATS] FETCH | Count: 1000 | Time: 0.48s | Info: 1-30. タイトル・名称 網羅検索 (Part 30) | Offset: 38000
[2026-08-14 16:27:02] [INFO] [sparql_collector] [1-30. タイトル・名称 網羅検索 (Part 30)] Sub-fetch (limit=1000, progress=39000件〜) ...
[2026-08-14 16:27:03] [INFO] [sparql_collector] [1-30. タイトル・名称 網羅検索 (Part 30)] Got 1000 new items. (累計: 40000件) [0.50s]
[2026-08-14 16:27:03] [INFO] [logger] [STATS] FETCH | Count: 1000 | Time: 0.50s | Info: 1-30. タイトル・名称 網羅検索 (Part 30) | Offset: 39000
[2026-08-14 16:27:03] [INFO] [sparql_collector] [1-30. タイトル・名称 網羅検索 (Part 30)] Sub-fetch (limit=1000, progress=40000件〜) ...
[2026-08-14 16:27:04] [INFO] [sparql_collector] [1-30. タイトル・名称 網羅検索 (Part 30)] Got 1000 new items. (累計: 41000件) [0.53s]
[2026-08-14 16:27:04] [INFO] [logger] [STATS] FETCH | Count: 1000 | Time: 0.53s | Info: 1-30. タイトル・名称 網羅検索 (Part 30) | Offset: 40000
[2026-08-14 16:27:04] [INFO] [sparql_collector] [1-30. タイトル・名称 網羅検索 (Part 30)] Sub-fetch (limit=1000, progress=41000件〜) ...
[2026-08-14 16:27:05] [INFO] [sparql_collector] [1-30. タイトル・名称 網羅検索 (Part 30)] Got 1000 new items. (累計: 42000件) [0.48s]
[2026-08-14 16:27:05] [INFO] [logger] [STATS] FETCH | Count: 1000 | Time: 0.48s | Info: 1-30. タイトル・名称 網羅検索 (Part 30) | Offset: 41000
[2026-08-14 16:27:05] [INFO] [sparql_collector] [1-30. タイトル・名称 網羅検索 (Part 30)] Sub-fetch (limit=1000, progress=42000件〜) ...
[2026-08-14 16:27:06] [INFO] [sparql_collector] [1-30. タイトル・名称 網羅検索 (Part 30)] Got 1000 new items. (累計: 43000件) [0.53s]
[2026-08-14 16:27:06] [INFO] [logger] [STATS] FETCH | Count: 1000 | Time: 0.53s | Info: 1-30. タイトル・名称 網羅検索 (Part 30) | Offset: 42000
[2026-08-14 16:27:06] [INFO] [sparql_collector] [1-30. タイトル・名称 網羅検索 (Part 30)] Sub-fetch (limit=1000, progress=43000件〜) ...
[2026-08-14 16:27:07] [INFO] [sparql_collector] [1-30. タイトル・名称 網羅検索 (Part 30)] Got 1000 new items. (累計: 44000件) [0.52s]
[2026-08-14 16:27:07] [INFO] [logger] [STATS] FETCH | Count: 1000 | Time: 0.52s | Info: 1-30. タイトル・名称 網羅検索 (Part 30) | Offset: 43000
[2026-08-14 16:27:07] [INFO] [sparql_collector] [1-30. タイトル・名称 網羅検索 (Part 30)] Sub-fetch (limit=1000, progress=44000件〜) ...
[2026-08-14 16:27:08] [INFO] [sparql_collector] [1-30. タイトル・名称 網羅検索 (Part 30)] Got 1000 new items. (累計: 45000件) [0.53s]
[2026-08-14 16:27:08] [INFO] [logger] [STATS] FETCH | Count: 1000 | Time: 0.53s | Info: 1-30. タイトル・名称 網羅検索 (Part 30) | Offset: 44000
[2026-08-14 16:27:08] [INFO] [sparql_collector] [1-30. タイトル・名称 網羅検索 (Part 30)] Sub-fetch (limit=1000, progress=45000件〜) ...
[2026-08-14 16:27:09] [INFO] [sparql_collector] [1-30. タイトル・名称 網羅検索 (Part 30)] Got 1000 new items. (累計: 46000件) [0.53s]
[2026-08-14 16:27:09] [INFO] [logger] [STATS] FETCH | Count: 1000 | Time: 0.53s | Info: 1-30. タイトル・名称 網羅検索 (Part 30) | Offset: 45000
[2026-08-14 16:27:09] [INFO] [sparql_collector] [1-30. タイトル・名称 網羅検索 (Part 30)] Sub-fetch (limit=1000, progress=46000件〜) ...
[2026-08-14 16:27:10] [INFO] [sparql_collector] [1-30. タイトル・名称 網羅検索 (Part 30)] Got 1000 new items. (累計: 47000件) [0.56s]
[2026-08-14 16:27:10] [INFO] [logger] [STATS] FETCH | Count: 1000 | Time: 0.56s | Info: 1-30. タイトル・名称 網羅検索 (Part 30) | Offset: 46000
[2026-08-14 16:27:10] [INFO] [sparql_collector] [1-30. タイトル・名称 網羅検索 (Part 30)] Sub-fetch (limit=1000, progress=47000件〜) ...
[2026-08-14 16:27:11] [INFO] [sparql_collector] [1-30. タイトル・名称 網羅検索 (Part 30)] Got 1000 new items. (累計: 48000件) [0.56s]
[2026-08-14 16:27:11] [INFO] [logger] [STATS] FETCH | Count: 1000 | Time: 0.56s | Info: 1-30. タイトル・名称 網羅検索 (Part 30) | Offset: 47000
[2026-08-14 16:27:12] [INFO] [sparql_collector] [1-30. タイトル・名称 網羅検索 (Part 30)] Sub-fetch (limit=1000, progress=48000件〜) ...
[2026-08-14 16:27:12] [INFO] [sparql_collector] [1-30. タイトル・名称 網羅検索 (Part 30)] Got 1000 new items. (累計: 49000件) [0.56s]
[2026-08-14 16:27:12] [INFO] [logger] [STATS] FETCH | Count: 1000 | Time: 0.56s | Info: 1-30. タイトル・名称 網羅検索 (Part 30) | Offset: 48000
[2026-08-14 16:27:13] [INFO] [sparql_collector] [1-30. タイトル・名称 網羅検索 (Part 30)] Sub-fetch (limit=1000, progress=49000件〜) ...
[2026-08-14 16:27:13] [INFO] [sparql_collector] [1-30. タイトル・名称 網羅検索 (Part 30)] Got 1000 new items. (累計: 50000件) [0.57s]
[2026-08-14 16:27:13] [INFO] [logger] [STATS] FETCH | Count: 1000 | Time: 0.57s | Info: 1-30. タイトル・名称 網羅検索 (Part 30) | Offset: 49000
[2026-08-14 16:27:14] [INFO] [sparql_collector] [1-30. タイトル・名称 網羅検索 (Part 30)] Sub-fetch (limit=1000, progress=50000件〜) ...
[2026-08-14 16:27:14] [INFO] [sparql_collector] [1-30. タイトル・名称 網羅検索 (Part 30)] Got 1000 new items. (累計: 51000件) [0.60s]
[2026-08-14 16:27:14] [INFO] [logger] [STATS] FETCH | Count: 1000 | Time: 0.60s | Info: 1-30. タイトル・名称 網羅検索 (Part 30) | Offset: 50000
[2026-08-14 16:27:15] [INFO] [sparql_collector] [1-30. タイトル・名称 網羅検索 (Part 30)] Sub-fetch (limit=1000, progress=51000件〜) ...
[2026-08-14 16:27:15] [INFO] [sparql_collector] [1-30. タイトル・名称 網羅検索 (Part 30)] Got 1000 new items. (累計: 52000件) [0.63s]
[2026-08-14 16:27:15] [INFO] [logger] [STATS] FETCH | Count: 1000 | Time: 0.63s | Info: 1-30. タイトル・名称 網羅検索 (Part 30) | Offset: 51000
[2026-08-14 16:27:16] [INFO] [sparql_collector] [1-30. タイトル・名称 網羅検索 (Part 30)] Sub-fetch (limit=1000, progress=52000件〜) ...
[2026-08-14 16:27:17] [INFO] [sparql_collector] [1-30. タイトル・名称 網羅検索 (Part 30)] Got 1000 new items. (累計: 53000件) [0.65s]
[2026-08-14 16:27:17] [INFO] [logger] [STATS] FETCH | Count: 1000 | Time: 0.65s | Info: 1-30. タイトル・名称 網羅検索 (Part 30) | Offset: 52000
[2026-08-14 16:27:17] [INFO] [sparql_collector] [1-30. タイトル・名称 網羅検索 (Part 30)] Sub-fetch (limit=1000, progress=53000件〜) ...
[2026-08-14 16:27:18] [INFO] [sparql_collector] [1-30. タイトル・名称 網羅検索 (Part 30)] Got 1000 new items. (累計: 54000件) [0.64s]
[2026-08-14 16:27:18] [INFO] [logger] [STATS] FETCH | Count: 1000 | Time: 0.64s | Info: 1-30. タイトル・名称 網羅検索 (Part 30) | Offset: 53000
[2026-08-14 16:27:18] [INFO] [sparql_collector] [1-30. タイトル・名称 網羅検索 (Part 30)] Sub-fetch (limit=1000, progress=54000件〜) ...
[2026-08-14 16:27:19] [INFO] [sparql_collector] [1-30. タイトル・名称 網羅検索 (Part 30)] Got 1000 new items. (累計: 55000件) [0.75s]
[2026-08-14 16:27:19] [INFO] [logger] [STATS] FETCH | Count: 1000 | Time: 0.75s | Info: 1-30. タイトル・名称 網羅検索 (Part 30) | Offset: 54000
[2026-08-14 16:27:19] [INFO] [sparql_collector] [1-30. タイトル・名称 網羅検索 (Part 30)] Sub-fetch (limit=1000, progress=55000件〜) ...
[2026-08-14 16:27:20] [INFO] [sparql_collector] [1-30. タイトル・名称 網羅検索 (Part 30)] Got 1000 new items. (累計: 56000件) [0.74s]
[2026-08-14 16:27:20] [INFO] [logger] [STATS] FETCH | Count: 1000 | Time: 0.74s | Info: 1-30. タイトル・名称 網羅検索 (Part 30) | Offset: 55000
[2026-08-14 16:27:21] [INFO] [sparql_collector] [1-30. タイトル・名称 網羅検索 (Part 30)] Sub-fetch (limit=1000, progress=56000件〜) ...
[2026-08-14 16:27:22] [INFO] [sparql_collector] [1-30. タイトル・名称 網羅検索 (Part 30)] Got 1000 new items. (累計: 57000件) [0.84s]
[2026-08-14 16:27:22] [INFO] [logger] [STATS] FETCH | Count: 1000 | Time: 0.84s | Info: 1-30. タイトル・名称 網羅検索 (Part 30) | Offset: 56000
[2026-08-14 16:27:22] [INFO] [sparql_collector] [1-30. タイトル・名称 網羅検索 (Part 30)] Sub-fetch (limit=1000, progress=57000件〜) ...
[2026-08-14 16:27:23] [INFO] [sparql_collector] [1-30. タイトル・名称 網羅検索 (Part 30)] Got 1000 new items. (累計: 58000件) [0.86s]
[2026-08-14 16:27:23] [INFO] [logger] [STATS] FETCH | Count: 1000 | Time: 0.86s | Info: 1-30. タイトル・名称 網羅検索 (Part 30) | Offset: 57000
[2026-08-14 16:27:23] [INFO] [sparql_collector] [1-30. タイトル・名称 網羅検索 (Part 30)] Sub-fetch (limit=1000, progress=58000件〜) ...
[2026-08-14 16:27:24] [INFO] [sparql_collector] [1-30. タイトル・名称 網羅検索 (Part 30)] Got 1000 new items. (累計: 59000件) [0.71s]
[2026-08-14 16:27:24] [INFO] [logger] [STATS] FETCH | Count: 1000 | Time: 0.71s | Info: 1-30. タイトル・名称 網羅検索 (Part 30) | Offset: 58000
[2026-08-14 16:27:25] [INFO] [sparql_collector] [1-30. タイトル・名称 網羅検索 (Part 30)] Sub-fetch (limit=1000, progress=59000件〜) ...
[2026-08-14 16:27:26] [INFO] [sparql_collector] [1-30. タイトル・名称 網羅検索 (Part 30)] Got 1000 new items. (累計: 60000件) [0.89s]
[2026-08-14 16:27:26] [INFO] [logger] [STATS] FETCH | Count: 1000 | Time: 0.89s | Info: 1-30. タイトル・名称 網羅検索 (Part 30) | Offset: 59000
[2026-08-14 16:27:26] [INFO] [sparql_collector] [1-30. タイトル・名称 網羅検索 (Part 30)] Sub-fetch (limit=1000, progress=60000件〜) ...
[2026-08-14 16:27:27] [INFO] [sparql_collector] [1-30. タイトル・名称 網羅検索 (Part 30)] Got 166 new items. (累計: 60166件) [0.61s]
[2026-08-14 16:27:27] [INFO] [logger] [STATS] FETCH | Count: 166 | Time: 0.61s | Info: 1-30. タイトル・名称 網羅検索 (Part 30) | Offset: 60000
[2026-08-14 16:27:27] [INFO] [sparql_collector] [1-30. タイトル・名称 網羅検索 (Part 30)] 最終バッチ到達（全データ取得完了）。
[2026-08-14 16:27:28] [INFO] [sparql_collector] --- [開始] 2A-1. 主題エンティティ (schema:about) 網羅検索 (Part 1) (全件網羅 (上限なし)) ---
[2026-08-14 16:27:28] [INFO] [sparql_collector] [2A-1. 主題エンティティ (schema:about) 網羅検索 (Part 1)] Sub-fetch (limit=1000, progress=0件〜) ...
[2026-08-14 16:27:28] [INFO] [sparql_collector] [2A-1. 主題エンティティ (schema:about) 網羅検索 (Part 1)] Got 1000 new items. (累計: 1000件) [0.10s]
[2026-08-14 16:27:28] [INFO] [logger] [STATS] FETCH | Count: 1000 | Time: 0.10s | Info: 2A-1. 主題エンティティ (schema:about) 網羅検索 (Part 1) | Offset: 0
[2026-08-14 16:27:29] [INFO] [sparql_collector] [2A-1. 主題エンティティ (schema:about) 網羅検索 (Part 1)] Sub-fetch (limit=1000, progress=1000件〜) ...
[2026-08-14 16:27:29] [INFO] [sparql_collector] [2A-1. 主題エンティティ (schema:about) 網羅検索 (Part 1)] Got 1000 new items. (累計: 2000件) [0.24s]
[2026-08-14 16:27:29] [INFO] [logger] [STATS] FETCH | Count: 1000 | Time: 0.24s | Info: 2A-1. 主題エンティティ (schema:about) 網羅検索 (Part 1) | Offset: 1000
[2026-08-14 16:27:29] [INFO] [sparql_collector] [2A-1. 主題エンティティ (schema:about) 網羅検索 (Part 1)] Sub-fetch (limit=1000, progress=2000件〜) ...
[2026-08-14 16:27:30] [INFO] [sparql_collector] [2A-1. 主題エンティティ (schema:about) 網羅検索 (Part 1)] Got 40 new items. (累計: 2040件) [0.41s]
[2026-08-14 16:27:30] [INFO] [logger] [STATS] FETCH | Count: 40 | Time: 0.41s | Info: 2A-1. 主題エンティティ (schema:about) 網羅検索 (Part 1) | Offset: 2000
[2026-08-14 16:27:30] [INFO] [sparql_collector] [2A-1. 主題エンティティ (schema:about) 網羅検索 (Part 1)] 最終バッチ到達（全データ取得完了）。
[2026-08-14 16:27:31] [INFO] [sparql_collector] --- [開始] 2A-2. 主題エンティティ (schema:about) 網羅検索 (Part 2) (全件網羅 (上限なし)) ---
[2026-08-14 16:27:31] [INFO] [sparql_collector] [2A-2. 主題エンティティ (schema:about) 網羅検索 (Part 2)] Sub-fetch (limit=1000, progress=0件〜) ...
[2026-08-14 16:27:32] [INFO] [sparql_collector] [2A-2. 主題エンティティ (schema:about) 網羅検索 (Part 2)] Got 1000 new items. (累計: 1000件) [0.23s]
[2026-08-14 16:27:32] [INFO] [logger] [STATS] FETCH | Count: 1000 | Time: 0.23s | Info: 2A-2. 主題エンティティ (schema:about) 網羅検索 (Part 2) | Offset: 0
[2026-08-14 16:27:32] [INFO] [sparql_collector] [2A-2. 主題エンティティ (schema:about) 網羅検索 (Part 2)] Sub-fetch (limit=1000, progress=1000件〜) ...
[2026-08-14 16:27:32] [INFO] [sparql_collector] [2A-2. 主題エンティティ (schema:about) 網羅検索 (Part 2)] Got 1000 new items. (累計: 2000件) [0.08s]
[2026-08-14 16:27:32] [INFO] [logger] [STATS] FETCH | Count: 1000 | Time: 0.08s | Info: 2A-2. 主題エンティティ (schema:about) 網羅検索 (Part 2) | Offset: 1000
[2026-08-14 16:27:33] [INFO] [sparql_collector] [2A-2. 主題エンティティ (schema:about) 網羅検索 (Part 2)] Sub-fetch (limit=1000, progress=2000件〜) ...
[2026-08-14 16:27:33] [INFO] [sparql_collector] [2A-2. 主題エンティティ (schema:about) 網羅検索 (Part 2)] Got 1000 new items. (累計: 3000件) [0.09s]
[2026-08-14 16:27:33] [INFO] [logger] [STATS] FETCH | Count: 1000 | Time: 0.09s | Info: 2A-2. 主題エンティティ (schema:about) 網羅検索 (Part 2) | Offset: 2000
[2026-08-14 16:27:33] [INFO] [sparql_collector] [2A-2. 主題エンティティ (schema:about) 網羅検索 (Part 2)] Sub-fetch (limit=1000, progress=3000件〜) ...
[2026-08-14 16:27:33] [INFO] [sparql_collector] [2A-2. 主題エンティティ (schema:about) 網羅検索 (Part 2)] Got 1000 new items. (累計: 4000件) [0.12s]
[2026-08-14 16:27:33] [INFO] [logger] [STATS] FETCH | Count: 1000 | Time: 0.12s | Info: 2A-2. 主題エンティティ (schema:about) 網羅検索 (Part 2) | Offset: 3000
[2026-08-14 16:27:34] [INFO] [sparql_collector] [2A-2. 主題エンティティ (schema:about) 網羅検索 (Part 2)] Sub-fetch (limit=1000, progress=4000件〜) ...
[2026-08-14 16:27:34] [INFO] [sparql_collector] [2A-2. 主題エンティティ (schema:about) 網羅検索 (Part 2)] Got 1000 new items. (累計: 5000件) [0.14s]
[2026-08-14 16:27:34] [INFO] [logger] [STATS] FETCH | Count: 1000 | Time: 0.14s | Info: 2A-2. 主題エンティティ (schema:about) 網羅検索 (Part 2) | Offset: 4000
[2026-08-14 16:27:35] [INFO] [sparql_collector] [2A-2. 主題エンティティ (schema:about) 網羅検索 (Part 2)] Sub-fetch (limit=1000, progress=5000件〜) ...
[2026-08-14 16:27:35] [INFO] [sparql_collector] [2A-2. 主題エンティティ (schema:about) 網羅検索 (Part 2)] Got 1000 new items. (累計: 6000件) [0.14s]
[2026-08-14 16:27:35] [INFO] [logger] [STATS] FETCH | Count: 1000 | Time: 0.14s | Info: 2A-2. 主題エンティティ (schema:about) 網羅検索 (Part 2) | Offset: 5000
[2026-08-14 16:27:35] [INFO] [sparql_collector] [2A-2. 主題エンティティ (schema:about) 網羅検索 (Part 2)] Sub-fetch (limit=1000, progress=6000件〜) ...
[2026-08-14 16:27:35] [INFO] [sparql_collector] [2A-2. 主題エンティティ (schema:about) 網羅検索 (Part 2)] Got 1000 new items. (累計: 7000件) [0.14s]
[2026-08-14 16:27:35] [INFO] [logger] [STATS] FETCH | Count: 1000 | Time: 0.14s | Info: 2A-2. 主題エンティティ (schema:about) 網羅検索 (Part 2) | Offset: 6000
[2026-08-14 16:27:36] [INFO] [sparql_collector] [2A-2. 主題エンティティ (schema:about) 網羅検索 (Part 2)] Sub-fetch (limit=1000, progress=7000件〜) ...
[2026-08-14 16:27:36] [INFO] [sparql_collector] [2A-2. 主題エンティティ (schema:about) 網羅検索 (Part 2)] Got 1000 new items. (累計: 8000件) [0.17s]
[2026-08-14 16:27:36] [INFO] [logger] [STATS] FETCH | Count: 1000 | Time: 0.17s | Info: 2A-2. 主題エンティティ (schema:about) 網羅検索 (Part 2) | Offset: 7000
[2026-08-14 16:27:37] [INFO] [sparql_collector] [2A-2. 主題エンティティ (schema:about) 網羅検索 (Part 2)] Sub-fetch (limit=1000, progress=8000件〜) ...
[2026-08-14 16:27:37] [INFO] [sparql_collector] [2A-2. 主題エンティティ (schema:about) 網羅検索 (Part 2)] Got 1000 new items. (累計: 9000件) [0.16s]
[2026-08-14 16:27:37] [INFO] [logger] [STATS] FETCH | Count: 1000 | Time: 0.16s | Info: 2A-2. 主題エンティティ (schema:about) 網羅検索 (Part 2) | Offset: 8000
[2026-08-14 16:27:37] [INFO] [sparql_collector] [2A-2. 主題エンティティ (schema:about) 網羅検索 (Part 2)] Sub-fetch (limit=1000, progress=9000件〜) ...
[2026-08-14 16:27:37] [INFO] [sparql_collector] [2A-2. 主題エンティティ (schema:about) 網羅検索 (Part 2)] Got 1000 new items. (累計: 10000件) [0.17s]
[2026-08-14 16:27:37] [INFO] [logger] [STATS] FETCH | Count: 1000 | Time: 0.17s | Info: 2A-2. 主題エンティティ (schema:about) 網羅検索 (Part 2) | Offset: 9000
[2026-08-14 16:27:38] [INFO] [sparql_collector] [2A-2. 主題エンティティ (schema:about) 網羅検索 (Part 2)] Sub-fetch (limit=1000, progress=10000件〜) ...
[2026-08-14 16:27:38] [INFO] [sparql_collector] [2A-2. 主題エンティティ (schema:about) 網羅検索 (Part 2)] Got 1000 new items. (累計: 11000件) [0.18s]
[2026-08-14 16:27:38] [INFO] [logger] [STATS] FETCH | Count: 1000 | Time: 0.18s | Info: 2A-2. 主題エンティティ (schema:about) 網羅検索 (Part 2) | Offset: 10000
[2026-08-14 16:27:39] [INFO] [sparql_collector] [2A-2. 主題エンティティ (schema:about) 網羅検索 (Part 2)] Sub-fetch (limit=1000, progress=11000件〜) ...
[2026-08-14 16:27:39] [INFO] [sparql_collector] [2A-2. 主題エンティティ (schema:about) 網羅検索 (Part 2)] Got 1000 new items. (累計: 12000件) [0.20s]
[2026-08-14 16:27:39] [INFO] [logger] [STATS] FETCH | Count: 1000 | Time: 0.20s | Info: 2A-2. 主題エンティティ (schema:about) 網羅検索 (Part 2) | Offset: 11000
[2026-08-14 16:27:39] [INFO] [sparql_collector] [2A-2. 主題エンティティ (schema:about) 網羅検索 (Part 2)] Sub-fetch (limit=1000, progress=12000件〜) ...
[2026-08-14 16:27:40] [INFO] [sparql_collector] [2A-2. 主題エンティティ (schema:about) 網羅検索 (Part 2)] Got 1000 new items. (累計: 13000件) [0.23s]
[2026-08-14 16:27:40] [INFO] [logger] [STATS] FETCH | Count: 1000 | Time: 0.23s | Info: 2A-2. 主題エンティティ (schema:about) 網羅検索 (Part 2) | Offset: 12000
[2026-08-14 16:27:40] [INFO] [sparql_collector] [2A-2. 主題エンティティ (schema:about) 網羅検索 (Part 2)] Sub-fetch (limit=1000, progress=13000件〜) ...
[2026-08-14 16:27:40] [INFO] [sparql_collector] [2A-2. 主題エンティティ (schema:about) 網羅検索 (Part 2)] Got 1000 new items. (累計: 14000件) [0.26s]
[2026-08-14 16:27:40] [INFO] [logger] [STATS] FETCH | Count: 1000 | Time: 0.26s | Info: 2A-2. 主題エンティティ (schema:about) 網羅検索 (Part 2) | Offset: 13000
[2026-08-14 16:27:41] [INFO] [sparql_collector] [2A-2. 主題エンティティ (schema:about) 網羅検索 (Part 2)] Sub-fetch (limit=1000, progress=14000件〜) ...
[2026-08-14 16:27:41] [INFO] [sparql_collector] [2A-2. 主題エンティティ (schema:about) 網羅検索 (Part 2)] Got 1000 new items. (累計: 15000件) [0.27s]
[2026-08-14 16:27:41] [INFO] [logger] [STATS] FETCH | Count: 1000 | Time: 0.27s | Info: 2A-2. 主題エンティティ (schema:about) 網羅検索 (Part 2) | Offset: 14000
[2026-08-14 16:27:42] [INFO] [sparql_collector] [2A-2. 主題エンティティ (schema:about) 網羅検索 (Part 2)] Sub-fetch (limit=1000, progress=15000件〜) ...
[2026-08-14 16:27:42] [INFO] [sparql_collector] [2A-2. 主題エンティティ (schema:about) 網羅検索 (Part 2)] Got 1000 new items. (累計: 16000件) [0.28s]
[2026-08-14 16:27:42] [INFO] [logger] [STATS] FETCH | Count: 1000 | Time: 0.28s | Info: 2A-2. 主題エンティティ (schema:about) 網羅検索 (Part 2) | Offset: 15000
[2026-08-14 16:27:42] [INFO] [sparql_collector] [2A-2. 主題エンティティ (schema:about) 網羅検索 (Part 2)] Sub-fetch (limit=1000, progress=16000件〜) ...
[2026-08-14 16:27:43] [INFO] [sparql_collector] [2A-2. 主題エンティティ (schema:about) 網羅検索 (Part 2)] Got 1000 new items. (累計: 17000件) [0.29s]
[2026-08-14 16:27:43] [INFO] [logger] [STATS] FETCH | Count: 1000 | Time: 0.29s | Info: 2A-2. 主題エンティティ (schema:about) 網羅検索 (Part 2) | Offset: 16000
[2026-08-14 16:27:43] [INFO] [sparql_collector] [2A-2. 主題エンティティ (schema:about) 網羅検索 (Part 2)] Sub-fetch (limit=1000, progress=17000件〜) ...
[2026-08-14 16:27:44] [INFO] [sparql_collector] [2A-2. 主題エンティティ (schema:about) 網羅検索 (Part 2)] Got 1000 new items. (累計: 18000件) [0.35s]
[2026-08-14 16:27:44] [INFO] [logger] [STATS] FETCH | Count: 1000 | Time: 0.35s | Info: 2A-2. 主題エンティティ (schema:about) 網羅検索 (Part 2) | Offset: 17000
[2026-08-14 16:27:44] [INFO] [sparql_collector] [2A-2. 主題エンティティ (schema:about) 網羅検索 (Part 2)] Sub-fetch (limit=1000, progress=18000件〜) ...
[2026-08-14 16:27:45] [INFO] [sparql_collector] [2A-2. 主題エンティティ (schema:about) 網羅検索 (Part 2)] Got 1000 new items. (累計: 19000件) [0.59s]
[2026-08-14 16:27:45] [INFO] [logger] [STATS] FETCH | Count: 1000 | Time: 0.59s | Info: 2A-2. 主題エンティティ (schema:about) 網羅検索 (Part 2) | Offset: 18000
[2026-08-14 16:27:45] [INFO] [sparql_collector] [2A-2. 主題エンティティ (schema:about) 網羅検索 (Part 2)] Sub-fetch (limit=1000, progress=19000件〜) ...
[2026-08-14 16:27:46] [INFO] [sparql_collector] [2A-2. 主題エンティティ (schema:about) 網羅検索 (Part 2)] Got 60 new items. (累計: 19060件) [0.86s]
[2026-08-14 16:27:46] [INFO] [logger] [STATS] FETCH | Count: 60 | Time: 0.86s | Info: 2A-2. 主題エンティティ (schema:about) 網羅検索 (Part 2) | Offset: 19000
[2026-08-14 16:27:46] [INFO] [sparql_collector] [2A-2. 主題エンティティ (schema:about) 網羅検索 (Part 2)] 最終バッチ到達（全データ取得完了）。
[2026-08-14 16:27:47] [INFO] [sparql_collector] --- [開始] 2A-3. 主題エンティティ (schema:about) 網羅検索 (Part 3) (全件網羅 (上限なし)) ---
[2026-08-14 16:27:47] [INFO] [sparql_collector] [2A-3. 主題エンティティ (schema:about) 網羅検索 (Part 3)] Sub-fetch (limit=1000, progress=0件〜) ...
[2026-08-14 16:27:48] [INFO] [sparql_collector] [2A-3. 主題エンティティ (schema:about) 網羅検索 (Part 3)] Got 1000 new items. (累計: 1000件) [0.13s]
[2026-08-14 16:27:48] [INFO] [logger] [STATS] FETCH | Count: 1000 | Time: 0.13s | Info: 2A-3. 主題エンティティ (schema:about) 網羅検索 (Part 3) | Offset: 0
[2026-08-14 16:27:48] [INFO] [sparql_collector] [2A-3. 主題エンティティ (schema:about) 網羅検索 (Part 3)] Sub-fetch (limit=1000, progress=1000件〜) ...
[2026-08-14 16:27:48] [INFO] [sparql_collector] [2A-3. 主題エンティティ (schema:about) 網羅検索 (Part 3)] Got 1000 new items. (累計: 2000件) [0.10s]
[2026-08-14 16:27:48] [INFO] [logger] [STATS] FETCH | Count: 1000 | Time: 0.10s | Info: 2A-3. 主題エンティティ (schema:about) 網羅検索 (Part 3) | Offset: 1000
[2026-08-14 16:27:49] [INFO] [sparql_collector] [2A-3. 主題エンティティ (schema:about) 網羅検索 (Part 3)] Sub-fetch (limit=1000, progress=2000件〜) ...
[2026-08-14 16:27:49] [INFO] [sparql_collector] [2A-3. 主題エンティティ (schema:about) 網羅検索 (Part 3)] Got 1000 new items. (累計: 3000件) [0.14s]
[2026-08-14 16:27:49] [INFO] [logger] [STATS] FETCH | Count: 1000 | Time: 0.14s | Info: 2A-3. 主題エンティティ (schema:about) 網羅検索 (Part 3) | Offset: 2000
[2026-08-14 16:27:49] [INFO] [sparql_collector] [2A-3. 主題エンティティ (schema:about) 網羅検索 (Part 3)] Sub-fetch (limit=1000, progress=3000件〜) ...
[2026-08-14 16:27:50] [INFO] [sparql_collector] [2A-3. 主題エンティティ (schema:about) 網羅検索 (Part 3)] Got 1000 new items. (累計: 4000件) [0.15s]
[2026-08-14 16:27:50] [INFO] [logger] [STATS] FETCH | Count: 1000 | Time: 0.15s | Info: 2A-3. 主題エンティティ (schema:about) 網羅検索 (Part 3) | Offset: 3000
[2026-08-14 16:27:50] [INFO] [sparql_collector] [2A-3. 主題エンティティ (schema:about) 網羅検索 (Part 3)] Sub-fetch (limit=1000, progress=4000件〜) ...
[2026-08-14 16:27:50] [INFO] [sparql_collector] [2A-3. 主題エンティティ (schema:about) 網羅検索 (Part 3)] Got 1000 new items. (累計: 5000件) [0.19s]
[2026-08-14 16:27:50] [INFO] [logger] [STATS] FETCH | Count: 1000 | Time: 0.19s | Info: 2A-3. 主題エンティティ (schema:about) 網羅検索 (Part 3) | Offset: 4000
[2026-08-14 16:27:51] [INFO] [sparql_collector] [2A-3. 主題エンティティ (schema:about) 網羅検索 (Part 3)] Sub-fetch (limit=1000, progress=5000件〜) ...
[2026-08-14 16:27:51] [INFO] [sparql_collector] [2A-3. 主題エンティティ (schema:about) 網羅検索 (Part 3)] Got 1000 new items. (累計: 6000件) [0.17s]
[2026-08-14 16:27:51] [INFO] [logger] [STATS] FETCH | Count: 1000 | Time: 0.17s | Info: 2A-3. 主題エンティティ (schema:about) 網羅検索 (Part 3) | Offset: 5000
[2026-08-14 16:27:51] [INFO] [sparql_collector] [2A-3. 主題エンティティ (schema:about) 網羅検索 (Part 3)] Sub-fetch (limit=1000, progress=6000件〜) ...
[2026-08-14 16:27:52] [INFO] [sparql_collector] [2A-3. 主題エンティティ (schema:about) 網羅検索 (Part 3)] Got 1000 new items. (累計: 7000件) [0.20s]
[2026-08-14 16:27:52] [INFO] [logger] [STATS] FETCH | Count: 1000 | Time: 0.20s | Info: 2A-3. 主題エンティティ (schema:about) 網羅検索 (Part 3) | Offset: 6000
[2026-08-14 16:27:52] [INFO] [sparql_collector] [2A-3. 主題エンティティ (schema:about) 網羅検索 (Part 3)] Sub-fetch (limit=1000, progress=7000件〜) ...
[2026-08-14 16:27:52] [INFO] [sparql_collector] [2A-3. 主題エンティティ (schema:about) 網羅検索 (Part 3)] Got 1000 new items. (累計: 8000件) [0.19s]
[2026-08-14 16:27:52] [INFO] [logger] [STATS] FETCH | Count: 1000 | Time: 0.19s | Info: 2A-3. 主題エンティティ (schema:about) 網羅検索 (Part 3) | Offset: 7000
[2026-08-14 16:27:53] [INFO] [sparql_collector] [2A-3. 主題エンティティ (schema:about) 網羅検索 (Part 3)] Sub-fetch (limit=1000, progress=8000件〜) ...
[2026-08-14 16:27:53] [INFO] [sparql_collector] [2A-3. 主題エンティティ (schema:about) 網羅検索 (Part 3)] Got 1000 new items. (累計: 9000件) [0.22s]
[2026-08-14 16:27:53] [INFO] [logger] [STATS] FETCH | Count: 1000 | Time: 0.22s | Info: 2A-3. 主題エンティティ (schema:about) 網羅検索 (Part 3) | Offset: 8000
[2026-08-14 16:27:54] [INFO] [sparql_collector] [2A-3. 主題エンティティ (schema:about) 網羅検索 (Part 3)] Sub-fetch (limit=1000, progress=9000件〜) ...
[2026-08-14 16:27:54] [INFO] [sparql_collector] [2A-3. 主題エンティティ (schema:about) 網羅検索 (Part 3)] Got 1000 new items. (累計: 10000件) [0.26s]
[2026-08-14 16:27:54] [INFO] [logger] [STATS] FETCH | Count: 1000 | Time: 0.26s | Info: 2A-3. 主題エンティティ (schema:about) 網羅検索 (Part 3) | Offset: 9000
[2026-08-14 16:27:54] [INFO] [sparql_collector] [2A-3. 主題エンティティ (schema:about) 網羅検索 (Part 3)] Sub-fetch (limit=1000, progress=10000件〜) ...
[2026-08-14 16:27:55] [INFO] [sparql_collector] [2A-3. 主題エンティティ (schema:about) 網羅検索 (Part 3)] Got 1000 new items. (累計: 11000件) [0.25s]
[2026-08-14 16:27:55] [INFO] [logger] [STATS] FETCH | Count: 1000 | Time: 0.25s | Info: 2A-3. 主題エンティティ (schema:about) 網羅検索 (Part 3) | Offset: 10000
[2026-08-14 16:27:55] [INFO] [sparql_collector] [2A-3. 主題エンティティ (schema:about) 網羅検索 (Part 3)] Sub-fetch (limit=1000, progress=11000件〜) ...
[2026-08-14 16:27:55] [INFO] [sparql_collector] [2A-3. 主題エンティティ (schema:about) 網羅検索 (Part 3)] Got 1000 new items. (累計: 12000件) [0.26s]
[2026-08-14 16:27:55] [INFO] [logger] [STATS] FETCH | Count: 1000 | Time: 0.26s | Info: 2A-3. 主題エンティティ (schema:about) 網羅検索 (Part 3) | Offset: 11000
[2026-08-14 16:27:56] [INFO] [sparql_collector] [2A-3. 主題エンティティ (schema:about) 網羅検索 (Part 3)] Sub-fetch (limit=1000, progress=12000件〜) ...
[2026-08-14 16:27:56] [INFO] [sparql_collector] [2A-3. 主題エンティティ (schema:about) 網羅検索 (Part 3)] Got 1000 new items. (累計: 13000件) [0.28s]
[2026-08-14 16:27:56] [INFO] [logger] [STATS] FETCH | Count: 1000 | Time: 0.28s | Info: 2A-3. 主題エンティティ (schema:about) 網羅検索 (Part 3) | Offset: 12000
[2026-08-14 16:27:57] [INFO] [sparql_collector] [2A-3. 主題エンティティ (schema:about) 網羅検索 (Part 3)] Sub-fetch (limit=1000, progress=13000件〜) ...
[2026-08-14 16:27:57] [INFO] [sparql_collector] [2A-3. 主題エンティティ (schema:about) 網羅検索 (Part 3)] Got 1000 new items. (累計: 14000件) [0.28s]
[2026-08-14 16:27:57] [INFO] [logger] [STATS] FETCH | Count: 1000 | Time: 0.28s | Info: 2A-3. 主題エンティティ (schema:about) 網羅検索 (Part 3) | Offset: 13000
[2026-08-14 16:27:57] [INFO] [sparql_collector] [2A-3. 主題エンティティ (schema:about) 網羅検索 (Part 3)] Sub-fetch (limit=1000, progress=14000件〜) ...
[2026-08-14 16:27:58] [INFO] [sparql_collector] [2A-3. 主題エンティティ (schema:about) 網羅検索 (Part 3)] Got 1000 new items. (累計: 15000件) [0.30s]
[2026-08-14 16:27:58] [INFO] [logger] [STATS] FETCH | Count: 1000 | Time: 0.30s | Info: 2A-3. 主題エンティティ (schema:about) 網羅検索 (Part 3) | Offset: 14000
[2026-08-14 16:27:58] [INFO] [sparql_collector] [2A-3. 主題エンティティ (schema:about) 網羅検索 (Part 3)] Sub-fetch (limit=1000, progress=15000件〜) ...
[2026-08-14 16:27:59] [INFO] [sparql_collector] [2A-3. 主題エンティティ (schema:about) 網羅検索 (Part 3)] Got 705 new items. (累計: 15705件) [0.94s]
[2026-08-14 16:27:59] [INFO] [logger] [STATS] FETCH | Count: 705 | Time: 0.94s | Info: 2A-3. 主題エンティティ (schema:about) 網羅検索 (Part 3) | Offset: 15000
[2026-08-14 16:27:59] [INFO] [sparql_collector] [2A-3. 主題エンティティ (schema:about) 網羅検索 (Part 3)] 最終バッチ到達（全データ取得完了）。
[2026-08-14 16:28:01] [INFO] [sparql_collector] --- [開始] 2A-4. 主題エンティティ (schema:about) 網羅検索 (Part 4) (全件網羅 (上限なし)) ---
[2026-08-14 16:28:01] [INFO] [sparql_collector] [2A-4. 主題エンティティ (schema:about) 網羅検索 (Part 4)] Sub-fetch (limit=1000, progress=0件〜) ...
[2026-08-14 16:28:01] [INFO] [sparql_collector] [2A-4. 主題エンティティ (schema:about) 網羅検索 (Part 4)] Got 1000 new items. (累計: 1000件) [0.12s]
[2026-08-14 16:28:01] [INFO] [logger] [STATS] FETCH | Count: 1000 | Time: 0.12s | Info: 2A-4. 主題エンティティ (schema:about) 網羅検索 (Part 4) | Offset: 0
[2026-08-14 16:28:01] [INFO] [sparql_collector] [2A-4. 主題エンティティ (schema:about) 網羅検索 (Part 4)] Sub-fetch (limit=1000, progress=1000件〜) ...
[2026-08-14 16:28:01] [INFO] [sparql_collector] [2A-4. 主題エンティティ (schema:about) 網羅検索 (Part 4)] Got 1000 new items. (累計: 2000件) [0.11s]
[2026-08-14 16:28:01] [INFO] [logger] [STATS] FETCH | Count: 1000 | Time: 0.11s | Info: 2A-4. 主題エンティティ (schema:about) 網羅検索 (Part 4) | Offset: 1000
[2026-08-14 16:28:02] [INFO] [sparql_collector] [2A-4. 主題エンティティ (schema:about) 網羅検索 (Part 4)] Sub-fetch (limit=1000, progress=2000件〜) ...
[2026-08-14 16:28:02] [INFO] [sparql_collector] [2A-4. 主題エンティティ (schema:about) 網羅検索 (Part 4)] Got 1000 new items. (累計: 3000件) [0.13s]
[2026-08-14 16:28:02] [INFO] [logger] [STATS] FETCH | Count: 1000 | Time: 0.13s | Info: 2A-4. 主題エンティティ (schema:about) 網羅検索 (Part 4) | Offset: 2000
[2026-08-14 16:28:03] [INFO] [sparql_collector] [2A-4. 主題エンティティ (schema:about) 網羅検索 (Part 4)] Sub-fetch (limit=1000, progress=3000件〜) ...
[2026-08-14 16:28:03] [INFO] [sparql_collector] [2A-4. 主題エンティティ (schema:about) 網羅検索 (Part 4)] Got 1000 new items. (累計: 4000件) [0.15s]
[2026-08-14 16:28:03] [INFO] [logger] [STATS] FETCH | Count: 1000 | Time: 0.15s | Info: 2A-4. 主題エンティティ (schema:about) 網羅検索 (Part 4) | Offset: 3000
[2026-08-14 16:28:03] [INFO] [sparql_collector] [2A-4. 主題エンティティ (schema:about) 網羅検索 (Part 4)] Sub-fetch (limit=1000, progress=4000件〜) ...
[2026-08-14 16:28:03] [INFO] [sparql_collector] [2A-4. 主題エンティティ (schema:about) 網羅検索 (Part 4)] Got 1000 new items. (累計: 5000件) [0.15s]
[2026-08-14 16:28:03] [INFO] [logger] [STATS] FETCH | Count: 1000 | Time: 0.15s | Info: 2A-4. 主題エンティティ (schema:about) 網羅検索 (Part 4) | Offset: 4000
[2026-08-14 16:28:04] [INFO] [sparql_collector] [2A-4. 主題エンティティ (schema:about) 網羅検索 (Part 4)] Sub-fetch (limit=1000, progress=5000件〜) ...
[2026-08-14 16:28:04] [INFO] [sparql_collector] [2A-4. 主題エンティティ (schema:about) 網羅検索 (Part 4)] Got 1000 new items. (累計: 6000件) [0.16s]
[2026-08-14 16:28:04] [INFO] [logger] [STATS] FETCH | Count: 1000 | Time: 0.16s | Info: 2A-4. 主題エンティティ (schema:about) 網羅検索 (Part 4) | Offset: 5000
[2026-08-14 16:28:04] [INFO] [sparql_collector] [2A-4. 主題エンティティ (schema:about) 網羅検索 (Part 4)] Sub-fetch (limit=1000, progress=6000件〜) ...
[2026-08-14 16:28:05] [INFO] [sparql_collector] [2A-4. 主題エンティティ (schema:about) 網羅検索 (Part 4)] Got 1000 new items. (累計: 7000件) [0.16s]
[2026-08-14 16:28:05] [INFO] [logger] [STATS] FETCH | Count: 1000 | Time: 0.16s | Info: 2A-4. 主題エンティティ (schema:about) 網羅検索 (Part 4) | Offset: 6000
[2026-08-14 16:28:05] [INFO] [sparql_collector] [2A-4. 主題エンティティ (schema:about) 網羅検索 (Part 4)] Sub-fetch (limit=1000, progress=7000件〜) ...
[2026-08-14 16:28:05] [INFO] [sparql_collector] [2A-4. 主題エンティティ (schema:about) 網羅検索 (Part 4)] Got 1000 new items. (累計: 8000件) [0.18s]
[2026-08-14 16:28:05] [INFO] [logger] [STATS] FETCH | Count: 1000 | Time: 0.18s | Info: 2A-4. 主題エンティティ (schema:about) 網羅検索 (Part 4) | Offset: 7000
[2026-08-14 16:28:06] [INFO] [sparql_collector] [2A-4. 主題エンティティ (schema:about) 網羅検索 (Part 4)] Sub-fetch (limit=1000, progress=8000件〜) ...
[2026-08-14 16:28:06] [INFO] [sparql_collector] [2A-4. 主題エンティティ (schema:about) 網羅検索 (Part 4)] Got 1000 new items. (累計: 9000件) [0.22s]
[2026-08-14 16:28:06] [INFO] [logger] [STATS] FETCH | Count: 1000 | Time: 0.22s | Info: 2A-4. 主題エンティティ (schema:about) 網羅検索 (Part 4) | Offset: 8000
[2026-08-14 16:28:07] [INFO] [sparql_collector] [2A-4. 主題エンティティ (schema:about) 網羅検索 (Part 4)] Sub-fetch (limit=1000, progress=9000件〜) ...
[2026-08-14 16:28:07] [INFO] [sparql_collector] [2A-4. 主題エンティティ (schema:about) 網羅検索 (Part 4)] Got 1000 new items. (累計: 10000件) [0.44s]
[2026-08-14 16:28:07] [INFO] [logger] [STATS] FETCH | Count: 1000 | Time: 0.44s | Info: 2A-4. 主題エンティティ (schema:about) 網羅検索 (Part 4) | Offset: 9000
[2026-08-14 16:28:07] [INFO] [sparql_collector] [2A-4. 主題エンティティ (schema:about) 網羅検索 (Part 4)] Sub-fetch (limit=1000, progress=10000件〜) ...
[2026-08-14 16:28:09] [INFO] [sparql_collector] [2A-4. 主題エンティティ (schema:about) 網羅検索 (Part 4)] Got 575 new items. (累計: 10575件) [1.07s]
[2026-08-14 16:28:09] [INFO] [logger] [STATS] FETCH | Count: 575 | Time: 1.07s | Info: 2A-4. 主題エンティティ (schema:about) 網羅検索 (Part 4) | Offset: 10000
[2026-08-14 16:28:09] [INFO] [sparql_collector] [2A-4. 主題エンティティ (schema:about) 網羅検索 (Part 4)] 最終バッチ到達（全データ取得完了）。
[2026-08-14 16:28:10] [INFO] [sparql_collector] --- [開始] 2A-5. 主題エンティティ (schema:about) 網羅検索 (Part 5) (全件網羅 (上限なし)) ---
[2026-08-14 16:28:10] [INFO] [sparql_collector] [2A-5. 主題エンティティ (schema:about) 網羅検索 (Part 5)] Sub-fetch (limit=1000, progress=0件〜) ...
[2026-08-14 16:28:10] [INFO] [sparql_collector] [2A-5. 主題エンティティ (schema:about) 網羅検索 (Part 5)] Got 1000 new items. (累計: 1000件) [0.11s]
[2026-08-14 16:28:10] [INFO] [logger] [STATS] FETCH | Count: 1000 | Time: 0.11s | Info: 2A-5. 主題エンティティ (schema:about) 網羅検索 (Part 5) | Offset: 0
[2026-08-14 16:28:11] [INFO] [sparql_collector] [2A-5. 主題エンティティ (schema:about) 網羅検索 (Part 5)] Sub-fetch (limit=1000, progress=1000件〜) ...
[2026-08-14 16:28:11] [INFO] [sparql_collector] [2A-5. 主題エンティティ (schema:about) 網羅検索 (Part 5)] Got 1000 new items. (累計: 2000件) [0.09s]
[2026-08-14 16:28:11] [INFO] [logger] [STATS] FETCH | Count: 1000 | Time: 0.09s | Info: 2A-5. 主題エンティティ (schema:about) 網羅検索 (Part 5) | Offset: 1000
[2026-08-14 16:28:11] [INFO] [sparql_collector] [2A-5. 主題エンティティ (schema:about) 網羅検索 (Part 5)] Sub-fetch (limit=1000, progress=2000件〜) ...
[2026-08-14 16:28:11] [INFO] [sparql_collector] [2A-5. 主題エンティティ (schema:about) 網羅検索 (Part 5)] Got 1000 new items. (累計: 3000件) [0.10s]
[2026-08-14 16:28:11] [INFO] [logger] [STATS] FETCH | Count: 1000 | Time: 0.10s | Info: 2A-5. 主題エンティティ (schema:about) 網羅検索 (Part 5) | Offset: 2000
[2026-08-14 16:28:12] [INFO] [sparql_collector] [2A-5. 主題エンティティ (schema:about) 網羅検索 (Part 5)] Sub-fetch (limit=1000, progress=3000件〜) ...
[2026-08-14 16:28:12] [INFO] [sparql_collector] [2A-5. 主題エンティティ (schema:about) 網羅検索 (Part 5)] Got 1000 new items. (累計: 4000件) [0.35s]
[2026-08-14 16:28:12] [INFO] [logger] [STATS] FETCH | Count: 1000 | Time: 0.35s | Info: 2A-5. 主題エンティティ (schema:about) 網羅検索 (Part 5) | Offset: 3000
[2026-08-14 16:28:13] [INFO] [sparql_collector] [2A-5. 主題エンティティ (schema:about) 網羅検索 (Part 5)] Sub-fetch (limit=1000, progress=4000件〜) ...
[2026-08-14 16:28:14] [INFO] [sparql_collector] [2A-5. 主題エンティティ (schema:about) 網羅検索 (Part 5)] Got 308 new items. (累計: 4308件) [1.09s]
[2026-08-14 16:28:14] [INFO] [logger] [STATS] FETCH | Count: 308 | Time: 1.09s | Info: 2A-5. 主題エンティティ (schema:about) 網羅検索 (Part 5) | Offset: 4000
[2026-08-14 16:28:14] [INFO] [sparql_collector] [2A-5. 主題エンティティ (schema:about) 網羅検索 (Part 5)] 最終バッチ到達（全データ取得完了）。
[2026-08-14 16:28:15] [INFO] [sparql_collector] --- [開始] 2A-6. 主題エンティティ (schema:about) 網羅検索 (Part 6) (全件網羅 (上限なし)) ---
[2026-08-14 16:28:15] [INFO] [sparql_collector] [2A-6. 主題エンティティ (schema:about) 網羅検索 (Part 6)] Sub-fetch (limit=1000, progress=0件〜) ...
[2026-08-14 16:28:16] [INFO] [sparql_collector] [2A-6. 主題エンティティ (schema:about) 網羅検索 (Part 6)] Got 193 new items. (累計: 193件) [0.76s]
[2026-08-14 16:28:16] [INFO] [logger] [STATS] FETCH | Count: 193 | Time: 0.76s | Info: 2A-6. 主題エンティティ (schema:about) 網羅検索 (Part 6) | Offset: 0
[2026-08-14 16:28:16] [INFO] [sparql_collector] [2A-6. 主題エンティティ (schema:about) 網羅検索 (Part 6)] 最終バッチ到達（全データ取得完了）。
[2026-08-14 16:28:18] [INFO] [sparql_collector] --- [開始] 2A-7. 主題エンティティ (schema:about) 網羅検索 (Part 7) (全件網羅 (上限なし)) ---
[2026-08-14 16:28:18] [INFO] [sparql_collector] [2A-7. 主題エンティティ (schema:about) 網羅検索 (Part 7)] Sub-fetch (limit=1000, progress=0件〜) ...
[2026-08-14 16:28:18] [INFO] [sparql_collector] [2A-7. 主題エンティティ (schema:about) 網羅検索 (Part 7)] Got 1000 new items. (累計: 1000件) [0.09s]
[2026-08-14 16:28:18] [INFO] [logger] [STATS] FETCH | Count: 1000 | Time: 0.09s | Info: 2A-7. 主題エンティティ (schema:about) 網羅検索 (Part 7) | Offset: 0
[2026-08-14 16:28:18] [INFO] [sparql_collector] [2A-7. 主題エンティティ (schema:about) 網羅検索 (Part 7)] Sub-fetch (limit=1000, progress=1000件〜) ...
[2026-08-14 16:28:18] [INFO] [sparql_collector] [2A-7. 主題エンティティ (schema:about) 網羅検索 (Part 7)] Got 1000 new items. (累計: 2000件) [0.13s]
[2026-08-14 16:28:18] [INFO] [logger] [STATS] FETCH | Count: 1000 | Time: 0.13s | Info: 2A-7. 主題エンティティ (schema:about) 網羅検索 (Part 7) | Offset: 1000
[2026-08-14 16:28:19] [INFO] [sparql_collector] [2A-7. 主題エンティティ (schema:about) 網羅検索 (Part 7)] Sub-fetch (limit=1000, progress=2000件〜) ...
[2026-08-14 16:28:19] [INFO] [sparql_collector] [2A-7. 主題エンティティ (schema:about) 網羅検索 (Part 7)] Got 1000 new items. (累計: 3000件) [0.14s]
[2026-08-14 16:28:19] [INFO] [logger] [STATS] FETCH | Count: 1000 | Time: 0.14s | Info: 2A-7. 主題エンティティ (schema:about) 網羅検索 (Part 7) | Offset: 2000
[2026-08-14 16:28:20] [INFO] [sparql_collector] [2A-7. 主題エンティティ (schema:about) 網羅検索 (Part 7)] Sub-fetch (limit=1000, progress=3000件〜) ...
[2026-08-14 16:28:20] [INFO] [sparql_collector] [2A-7. 主題エンティティ (schema:about) 網羅検索 (Part 7)] Got 1000 new items. (累計: 4000件) [0.15s]
[2026-08-14 16:28:20] [INFO] [logger] [STATS] FETCH | Count: 1000 | Time: 0.15s | Info: 2A-7. 主題エンティティ (schema:about) 網羅検索 (Part 7) | Offset: 3000
[2026-08-14 16:28:20] [INFO] [sparql_collector] [2A-7. 主題エンティティ (schema:about) 網羅検索 (Part 7)] Sub-fetch (limit=1000, progress=4000件〜) ...
[2026-08-14 16:28:20] [INFO] [sparql_collector] [2A-7. 主題エンティティ (schema:about) 網羅検索 (Part 7)] Got 1000 new items. (累計: 5000件) [0.16s]
[2026-08-14 16:28:20] [INFO] [logger] [STATS] FETCH | Count: 1000 | Time: 0.16s | Info: 2A-7. 主題エンティティ (schema:about) 網羅検索 (Part 7) | Offset: 4000
[2026-08-14 16:28:21] [INFO] [sparql_collector] [2A-7. 主題エンティティ (schema:about) 網羅検索 (Part 7)] Sub-fetch (limit=1000, progress=5000件〜) ...
[2026-08-14 16:28:21] [INFO] [sparql_collector] [2A-7. 主題エンティティ (schema:about) 網羅検索 (Part 7)] Got 1000 new items. (累計: 6000件) [0.18s]
[2026-08-14 16:28:21] [INFO] [logger] [STATS] FETCH | Count: 1000 | Time: 0.18s | Info: 2A-7. 主題エンティティ (schema:about) 網羅検索 (Part 7) | Offset: 5000
[2026-08-14 16:28:22] [INFO] [sparql_collector] [2A-7. 主題エンティティ (schema:about) 網羅検索 (Part 7)] Sub-fetch (limit=1000, progress=6000件〜) ...
[2026-08-14 16:28:22] [INFO] [sparql_collector] [2A-7. 主題エンティティ (schema:about) 網羅検索 (Part 7)] Got 1000 new items. (累計: 7000件) [0.18s]
[2026-08-14 16:28:22] [INFO] [logger] [STATS] FETCH | Count: 1000 | Time: 0.18s | Info: 2A-7. 主題エンティティ (schema:about) 網羅検索 (Part 7) | Offset: 6000
[2026-08-14 16:28:22] [INFO] [sparql_collector] [2A-7. 主題エンティティ (schema:about) 網羅検索 (Part 7)] Sub-fetch (limit=1000, progress=7000件〜) ...
[2026-08-14 16:28:22] [INFO] [sparql_collector] [2A-7. 主題エンティティ (schema:about) 網羅検索 (Part 7)] Got 1000 new items. (累計: 8000件) [0.20s]
[2026-08-14 16:28:22] [INFO] [logger] [STATS] FETCH | Count: 1000 | Time: 0.20s | Info: 2A-7. 主題エンティティ (schema:about) 網羅検索 (Part 7) | Offset: 7000
[2026-08-14 16:28:23] [INFO] [sparql_collector] [2A-7. 主題エンティティ (schema:about) 網羅検索 (Part 7)] Sub-fetch (limit=1000, progress=8000件〜) ...
[2026-08-14 16:28:23] [INFO] [sparql_collector] [2A-7. 主題エンティティ (schema:about) 網羅検索 (Part 7)] Got 1000 new items. (累計: 9000件) [0.25s]
[2026-08-14 16:28:23] [INFO] [logger] [STATS] FETCH | Count: 1000 | Time: 0.25s | Info: 2A-7. 主題エンティティ (schema:about) 網羅検索 (Part 7) | Offset: 8000
[2026-08-14 16:28:24] [INFO] [sparql_collector] [2A-7. 主題エンティティ (schema:about) 網羅検索 (Part 7)] Sub-fetch (limit=1000, progress=9000件〜) ...
[2026-08-14 16:28:24] [INFO] [sparql_collector] [2A-7. 主題エンティティ (schema:about) 網羅検索 (Part 7)] Got 1000 new items. (累計: 10000件) [0.26s]
[2026-08-14 16:28:24] [INFO] [logger] [STATS] FETCH | Count: 1000 | Time: 0.26s | Info: 2A-7. 主題エンティティ (schema:about) 網羅検索 (Part 7) | Offset: 9000
[2026-08-14 16:28:24] [INFO] [sparql_collector] [2A-7. 主題エンティティ (schema:about) 網羅検索 (Part 7)] Sub-fetch (limit=1000, progress=10000件〜) ...
[2026-08-14 16:28:25] [INFO] [sparql_collector] [2A-7. 主題エンティティ (schema:about) 網羅検索 (Part 7)] Got 1000 new items. (累計: 11000件) [0.30s]
[2026-08-14 16:28:25] [INFO] [logger] [STATS] FETCH | Count: 1000 | Time: 0.30s | Info: 2A-7. 主題エンティティ (schema:about) 網羅検索 (Part 7) | Offset: 10000
[2026-08-14 16:28:25] [INFO] [sparql_collector] [2A-7. 主題エンティティ (schema:about) 網羅検索 (Part 7)] Sub-fetch (limit=1000, progress=11000件〜) ...
[2026-08-14 16:28:26] [INFO] [sparql_collector] [2A-7. 主題エンティティ (schema:about) 網羅検索 (Part 7)] Got 1000 new items. (累計: 12000件) [0.27s]
[2026-08-14 16:28:26] [INFO] [logger] [STATS] FETCH | Count: 1000 | Time: 0.27s | Info: 2A-7. 主題エンティティ (schema:about) 網羅検索 (Part 7) | Offset: 11000
[2026-08-14 16:28:26] [INFO] [sparql_collector] [2A-7. 主題エンティティ (schema:about) 網羅検索 (Part 7)] Sub-fetch (limit=1000, progress=12000件〜) ...
[2026-08-14 16:28:26] [INFO] [sparql_collector] [2A-7. 主題エンティティ (schema:about) 網羅検索 (Part 7)] Got 1000 new items. (累計: 13000件) [0.30s]
[2026-08-14 16:28:26] [INFO] [logger] [STATS] FETCH | Count: 1000 | Time: 0.30s | Info: 2A-7. 主題エンティティ (schema:about) 網羅検索 (Part 7) | Offset: 12000
[2026-08-14 16:28:27] [INFO] [sparql_collector] [2A-7. 主題エンティティ (schema:about) 網羅検索 (Part 7)] Sub-fetch (limit=1000, progress=13000件〜) ...
[2026-08-14 16:28:27] [INFO] [sparql_collector] [2A-7. 主題エンティティ (schema:about) 網羅検索 (Part 7)] Got 1000 new items. (累計: 14000件) [0.30s]
[2026-08-14 16:28:27] [INFO] [logger] [STATS] FETCH | Count: 1000 | Time: 0.30s | Info: 2A-7. 主題エンティティ (schema:about) 網羅検索 (Part 7) | Offset: 13000
[2026-08-14 16:28:28] [INFO] [sparql_collector] [2A-7. 主題エンティティ (schema:about) 網羅検索 (Part 7)] Sub-fetch (limit=1000, progress=14000件〜) ...
[2026-08-14 16:28:28] [INFO] [sparql_collector] [2A-7. 主題エンティティ (schema:about) 網羅検索 (Part 7)] Got 1000 new items. (累計: 15000件) [0.32s]
[2026-08-14 16:28:28] [INFO] [logger] [STATS] FETCH | Count: 1000 | Time: 0.32s | Info: 2A-7. 主題エンティティ (schema:about) 網羅検索 (Part 7) | Offset: 14000
[2026-08-14 16:28:28] [INFO] [sparql_collector] [2A-7. 主題エンティティ (schema:about) 網羅検索 (Part 7)] Sub-fetch (limit=1000, progress=15000件〜) ...
[2026-08-14 16:28:29] [INFO] [sparql_collector] [2A-7. 主題エンティティ (schema:about) 網羅検索 (Part 7)] Got 1000 new items. (累計: 16000件) [0.33s]
[2026-08-14 16:28:29] [INFO] [logger] [STATS] FETCH | Count: 1000 | Time: 0.33s | Info: 2A-7. 主題エンティティ (schema:about) 網羅検索 (Part 7) | Offset: 15000
[2026-08-14 16:28:29] [INFO] [sparql_collector] [2A-7. 主題エンティティ (schema:about) 網羅検索 (Part 7)] Sub-fetch (limit=1000, progress=16000件〜) ...
[2026-08-14 16:28:30] [INFO] [sparql_collector] [2A-7. 主題エンティティ (schema:about) 網羅検索 (Part 7)] Got 1000 new items. (累計: 17000件) [0.35s]
[2026-08-14 16:28:30] [INFO] [logger] [STATS] FETCH | Count: 1000 | Time: 0.35s | Info: 2A-7. 主題エンティティ (schema:about) 網羅検索 (Part 7) | Offset: 16000
[2026-08-14 16:28:30] [INFO] [sparql_collector] [2A-7. 主題エンティティ (schema:about) 網羅検索 (Part 7)] Sub-fetch (limit=1000, progress=17000件〜) ...
[2026-08-14 16:28:31] [INFO] [sparql_collector] [2A-7. 主題エンティティ (schema:about) 網羅検索 (Part 7)] Got 1000 new items. (累計: 18000件) [0.35s]
[2026-08-14 16:28:31] [INFO] [logger] [STATS] FETCH | Count: 1000 | Time: 0.35s | Info: 2A-7. 主題エンティティ (schema:about) 網羅検索 (Part 7) | Offset: 17000
[2026-08-14 16:28:31] [INFO] [sparql_collector] [2A-7. 主題エンティティ (schema:about) 網羅検索 (Part 7)] Sub-fetch (limit=1000, progress=18000件〜) ...
[2026-08-14 16:28:31] [INFO] [sparql_collector] [2A-7. 主題エンティティ (schema:about) 網羅検索 (Part 7)] Got 1000 new items. (累計: 19000件) [0.37s]
[2026-08-14 16:28:31] [INFO] [logger] [STATS] FETCH | Count: 1000 | Time: 0.37s | Info: 2A-7. 主題エンティティ (schema:about) 網羅検索 (Part 7) | Offset: 18000
[2026-08-14 16:28:32] [INFO] [sparql_collector] [2A-7. 主題エンティティ (schema:about) 網羅検索 (Part 7)] Sub-fetch (limit=1000, progress=19000件〜) ...
[2026-08-14 16:28:32] [INFO] [sparql_collector] [2A-7. 主題エンティティ (schema:about) 網羅検索 (Part 7)] Got 1000 new items. (累計: 20000件) [0.39s]
[2026-08-14 16:28:32] [INFO] [logger] [STATS] FETCH | Count: 1000 | Time: 0.39s | Info: 2A-7. 主題エンティティ (schema:about) 網羅検索 (Part 7) | Offset: 19000
[2026-08-14 16:28:33] [INFO] [sparql_collector] [2A-7. 主題エンティティ (schema:about) 網羅検索 (Part 7)] Sub-fetch (limit=1000, progress=20000件〜) ...
[2026-08-14 16:28:33] [INFO] [sparql_collector] [2A-7. 主題エンティティ (schema:about) 網羅検索 (Part 7)] Got 1000 new items. (累計: 21000件) [0.40s]
[2026-08-14 16:28:33] [INFO] [logger] [STATS] FETCH | Count: 1000 | Time: 0.40s | Info: 2A-7. 主題エンティティ (schema:about) 網羅検索 (Part 7) | Offset: 20000
[2026-08-14 16:28:34] [INFO] [sparql_collector] [2A-7. 主題エンティティ (schema:about) 網羅検索 (Part 7)] Sub-fetch (limit=1000, progress=21000件〜) ...
[2026-08-14 16:28:34] [INFO] [sparql_collector] [2A-7. 主題エンティティ (schema:about) 網羅検索 (Part 7)] Got 1000 new items. (累計: 22000件) [0.40s]
[2026-08-14 16:28:34] [INFO] [logger] [STATS] FETCH | Count: 1000 | Time: 0.40s | Info: 2A-7. 主題エンティティ (schema:about) 網羅検索 (Part 7) | Offset: 21000
[2026-08-14 16:28:35] [INFO] [sparql_collector] [2A-7. 主題エンティティ (schema:about) 網羅検索 (Part 7)] Sub-fetch (limit=1000, progress=22000件〜) ...
[2026-08-14 16:28:35] [INFO] [sparql_collector] [2A-7. 主題エンティティ (schema:about) 網羅検索 (Part 7)] Got 1000 new items. (累計: 23000件) [0.42s]
[2026-08-14 16:28:35] [INFO] [logger] [STATS] FETCH | Count: 1000 | Time: 0.42s | Info: 2A-7. 主題エンティティ (schema:about) 網羅検索 (Part 7) | Offset: 22000
[2026-08-14 16:28:36] [INFO] [sparql_collector] [2A-7. 主題エンティティ (schema:about) 網羅検索 (Part 7)] Sub-fetch (limit=1000, progress=23000件〜) ...
[2026-08-14 16:28:36] [INFO] [sparql_collector] [2A-7. 主題エンティティ (schema:about) 網羅検索 (Part 7)] Got 1000 new items. (累計: 24000件) [0.45s]
[2026-08-14 16:28:36] [INFO] [logger] [STATS] FETCH | Count: 1000 | Time: 0.45s | Info: 2A-7. 主題エンティティ (schema:about) 網羅検索 (Part 7) | Offset: 23000
[2026-08-14 16:28:36] [INFO] [sparql_collector] [2A-7. 主題エンティティ (schema:about) 網羅検索 (Part 7)] Sub-fetch (limit=1000, progress=24000件〜) ...
[2026-08-14 16:28:37] [INFO] [sparql_collector] [2A-7. 主題エンティティ (schema:about) 網羅検索 (Part 7)] Got 1000 new items. (累計: 25000件) [0.42s]
[2026-08-14 16:28:37] [INFO] [logger] [STATS] FETCH | Count: 1000 | Time: 0.42s | Info: 2A-7. 主題エンティティ (schema:about) 網羅検索 (Part 7) | Offset: 24000
[2026-08-14 16:28:37] [INFO] [sparql_collector] [2A-7. 主題エンティティ (schema:about) 網羅検索 (Part 7)] Sub-fetch (limit=1000, progress=25000件〜) ...
[2026-08-14 16:28:38] [INFO] [sparql_collector] [2A-7. 主題エンティティ (schema:about) 網羅検索 (Part 7)] Got 1000 new items. (累計: 26000件) [0.46s]
[2026-08-14 16:28:38] [INFO] [logger] [STATS] FETCH | Count: 1000 | Time: 0.46s | Info: 2A-7. 主題エンティティ (schema:about) 網羅検索 (Part 7) | Offset: 25000
[2026-08-14 16:28:38] [INFO] [sparql_collector] [2A-7. 主題エンティティ (schema:about) 網羅検索 (Part 7)] Sub-fetch (limit=1000, progress=26000件〜) ...
[2026-08-14 16:28:39] [INFO] [sparql_collector] [2A-7. 主題エンティティ (schema:about) 網羅検索 (Part 7)] Got 1000 new items. (累計: 27000件) [0.48s]
[2026-08-14 16:28:39] [INFO] [logger] [STATS] FETCH | Count: 1000 | Time: 0.48s | Info: 2A-7. 主題エンティティ (schema:about) 網羅検索 (Part 7) | Offset: 26000
[2026-08-14 16:28:39] [INFO] [sparql_collector] [2A-7. 主題エンティティ (schema:about) 網羅検索 (Part 7)] Sub-fetch (limit=1000, progress=27000件〜) ...
[2026-08-14 16:28:40] [INFO] [sparql_collector] [2A-7. 主題エンティティ (schema:about) 網羅検索 (Part 7)] Got 1000 new items. (累計: 28000件) [0.51s]
[2026-08-14 16:28:40] [INFO] [logger] [STATS] FETCH | Count: 1000 | Time: 0.51s | Info: 2A-7. 主題エンティティ (schema:about) 網羅検索 (Part 7) | Offset: 27000
[2026-08-14 16:28:40] [INFO] [sparql_collector] [2A-7. 主題エンティティ (schema:about) 網羅検索 (Part 7)] Sub-fetch (limit=1000, progress=28000件〜) ...
[2026-08-14 16:28:41] [INFO] [sparql_collector] [2A-7. 主題エンティティ (schema:about) 網羅検索 (Part 7)] Got 1000 new items. (累計: 29000件) [0.49s]
[2026-08-14 16:28:41] [INFO] [logger] [STATS] FETCH | Count: 1000 | Time: 0.49s | Info: 2A-7. 主題エンティティ (schema:about) 網羅検索 (Part 7) | Offset: 28000
[2026-08-14 16:28:41] [INFO] [sparql_collector] [2A-7. 主題エンティティ (schema:about) 網羅検索 (Part 7)] Sub-fetch (limit=1000, progress=29000件〜) ...
[2026-08-14 16:28:42] [INFO] [sparql_collector] [2A-7. 主題エンティティ (schema:about) 網羅検索 (Part 7)] Got 1000 new items. (累計: 30000件) [0.51s]
[2026-08-14 16:28:42] [INFO] [logger] [STATS] FETCH | Count: 1000 | Time: 0.51s | Info: 2A-7. 主題エンティティ (schema:about) 網羅検索 (Part 7) | Offset: 29000
[2026-08-14 16:28:42] [INFO] [sparql_collector] [2A-7. 主題エンティティ (schema:about) 網羅検索 (Part 7)] Sub-fetch (limit=1000, progress=30000件〜) ...
[2026-08-14 16:28:43] [INFO] [sparql_collector] [2A-7. 主題エンティティ (schema:about) 網羅検索 (Part 7)] Got 1000 new items. (累計: 31000件) [0.54s]
[2026-08-14 16:28:43] [INFO] [logger] [STATS] FETCH | Count: 1000 | Time: 0.54s | Info: 2A-7. 主題エンティティ (schema:about) 網羅検索 (Part 7) | Offset: 30000
[2026-08-14 16:28:43] [INFO] [sparql_collector] [2A-7. 主題エンティティ (schema:about) 網羅検索 (Part 7)] Sub-fetch (limit=1000, progress=31000件〜) ...
[2026-08-14 16:28:44] [INFO] [sparql_collector] [2A-7. 主題エンティティ (schema:about) 網羅検索 (Part 7)] Got 1000 new items. (累計: 32000件) [0.55s]
[2026-08-14 16:28:44] [INFO] [logger] [STATS] FETCH | Count: 1000 | Time: 0.55s | Info: 2A-7. 主題エンティティ (schema:about) 網羅検索 (Part 7) | Offset: 31000
[2026-08-14 16:28:44] [INFO] [sparql_collector] [2A-7. 主題エンティティ (schema:about) 網羅検索 (Part 7)] Sub-fetch (limit=1000, progress=32000件〜) ...
[2026-08-14 16:28:45] [INFO] [sparql_collector] [2A-7. 主題エンティティ (schema:about) 網羅検索 (Part 7)] Got 1000 new items. (累計: 33000件) [0.54s]
[2026-08-14 16:28:45] [INFO] [logger] [STATS] FETCH | Count: 1000 | Time: 0.54s | Info: 2A-7. 主題エンティティ (schema:about) 網羅検索 (Part 7) | Offset: 32000
[2026-08-14 16:28:46] [INFO] [sparql_collector] [2A-7. 主題エンティティ (schema:about) 網羅検索 (Part 7)] Sub-fetch (limit=1000, progress=33000件〜) ...
[2026-08-14 16:28:46] [INFO] [sparql_collector] [2A-7. 主題エンティティ (schema:about) 網羅検索 (Part 7)] Got 1000 new items. (累計: 34000件) [0.55s]
[2026-08-14 16:28:46] [INFO] [logger] [STATS] FETCH | Count: 1000 | Time: 0.55s | Info: 2A-7. 主題エンティティ (schema:about) 網羅検索 (Part 7) | Offset: 33000
[2026-08-14 16:28:47] [INFO] [sparql_collector] [2A-7. 主題エンティティ (schema:about) 網羅検索 (Part 7)] Sub-fetch (limit=1000, progress=34000件〜) ...
[2026-08-14 16:28:47] [INFO] [sparql_collector] [2A-7. 主題エンティティ (schema:about) 網羅検索 (Part 7)] Got 1000 new items. (累計: 35000件) [0.56s]
[2026-08-14 16:28:47] [INFO] [logger] [STATS] FETCH | Count: 1000 | Time: 0.56s | Info: 2A-7. 主題エンティティ (schema:about) 網羅検索 (Part 7) | Offset: 34000
[2026-08-14 16:28:48] [INFO] [sparql_collector] [2A-7. 主題エンティティ (schema:about) 網羅検索 (Part 7)] Sub-fetch (limit=1000, progress=35000件〜) ...
[2026-08-14 16:28:48] [INFO] [sparql_collector] [2A-7. 主題エンティティ (schema:about) 網羅検索 (Part 7)] Got 1000 new items. (累計: 36000件) [0.58s]
[2026-08-14 16:28:48] [INFO] [logger] [STATS] FETCH | Count: 1000 | Time: 0.58s | Info: 2A-7. 主題エンティティ (schema:about) 網羅検索 (Part 7) | Offset: 35000
[2026-08-14 16:28:49] [INFO] [sparql_collector] [2A-7. 主題エンティティ (schema:about) 網羅検索 (Part 7)] Sub-fetch (limit=1000, progress=36000件〜) ...
[2026-08-14 16:28:49] [INFO] [sparql_collector] [2A-7. 主題エンティティ (schema:about) 網羅検索 (Part 7)] Got 1000 new items. (累計: 37000件) [0.60s]
[2026-08-14 16:28:49] [INFO] [logger] [STATS] FETCH | Count: 1000 | Time: 0.60s | Info: 2A-7. 主題エンティティ (schema:about) 網羅検索 (Part 7) | Offset: 36000
[2026-08-14 16:28:50] [INFO] [sparql_collector] [2A-7. 主題エンティティ (schema:about) 網羅検索 (Part 7)] Sub-fetch (limit=1000, progress=37000件〜) ...
[2026-08-14 16:28:50] [INFO] [sparql_collector] [2A-7. 主題エンティティ (schema:about) 網羅検索 (Part 7)] Got 1000 new items. (累計: 38000件) [0.61s]
[2026-08-14 16:28:50] [INFO] [logger] [STATS] FETCH | Count: 1000 | Time: 0.61s | Info: 2A-7. 主題エンティティ (schema:about) 網羅検索 (Part 7) | Offset: 37000
[2026-08-14 16:28:51] [INFO] [sparql_collector] [2A-7. 主題エンティティ (schema:about) 網羅検索 (Part 7)] Sub-fetch (limit=1000, progress=38000件〜) ...
[2026-08-14 16:28:52] [INFO] [sparql_collector] [2A-7. 主題エンティティ (schema:about) 網羅検索 (Part 7)] Got 1000 new items. (累計: 39000件) [0.60s]
[2026-08-14 16:28:52] [INFO] [logger] [STATS] FETCH | Count: 1000 | Time: 0.60s | Info: 2A-7. 主題エンティティ (schema:about) 網羅検索 (Part 7) | Offset: 38000
[2026-08-14 16:28:52] [INFO] [sparql_collector] [2A-7. 主題エンティティ (schema:about) 網羅検索 (Part 7)] Sub-fetch (limit=1000, progress=39000件〜) ...
[2026-08-14 16:28:53] [INFO] [sparql_collector] [2A-7. 主題エンティティ (schema:about) 網羅検索 (Part 7)] Got 1000 new items. (累計: 40000件) [0.62s]
[2026-08-14 16:28:53] [INFO] [logger] [STATS] FETCH | Count: 1000 | Time: 0.62s | Info: 2A-7. 主題エンティティ (schema:about) 網羅検索 (Part 7) | Offset: 39000
[2026-08-14 16:28:53] [INFO] [sparql_collector] [2A-7. 主題エンティティ (schema:about) 網羅検索 (Part 7)] Sub-fetch (limit=1000, progress=40000件〜) ...
[2026-08-14 16:28:54] [INFO] [sparql_collector] [2A-7. 主題エンティティ (schema:about) 網羅検索 (Part 7)] Got 1000 new items. (累計: 41000件) [0.62s]
[2026-08-14 16:28:54] [INFO] [logger] [STATS] FETCH | Count: 1000 | Time: 0.62s | Info: 2A-7. 主題エンティティ (schema:about) 網羅検索 (Part 7) | Offset: 40000
[2026-08-14 16:28:54] [INFO] [sparql_collector] [2A-7. 主題エンティティ (schema:about) 網羅検索 (Part 7)] Sub-fetch (limit=1000, progress=41000件〜) ...
[2026-08-14 16:28:55] [INFO] [sparql_collector] [2A-7. 主題エンティティ (schema:about) 網羅検索 (Part 7)] Got 1000 new items. (累計: 42000件) [0.64s]
[2026-08-14 16:28:55] [INFO] [logger] [STATS] FETCH | Count: 1000 | Time: 0.64s | Info: 2A-7. 主題エンティティ (schema:about) 網羅検索 (Part 7) | Offset: 41000
[2026-08-14 16:28:55] [INFO] [sparql_collector] [2A-7. 主題エンティティ (schema:about) 網羅検索 (Part 7)] Sub-fetch (limit=1000, progress=42000件〜) ...
[2026-08-14 16:28:56] [INFO] [sparql_collector] [2A-7. 主題エンティティ (schema:about) 網羅検索 (Part 7)] Got 1000 new items. (累計: 43000件) [0.63s]
[2026-08-14 16:28:56] [INFO] [logger] [STATS] FETCH | Count: 1000 | Time: 0.63s | Info: 2A-7. 主題エンティティ (schema:about) 網羅検索 (Part 7) | Offset: 42000
[2026-08-14 16:28:57] [INFO] [sparql_collector] [2A-7. 主題エンティティ (schema:about) 網羅検索 (Part 7)] Sub-fetch (limit=1000, progress=43000件〜) ...
[2026-08-14 16:28:57] [INFO] [sparql_collector] [2A-7. 主題エンティティ (schema:about) 網羅検索 (Part 7)] Got 1000 new items. (累計: 44000件) [0.67s]
[2026-08-14 16:28:57] [INFO] [logger] [STATS] FETCH | Count: 1000 | Time: 0.67s | Info: 2A-7. 主題エンティティ (schema:about) 網羅検索 (Part 7) | Offset: 43000
[2026-08-14 16:28:58] [INFO] [sparql_collector] [2A-7. 主題エンティティ (schema:about) 網羅検索 (Part 7)] Sub-fetch (limit=1000, progress=44000件〜) ...
[2026-08-14 16:28:58] [INFO] [sparql_collector] [2A-7. 主題エンティティ (schema:about) 網羅検索 (Part 7)] Got 1000 new items. (累計: 45000件) [0.66s]
[2026-08-14 16:28:58] [INFO] [logger] [STATS] FETCH | Count: 1000 | Time: 0.66s | Info: 2A-7. 主題エンティティ (schema:about) 網羅検索 (Part 7) | Offset: 44000
[2026-08-14 16:28:59] [INFO] [sparql_collector] [2A-7. 主題エンティティ (schema:about) 網羅検索 (Part 7)] Sub-fetch (limit=1000, progress=45000件〜) ...
[2026-08-14 16:29:00] [INFO] [sparql_collector] [2A-7. 主題エンティティ (schema:about) 網羅検索 (Part 7)] Got 1000 new items. (累計: 46000件) [0.78s]
[2026-08-14 16:29:00] [INFO] [logger] [STATS] FETCH | Count: 1000 | Time: 0.78s | Info: 2A-7. 主題エンティティ (schema:about) 網羅検索 (Part 7) | Offset: 45000
[2026-08-14 16:29:00] [INFO] [sparql_collector] [2A-7. 主題エンティティ (schema:about) 網羅検索 (Part 7)] Sub-fetch (limit=1000, progress=46000件〜) ...
[2026-08-14 16:29:01] [INFO] [sparql_collector] [2A-7. 主題エンティティ (schema:about) 網羅検索 (Part 7)] Got 1000 new items. (累計: 47000件) [0.72s]
[2026-08-14 16:29:01] [INFO] [logger] [STATS] FETCH | Count: 1000 | Time: 0.72s | Info: 2A-7. 主題エンティティ (schema:about) 網羅検索 (Part 7) | Offset: 46000
[2026-08-14 16:29:01] [INFO] [sparql_collector] [2A-7. 主題エンティティ (schema:about) 網羅検索 (Part 7)] Sub-fetch (limit=1000, progress=47000件〜) ...
[2026-08-14 16:29:02] [INFO] [sparql_collector] [2A-7. 主題エンティティ (schema:about) 網羅検索 (Part 7)] Got 1000 new items. (累計: 48000件) [0.75s]
[2026-08-14 16:29:02] [INFO] [logger] [STATS] FETCH | Count: 1000 | Time: 0.75s | Info: 2A-7. 主題エンティティ (schema:about) 網羅検索 (Part 7) | Offset: 47000
[2026-08-14 16:29:03] [INFO] [sparql_collector] [2A-7. 主題エンティティ (schema:about) 網羅検索 (Part 7)] Sub-fetch (limit=1000, progress=48000件〜) ...
[2026-08-14 16:29:04] [INFO] [sparql_collector] [2A-7. 主題エンティティ (schema:about) 網羅検索 (Part 7)] Got 1000 new items. (累計: 49000件) [0.89s]
[2026-08-14 16:29:04] [INFO] [logger] [STATS] FETCH | Count: 1000 | Time: 0.89s | Info: 2A-7. 主題エンティティ (schema:about) 網羅検索 (Part 7) | Offset: 48000
[2026-08-14 16:29:04] [INFO] [sparql_collector] [2A-7. 主題エンティティ (schema:about) 網羅検索 (Part 7)] Sub-fetch (limit=1000, progress=49000件〜) ...
[2026-08-14 16:29:05] [INFO] [sparql_collector] [2A-7. 主題エンティティ (schema:about) 網羅検索 (Part 7)] Got 1000 new items. (累計: 50000件) [0.75s]
[2026-08-14 16:29:05] [INFO] [logger] [STATS] FETCH | Count: 1000 | Time: 0.75s | Info: 2A-7. 主題エンティティ (schema:about) 網羅検索 (Part 7) | Offset: 49000
[2026-08-14 16:29:05] [INFO] [sparql_collector] [2A-7. 主題エンティティ (schema:about) 網羅検索 (Part 7)] Sub-fetch (limit=1000, progress=50000件〜) ...
[2026-08-14 16:29:06] [INFO] [sparql_collector] [2A-7. 主題エンティティ (schema:about) 網羅検索 (Part 7)] Got 1000 new items. (累計: 51000件) [0.83s]
[2026-08-14 16:29:06] [INFO] [logger] [STATS] FETCH | Count: 1000 | Time: 0.83s | Info: 2A-7. 主題エンティティ (schema:about) 網羅検索 (Part 7) | Offset: 50000
[2026-08-14 16:29:07] [INFO] [sparql_collector] [2A-7. 主題エンティティ (schema:about) 網羅検索 (Part 7)] Sub-fetch (limit=1000, progress=51000件〜) ...
[2026-08-14 16:29:07] [INFO] [sparql_collector] [2A-7. 主題エンティティ (schema:about) 網羅検索 (Part 7)] Got 1000 new items. (累計: 52000件) [0.76s]
[2026-08-14 16:29:07] [INFO] [logger] [STATS] FETCH | Count: 1000 | Time: 0.76s | Info: 2A-7. 主題エンティティ (schema:about) 網羅検索 (Part 7) | Offset: 51000
[2026-08-14 16:29:08] [INFO] [sparql_collector] [2A-7. 主題エンティティ (schema:about) 網羅検索 (Part 7)] Sub-fetch (limit=1000, progress=52000件〜) ...
[2026-08-14 16:29:09] [INFO] [sparql_collector] [2A-7. 主題エンティティ (schema:about) 網羅検索 (Part 7)] Got 1000 new items. (累計: 53000件) [0.76s]
[2026-08-14 16:29:09] [INFO] [logger] [STATS] FETCH | Count: 1000 | Time: 0.76s | Info: 2A-7. 主題エンティティ (schema:about) 網羅検索 (Part 7) | Offset: 52000
[2026-08-14 16:29:09] [INFO] [sparql_collector] [2A-7. 主題エンティティ (schema:about) 網羅検索 (Part 7)] Sub-fetch (limit=1000, progress=53000件〜) ...
[2026-08-14 16:29:10] [INFO] [sparql_collector] [2A-7. 主題エンティティ (schema:about) 網羅検索 (Part 7)] Got 1000 new items. (累計: 54000件) [0.75s]
[2026-08-14 16:29:10] [INFO] [logger] [STATS] FETCH | Count: 1000 | Time: 0.75s | Info: 2A-7. 主題エンティティ (schema:about) 網羅検索 (Part 7) | Offset: 53000
[2026-08-14 16:29:10] [INFO] [sparql_collector] [2A-7. 主題エンティティ (schema:about) 網羅検索 (Part 7)] Sub-fetch (limit=1000, progress=54000件〜) ...
[2026-08-14 16:29:11] [INFO] [sparql_collector] [2A-7. 主題エンティティ (schema:about) 網羅検索 (Part 7)] Got 1000 new items. (累計: 55000件) [0.79s]
[2026-08-14 16:29:11] [INFO] [logger] [STATS] FETCH | Count: 1000 | Time: 0.79s | Info: 2A-7. 主題エンティティ (schema:about) 網羅検索 (Part 7) | Offset: 54000
[2026-08-14 16:29:12] [INFO] [sparql_collector] [2A-7. 主題エンティティ (schema:about) 網羅検索 (Part 7)] Sub-fetch (limit=1000, progress=55000件〜) ...
[2026-08-14 16:29:12] [INFO] [sparql_collector] [2A-7. 主題エンティティ (schema:about) 網羅検索 (Part 7)] Got 1000 new items. (累計: 56000件) [0.75s]
[2026-08-14 16:29:12] [INFO] [logger] [STATS] FETCH | Count: 1000 | Time: 0.75s | Info: 2A-7. 主題エンティティ (schema:about) 網羅検索 (Part 7) | Offset: 55000
[2026-08-14 16:29:13] [INFO] [sparql_collector] [2A-7. 主題エンティティ (schema:about) 網羅検索 (Part 7)] Sub-fetch (limit=1000, progress=56000件〜) ...
[2026-08-14 16:29:14] [INFO] [sparql_collector] [2A-7. 主題エンティティ (schema:about) 網羅検索 (Part 7)] Got 1000 new items. (累計: 57000件) [0.84s]
[2026-08-14 16:29:14] [INFO] [logger] [STATS] FETCH | Count: 1000 | Time: 0.84s | Info: 2A-7. 主題エンティティ (schema:about) 網羅検索 (Part 7) | Offset: 56000
[2026-08-14 16:29:14] [INFO] [sparql_collector] [2A-7. 主題エンティティ (schema:about) 網羅検索 (Part 7)] Sub-fetch (limit=1000, progress=57000件〜) ...
[2026-08-14 16:29:15] [INFO] [sparql_collector] [2A-7. 主題エンティティ (schema:about) 網羅検索 (Part 7)] Got 1000 new items. (累計: 58000件) [0.85s]
[2026-08-14 16:29:15] [INFO] [logger] [STATS] FETCH | Count: 1000 | Time: 0.85s | Info: 2A-7. 主題エンティティ (schema:about) 網羅検索 (Part 7) | Offset: 57000
[2026-08-14 16:29:16] [INFO] [sparql_collector] [2A-7. 主題エンティティ (schema:about) 網羅検索 (Part 7)] Sub-fetch (limit=1000, progress=58000件〜) ...
[2026-08-14 16:29:17] [INFO] [sparql_collector] [2A-7. 主題エンティティ (schema:about) 網羅検索 (Part 7)] Got 1000 new items. (累計: 59000件) [0.99s]
[2026-08-14 16:29:17] [INFO] [logger] [STATS] FETCH | Count: 1000 | Time: 0.99s | Info: 2A-7. 主題エンティティ (schema:about) 網羅検索 (Part 7) | Offset: 58000
[2026-08-14 16:29:17] [INFO] [sparql_collector] [2A-7. 主題エンティティ (schema:about) 網羅検索 (Part 7)] Sub-fetch (limit=1000, progress=59000件〜) ...
[2026-08-14 16:29:18] [INFO] [sparql_collector] [2A-7. 主題エンティティ (schema:about) 網羅検索 (Part 7)] Got 1000 new items. (累計: 60000件) [0.80s]
[2026-08-14 16:29:18] [INFO] [logger] [STATS] FETCH | Count: 1000 | Time: 0.80s | Info: 2A-7. 主題エンティティ (schema:about) 網羅検索 (Part 7) | Offset: 59000
[2026-08-14 16:29:18] [INFO] [sparql_collector] [2A-7. 主題エンティティ (schema:about) 網羅検索 (Part 7)] Sub-fetch (limit=1000, progress=60000件〜) ...
[2026-08-14 16:29:20] [INFO] [sparql_collector] [2A-7. 主題エンティティ (schema:about) 網羅検索 (Part 7)] Got 1000 new items. (累計: 61000件) [1.10s]
[2026-08-14 16:29:20] [INFO] [logger] [STATS] FETCH | Count: 1000 | Time: 1.10s | Info: 2A-7. 主題エンティティ (schema:about) 網羅検索 (Part 7) | Offset: 60000
[2026-08-14 16:29:20] [INFO] [sparql_collector] [2A-7. 主題エンティティ (schema:about) 網羅検索 (Part 7)] Sub-fetch (limit=1000, progress=61000件〜) ...
[2026-08-14 16:29:21] [INFO] [sparql_collector] [2A-7. 主題エンティティ (schema:about) 網羅検索 (Part 7)] Got 1000 new items. (累計: 62000件) [0.83s]
[2026-08-14 16:29:21] [INFO] [logger] [STATS] FETCH | Count: 1000 | Time: 0.83s | Info: 2A-7. 主題エンティティ (schema:about) 網羅検索 (Part 7) | Offset: 61000
[2026-08-14 16:29:21] [INFO] [sparql_collector] [2A-7. 主題エンティティ (schema:about) 網羅検索 (Part 7)] Sub-fetch (limit=1000, progress=62000件〜) ...
[2026-08-14 16:29:22] [INFO] [sparql_collector] [2A-7. 主題エンティティ (schema:about) 網羅検索 (Part 7)] Got 1000 new items. (累計: 63000件) [0.87s]
[2026-08-14 16:29:22] [INFO] [logger] [STATS] FETCH | Count: 1000 | Time: 0.87s | Info: 2A-7. 主題エンティティ (schema:about) 網羅検索 (Part 7) | Offset: 62000
[2026-08-14 16:29:23] [INFO] [sparql_collector] [2A-7. 主題エンティティ (schema:about) 網羅検索 (Part 7)] Sub-fetch (limit=1000, progress=63000件〜) ...
[2026-08-14 16:29:24] [INFO] [sparql_collector] [2A-7. 主題エンティティ (schema:about) 網羅検索 (Part 7)] Got 1000 new items. (累計: 64000件) [0.83s]
[2026-08-14 16:29:24] [INFO] [logger] [STATS] FETCH | Count: 1000 | Time: 0.83s | Info: 2A-7. 主題エンティティ (schema:about) 網羅検索 (Part 7) | Offset: 63000
[2026-08-14 16:29:24] [INFO] [sparql_collector] [2A-7. 主題エンティティ (schema:about) 網羅検索 (Part 7)] Sub-fetch (limit=1000, progress=64000件〜) ...
[2026-08-14 16:29:25] [INFO] [sparql_collector] [2A-7. 主題エンティティ (schema:about) 網羅検索 (Part 7)] Got 1000 new items. (累計: 65000件) [0.88s]
[2026-08-14 16:29:25] [INFO] [logger] [STATS] FETCH | Count: 1000 | Time: 0.88s | Info: 2A-7. 主題エンティティ (schema:about) 網羅検索 (Part 7) | Offset: 64000
[2026-08-14 16:29:26] [INFO] [sparql_collector] [2A-7. 主題エンティティ (schema:about) 網羅検索 (Part 7)] Sub-fetch (limit=1000, progress=65000件〜) ...
[2026-08-14 16:29:26] [INFO] [sparql_collector] [2A-7. 主題エンティティ (schema:about) 網羅検索 (Part 7)] Got 1000 new items. (累計: 66000件) [0.94s]
[2026-08-14 16:29:26] [INFO] [logger] [STATS] FETCH | Count: 1000 | Time: 0.94s | Info: 2A-7. 主題エンティティ (schema:about) 網羅検索 (Part 7) | Offset: 65000
[2026-08-14 16:29:27] [INFO] [sparql_collector] [2A-7. 主題エンティティ (schema:about) 網羅検索 (Part 7)] Sub-fetch (limit=1000, progress=66000件〜) ...
[2026-08-14 16:29:28] [INFO] [sparql_collector] [2A-7. 主題エンティティ (schema:about) 網羅検索 (Part 7)] Got 1000 new items. (累計: 67000件) [0.90s]
[2026-08-14 16:29:28] [INFO] [logger] [STATS] FETCH | Count: 1000 | Time: 0.90s | Info: 2A-7. 主題エンティティ (schema:about) 網羅検索 (Part 7) | Offset: 66000
[2026-08-14 16:29:28] [INFO] [sparql_collector] [2A-7. 主題エンティティ (schema:about) 網羅検索 (Part 7)] Sub-fetch (limit=1000, progress=67000件〜) ...
[2026-08-14 16:29:29] [INFO] [sparql_collector] [2A-7. 主題エンティティ (schema:about) 網羅検索 (Part 7)] Got 1000 new items. (累計: 68000件) [0.89s]
[2026-08-14 16:29:29] [INFO] [logger] [STATS] FETCH | Count: 1000 | Time: 0.89s | Info: 2A-7. 主題エンティティ (schema:about) 網羅検索 (Part 7) | Offset: 67000
[2026-08-14 16:29:30] [INFO] [sparql_collector] [2A-7. 主題エンティティ (schema:about) 網羅検索 (Part 7)] Sub-fetch (limit=1000, progress=68000件〜) ...
[2026-08-14 16:29:31] [INFO] [sparql_collector] [2A-7. 主題エンティティ (schema:about) 網羅検索 (Part 7)] Got 1000 new items. (累計: 69000件) [0.91s]
[2026-08-14 16:29:31] [INFO] [logger] [STATS] FETCH | Count: 1000 | Time: 0.91s | Info: 2A-7. 主題エンティティ (schema:about) 網羅検索 (Part 7) | Offset: 68000
[2026-08-14 16:37:07] [INFO] [sparql_collector] --- [開始] 1-1. タイトル・名称 網羅検索 (Part 1) (全件網羅 (上限なし)) ---
[2026-08-14 16:37:07] [INFO] [sparql_collector] [1-1. タイトル・名称 網羅検索 (Part 1)] Sub-fetch (limit=1000, progress=0件〜) ...
[2026-08-14 16:37:07] [INFO] [sparql_collector] [1-1. タイトル・名称 網羅検索 (Part 1)] Got 1000 new items. (累計: 1000件) [0.40s]
[2026-08-14 16:37:07] [INFO] [logger] [STATS] FETCH | Count: 1000 | Time: 0.40s | Info: 1-1. タイトル・名称 網羅検索 (Part 1) | Offset: 0
[2026-08-14 16:37:07] [INFO] [sparql_collector] [1-1. タイトル・名称 網羅検索 (Part 1)] Sub-fetch (limit=1000, progress=1000件〜) ...
[2026-08-14 16:37:08] [INFO] [sparql_collector] [1-1. タイトル・名称 網羅検索 (Part 1)] Got 1000 new items. (累計: 2000件) [0.14s]
[2026-08-14 16:37:08] [INFO] [logger] [STATS] FETCH | Count: 1000 | Time: 0.14s | Info: 1-1. タイトル・名称 網羅検索 (Part 1) | Offset: 1000
[2026-08-14 16:37:08] [INFO] [sparql_collector] [1-1. タイトル・名称 網羅検索 (Part 1)] Sub-fetch (limit=1000, progress=2000件〜) ...
[2026-08-14 16:37:08] [INFO] [sparql_collector] [1-1. タイトル・名称 網羅検索 (Part 1)] Got 1000 new items. (累計: 3000件) [0.19s]
[2026-08-14 16:37:08] [INFO] [logger] [STATS] FETCH | Count: 1000 | Time: 0.19s | Info: 1-1. タイトル・名称 網羅検索 (Part 1) | Offset: 2000
[2026-08-14 16:37:09] [INFO] [sparql_collector] [1-1. タイトル・名称 網羅検索 (Part 1)] Sub-fetch (limit=1000, progress=3000件〜) ...
[2026-08-14 16:37:09] [INFO] [sparql_collector] [1-1. タイトル・名称 網羅検索 (Part 1)] Got 1000 new items. (累計: 4000件) [0.26s]
[2026-08-14 16:37:09] [INFO] [logger] [STATS] FETCH | Count: 1000 | Time: 0.26s | Info: 1-1. タイトル・名称 網羅検索 (Part 1) | Offset: 3000
[2026-08-14 16:37:10] [INFO] [sparql_collector] [1-1. タイトル・名称 網羅検索 (Part 1)] Sub-fetch (limit=1000, progress=4000件〜) ...
[2026-08-14 16:37:10] [INFO] [sparql_collector] [1-1. タイトル・名称 網羅検索 (Part 1)] Got 1000 new items. (累計: 5000件) [0.33s]
[2026-08-14 16:37:10] [INFO] [logger] [STATS] FETCH | Count: 1000 | Time: 0.33s | Info: 1-1. タイトル・名称 網羅検索 (Part 1) | Offset: 4000
[2026-08-14 16:37:10] [INFO] [sparql_collector] [1-1. タイトル・名称 網羅検索 (Part 1)] Sub-fetch (limit=1000, progress=5000件〜) ...
[2026-08-14 16:37:11] [INFO] [sparql_collector] [1-1. タイトル・名称 網羅検索 (Part 1)] Got 1000 new items. (累計: 6000件) [0.37s]
[2026-08-14 16:37:11] [INFO] [logger] [STATS] FETCH | Count: 1000 | Time: 0.37s | Info: 1-1. タイトル・名称 網羅検索 (Part 1) | Offset: 5000
[2026-08-14 16:37:11] [INFO] [sparql_collector] [1-1. タイトル・名称 網羅検索 (Part 1)] Sub-fetch (limit=1000, progress=6000件〜) ...
[2026-08-14 16:37:12] [INFO] [sparql_collector] [1-1. タイトル・名称 網羅検索 (Part 1)] Got 1000 new items. (累計: 7000件) [1.01s]
[2026-08-14 16:37:12] [INFO] [logger] [STATS] FETCH | Count: 1000 | Time: 1.01s | Info: 1-1. タイトル・名称 網羅検索 (Part 1) | Offset: 6000
[2026-08-14 16:37:13] [INFO] [sparql_collector] [1-1. タイトル・名称 網羅検索 (Part 1)] Sub-fetch (limit=1000, progress=7000件〜) ...
[2026-08-14 16:37:14] [INFO] [sparql_collector] [1-1. タイトル・名称 網羅検索 (Part 1)] Got 1000 new items. (累計: 8000件) [1.08s]
[2026-08-14 16:37:14] [INFO] [logger] [STATS] FETCH | Count: 1000 | Time: 1.08s | Info: 1-1. タイトル・名称 網羅検索 (Part 1) | Offset: 7000
[2026-08-14 16:37:14] [INFO] [sparql_collector] [1-1. タイトル・名称 網羅検索 (Part 1)] Sub-fetch (limit=1000, progress=8000件〜) ...
[2026-08-14 16:37:15] [INFO] [sparql_collector] [1-1. タイトル・名称 網羅検索 (Part 1)] Got 1000 new items. (累計: 9000件) [1.07s]
[2026-08-14 16:37:15] [INFO] [logger] [STATS] FETCH | Count: 1000 | Time: 1.07s | Info: 1-1. タイトル・名称 網羅検索 (Part 1) | Offset: 8000
[2026-08-14 16:37:16] [INFO] [sparql_collector] [1-1. タイトル・名称 網羅検索 (Part 1)] Sub-fetch (limit=1000, progress=9000件〜) ...
[2026-08-14 16:37:17] [INFO] [sparql_collector] [1-1. タイトル・名称 網羅検索 (Part 1)] Got 1000 new items. (累計: 10000件) [1.16s]
[2026-08-14 16:37:17] [INFO] [logger] [STATS] FETCH | Count: 1000 | Time: 1.16s | Info: 1-1. タイトル・名称 網羅検索 (Part 1) | Offset: 9000
[2026-08-14 16:37:18] [INFO] [sparql_collector] [1-1. タイトル・名称 網羅検索 (Part 1)] Sub-fetch (limit=1000, progress=10000件〜) ...
[2026-08-14 16:37:19] [INFO] [sparql_collector] [1-1. タイトル・名称 網羅検索 (Part 1)] Got 1000 new items. (累計: 11000件) [1.15s]
[2026-08-14 16:37:19] [INFO] [logger] [STATS] FETCH | Count: 1000 | Time: 1.15s | Info: 1-1. タイトル・名称 網羅検索 (Part 1) | Offset: 10000
[2026-08-14 16:37:19] [INFO] [sparql_collector] [1-1. タイトル・名称 網羅検索 (Part 1)] Sub-fetch (limit=1000, progress=11000件〜) ...
[2026-08-14 16:37:20] [INFO] [sparql_collector] [1-1. タイトル・名称 網羅検索 (Part 1)] Got 1000 new items. (累計: 12000件) [1.25s]
[2026-08-14 16:37:20] [INFO] [logger] [STATS] FETCH | Count: 1000 | Time: 1.25s | Info: 1-1. タイトル・名称 網羅検索 (Part 1) | Offset: 11000
[2026-08-14 16:37:21] [INFO] [sparql_collector] [1-1. タイトル・名称 網羅検索 (Part 1)] Sub-fetch (limit=1000, progress=12000件〜) ...
[2026-08-14 16:37:22] [INFO] [sparql_collector] [1-1. タイトル・名称 網羅検索 (Part 1)] Got 1000 new items. (累計: 13000件) [1.31s]
[2026-08-14 16:37:22] [INFO] [logger] [STATS] FETCH | Count: 1000 | Time: 1.31s | Info: 1-1. タイトル・名称 網羅検索 (Part 1) | Offset: 12000
[2026-08-14 16:37:23] [INFO] [sparql_collector] [1-1. タイトル・名称 網羅検索 (Part 1)] Sub-fetch (limit=1000, progress=13000件〜) ...
[2026-08-14 16:37:24] [INFO] [sparql_collector] [1-1. タイトル・名称 網羅検索 (Part 1)] Got 1000 new items. (累計: 14000件) [1.34s]
[2026-08-14 16:37:24] [INFO] [logger] [STATS] FETCH | Count: 1000 | Time: 1.34s | Info: 1-1. タイトル・名称 網羅検索 (Part 1) | Offset: 13000
[2026-08-14 16:37:25] [INFO] [sparql_collector] [1-1. タイトル・名称 網羅検索 (Part 1)] Sub-fetch (limit=1000, progress=14000件〜) ...
[2026-08-14 16:37:26] [INFO] [sparql_collector] [1-1. タイトル・名称 網羅検索 (Part 1)] Got 1000 new items. (累計: 15000件) [1.44s]
[2026-08-14 16:37:26] [INFO] [logger] [STATS] FETCH | Count: 1000 | Time: 1.44s | Info: 1-1. タイトル・名称 網羅検索 (Part 1) | Offset: 14000
[2026-08-14 16:37:27] [INFO] [sparql_collector] [1-1. タイトル・名称 網羅検索 (Part 1)] Sub-fetch (limit=1000, progress=15000件〜) ...
[2026-08-14 16:37:28] [INFO] [sparql_collector] [1-1. タイトル・名称 網羅検索 (Part 1)] Got 1000 new items. (累計: 16000件) [1.41s]
[2026-08-14 16:37:28] [INFO] [logger] [STATS] FETCH | Count: 1000 | Time: 1.41s | Info: 1-1. タイトル・名称 網羅検索 (Part 1) | Offset: 15000
[2026-08-14 16:37:28] [INFO] [sparql_collector] [1-1. タイトル・名称 網羅検索 (Part 1)] Sub-fetch (limit=1000, progress=16000件〜) ...
[2026-08-14 16:37:30] [INFO] [sparql_collector] [1-1. タイトル・名称 網羅検索 (Part 1)] Got 1000 new items. (累計: 17000件) [1.52s]
[2026-08-14 16:37:30] [INFO] [logger] [STATS] FETCH | Count: 1000 | Time: 1.52s | Info: 1-1. タイトル・名称 網羅検索 (Part 1) | Offset: 16000
[2026-08-14 16:37:31] [INFO] [sparql_collector] [1-1. タイトル・名称 網羅検索 (Part 1)] Sub-fetch (limit=1000, progress=17000件〜) ...
[2026-08-14 16:37:32] [INFO] [sparql_collector] [1-1. タイトル・名称 網羅検索 (Part 1)] Got 1000 new items. (累計: 18000件) [1.59s]
[2026-08-14 16:37:32] [INFO] [logger] [STATS] FETCH | Count: 1000 | Time: 1.59s | Info: 1-1. タイトル・名称 網羅検索 (Part 1) | Offset: 17000
[2026-08-14 16:37:33] [INFO] [sparql_collector] [1-1. タイトル・名称 網羅検索 (Part 1)] Sub-fetch (limit=1000, progress=18000件〜) ...
[2026-08-14 16:37:34] [INFO] [sparql_collector] [1-1. タイトル・名称 網羅検索 (Part 1)] Got 1000 new items. (累計: 19000件) [1.77s]
[2026-08-14 16:37:34] [INFO] [logger] [STATS] FETCH | Count: 1000 | Time: 1.77s | Info: 1-1. タイトル・名称 網羅検索 (Part 1) | Offset: 18000
[2026-08-14 16:37:35] [INFO] [sparql_collector] [1-1. タイトル・名称 網羅検索 (Part 1)] Sub-fetch (limit=1000, progress=19000件〜) ...
[2026-08-14 16:37:37] [INFO] [sparql_collector] [1-1. タイトル・名称 網羅検索 (Part 1)] Got 1000 new items. (累計: 20000件) [1.80s]
[2026-08-14 16:37:37] [INFO] [logger] [STATS] FETCH | Count: 1000 | Time: 1.80s | Info: 1-1. タイトル・名称 網羅検索 (Part 1) | Offset: 19000
[2026-08-14 16:37:37] [INFO] [sparql_collector] [1-1. タイトル・名称 網羅検索 (Part 1)] Sub-fetch (limit=1000, progress=20000件〜) ...
[2026-08-14 16:37:39] [INFO] [sparql_collector] [1-1. タイトル・名称 網羅検索 (Part 1)] Got 1000 new items. (累計: 21000件) [1.90s]
[2026-08-14 16:37:39] [INFO] [logger] [STATS] FETCH | Count: 1000 | Time: 1.90s | Info: 1-1. タイトル・名称 網羅検索 (Part 1) | Offset: 20000
[2026-08-14 16:37:40] [INFO] [sparql_collector] [1-1. タイトル・名称 網羅検索 (Part 1)] Sub-fetch (limit=1000, progress=21000件〜) ...
[2026-08-14 16:37:43] [INFO] [sparql_collector] [1-1. タイトル・名称 網羅検索 (Part 1)] Got 1000 new items. (累計: 22000件) [3.05s]
[2026-08-14 16:37:43] [INFO] [logger] [STATS] FETCH | Count: 1000 | Time: 3.05s | Info: 1-1. タイトル・名称 網羅検索 (Part 1) | Offset: 21000
[2026-08-14 16:37:43] [INFO] [sparql_collector] [1-1. タイトル・名称 網羅検索 (Part 1)] Sub-fetch (limit=1000, progress=22000件〜) ...
[2026-08-14 16:37:46] [INFO] [sparql_collector] [1-1. タイトル・名称 網羅検索 (Part 1)] Got 1000 new items. (累計: 23000件) [3.24s]
[2026-08-14 16:37:46] [INFO] [logger] [STATS] FETCH | Count: 1000 | Time: 3.24s | Info: 1-1. タイトル・名称 網羅検索 (Part 1) | Offset: 22000
[2026-08-14 16:37:47] [INFO] [sparql_collector] [1-1. タイトル・名称 網羅検索 (Part 1)] Sub-fetch (limit=1000, progress=23000件〜) ...
[2026-08-14 16:37:51] [INFO] [sparql_collector] [1-1. タイトル・名称 網羅検索 (Part 1)] Got 919 new items. (累計: 23919件) [3.62s]
[2026-08-14 16:37:51] [INFO] [logger] [STATS] FETCH | Count: 919 | Time: 3.62s | Info: 1-1. タイトル・名称 網羅検索 (Part 1) | Offset: 23000
[2026-08-14 16:37:51] [INFO] [sparql_collector] [1-1. タイトル・名称 網羅検索 (Part 1)] 最終バッチ到達（全データ取得完了）。
[2026-08-14 16:37:52] [INFO] [sparql_collector] --- [開始] 1-2. タイトル・名称 網羅検索 (Part 2) (全件網羅 (上限なし)) ---
[2026-08-14 16:37:52] [INFO] [sparql_collector] [1-2. タイトル・名称 網羅検索 (Part 2)] Sub-fetch (limit=1000, progress=0件〜) ...
[2026-08-14 16:37:52] [INFO] [sparql_collector] [1-2. タイトル・名称 網羅検索 (Part 2)] Got 1000 new items. (累計: 1000件) [0.15s]
[2026-08-14 16:37:52] [INFO] [logger] [STATS] FETCH | Count: 1000 | Time: 0.15s | Info: 1-2. タイトル・名称 網羅検索 (Part 2) | Offset: 0
[2026-08-14 16:37:53] [INFO] [sparql_collector] [1-2. タイトル・名称 網羅検索 (Part 2)] Sub-fetch (limit=1000, progress=1000件〜) ...
[2026-08-14 16:37:53] [INFO] [sparql_collector] [1-2. タイトル・名称 網羅検索 (Part 2)] Got 1000 new items. (累計: 2000件) [0.17s]
[2026-08-14 16:37:53] [INFO] [logger] [STATS] FETCH | Count: 1000 | Time: 0.17s | Info: 1-2. タイトル・名称 網羅検索 (Part 2) | Offset: 1000
[2026-08-14 16:37:53] [INFO] [sparql_collector] [1-2. タイトル・名称 網羅検索 (Part 2)] Sub-fetch (limit=1000, progress=2000件〜) ...
[2026-08-14 16:37:54] [INFO] [sparql_collector] [1-2. タイトル・名称 網羅検索 (Part 2)] Got 1000 new items. (累計: 3000件) [0.22s]
[2026-08-14 16:37:54] [INFO] [logger] [STATS] FETCH | Count: 1000 | Time: 0.22s | Info: 1-2. タイトル・名称 網羅検索 (Part 2) | Offset: 2000
[2026-08-14 16:37:54] [INFO] [sparql_collector] [1-2. タイトル・名称 網羅検索 (Part 2)] Sub-fetch (limit=1000, progress=3000件〜) ...
[2026-08-14 16:37:54] [INFO] [sparql_collector] [1-2. タイトル・名称 網羅検索 (Part 2)] Got 1000 new items. (累計: 4000件) [0.26s]
[2026-08-14 16:37:54] [INFO] [logger] [STATS] FETCH | Count: 1000 | Time: 0.26s | Info: 1-2. タイトル・名称 網羅検索 (Part 2) | Offset: 3000
[2026-08-14 16:37:55] [INFO] [sparql_collector] [1-2. タイトル・名称 網羅検索 (Part 2)] Sub-fetch (limit=1000, progress=4000件〜) ...
[2026-08-14 16:37:55] [INFO] [sparql_collector] [1-2. タイトル・名称 網羅検索 (Part 2)] Got 1000 new items. (累計: 5000件) [0.30s]
[2026-08-14 16:37:55] [INFO] [logger] [STATS] FETCH | Count: 1000 | Time: 0.30s | Info: 1-2. タイトル・名称 網羅検索 (Part 2) | Offset: 4000
[2026-08-14 16:37:56] [INFO] [sparql_collector] [1-2. タイトル・名称 網羅検索 (Part 2)] Sub-fetch (limit=1000, progress=5000件〜) ...
[2026-08-14 16:37:56] [INFO] [sparql_collector] [1-2. タイトル・名称 網羅検索 (Part 2)] Got 1000 new items. (累計: 6000件) [0.41s]
[2026-08-14 16:37:56] [INFO] [logger] [STATS] FETCH | Count: 1000 | Time: 0.41s | Info: 1-2. タイトル・名称 網羅検索 (Part 2) | Offset: 5000
[2026-08-14 16:37:57] [INFO] [sparql_collector] [1-2. タイトル・名称 網羅検索 (Part 2)] Sub-fetch (limit=1000, progress=6000件〜) ...
[2026-08-14 16:37:57] [INFO] [sparql_collector] [1-2. タイトル・名称 網羅検索 (Part 2)] Got 1000 new items. (累計: 7000件) [0.56s]
[2026-08-14 16:37:57] [INFO] [logger] [STATS] FETCH | Count: 1000 | Time: 0.56s | Info: 1-2. タイトル・名称 網羅検索 (Part 2) | Offset: 6000
[2026-08-14 16:37:58] [INFO] [sparql_collector] [1-2. タイトル・名称 網羅検索 (Part 2)] Sub-fetch (limit=1000, progress=7000件〜) ...
[2026-08-14 16:37:58] [INFO] [sparql_collector] [1-2. タイトル・名称 網羅検索 (Part 2)] Got 1000 new items. (累計: 8000件) [0.61s]
[2026-08-14 16:37:58] [INFO] [logger] [STATS] FETCH | Count: 1000 | Time: 0.61s | Info: 1-2. タイトル・名称 網羅検索 (Part 2) | Offset: 7000
[2026-08-14 16:37:59] [INFO] [sparql_collector] [1-2. タイトル・名称 網羅検索 (Part 2)] Sub-fetch (limit=1000, progress=8000件〜) ...
[2026-08-14 16:37:59] [INFO] [sparql_collector] [1-2. タイトル・名称 網羅検索 (Part 2)] Got 1000 new items. (累計: 9000件) [0.68s]
[2026-08-14 16:37:59] [INFO] [logger] [STATS] FETCH | Count: 1000 | Time: 0.68s | Info: 1-2. タイトル・名称 網羅検索 (Part 2) | Offset: 8000
[2026-08-14 16:38:00] [INFO] [sparql_collector] [1-2. タイトル・名称 網羅検索 (Part 2)] Sub-fetch (limit=1000, progress=9000件〜) ...
[2026-08-14 16:38:01] [INFO] [sparql_collector] [1-2. タイトル・名称 網羅検索 (Part 2)] Got 1000 new items. (累計: 10000件) [0.70s]
[2026-08-14 16:38:01] [INFO] [logger] [STATS] FETCH | Count: 1000 | Time: 0.70s | Info: 1-2. タイトル・名称 網羅検索 (Part 2) | Offset: 9000
[2026-08-14 16:38:01] [INFO] [sparql_collector] [1-2. タイトル・名称 網羅検索 (Part 2)] Sub-fetch (limit=1000, progress=10000件〜) ...
[2026-08-14 16:38:02] [INFO] [sparql_collector] [1-2. タイトル・名称 網羅検索 (Part 2)] Got 1000 new items. (累計: 11000件) [0.79s]
[2026-08-14 16:38:02] [INFO] [logger] [STATS] FETCH | Count: 1000 | Time: 0.79s | Info: 1-2. タイトル・名称 網羅検索 (Part 2) | Offset: 10000
[2026-08-14 16:38:02] [INFO] [sparql_collector] [1-2. タイトル・名称 網羅検索 (Part 2)] Sub-fetch (limit=1000, progress=11000件〜) ...
[2026-08-14 16:38:03] [INFO] [sparql_collector] [1-2. タイトル・名称 網羅検索 (Part 2)] Got 1000 new items. (累計: 12000件) [0.85s]
[2026-08-14 16:38:03] [INFO] [logger] [STATS] FETCH | Count: 1000 | Time: 0.85s | Info: 1-2. タイトル・名称 網羅検索 (Part 2) | Offset: 11000
[2026-08-14 16:38:04] [INFO] [sparql_collector] [1-2. タイトル・名称 網羅検索 (Part 2)] Sub-fetch (limit=1000, progress=12000件〜) ...
[2026-08-14 16:38:05] [INFO] [sparql_collector] [1-2. タイトル・名称 網羅検索 (Part 2)] Got 1000 new items. (累計: 13000件) [0.91s]
[2026-08-14 16:38:05] [INFO] [logger] [STATS] FETCH | Count: 1000 | Time: 0.91s | Info: 1-2. タイトル・名称 網羅検索 (Part 2) | Offset: 12000
[2026-08-14 16:38:05] [INFO] [sparql_collector] [1-2. タイトル・名称 網羅検索 (Part 2)] Sub-fetch (limit=1000, progress=13000件〜) ...
[2026-08-14 16:38:06] [INFO] [sparql_collector] [1-2. タイトル・名称 網羅検索 (Part 2)] Got 1000 new items. (累計: 14000件) [0.92s]
[2026-08-14 16:38:06] [INFO] [logger] [STATS] FETCH | Count: 1000 | Time: 0.92s | Info: 1-2. タイトル・名称 網羅検索 (Part 2) | Offset: 13000
[2026-08-14 16:38:07] [INFO] [sparql_collector] [1-2. タイトル・名称 網羅検索 (Part 2)] Sub-fetch (limit=1000, progress=14000件〜) ...
[2026-08-14 16:38:08] [INFO] [sparql_collector] [1-2. タイトル・名称 網羅検索 (Part 2)] Got 1000 new items. (累計: 15000件) [0.97s]
[2026-08-14 16:38:08] [INFO] [logger] [STATS] FETCH | Count: 1000 | Time: 0.97s | Info: 1-2. タイトル・名称 網羅検索 (Part 2) | Offset: 14000
[2026-08-14 16:38:08] [INFO] [sparql_collector] [1-2. タイトル・名称 網羅検索 (Part 2)] Sub-fetch (limit=1000, progress=15000件〜) ...
[2026-08-14 16:38:09] [INFO] [sparql_collector] [1-2. タイトル・名称 網羅検索 (Part 2)] Got 1000 new items. (累計: 16000件) [1.01s]
[2026-08-14 16:38:09] [INFO] [logger] [STATS] FETCH | Count: 1000 | Time: 1.01s | Info: 1-2. タイトル・名称 網羅検索 (Part 2) | Offset: 15000
[2026-08-14 16:38:10] [INFO] [sparql_collector] [1-2. タイトル・名称 網羅検索 (Part 2)] Sub-fetch (limit=1000, progress=16000件〜) ...
[2026-08-14 16:38:11] [INFO] [sparql_collector] [1-2. タイトル・名称 網羅検索 (Part 2)] Got 1000 new items. (累計: 17000件) [1.06s]
[2026-08-14 16:38:11] [INFO] [logger] [STATS] FETCH | Count: 1000 | Time: 1.06s | Info: 1-2. タイトル・名称 網羅検索 (Part 2) | Offset: 16000
[2026-08-14 16:38:11] [INFO] [sparql_collector] [1-2. タイトル・名称 網羅検索 (Part 2)] Sub-fetch (limit=1000, progress=17000件〜) ...
[2026-08-14 16:38:12] [INFO] [sparql_collector] [1-2. タイトル・名称 網羅検索 (Part 2)] Got 1000 new items. (累計: 18000件) [1.10s]
[2026-08-14 16:38:12] [INFO] [logger] [STATS] FETCH | Count: 1000 | Time: 1.10s | Info: 1-2. タイトル・名称 網羅検索 (Part 2) | Offset: 17000
[2026-08-14 16:38:13] [INFO] [sparql_collector] [1-2. タイトル・名称 網羅検索 (Part 2)] Sub-fetch (limit=1000, progress=18000件〜) ...
[2026-08-14 16:38:14] [INFO] [sparql_collector] [1-2. タイトル・名称 網羅検索 (Part 2)] Got 1000 new items. (累計: 19000件) [1.14s]
[2026-08-14 16:38:14] [INFO] [logger] [STATS] FETCH | Count: 1000 | Time: 1.14s | Info: 1-2. タイトル・名称 網羅検索 (Part 2) | Offset: 18000
[2026-08-14 16:38:14] [INFO] [sparql_collector] [1-2. タイトル・名称 網羅検索 (Part 2)] Sub-fetch (limit=1000, progress=19000件〜) ...
[2026-08-14 16:38:16] [INFO] [sparql_collector] [1-2. タイトル・名称 網羅検索 (Part 2)] Got 1000 new items. (累計: 20000件) [1.21s]
[2026-08-14 16:38:16] [INFO] [logger] [STATS] FETCH | Count: 1000 | Time: 1.21s | Info: 1-2. タイトル・名称 網羅検索 (Part 2) | Offset: 19000
[2026-08-14 16:38:16] [INFO] [sparql_collector] [1-2. タイトル・名称 網羅検索 (Part 2)] Sub-fetch (limit=1000, progress=20000件〜) ...
[2026-08-14 16:38:17] [INFO] [sparql_collector] [1-2. タイトル・名称 網羅検索 (Part 2)] Got 1000 new items. (累計: 21000件) [1.24s]
[2026-08-14 16:38:17] [INFO] [logger] [STATS] FETCH | Count: 1000 | Time: 1.24s | Info: 1-2. タイトル・名称 網羅検索 (Part 2) | Offset: 20000
[2026-08-14 16:38:18] [INFO] [sparql_collector] [1-2. タイトル・名称 網羅検索 (Part 2)] Sub-fetch (limit=1000, progress=21000件〜) ...
[2026-08-14 16:38:19] [INFO] [sparql_collector] [1-2. タイトル・名称 網羅検索 (Part 2)] Got 1000 new items. (累計: 22000件) [1.35s]
[2026-08-14 16:38:19] [INFO] [logger] [STATS] FETCH | Count: 1000 | Time: 1.35s | Info: 1-2. タイトル・名称 網羅検索 (Part 2) | Offset: 21000
[2026-08-14 16:38:20] [INFO] [sparql_collector] [1-2. タイトル・名称 網羅検索 (Part 2)] Sub-fetch (limit=1000, progress=22000件〜) ...
[2026-08-14 16:38:21] [INFO] [sparql_collector] [1-2. タイトル・名称 網羅検索 (Part 2)] Got 1000 new items. (累計: 23000件) [1.34s]
[2026-08-14 16:38:21] [INFO] [logger] [STATS] FETCH | Count: 1000 | Time: 1.34s | Info: 1-2. タイトル・名称 網羅検索 (Part 2) | Offset: 22000
[2026-08-14 16:38:22] [INFO] [sparql_collector] [1-2. タイトル・名称 網羅検索 (Part 2)] Sub-fetch (limit=1000, progress=23000件〜) ...
[2026-08-14 16:38:23] [INFO] [sparql_collector] [1-2. タイトル・名称 網羅検索 (Part 2)] Got 1000 new items. (累計: 24000件) [1.39s]
[2026-08-14 16:38:23] [INFO] [logger] [STATS] FETCH | Count: 1000 | Time: 1.39s | Info: 1-2. タイトル・名称 網羅検索 (Part 2) | Offset: 23000
[2026-08-14 16:38:23] [INFO] [sparql_collector] [1-2. タイトル・名称 網羅検索 (Part 2)] Sub-fetch (limit=1000, progress=24000件〜) ...
[2026-08-14 16:38:25] [INFO] [sparql_collector] [1-2. タイトル・名称 網羅検索 (Part 2)] Got 1000 new items. (累計: 25000件) [1.40s]
[2026-08-14 16:38:25] [INFO] [logger] [STATS] FETCH | Count: 1000 | Time: 1.40s | Info: 1-2. タイトル・名称 網羅検索 (Part 2) | Offset: 24000
[2026-08-14 16:38:25] [INFO] [sparql_collector] [1-2. タイトル・名称 網羅検索 (Part 2)] Sub-fetch (limit=1000, progress=25000件〜) ...
[2026-08-14 16:38:27] [INFO] [sparql_collector] [1-2. タイトル・名称 網羅検索 (Part 2)] Got 1000 new items. (累計: 26000件) [1.76s]
[2026-08-14 16:38:27] [INFO] [logger] [STATS] FETCH | Count: 1000 | Time: 1.76s | Info: 1-2. タイトル・名称 網羅検索 (Part 2) | Offset: 25000
[2026-08-14 16:38:28] [INFO] [sparql_collector] [1-2. タイトル・名称 網羅検索 (Part 2)] Sub-fetch (limit=1000, progress=26000件〜) ...
[2026-08-14 16:38:29] [INFO] [sparql_collector] [1-2. タイトル・名称 網羅検索 (Part 2)] Got 1000 new items. (累計: 27000件) [1.64s]
[2026-08-14 16:38:29] [INFO] [logger] [STATS] FETCH | Count: 1000 | Time: 1.64s | Info: 1-2. タイトル・名称 網羅検索 (Part 2) | Offset: 26000
[2026-08-14 16:38:30] [INFO] [sparql_collector] [1-2. タイトル・名称 網羅検索 (Part 2)] Sub-fetch (limit=1000, progress=27000件〜) ...
[2026-08-14 16:38:32] [INFO] [sparql_collector] [1-2. タイトル・名称 網羅検索 (Part 2)] Got 1000 new items. (累計: 28000件) [1.71s]
[2026-08-14 16:38:32] [INFO] [logger] [STATS] FETCH | Count: 1000 | Time: 1.71s | Info: 1-2. タイトル・名称 網羅検索 (Part 2) | Offset: 27000
[2026-08-14 16:38:32] [INFO] [sparql_collector] [1-2. タイトル・名称 網羅検索 (Part 2)] Sub-fetch (limit=1000, progress=28000件〜) ...
[2026-08-14 16:38:34] [INFO] [sparql_collector] [1-2. タイトル・名称 網羅検索 (Part 2)] Got 1000 new items. (累計: 29000件) [1.75s]
[2026-08-14 16:38:34] [INFO] [logger] [STATS] FETCH | Count: 1000 | Time: 1.75s | Info: 1-2. タイトル・名称 網羅検索 (Part 2) | Offset: 28000
[2026-08-14 16:38:34] [INFO] [sparql_collector] [1-2. タイトル・名称 網羅検索 (Part 2)] Sub-fetch (limit=1000, progress=29000件〜) ...
[2026-08-14 16:38:36] [INFO] [sparql_collector] [1-2. タイトル・名称 網羅検索 (Part 2)] Got 1000 new items. (累計: 30000件) [1.77s]
[2026-08-14 16:38:36] [INFO] [logger] [STATS] FETCH | Count: 1000 | Time: 1.77s | Info: 1-2. タイトル・名称 網羅検索 (Part 2) | Offset: 29000
[2026-08-14 16:38:37] [INFO] [sparql_collector] [1-2. タイトル・名称 網羅検索 (Part 2)] Sub-fetch (limit=1000, progress=30000件〜) ...
[2026-08-14 16:38:39] [INFO] [sparql_collector] [1-2. タイトル・名称 網羅検索 (Part 2)] Got 1000 new items. (累計: 31000件) [2.55s]
[2026-08-14 16:38:39] [INFO] [logger] [STATS] FETCH | Count: 1000 | Time: 2.55s | Info: 1-2. タイトル・名称 網羅検索 (Part 2) | Offset: 30000
[2026-08-14 16:38:40] [INFO] [sparql_collector] [1-2. タイトル・名称 網羅検索 (Part 2)] Sub-fetch (limit=1000, progress=31000件〜) ...
[2026-08-14 16:38:43] [INFO] [sparql_collector] [1-2. タイトル・名称 網羅検索 (Part 2)] Got 1000 new items. (累計: 32000件) [3.37s]
[2026-08-14 16:38:43] [INFO] [logger] [STATS] FETCH | Count: 1000 | Time: 3.37s | Info: 1-2. タイトル・名称 網羅検索 (Part 2) | Offset: 31000
[2026-08-14 16:38:43] [INFO] [sparql_collector] [1-2. タイトル・名称 網羅検索 (Part 2)] Sub-fetch (limit=1000, progress=32000件〜) ...
[2026-08-14 16:38:47] [INFO] [sparql_collector] [1-2. タイトル・名称 網羅検索 (Part 2)] Got 1 new items. (累計: 32001件) [3.09s]
[2026-08-14 16:38:47] [INFO] [logger] [STATS] FETCH | Count: 1 | Time: 3.09s | Info: 1-2. タイトル・名称 網羅検索 (Part 2) | Offset: 32000
[2026-08-14 16:38:47] [INFO] [sparql_collector] [1-2. タイトル・名称 網羅検索 (Part 2)] 最終バッチ到達（全データ取得完了）。
[2026-08-14 16:38:48] [INFO] [sparql_collector] --- [開始] 1-3. タイトル・名称 網羅検索 (Part 3) (全件網羅 (上限なし)) ---
[2026-08-14 16:38:48] [INFO] [sparql_collector] [1-3. タイトル・名称 網羅検索 (Part 3)] Sub-fetch (limit=1000, progress=0件〜) ...
[2026-08-14 16:38:48] [INFO] [sparql_collector] [1-3. タイトル・名称 網羅検索 (Part 3)] Got 1000 new items. (累計: 1000件) [0.14s]
[2026-08-14 16:38:48] [INFO] [logger] [STATS] FETCH | Count: 1000 | Time: 0.14s | Info: 1-3. タイトル・名称 網羅検索 (Part 3) | Offset: 0
[2026-08-14 16:38:49] [INFO] [sparql_collector] [1-3. タイトル・名称 網羅検索 (Part 3)] Sub-fetch (limit=1000, progress=1000件〜) ...
[2026-08-14 16:38:49] [INFO] [sparql_collector] [1-3. タイトル・名称 網羅検索 (Part 3)] Got 1000 new items. (累計: 2000件) [0.16s]
[2026-08-14 16:38:49] [INFO] [logger] [STATS] FETCH | Count: 1000 | Time: 0.16s | Info: 1-3. タイトル・名称 網羅検索 (Part 3) | Offset: 1000
[2026-08-14 16:38:49] [INFO] [sparql_collector] [1-3. タイトル・名称 網羅検索 (Part 3)] Sub-fetch (limit=1000, progress=2000件〜) ...
[2026-08-14 16:38:50] [INFO] [sparql_collector] [1-3. タイトル・名称 網羅検索 (Part 3)] Got 1000 new items. (累計: 3000件) [0.19s]
[2026-08-14 16:38:50] [INFO] [logger] [STATS] FETCH | Count: 1000 | Time: 0.19s | Info: 1-3. タイトル・名称 網羅検索 (Part 3) | Offset: 2000
[2026-08-14 16:38:50] [INFO] [sparql_collector] [1-3. タイトル・名称 網羅検索 (Part 3)] Sub-fetch (limit=1000, progress=3000件〜) ...
[2026-08-14 16:38:50] [INFO] [sparql_collector] [1-3. タイトル・名称 網羅検索 (Part 3)] Got 1000 new items. (累計: 4000件) [0.24s]
[2026-08-14 16:38:50] [INFO] [logger] [STATS] FETCH | Count: 1000 | Time: 0.24s | Info: 1-3. タイトル・名称 網羅検索 (Part 3) | Offset: 3000
[2026-08-14 16:38:51] [INFO] [sparql_collector] [1-3. タイトル・名称 網羅検索 (Part 3)] Sub-fetch (limit=1000, progress=4000件〜) ...
[2026-08-14 16:38:51] [INFO] [sparql_collector] [1-3. タイトル・名称 網羅検索 (Part 3)] Got 1000 new items. (累計: 5000件) [0.28s]
[2026-08-14 16:38:51] [INFO] [logger] [STATS] FETCH | Count: 1000 | Time: 0.28s | Info: 1-3. タイトル・名称 網羅検索 (Part 3) | Offset: 4000
[2026-08-14 16:38:52] [INFO] [sparql_collector] [1-3. タイトル・名称 網羅検索 (Part 3)] Sub-fetch (limit=1000, progress=5000件〜) ...
[2026-08-14 16:38:52] [INFO] [sparql_collector] [1-3. タイトル・名称 網羅検索 (Part 3)] Got 1000 new items. (累計: 6000件) [0.32s]
[2026-08-14 16:38:52] [INFO] [logger] [STATS] FETCH | Count: 1000 | Time: 0.32s | Info: 1-3. タイトル・名称 網羅検索 (Part 3) | Offset: 5000
[2026-08-14 16:38:52] [INFO] [sparql_collector] [1-3. タイトル・名称 網羅検索 (Part 3)] Sub-fetch (limit=1000, progress=6000件〜) ...
[2026-08-14 16:38:53] [INFO] [sparql_collector] [1-3. タイトル・名称 網羅検索 (Part 3)] Got 1000 new items. (累計: 7000件) [0.35s]
[2026-08-14 16:38:53] [INFO] [logger] [STATS] FETCH | Count: 1000 | Time: 0.35s | Info: 1-3. タイトル・名称 網羅検索 (Part 3) | Offset: 6000
[2026-08-14 16:38:53] [INFO] [sparql_collector] [1-3. タイトル・名称 網羅検索 (Part 3)] Sub-fetch (limit=1000, progress=7000件〜) ...
[2026-08-14 16:38:54] [INFO] [sparql_collector] [1-3. タイトル・名称 網羅検索 (Part 3)] Got 1000 new items. (累計: 8000件) [0.39s]
[2026-08-14 16:38:54] [INFO] [logger] [STATS] FETCH | Count: 1000 | Time: 0.39s | Info: 1-3. タイトル・名称 網羅検索 (Part 3) | Offset: 7000
[2026-08-14 16:38:54] [INFO] [sparql_collector] [1-3. タイトル・名称 網羅検索 (Part 3)] Sub-fetch (limit=1000, progress=8000件〜) ...
[2026-08-14 16:38:55] [INFO] [sparql_collector] [1-3. タイトル・名称 網羅検索 (Part 3)] Got 1000 new items. (累計: 9000件) [0.46s]
[2026-08-14 16:38:55] [INFO] [logger] [STATS] FETCH | Count: 1000 | Time: 0.46s | Info: 1-3. タイトル・名称 網羅検索 (Part 3) | Offset: 8000
[2026-08-14 16:38:55] [INFO] [sparql_collector] [1-3. タイトル・名称 網羅検索 (Part 3)] Sub-fetch (limit=1000, progress=9000件〜) ...
[2026-08-14 16:38:56] [INFO] [sparql_collector] [1-3. タイトル・名称 網羅検索 (Part 3)] Got 1000 new items. (累計: 10000件) [0.47s]
[2026-08-14 16:38:56] [INFO] [logger] [STATS] FETCH | Count: 1000 | Time: 0.47s | Info: 1-3. タイトル・名称 網羅検索 (Part 3) | Offset: 9000
[2026-08-14 16:38:56] [INFO] [sparql_collector] [1-3. タイトル・名称 網羅検索 (Part 3)] Sub-fetch (limit=1000, progress=10000件〜) ...
[2026-08-14 16:38:57] [INFO] [sparql_collector] [1-3. タイトル・名称 網羅検索 (Part 3)] Got 1000 new items. (累計: 11000件) [0.52s]
[2026-08-14 16:38:57] [INFO] [logger] [STATS] FETCH | Count: 1000 | Time: 0.52s | Info: 1-3. タイトル・名称 網羅検索 (Part 3) | Offset: 10000
[2026-08-14 16:38:57] [INFO] [sparql_collector] [1-3. タイトル・名称 網羅検索 (Part 3)] Sub-fetch (limit=1000, progress=11000件〜) ...
[2026-08-14 16:38:58] [INFO] [sparql_collector] [1-3. タイトル・名称 網羅検索 (Part 3)] Got 1000 new items. (累計: 12000件) [0.57s]
[2026-08-14 16:38:58] [INFO] [logger] [STATS] FETCH | Count: 1000 | Time: 0.57s | Info: 1-3. タイトル・名称 網羅検索 (Part 3) | Offset: 11000
[2026-08-14 16:38:58] [INFO] [sparql_collector] [1-3. タイトル・名称 網羅検索 (Part 3)] Sub-fetch (limit=1000, progress=12000件〜) ...
[2026-08-14 16:38:59] [INFO] [sparql_collector] [1-3. タイトル・名称 網羅検索 (Part 3)] Got 1000 new items. (累計: 13000件) [0.64s]
[2026-08-14 16:38:59] [INFO] [logger] [STATS] FETCH | Count: 1000 | Time: 0.64s | Info: 1-3. タイトル・名称 網羅検索 (Part 3) | Offset: 12000
[2026-08-14 16:38:59] [INFO] [sparql_collector] [1-3. タイトル・名称 網羅検索 (Part 3)] Sub-fetch (limit=1000, progress=13000件〜) ...
[2026-08-14 16:39:00] [INFO] [sparql_collector] [1-3. タイトル・名称 網羅検索 (Part 3)] Got 1000 new items. (累計: 14000件) [0.65s]
[2026-08-14 16:39:00] [INFO] [logger] [STATS] FETCH | Count: 1000 | Time: 0.65s | Info: 1-3. タイトル・名称 網羅検索 (Part 3) | Offset: 13000
[2026-08-14 16:39:01] [INFO] [sparql_collector] [1-3. タイトル・名称 網羅検索 (Part 3)] Sub-fetch (limit=1000, progress=14000件〜) ...
[2026-08-14 16:39:01] [INFO] [sparql_collector] [1-3. タイトル・名称 網羅検索 (Part 3)] Got 1000 new items. (累計: 15000件) [0.73s]
[2026-08-14 16:39:01] [INFO] [logger] [STATS] FETCH | Count: 1000 | Time: 0.73s | Info: 1-3. タイトル・名称 網羅検索 (Part 3) | Offset: 14000
[2026-08-14 16:39:02] [INFO] [sparql_collector] [1-3. タイトル・名称 網羅検索 (Part 3)] Sub-fetch (limit=1000, progress=15000件〜) ...
[2026-08-14 16:39:03] [INFO] [sparql_collector] [1-3. タイトル・名称 網羅検索 (Part 3)] Got 1000 new items. (累計: 16000件) [0.81s]
[2026-08-14 16:39:03] [INFO] [logger] [STATS] FETCH | Count: 1000 | Time: 0.81s | Info: 1-3. タイトル・名称 網羅検索 (Part 3) | Offset: 15000
[2026-08-14 16:39:03] [INFO] [sparql_collector] [1-3. タイトル・名称 網羅検索 (Part 3)] Sub-fetch (limit=1000, progress=16000件〜) ...
[2026-08-14 16:39:04] [INFO] [sparql_collector] [1-3. タイトル・名称 網羅検索 (Part 3)] Got 1000 new items. (累計: 17000件) [0.79s]
[2026-08-14 16:39:04] [INFO] [logger] [STATS] FETCH | Count: 1000 | Time: 0.79s | Info: 1-3. タイトル・名称 網羅検索 (Part 3) | Offset: 16000
[2026-08-14 16:39:04] [INFO] [sparql_collector] [1-3. タイトル・名称 網羅検索 (Part 3)] Sub-fetch (limit=1000, progress=17000件〜) ...
[2026-08-14 16:39:05] [INFO] [sparql_collector] [1-3. タイトル・名称 網羅検索 (Part 3)] Got 1000 new items. (累計: 18000件) [0.82s]
[2026-08-14 16:39:05] [INFO] [logger] [STATS] FETCH | Count: 1000 | Time: 0.82s | Info: 1-3. タイトル・名称 網羅検索 (Part 3) | Offset: 17000
[2026-08-14 16:39:06] [INFO] [sparql_collector] [1-3. タイトル・名称 網羅検索 (Part 3)] Sub-fetch (limit=1000, progress=18000件〜) ...
[2026-08-14 16:39:07] [INFO] [sparql_collector] [1-3. タイトル・名称 網羅検索 (Part 3)] Got 1000 new items. (累計: 19000件) [0.87s]
[2026-08-14 16:39:07] [INFO] [logger] [STATS] FETCH | Count: 1000 | Time: 0.87s | Info: 1-3. タイトル・名称 網羅検索 (Part 3) | Offset: 18000
[2026-08-14 16:39:07] [INFO] [sparql_collector] [1-3. タイトル・名称 網羅検索 (Part 3)] Sub-fetch (limit=1000, progress=19000件〜) ...
[2026-08-14 16:39:08] [INFO] [sparql_collector] [1-3. タイトル・名称 網羅検索 (Part 3)] Got 1000 new items. (累計: 20000件) [0.96s]
[2026-08-14 16:39:08] [INFO] [logger] [STATS] FETCH | Count: 1000 | Time: 0.96s | Info: 1-3. タイトル・名称 網羅検索 (Part 3) | Offset: 19000
[2026-08-14 16:39:09] [INFO] [sparql_collector] [1-3. タイトル・名称 網羅検索 (Part 3)] Sub-fetch (limit=1000, progress=20000件〜) ...
[2026-08-14 16:39:10] [INFO] [sparql_collector] [1-3. タイトル・名称 網羅検索 (Part 3)] Got 1000 new items. (累計: 21000件) [0.99s]
[2026-08-14 16:39:10] [INFO] [logger] [STATS] FETCH | Count: 1000 | Time: 0.99s | Info: 1-3. タイトル・名称 網羅検索 (Part 3) | Offset: 20000
[2026-08-14 16:39:10] [INFO] [sparql_collector] [1-3. タイトル・名称 網羅検索 (Part 3)] Sub-fetch (limit=1000, progress=21000件〜) ...
[2026-08-14 16:39:11] [INFO] [sparql_collector] [1-3. タイトル・名称 網羅検索 (Part 3)] Got 1000 new items. (累計: 22000件) [1.07s]
[2026-08-14 16:39:11] [INFO] [logger] [STATS] FETCH | Count: 1000 | Time: 1.07s | Info: 1-3. タイトル・名称 網羅検索 (Part 3) | Offset: 21000
[2026-08-14 16:39:12] [INFO] [sparql_collector] [1-3. タイトル・名称 網羅検索 (Part 3)] Sub-fetch (limit=1000, progress=22000件〜) ...
[2026-08-14 16:39:13] [INFO] [sparql_collector] [1-3. タイトル・名称 網羅検索 (Part 3)] Got 1000 new items. (累計: 23000件) [1.20s]
[2026-08-14 16:39:13] [INFO] [logger] [STATS] FETCH | Count: 1000 | Time: 1.20s | Info: 1-3. タイトル・名称 網羅検索 (Part 3) | Offset: 22000
[2026-08-14 16:39:13] [INFO] [sparql_collector] [1-3. タイトル・名称 網羅検索 (Part 3)] Sub-fetch (limit=1000, progress=23000件〜) ...
[2026-08-14 16:39:15] [INFO] [sparql_collector] [1-3. タイトル・名称 網羅検索 (Part 3)] Got 1000 new items. (累計: 24000件) [1.24s]
[2026-08-14 16:39:15] [INFO] [logger] [STATS] FETCH | Count: 1000 | Time: 1.24s | Info: 1-3. タイトル・名称 網羅検索 (Part 3) | Offset: 23000
[2026-08-14 16:39:15] [INFO] [sparql_collector] [1-3. タイトル・名称 網羅検索 (Part 3)] Sub-fetch (limit=1000, progress=24000件〜) ...
[2026-08-14 16:39:16] [INFO] [sparql_collector] [1-3. タイトル・名称 網羅検索 (Part 3)] Got 1000 new items. (累計: 25000件) [1.30s]
[2026-08-14 16:39:16] [INFO] [logger] [STATS] FETCH | Count: 1000 | Time: 1.30s | Info: 1-3. タイトル・名称 網羅検索 (Part 3) | Offset: 24000
[2026-08-14 16:39:17] [INFO] [sparql_collector] [1-3. タイトル・名称 網羅検索 (Part 3)] Sub-fetch (limit=1000, progress=25000件〜) ...
[2026-08-14 16:39:19] [INFO] [sparql_collector] [1-3. タイトル・名称 網羅検索 (Part 3)] Got 871 new items. (累計: 25871件) [2.35s]
[2026-08-14 16:39:19] [INFO] [logger] [STATS] FETCH | Count: 871 | Time: 2.35s | Info: 1-3. タイトル・名称 網羅検索 (Part 3) | Offset: 25000
[2026-08-14 16:39:19] [INFO] [sparql_collector] [1-3. タイトル・名称 網羅検索 (Part 3)] 最終バッチ到達（全データ取得完了）。
[2026-08-14 16:39:21] [INFO] [sparql_collector] --- [開始] 1-4. タイトル・名称 網羅検索 (Part 4) (全件網羅 (上限なし)) ---
[2026-08-14 16:39:21] [INFO] [sparql_collector] [1-4. タイトル・名称 網羅検索 (Part 4)] Sub-fetch (limit=1000, progress=0件〜) ...
[2026-08-14 16:39:21] [INFO] [sparql_collector] [1-4. タイトル・名称 網羅検索 (Part 4)] Got 1000 new items. (累計: 1000件) [0.15s]
[2026-08-14 16:39:21] [INFO] [logger] [STATS] FETCH | Count: 1000 | Time: 0.15s | Info: 1-4. タイトル・名称 網羅検索 (Part 4) | Offset: 0
[2026-08-14 16:39:21] [INFO] [sparql_collector] [1-4. タイトル・名称 網羅検索 (Part 4)] Sub-fetch (limit=1000, progress=1000件〜) ...
[2026-08-14 16:39:22] [INFO] [sparql_collector] [1-4. タイトル・名称 網羅検索 (Part 4)] Got 1000 new items. (累計: 2000件) [0.17s]
[2026-08-14 16:39:22] [INFO] [logger] [STATS] FETCH | Count: 1000 | Time: 0.17s | Info: 1-4. タイトル・名称 網羅検索 (Part 4) | Offset: 1000
[2026-08-14 16:39:22] [INFO] [sparql_collector] [1-4. タイトル・名称 網羅検索 (Part 4)] Sub-fetch (limit=1000, progress=2000件〜) ...
[2026-08-14 16:39:22] [INFO] [sparql_collector] [1-4. タイトル・名称 網羅検索 (Part 4)] Got 1000 new items. (累計: 3000件) [0.21s]
[2026-08-14 16:39:22] [INFO] [logger] [STATS] FETCH | Count: 1000 | Time: 0.21s | Info: 1-4. タイトル・名称 網羅検索 (Part 4) | Offset: 2000
[2026-08-14 16:39:23] [INFO] [sparql_collector] [1-4. タイトル・名称 網羅検索 (Part 4)] Sub-fetch (limit=1000, progress=3000件〜) ...
[2026-08-14 16:39:23] [INFO] [sparql_collector] [1-4. タイトル・名称 網羅検索 (Part 4)] Got 1000 new items. (累計: 4000件) [0.27s]
[2026-08-14 16:39:23] [INFO] [logger] [STATS] FETCH | Count: 1000 | Time: 0.27s | Info: 1-4. タイトル・名称 網羅検索 (Part 4) | Offset: 3000
[2026-08-14 16:39:24] [INFO] [sparql_collector] [1-4. タイトル・名称 網羅検索 (Part 4)] Sub-fetch (limit=1000, progress=4000件〜) ...
[2026-08-14 16:39:24] [INFO] [sparql_collector] [1-4. タイトル・名称 網羅検索 (Part 4)] Got 1000 new items. (累計: 5000件) [0.29s]
[2026-08-14 16:39:24] [INFO] [logger] [STATS] FETCH | Count: 1000 | Time: 0.29s | Info: 1-4. タイトル・名称 網羅検索 (Part 4) | Offset: 4000
[2026-08-14 16:39:24] [INFO] [sparql_collector] [1-4. タイトル・名称 網羅検索 (Part 4)] Sub-fetch (limit=1000, progress=5000件〜) ...
[2026-08-14 16:39:25] [INFO] [sparql_collector] [1-4. タイトル・名称 網羅検索 (Part 4)] Got 1000 new items. (累計: 6000件) [0.39s]
[2026-08-14 16:39:25] [INFO] [logger] [STATS] FETCH | Count: 1000 | Time: 0.39s | Info: 1-4. タイトル・名称 網羅検索 (Part 4) | Offset: 5000
[2026-08-14 16:39:25] [INFO] [sparql_collector] [1-4. タイトル・名称 網羅検索 (Part 4)] Sub-fetch (limit=1000, progress=6000件〜) ...
[2026-08-14 16:39:26] [INFO] [sparql_collector] [1-4. タイトル・名称 網羅検索 (Part 4)] Got 1000 new items. (累計: 7000件) [0.43s]
[2026-08-14 16:39:26] [INFO] [logger] [STATS] FETCH | Count: 1000 | Time: 0.43s | Info: 1-4. タイトル・名称 網羅検索 (Part 4) | Offset: 6000
[2026-08-14 16:39:26] [INFO] [sparql_collector] [1-4. タイトル・名称 網羅検索 (Part 4)] Sub-fetch (limit=1000, progress=7000件〜) ...
[2026-08-14 16:39:27] [INFO] [sparql_collector] [1-4. タイトル・名称 網羅検索 (Part 4)] Got 1000 new items. (累計: 8000件) [0.50s]
[2026-08-14 16:39:27] [INFO] [logger] [STATS] FETCH | Count: 1000 | Time: 0.50s | Info: 1-4. タイトル・名称 網羅検索 (Part 4) | Offset: 7000
[2026-08-14 16:39:27] [INFO] [sparql_collector] [1-4. タイトル・名称 網羅検索 (Part 4)] Sub-fetch (limit=1000, progress=8000件〜) ...
[2026-08-14 16:39:28] [INFO] [sparql_collector] [1-4. タイトル・名称 網羅検索 (Part 4)] Got 1000 new items. (累計: 9000件) [0.50s]
[2026-08-14 16:39:28] [INFO] [logger] [STATS] FETCH | Count: 1000 | Time: 0.50s | Info: 1-4. タイトル・名称 網羅検索 (Part 4) | Offset: 8000
[2026-08-14 16:39:28] [INFO] [sparql_collector] [1-4. タイトル・名称 網羅検索 (Part 4)] Sub-fetch (limit=1000, progress=9000件〜) ...
[2026-08-14 16:39:29] [INFO] [sparql_collector] [1-4. タイトル・名称 網羅検索 (Part 4)] Got 1000 new items. (累計: 10000件) [0.76s]
[2026-08-14 16:39:29] [INFO] [logger] [STATS] FETCH | Count: 1000 | Time: 0.76s | Info: 1-4. タイトル・名称 網羅検索 (Part 4) | Offset: 9000
[2026-08-14 16:39:29] [INFO] [sparql_collector] [1-4. タイトル・名称 網羅検索 (Part 4)] Sub-fetch (limit=1000, progress=10000件〜) ...
[2026-08-14 16:39:30] [INFO] [sparql_collector] [1-4. タイトル・名称 網羅検索 (Part 4)] Got 1000 new items. (累計: 11000件) [0.77s]
[2026-08-14 16:39:30] [INFO] [logger] [STATS] FETCH | Count: 1000 | Time: 0.77s | Info: 1-4. タイトル・名称 網羅検索 (Part 4) | Offset: 10000
[2026-08-14 16:39:31] [INFO] [sparql_collector] [1-4. タイトル・名称 網羅検索 (Part 4)] Sub-fetch (limit=1000, progress=11000件〜) ...
[2026-08-14 16:39:32] [INFO] [sparql_collector] [1-4. タイトル・名称 網羅検索 (Part 4)] Got 1000 new items. (累計: 12000件) [0.82s]
[2026-08-14 16:39:32] [INFO] [logger] [STATS] FETCH | Count: 1000 | Time: 0.82s | Info: 1-4. タイトル・名称 網羅検索 (Part 4) | Offset: 11000
[2026-08-14 16:39:32] [INFO] [sparql_collector] [1-4. タイトル・名称 網羅検索 (Part 4)] Sub-fetch (limit=1000, progress=12000件〜) ...
[2026-08-14 16:39:33] [INFO] [sparql_collector] [1-4. タイトル・名称 網羅検索 (Part 4)] Got 1000 new items. (累計: 13000件) [0.85s]
[2026-08-14 16:39:33] [INFO] [logger] [STATS] FETCH | Count: 1000 | Time: 0.85s | Info: 1-4. タイトル・名称 網羅検索 (Part 4) | Offset: 12000
[2026-08-14 16:39:33] [INFO] [sparql_collector] [1-4. タイトル・名称 網羅検索 (Part 4)] Sub-fetch (limit=1000, progress=13000件〜) ...
[2026-08-14 16:39:34] [INFO] [sparql_collector] [1-4. タイトル・名称 網羅検索 (Part 4)] Got 1000 new items. (累計: 14000件) [0.90s]
[2026-08-14 16:39:34] [INFO] [logger] [STATS] FETCH | Count: 1000 | Time: 0.90s | Info: 1-4. タイトル・名称 網羅検索 (Part 4) | Offset: 13000
[2026-08-14 16:39:35] [INFO] [sparql_collector] [1-4. タイトル・名称 網羅検索 (Part 4)] Sub-fetch (limit=1000, progress=14000件〜) ...
[2026-08-14 16:39:36] [INFO] [sparql_collector] [1-4. タイトル・名称 網羅検索 (Part 4)] Got 1000 new items. (累計: 15000件) [0.94s]
[2026-08-14 16:39:36] [INFO] [logger] [STATS] FETCH | Count: 1000 | Time: 0.94s | Info: 1-4. タイトル・名称 網羅検索 (Part 4) | Offset: 14000
[2026-08-14 16:39:36] [INFO] [sparql_collector] [1-4. タイトル・名称 網羅検索 (Part 4)] Sub-fetch (limit=1000, progress=15000件〜) ...
[2026-08-14 16:39:37] [INFO] [sparql_collector] [1-4. タイトル・名称 網羅検索 (Part 4)] Got 1000 new items. (累計: 16000件) [1.00s]
[2026-08-14 16:39:37] [INFO] [logger] [STATS] FETCH | Count: 1000 | Time: 1.00s | Info: 1-4. タイトル・名称 網羅検索 (Part 4) | Offset: 15000
[2026-08-14 16:39:38] [INFO] [sparql_collector] [1-4. タイトル・名称 網羅検索 (Part 4)] Sub-fetch (limit=1000, progress=16000件〜) ...
[2026-08-14 16:39:39] [INFO] [sparql_collector] [1-4. タイトル・名称 網羅検索 (Part 4)] Got 1000 new items. (累計: 17000件) [1.01s]
[2026-08-14 16:39:39] [INFO] [logger] [STATS] FETCH | Count: 1000 | Time: 1.01s | Info: 1-4. タイトル・名称 網羅検索 (Part 4) | Offset: 16000
[2026-08-14 16:39:39] [INFO] [sparql_collector] [1-4. タイトル・名称 網羅検索 (Part 4)] Sub-fetch (limit=1000, progress=17000件〜) ...
[2026-08-14 16:39:40] [INFO] [sparql_collector] [1-4. タイトル・名称 網羅検索 (Part 4)] Got 1000 new items. (累計: 18000件) [1.04s]
[2026-08-14 16:39:40] [INFO] [logger] [STATS] FETCH | Count: 1000 | Time: 1.04s | Info: 1-4. タイトル・名称 網羅検索 (Part 4) | Offset: 17000
[2026-08-14 16:39:41] [INFO] [sparql_collector] [1-4. タイトル・名称 網羅検索 (Part 4)] Sub-fetch (limit=1000, progress=18000件〜) ...
[2026-08-14 16:39:42] [INFO] [sparql_collector] [1-4. タイトル・名称 網羅検索 (Part 4)] Got 1000 new items. (累計: 19000件) [1.09s]
[2026-08-14 16:39:42] [INFO] [logger] [STATS] FETCH | Count: 1000 | Time: 1.09s | Info: 1-4. タイトル・名称 網羅検索 (Part 4) | Offset: 18000
[2026-08-14 16:39:42] [INFO] [sparql_collector] [1-4. タイトル・名称 網羅検索 (Part 4)] Sub-fetch (limit=1000, progress=19000件〜) ...
[2026-08-14 16:39:44] [INFO] [sparql_collector] [1-4. タイトル・名称 網羅検索 (Part 4)] Got 1000 new items. (累計: 20000件) [1.16s]
[2026-08-14 16:39:44] [INFO] [logger] [STATS] FETCH | Count: 1000 | Time: 1.16s | Info: 1-4. タイトル・名称 網羅検索 (Part 4) | Offset: 19000
[2026-08-14 16:39:44] [INFO] [sparql_collector] [1-4. タイトル・名称 網羅検索 (Part 4)] Sub-fetch (limit=1000, progress=20000件〜) ...
[2026-08-14 16:39:46] [INFO] [sparql_collector] [1-4. タイトル・名称 網羅検索 (Part 4)] Got 1000 new items. (累計: 21000件) [1.46s]
[2026-08-14 16:39:46] [INFO] [logger] [STATS] FETCH | Count: 1000 | Time: 1.46s | Info: 1-4. タイトル・名称 網羅検索 (Part 4) | Offset: 20000
[2026-08-14 16:39:46] [INFO] [sparql_collector] [1-4. タイトル・名称 網羅検索 (Part 4)] Sub-fetch (limit=1000, progress=21000件〜) ...
[2026-08-14 16:39:47] [INFO] [sparql_collector] [1-4. タイトル・名称 網羅検索 (Part 4)] Got 1000 new items. (累計: 22000件) [1.24s]
[2026-08-14 16:39:47] [INFO] [logger] [STATS] FETCH | Count: 1000 | Time: 1.24s | Info: 1-4. タイトル・名称 網羅検索 (Part 4) | Offset: 21000
[2026-08-14 16:39:48] [INFO] [sparql_collector] [1-4. タイトル・名称 網羅検索 (Part 4)] Sub-fetch (limit=1000, progress=22000件〜) ...
[2026-08-14 16:39:49] [INFO] [sparql_collector] [1-4. タイトル・名称 網羅検索 (Part 4)] Got 1000 new items. (累計: 23000件) [1.32s]
[2026-08-14 16:39:49] [INFO] [logger] [STATS] FETCH | Count: 1000 | Time: 1.32s | Info: 1-4. タイトル・名称 網羅検索 (Part 4) | Offset: 22000
[2026-08-14 16:39:50] [INFO] [sparql_collector] [1-4. タイトル・名称 網羅検索 (Part 4)] Sub-fetch (limit=1000, progress=23000件〜) ...
[2026-08-14 16:39:51] [INFO] [sparql_collector] [1-4. タイトル・名称 網羅検索 (Part 4)] Got 1000 new items. (累計: 24000件) [1.33s]
[2026-08-14 16:39:51] [INFO] [logger] [STATS] FETCH | Count: 1000 | Time: 1.33s | Info: 1-4. タイトル・名称 網羅検索 (Part 4) | Offset: 23000
[2026-08-14 16:39:51] [INFO] [sparql_collector] [1-4. タイトル・名称 網羅検索 (Part 4)] Sub-fetch (limit=1000, progress=24000件〜) ...
[2026-08-14 16:39:53] [INFO] [sparql_collector] [1-4. タイトル・名称 網羅検索 (Part 4)] Got 1000 new items. (累計: 25000件) [1.41s]
[2026-08-14 16:39:53] [INFO] [logger] [STATS] FETCH | Count: 1000 | Time: 1.41s | Info: 1-4. タイトル・名称 網羅検索 (Part 4) | Offset: 24000
[2026-08-14 16:39:53] [INFO] [sparql_collector] [1-4. タイトル・名称 網羅検索 (Part 4)] Sub-fetch (limit=1000, progress=25000件〜) ...
[2026-08-14 16:39:55] [INFO] [sparql_collector] [1-4. タイトル・名称 網羅検索 (Part 4)] Got 1000 new items. (累計: 26000件) [1.43s]
[2026-08-14 16:39:55] [INFO] [logger] [STATS] FETCH | Count: 1000 | Time: 1.43s | Info: 1-4. タイトル・名称 網羅検索 (Part 4) | Offset: 25000
[2026-08-14 16:39:55] [INFO] [sparql_collector] [1-4. タイトル・名称 網羅検索 (Part 4)] Sub-fetch (limit=1000, progress=26000件〜) ...
[2026-08-14 16:39:57] [INFO] [sparql_collector] [1-4. タイトル・名称 網羅検索 (Part 4)] Got 1000 new items. (累計: 27000件) [1.57s]
[2026-08-14 16:39:57] [INFO] [logger] [STATS] FETCH | Count: 1000 | Time: 1.57s | Info: 1-4. タイトル・名称 網羅検索 (Part 4) | Offset: 26000
[2026-08-14 16:39:57] [INFO] [sparql_collector] [1-4. タイトル・名称 網羅検索 (Part 4)] Sub-fetch (limit=1000, progress=27000件〜) ...
[2026-08-14 16:39:59] [INFO] [sparql_collector] [1-4. タイトル・名称 網羅検索 (Part 4)] Got 1000 new items. (累計: 28000件) [1.52s]
[2026-08-14 16:39:59] [INFO] [logger] [STATS] FETCH | Count: 1000 | Time: 1.52s | Info: 1-4. タイトル・名称 網羅検索 (Part 4) | Offset: 27000
[2026-08-14 16:39:59] [INFO] [sparql_collector] [1-4. タイトル・名称 網羅検索 (Part 4)] Sub-fetch (limit=1000, progress=28000件〜) ...
[2026-08-14 16:40:01] [INFO] [sparql_collector] [1-4. タイトル・名称 網羅検索 (Part 4)] Got 1000 new items. (累計: 29000件) [1.60s]
[2026-08-14 16:40:01] [INFO] [logger] [STATS] FETCH | Count: 1000 | Time: 1.60s | Info: 1-4. タイトル・名称 網羅検索 (Part 4) | Offset: 28000
[2026-08-14 16:40:02] [INFO] [sparql_collector] [1-4. タイトル・名称 網羅検索 (Part 4)] Sub-fetch (limit=1000, progress=29000件〜) ...
[2026-08-14 16:40:03] [INFO] [sparql_collector] [1-4. タイトル・名称 網羅検索 (Part 4)] Got 1000 new items. (累計: 30000件) [1.64s]
[2026-08-14 16:40:03] [INFO] [logger] [STATS] FETCH | Count: 1000 | Time: 1.64s | Info: 1-4. タイトル・名称 網羅検索 (Part 4) | Offset: 29000
[2026-08-14 16:40:04] [INFO] [sparql_collector] [1-4. タイトル・名称 網羅検索 (Part 4)] Sub-fetch (limit=1000, progress=30000件〜) ...
[2026-08-14 16:40:05] [INFO] [sparql_collector] [1-4. タイトル・名称 網羅検索 (Part 4)] Got 1000 new items. (累計: 31000件) [1.72s]
[2026-08-14 16:40:05] [INFO] [logger] [STATS] FETCH | Count: 1000 | Time: 1.72s | Info: 1-4. タイトル・名称 網羅検索 (Part 4) | Offset: 30000
[2026-08-14 16:40:06] [INFO] [sparql_collector] [1-4. タイトル・名称 網羅検索 (Part 4)] Sub-fetch (limit=1000, progress=31000件〜) ...
[2026-08-14 16:40:08] [INFO] [sparql_collector] [1-4. タイトル・名称 網羅検索 (Part 4)] Got 1000 new items. (累計: 32000件) [1.73s]
[2026-08-14 16:40:08] [INFO] [logger] [STATS] FETCH | Count: 1000 | Time: 1.73s | Info: 1-4. タイトル・名称 網羅検索 (Part 4) | Offset: 31000
[2026-08-14 16:40:08] [INFO] [sparql_collector] [1-4. タイトル・名称 網羅検索 (Part 4)] Sub-fetch (limit=1000, progress=32000件〜) ...
[2026-08-14 16:40:10] [INFO] [sparql_collector] [1-4. タイトル・名称 網羅検索 (Part 4)] Got 1000 new items. (累計: 33000件) [1.79s]
[2026-08-14 16:40:10] [INFO] [logger] [STATS] FETCH | Count: 1000 | Time: 1.79s | Info: 1-4. タイトル・名称 網羅検索 (Part 4) | Offset: 32000
[2026-08-14 16:40:10] [INFO] [sparql_collector] [1-4. タイトル・名称 網羅検索 (Part 4)] Sub-fetch (limit=1000, progress=33000件〜) ...
[2026-08-14 16:40:12] [INFO] [sparql_collector] [1-4. タイトル・名称 網羅検索 (Part 4)] Got 1000 new items. (累計: 34000件) [1.86s]
[2026-08-14 16:40:12] [INFO] [logger] [STATS] FETCH | Count: 1000 | Time: 1.86s | Info: 1-4. タイトル・名称 網羅検索 (Part 4) | Offset: 33000
[2026-08-14 16:40:13] [INFO] [sparql_collector] [1-4. タイトル・名称 網羅検索 (Part 4)] Sub-fetch (limit=1000, progress=34000件〜) ...
[2026-08-14 16:40:15] [INFO] [sparql_collector] [1-4. タイトル・名称 網羅検索 (Part 4)] Got 1000 new items. (累計: 35000件) [1.90s]
[2026-08-14 16:40:15] [INFO] [logger] [STATS] FETCH | Count: 1000 | Time: 1.90s | Info: 1-4. タイトル・名称 網羅検索 (Part 4) | Offset: 34000
[2026-08-14 16:40:15] [INFO] [sparql_collector] [1-4. タイトル・名称 網羅検索 (Part 4)] Sub-fetch (limit=1000, progress=35000件〜) ...
[2026-08-14 16:40:17] [INFO] [sparql_collector] [1-4. タイトル・名称 網羅検索 (Part 4)] Got 1000 new items. (累計: 36000件) [1.94s]
[2026-08-14 16:40:17] [INFO] [logger] [STATS] FETCH | Count: 1000 | Time: 1.94s | Info: 1-4. タイトル・名称 網羅検索 (Part 4) | Offset: 35000
[2026-08-14 16:40:18] [INFO] [sparql_collector] [1-4. タイトル・名称 網羅検索 (Part 4)] Sub-fetch (limit=1000, progress=36000件〜) ...
[2026-08-14 16:40:20] [INFO] [sparql_collector] [1-4. タイトル・名称 網羅検索 (Part 4)] Got 1000 new items. (累計: 37000件) [2.02s]
[2026-08-14 16:40:20] [INFO] [logger] [STATS] FETCH | Count: 1000 | Time: 2.02s | Info: 1-4. タイトル・名称 網羅検索 (Part 4) | Offset: 36000
[2026-08-14 16:40:20] [INFO] [sparql_collector] [1-4. タイトル・名称 網羅検索 (Part 4)] Sub-fetch (limit=1000, progress=37000件〜) ...
[2026-08-14 16:40:23] [INFO] [sparql_collector] [1-4. タイトル・名称 網羅検索 (Part 4)] Got 1000 new items. (累計: 38000件) [2.40s]
[2026-08-14 16:40:23] [INFO] [logger] [STATS] FETCH | Count: 1000 | Time: 2.40s | Info: 1-4. タイトル・名称 網羅検索 (Part 4) | Offset: 37000
[2026-08-14 16:40:23] [INFO] [sparql_collector] [1-4. タイトル・名称 網羅検索 (Part 4)] Sub-fetch (limit=1000, progress=38000件〜) ...
[2026-08-14 16:40:25] [INFO] [sparql_collector] [1-4. タイトル・名称 網羅検索 (Part 4)] Got 1000 new items. (累計: 39000件) [2.07s]
[2026-08-14 16:40:25] [INFO] [logger] [STATS] FETCH | Count: 1000 | Time: 2.07s | Info: 1-4. タイトル・名称 網羅検索 (Part 4) | Offset: 38000
[2026-08-14 16:40:26] [INFO] [sparql_collector] [1-4. タイトル・名称 網羅検索 (Part 4)] Sub-fetch (limit=1000, progress=39000件〜) ...
[2026-08-14 16:40:28] [INFO] [sparql_collector] [1-4. タイトル・名称 網羅検索 (Part 4)] Got 1000 new items. (累計: 40000件) [2.11s]
[2026-08-14 16:40:28] [INFO] [logger] [STATS] FETCH | Count: 1000 | Time: 2.11s | Info: 1-4. タイトル・名称 網羅検索 (Part 4) | Offset: 39000
[2026-08-14 16:40:28] [INFO] [sparql_collector] [1-4. タイトル・名称 網羅検索 (Part 4)] Sub-fetch (limit=1000, progress=40000件〜) ...
[2026-08-14 16:40:30] [INFO] [sparql_collector] [1-4. タイトル・名称 網羅検索 (Part 4)] Got 1000 new items. (累計: 41000件) [2.21s]
[2026-08-14 16:40:30] [INFO] [logger] [STATS] FETCH | Count: 1000 | Time: 2.21s | Info: 1-4. タイトル・名称 網羅検索 (Part 4) | Offset: 40000
[2026-08-14 16:40:31] [INFO] [sparql_collector] [1-4. タイトル・名称 網羅検索 (Part 4)] Sub-fetch (limit=1000, progress=41000件〜) ...
[2026-08-14 16:40:33] [INFO] [sparql_collector] [1-4. タイトル・名称 網羅検索 (Part 4)] Got 1000 new items. (累計: 42000件) [2.30s]
[2026-08-14 16:40:33] [INFO] [logger] [STATS] FETCH | Count: 1000 | Time: 2.30s | Info: 1-4. タイトル・名称 網羅検索 (Part 4) | Offset: 41000
[2026-08-14 16:40:34] [INFO] [sparql_collector] [1-4. タイトル・名称 網羅検索 (Part 4)] Sub-fetch (limit=1000, progress=42000件〜) ...
[2026-08-14 16:40:36] [INFO] [sparql_collector] [1-4. タイトル・名称 網羅検索 (Part 4)] Got 1000 new items. (累計: 43000件) [2.27s]
[2026-08-14 16:40:36] [INFO] [logger] [STATS] FETCH | Count: 1000 | Time: 2.27s | Info: 1-4. タイトル・名称 網羅検索 (Part 4) | Offset: 42000
[2026-08-14 16:40:37] [INFO] [sparql_collector] [1-4. タイトル・名称 網羅検索 (Part 4)] Sub-fetch (limit=1000, progress=43000件〜) ...
[2026-08-14 16:40:39] [INFO] [sparql_collector] [1-4. タイトル・名称 網羅検索 (Part 4)] Got 1000 new items. (累計: 44000件) [2.32s]
[2026-08-14 16:40:39] [INFO] [logger] [STATS] FETCH | Count: 1000 | Time: 2.32s | Info: 1-4. タイトル・名称 網羅検索 (Part 4) | Offset: 43000
[2026-08-14 16:40:39] [INFO] [sparql_collector] [1-4. タイトル・名称 網羅検索 (Part 4)] Sub-fetch (limit=1000, progress=44000件〜) ...
[2026-08-14 16:40:42] [INFO] [sparql_collector] [1-4. タイトル・名称 網羅検索 (Part 4)] Got 1000 new items. (累計: 45000件) [2.32s]
[2026-08-14 16:40:42] [INFO] [logger] [STATS] FETCH | Count: 1000 | Time: 2.32s | Info: 1-4. タイトル・名称 網羅検索 (Part 4) | Offset: 44000
[2026-08-14 16:40:42] [INFO] [sparql_collector] [1-4. タイトル・名称 網羅検索 (Part 4)] Sub-fetch (limit=1000, progress=45000件〜) ...
[2026-08-14 16:40:45] [INFO] [sparql_collector] [1-4. タイトル・名称 網羅検索 (Part 4)] Got 1000 new items. (累計: 46000件) [2.39s]
[2026-08-14 16:40:45] [INFO] [logger] [STATS] FETCH | Count: 1000 | Time: 2.39s | Info: 1-4. タイトル・名称 網羅検索 (Part 4) | Offset: 45000
[2026-08-14 16:40:45] [INFO] [sparql_collector] [1-4. タイトル・名称 網羅検索 (Part 4)] Sub-fetch (limit=1000, progress=46000件〜) ...
[2026-08-14 16:40:48] [INFO] [sparql_collector] [1-4. タイトル・名称 網羅検索 (Part 4)] Got 1000 new items. (累計: 47000件) [2.40s]
[2026-08-14 16:40:48] [INFO] [logger] [STATS] FETCH | Count: 1000 | Time: 2.40s | Info: 1-4. タイトル・名称 網羅検索 (Part 4) | Offset: 46000
[2026-08-14 16:40:48] [INFO] [sparql_collector] [1-4. タイトル・名称 網羅検索 (Part 4)] Sub-fetch (limit=1000, progress=47000件〜) ...
[2026-08-14 16:40:51] [INFO] [sparql_collector] [1-4. タイトル・名称 網羅検索 (Part 4)] Got 1000 new items. (累計: 48000件) [2.47s]
[2026-08-14 16:40:51] [INFO] [logger] [STATS] FETCH | Count: 1000 | Time: 2.47s | Info: 1-4. タイトル・名称 網羅検索 (Part 4) | Offset: 47000
[2026-08-14 16:40:51] [INFO] [sparql_collector] [1-4. タイトル・名称 網羅検索 (Part 4)] Sub-fetch (limit=1000, progress=48000件〜) ...
[2026-08-14 16:40:54] [INFO] [sparql_collector] [1-4. タイトル・名称 網羅検索 (Part 4)] Got 1000 new items. (累計: 49000件) [2.57s]
[2026-08-14 16:40:54] [INFO] [logger] [STATS] FETCH | Count: 1000 | Time: 2.57s | Info: 1-4. タイトル・名称 網羅検索 (Part 4) | Offset: 48000
[2026-08-14 16:40:54] [INFO] [sparql_collector] [1-4. タイトル・名称 網羅検索 (Part 4)] Sub-fetch (limit=1000, progress=49000件〜) ...
[2026-08-14 16:40:57] [INFO] [sparql_collector] [1-4. タイトル・名称 網羅検索 (Part 4)] Got 1000 new items. (累計: 50000件) [2.64s]
[2026-08-14 16:40:57] [INFO] [logger] [STATS] FETCH | Count: 1000 | Time: 2.64s | Info: 1-4. タイトル・名称 網羅検索 (Part 4) | Offset: 49000
[2026-08-14 16:40:57] [INFO] [sparql_collector] [1-4. タイトル・名称 網羅検索 (Part 4)] Sub-fetch (limit=1000, progress=50000件〜) ...
[2026-08-14 16:41:00] [INFO] [sparql_collector] [1-4. タイトル・名称 網羅検索 (Part 4)] Got 1000 new items. (累計: 51000件) [2.71s]
[2026-08-14 16:41:00] [INFO] [logger] [STATS] FETCH | Count: 1000 | Time: 2.71s | Info: 1-4. タイトル・名称 網羅検索 (Part 4) | Offset: 50000
[2026-08-14 16:41:00] [INFO] [sparql_collector] [1-4. タイトル・名称 網羅検索 (Part 4)] Sub-fetch (limit=1000, progress=51000件〜) ...
[2026-08-14 16:41:03] [INFO] [sparql_collector] [1-4. タイトル・名称 網羅検索 (Part 4)] Got 1000 new items. (累計: 52000件) [2.78s]
[2026-08-14 16:41:03] [INFO] [logger] [STATS] FETCH | Count: 1000 | Time: 2.78s | Info: 1-4. タイトル・名称 網羅検索 (Part 4) | Offset: 51000
[2026-08-14 16:41:04] [INFO] [sparql_collector] [1-4. タイトル・名称 網羅検索 (Part 4)] Sub-fetch (limit=1000, progress=52000件〜) ...
[2026-08-14 16:41:07] [INFO] [sparql_collector] [1-4. タイトル・名称 網羅検索 (Part 4)] Got 1000 new items. (累計: 53000件) [3.06s]
[2026-08-14 16:41:07] [INFO] [logger] [STATS] FETCH | Count: 1000 | Time: 3.06s | Info: 1-4. タイトル・名称 網羅検索 (Part 4) | Offset: 52000
[2026-08-14 16:41:07] [INFO] [sparql_collector] [1-4. タイトル・名称 網羅検索 (Part 4)] Sub-fetch (limit=1000, progress=53000件〜) ...
[2026-08-14 16:41:10] [INFO] [sparql_collector] [1-4. タイトル・名称 網羅検索 (Part 4)] Got 1000 new items. (累計: 54000件) [2.91s]
[2026-08-14 16:41:10] [INFO] [logger] [STATS] FETCH | Count: 1000 | Time: 2.91s | Info: 1-4. タイトル・名称 網羅検索 (Part 4) | Offset: 53000
[2026-08-14 16:41:11] [INFO] [sparql_collector] [1-4. タイトル・名称 網羅検索 (Part 4)] Sub-fetch (limit=1000, progress=54000件〜) ...
[2026-08-14 16:41:14] [INFO] [sparql_collector] [1-4. タイトル・名称 網羅検索 (Part 4)] Got 1000 new items. (累計: 55000件) [3.06s]
[2026-08-14 16:41:14] [INFO] [logger] [STATS] FETCH | Count: 1000 | Time: 3.06s | Info: 1-4. タイトル・名称 網羅検索 (Part 4) | Offset: 54000
[2026-08-14 16:41:14] [INFO] [sparql_collector] [1-4. タイトル・名称 網羅検索 (Part 4)] Sub-fetch (limit=1000, progress=55000件〜) ...
[2026-08-14 16:41:17] [INFO] [sparql_collector] [1-4. タイトル・名称 網羅検索 (Part 4)] Got 1000 new items. (累計: 56000件) [3.20s]
[2026-08-14 16:41:17] [INFO] [logger] [STATS] FETCH | Count: 1000 | Time: 3.20s | Info: 1-4. タイトル・名称 網羅検索 (Part 4) | Offset: 55000
[2026-08-14 16:41:18] [INFO] [sparql_collector] [1-4. タイトル・名称 網羅検索 (Part 4)] Sub-fetch (limit=1000, progress=56000件〜) ...
[2026-08-14 16:41:21] [INFO] [sparql_collector] [1-4. タイトル・名称 網羅検索 (Part 4)] Got 1000 new items. (累計: 57000件) [3.12s]
[2026-08-14 16:41:21] [INFO] [logger] [STATS] FETCH | Count: 1000 | Time: 3.12s | Info: 1-4. タイトル・名称 網羅検索 (Part 4) | Offset: 56000
[2026-08-14 16:41:22] [INFO] [sparql_collector] [1-4. タイトル・名称 網羅検索 (Part 4)] Sub-fetch (limit=1000, progress=57000件〜) ...
[2026-08-14 16:41:25] [INFO] [sparql_collector] [1-4. タイトル・名称 網羅検索 (Part 4)] Got 1000 new items. (累計: 58000件) [3.11s]
[2026-08-14 16:41:25] [INFO] [logger] [STATS] FETCH | Count: 1000 | Time: 3.11s | Info: 1-4. タイトル・名称 網羅検索 (Part 4) | Offset: 57000
[2026-08-14 16:41:25] [INFO] [sparql_collector] [1-4. タイトル・名称 網羅検索 (Part 4)] Sub-fetch (limit=1000, progress=58000件〜) ...
[2026-08-14 16:41:28] [INFO] [sparql_collector] [1-4. タイトル・名称 網羅検索 (Part 4)] Got 1000 new items. (累計: 59000件) [3.24s]
[2026-08-14 16:41:28] [INFO] [logger] [STATS] FETCH | Count: 1000 | Time: 3.24s | Info: 1-4. タイトル・名称 網羅検索 (Part 4) | Offset: 58000
[2026-08-14 16:41:29] [INFO] [sparql_collector] [1-4. タイトル・名称 網羅検索 (Part 4)] Sub-fetch (limit=1000, progress=59000件〜) ...
[2026-08-14 16:41:32] [INFO] [sparql_collector] [1-4. タイトル・名称 網羅検索 (Part 4)] Got 1000 new items. (累計: 60000件) [3.28s]
[2026-08-14 16:41:32] [INFO] [logger] [STATS] FETCH | Count: 1000 | Time: 3.28s | Info: 1-4. タイトル・名称 網羅検索 (Part 4) | Offset: 59000
[2026-08-14 16:41:33] [INFO] [sparql_collector] [1-4. タイトル・名称 網羅検索 (Part 4)] Sub-fetch (limit=1000, progress=60000件〜) ...
[2026-08-14 16:41:37] [INFO] [sparql_collector] [1-4. タイトル・名称 網羅検索 (Part 4)] Got 1000 new items. (累計: 61000件) [4.17s]
[2026-08-14 16:41:37] [INFO] [logger] [STATS] FETCH | Count: 1000 | Time: 4.17s | Info: 1-4. タイトル・名称 網羅検索 (Part 4) | Offset: 60000
[2026-08-14 16:41:37] [INFO] [sparql_collector] [1-4. タイトル・名称 網羅検索 (Part 4)] Sub-fetch (limit=1000, progress=61000件〜) ...
[2026-08-14 16:41:43] [INFO] [sparql_collector] [1-4. タイトル・名称 網羅検索 (Part 4)] Got 1000 new items. (累計: 62000件) [5.86s]
[2026-08-14 16:41:43] [INFO] [logger] [STATS] FETCH | Count: 1000 | Time: 5.86s | Info: 1-4. タイトル・名称 網羅検索 (Part 4) | Offset: 61000
[2026-08-14 16:41:44] [INFO] [sparql_collector] [1-4. タイトル・名称 網羅検索 (Part 4)] Sub-fetch (limit=1000, progress=62000件〜) ...
[2026-08-14 16:41:50] [INFO] [sparql_collector] [1-4. タイトル・名称 網羅検索 (Part 4)] Got 179 new items. (累計: 62179件) [5.74s]
[2026-08-14 16:41:50] [INFO] [logger] [STATS] FETCH | Count: 179 | Time: 5.74s | Info: 1-4. タイトル・名称 網羅検索 (Part 4) | Offset: 62000
[2026-08-14 16:41:50] [INFO] [sparql_collector] [1-4. タイトル・名称 網羅検索 (Part 4)] 最終バッチ到達（全データ取得完了）。
[2026-08-14 16:41:51] [INFO] [sparql_collector] --- [開始] 1-5. タイトル・名称 網羅検索 (Part 5) (全件網羅 (上限なし)) ---
[2026-08-14 16:41:51] [INFO] [sparql_collector] [1-5. タイトル・名称 網羅検索 (Part 5)] Sub-fetch (limit=1000, progress=0件〜) ...
[2026-08-14 16:41:51] [INFO] [sparql_collector] [1-5. タイトル・名称 網羅検索 (Part 5)] Got 1000 new items. (累計: 1000件) [0.16s]
[2026-08-14 16:41:51] [INFO] [logger] [STATS] FETCH | Count: 1000 | Time: 0.16s | Info: 1-5. タイトル・名称 網羅検索 (Part 5) | Offset: 0
[2026-08-14 16:41:52] [INFO] [sparql_collector] [1-5. タイトル・名称 網羅検索 (Part 5)] Sub-fetch (limit=1000, progress=1000件〜) ...
[2026-08-14 16:41:52] [INFO] [sparql_collector] [1-5. タイトル・名称 網羅検索 (Part 5)] Got 1000 new items. (累計: 2000件) [0.17s]
[2026-08-14 16:41:52] [INFO] [logger] [STATS] FETCH | Count: 1000 | Time: 0.17s | Info: 1-5. タイトル・名称 網羅検索 (Part 5) | Offset: 1000
[2026-08-14 16:41:52] [INFO] [sparql_collector] [1-5. タイトル・名称 網羅検索 (Part 5)] Sub-fetch (limit=1000, progress=2000件〜) ...
[2026-08-14 16:41:53] [INFO] [sparql_collector] [1-5. タイトル・名称 網羅検索 (Part 5)] Got 1000 new items. (累計: 3000件) [0.21s]
[2026-08-14 16:41:53] [INFO] [logger] [STATS] FETCH | Count: 1000 | Time: 0.21s | Info: 1-5. タイトル・名称 網羅検索 (Part 5) | Offset: 2000
[2026-08-14 16:41:53] [INFO] [sparql_collector] [1-5. タイトル・名称 網羅検索 (Part 5)] Sub-fetch (limit=1000, progress=3000件〜) ...
[2026-08-14 16:41:53] [INFO] [sparql_collector] [1-5. タイトル・名称 網羅検索 (Part 5)] Got 1000 new items. (累計: 4000件) [0.24s]
[2026-08-14 16:41:53] [INFO] [logger] [STATS] FETCH | Count: 1000 | Time: 0.24s | Info: 1-5. タイトル・名称 網羅検索 (Part 5) | Offset: 3000
[2026-08-14 16:41:54] [INFO] [sparql_collector] [1-5. タイトル・名称 網羅検索 (Part 5)] Sub-fetch (limit=1000, progress=4000件〜) ...
[2026-08-14 16:41:54] [INFO] [sparql_collector] [1-5. タイトル・名称 網羅検索 (Part 5)] Got 1000 new items. (累計: 5000件) [0.31s]
[2026-08-14 16:41:54] [INFO] [logger] [STATS] FETCH | Count: 1000 | Time: 0.31s | Info: 1-5. タイトル・名称 網羅検索 (Part 5) | Offset: 4000
[2026-08-14 16:41:55] [INFO] [sparql_collector] [1-5. タイトル・名称 網羅検索 (Part 5)] Sub-fetch (limit=1000, progress=5000件〜) ...
[2026-08-14 16:41:55] [INFO] [sparql_collector] [1-5. タイトル・名称 網羅検索 (Part 5)] Got 1000 new items. (累計: 6000件) [0.39s]
[2026-08-14 16:41:55] [INFO] [logger] [STATS] FETCH | Count: 1000 | Time: 0.39s | Info: 1-5. タイトル・名称 網羅検索 (Part 5) | Offset: 5000
[2026-08-14 16:41:56] [INFO] [sparql_collector] [1-5. タイトル・名称 網羅検索 (Part 5)] Sub-fetch (limit=1000, progress=6000件〜) ...
[2026-08-14 16:41:56] [INFO] [sparql_collector] [1-5. タイトル・名称 網羅検索 (Part 5)] Got 1000 new items. (累計: 7000件) [0.46s]
[2026-08-14 16:41:56] [INFO] [logger] [STATS] FETCH | Count: 1000 | Time: 0.46s | Info: 1-5. タイトル・名称 網羅検索 (Part 5) | Offset: 6000
[2026-08-14 16:41:57] [INFO] [sparql_collector] [1-5. タイトル・名称 網羅検索 (Part 5)] Sub-fetch (limit=1000, progress=7000件〜) ...
[2026-08-14 16:41:57] [INFO] [sparql_collector] [1-5. タイトル・名称 網羅検索 (Part 5)] Got 1000 new items. (累計: 8000件) [0.56s]
[2026-08-14 16:41:57] [INFO] [logger] [STATS] FETCH | Count: 1000 | Time: 0.56s | Info: 1-5. タイトル・名称 網羅検索 (Part 5) | Offset: 7000
[2026-08-14 16:41:58] [INFO] [sparql_collector] [1-5. タイトル・名称 網羅検索 (Part 5)] Sub-fetch (limit=1000, progress=8000件〜) ...
[2026-08-14 16:41:58] [INFO] [sparql_collector] [1-5. タイトル・名称 網羅検索 (Part 5)] Got 1000 new items. (累計: 9000件) [0.54s]
[2026-08-14 16:41:58] [INFO] [logger] [STATS] FETCH | Count: 1000 | Time: 0.54s | Info: 1-5. タイトル・名称 網羅検索 (Part 5) | Offset: 8000
[2026-08-14 16:41:59] [INFO] [sparql_collector] [1-5. タイトル・名称 網羅検索 (Part 5)] Sub-fetch (limit=1000, progress=9000件〜) ...
[2026-08-14 16:41:59] [INFO] [sparql_collector] [1-5. タイトル・名称 網羅検索 (Part 5)] Got 1000 new items. (累計: 10000件) [0.60s]
[2026-08-14 16:41:59] [INFO] [logger] [STATS] FETCH | Count: 1000 | Time: 0.60s | Info: 1-5. タイトル・名称 網羅検索 (Part 5) | Offset: 9000
[2026-08-14 16:42:00] [INFO] [sparql_collector] [1-5. タイトル・名称 網羅検索 (Part 5)] Sub-fetch (limit=1000, progress=10000件〜) ...
[2026-08-14 16:42:00] [INFO] [sparql_collector] [1-5. タイトル・名称 網羅検索 (Part 5)] Got 1000 new items. (累計: 11000件) [0.62s]
[2026-08-14 16:42:00] [INFO] [logger] [STATS] FETCH | Count: 1000 | Time: 0.62s | Info: 1-5. タイトル・名称 網羅検索 (Part 5) | Offset: 10000
[2026-08-14 16:42:01] [INFO] [sparql_collector] [1-5. タイトル・名称 網羅検索 (Part 5)] Sub-fetch (limit=1000, progress=11000件〜) ...
[2026-08-14 16:42:02] [INFO] [sparql_collector] [1-5. タイトル・名称 網羅検索 (Part 5)] Got 1000 new items. (累計: 12000件) [0.75s]
[2026-08-14 16:42:02] [INFO] [logger] [STATS] FETCH | Count: 1000 | Time: 0.75s | Info: 1-5. タイトル・名称 網羅検索 (Part 5) | Offset: 11000
[2026-08-14 16:42:02] [INFO] [sparql_collector] [1-5. タイトル・名称 網羅検索 (Part 5)] Sub-fetch (limit=1000, progress=12000件〜) ...
[2026-08-14 16:42:03] [INFO] [sparql_collector] [1-5. タイトル・名称 網羅検索 (Part 5)] Got 1000 new items. (累計: 13000件) [0.74s]
[2026-08-14 16:42:03] [INFO] [logger] [STATS] FETCH | Count: 1000 | Time: 0.74s | Info: 1-5. タイトル・名称 網羅検索 (Part 5) | Offset: 12000
[2026-08-14 16:42:03] [INFO] [sparql_collector] [1-5. タイトル・名称 網羅検索 (Part 5)] Sub-fetch (limit=1000, progress=13000件〜) ...
[2026-08-14 16:42:04] [INFO] [sparql_collector] [1-5. タイトル・名称 網羅検索 (Part 5)] Got 1000 new items. (累計: 14000件) [0.79s]
[2026-08-14 16:42:04] [INFO] [logger] [STATS] FETCH | Count: 1000 | Time: 0.79s | Info: 1-5. タイトル・名称 網羅検索 (Part 5) | Offset: 13000
[2026-08-14 16:42:05] [INFO] [sparql_collector] [1-5. タイトル・名称 網羅検索 (Part 5)] Sub-fetch (limit=1000, progress=14000件〜) ...
[2026-08-14 16:42:06] [INFO] [sparql_collector] [1-5. タイトル・名称 網羅検索 (Part 5)] Got 1000 new items. (累計: 15000件) [0.87s]
[2026-08-14 16:42:06] [INFO] [logger] [STATS] FETCH | Count: 1000 | Time: 0.87s | Info: 1-5. タイトル・名称 網羅検索 (Part 5) | Offset: 14000
[2026-08-14 16:42:06] [INFO] [sparql_collector] [1-5. タイトル・名称 網羅検索 (Part 5)] Sub-fetch (limit=1000, progress=15000件〜) ...
[2026-08-14 16:42:07] [INFO] [sparql_collector] [1-5. タイトル・名称 網羅検索 (Part 5)] Got 1000 new items. (累計: 16000件) [0.90s]
[2026-08-14 16:42:07] [INFO] [logger] [STATS] FETCH | Count: 1000 | Time: 0.90s | Info: 1-5. タイトル・名称 網羅検索 (Part 5) | Offset: 15000
[2026-08-14 16:42:07] [INFO] [sparql_collector] [1-5. タイトル・名称 網羅検索 (Part 5)] Sub-fetch (limit=1000, progress=16000件〜) ...
[2026-08-14 16:42:08] [INFO] [sparql_collector] [1-5. タイトル・名称 網羅検索 (Part 5)] Got 1000 new items. (累計: 17000件) [0.93s]
[2026-08-14 16:42:08] [INFO] [logger] [STATS] FETCH | Count: 1000 | Time: 0.93s | Info: 1-5. タイトル・名称 網羅検索 (Part 5) | Offset: 16000
[2026-08-14 16:42:09] [INFO] [sparql_collector] [1-5. タイトル・名称 網羅検索 (Part 5)] Sub-fetch (limit=1000, progress=17000件〜) ...
[2026-08-14 16:42:10] [INFO] [sparql_collector] [1-5. タイトル・名称 網羅検索 (Part 5)] Got 1000 new items. (累計: 18000件) [0.99s]
[2026-08-14 16:42:10] [INFO] [logger] [STATS] FETCH | Count: 1000 | Time: 0.99s | Info: 1-5. タイトル・名称 網羅検索 (Part 5) | Offset: 17000
[2026-08-14 16:42:10] [INFO] [sparql_collector] [1-5. タイトル・名称 網羅検索 (Part 5)] Sub-fetch (limit=1000, progress=18000件〜) ...
[2026-08-14 16:42:11] [INFO] [sparql_collector] [1-5. タイトル・名称 網羅検索 (Part 5)] Got 1000 new items. (累計: 19000件) [1.04s]
[2026-08-14 16:42:11] [INFO] [logger] [STATS] FETCH | Count: 1000 | Time: 1.04s | Info: 1-5. タイトル・名称 網羅検索 (Part 5) | Offset: 18000
[2026-08-14 16:42:12] [INFO] [sparql_collector] [1-5. タイトル・名称 網羅検索 (Part 5)] Sub-fetch (limit=1000, progress=19000件〜) ...
[2026-08-14 16:42:13] [INFO] [sparql_collector] [1-5. タイトル・名称 網羅検索 (Part 5)] Got 1000 new items. (累計: 20000件) [1.17s]
[2026-08-14 16:42:13] [INFO] [logger] [STATS] FETCH | Count: 1000 | Time: 1.17s | Info: 1-5. タイトル・名称 網羅検索 (Part 5) | Offset: 19000
[2026-08-14 16:42:14] [INFO] [sparql_collector] [1-5. タイトル・名称 網羅検索 (Part 5)] Sub-fetch (limit=1000, progress=20000件〜) ...
[2026-08-14 16:42:15] [INFO] [sparql_collector] [1-5. タイトル・名称 網羅検索 (Part 5)] Got 1000 new items. (累計: 21000件) [1.25s]
[2026-08-14 16:42:15] [INFO] [logger] [STATS] FETCH | Count: 1000 | Time: 1.25s | Info: 1-5. タイトル・名称 網羅検索 (Part 5) | Offset: 20000
[2026-08-14 16:42:15] [INFO] [sparql_collector] [1-5. タイトル・名称 網羅検索 (Part 5)] Sub-fetch (limit=1000, progress=21000件〜) ...
[2026-08-14 16:42:17] [INFO] [sparql_collector] [1-5. タイトル・名称 網羅検索 (Part 5)] Got 1000 new items. (累計: 22000件) [1.31s]
[2026-08-14 16:42:17] [INFO] [logger] [STATS] FETCH | Count: 1000 | Time: 1.31s | Info: 1-5. タイトル・名称 網羅検索 (Part 5) | Offset: 21000
[2026-08-14 16:42:17] [INFO] [sparql_collector] [1-5. タイトル・名称 網羅検索 (Part 5)] Sub-fetch (limit=1000, progress=22000件〜) ...
[2026-08-14 16:42:18] [INFO] [sparql_collector] [1-5. タイトル・名称 網羅検索 (Part 5)] Got 1000 new items. (累計: 23000件) [1.33s]
[2026-08-14 16:42:18] [INFO] [logger] [STATS] FETCH | Count: 1000 | Time: 1.33s | Info: 1-5. タイトル・名称 網羅検索 (Part 5) | Offset: 22000
[2026-08-14 16:42:19] [INFO] [sparql_collector] [1-5. タイトル・名称 網羅検索 (Part 5)] Sub-fetch (limit=1000, progress=23000件〜) ...
[2026-08-14 16:42:20] [INFO] [sparql_collector] [1-5. タイトル・名称 網羅検索 (Part 5)] Got 1000 new items. (累計: 24000件) [1.41s]
[2026-08-14 16:42:20] [INFO] [logger] [STATS] FETCH | Count: 1000 | Time: 1.41s | Info: 1-5. タイトル・名称 網羅検索 (Part 5) | Offset: 23000
[2026-08-14 16:42:21] [INFO] [sparql_collector] [1-5. タイトル・名称 網羅検索 (Part 5)] Sub-fetch (limit=1000, progress=24000件〜) ...
[2026-08-14 16:42:22] [INFO] [sparql_collector] [1-5. タイトル・名称 網羅検索 (Part 5)] Got 1000 new items. (累計: 25000件) [1.44s]
[2026-08-14 16:42:22] [INFO] [logger] [STATS] FETCH | Count: 1000 | Time: 1.44s | Info: 1-5. タイトル・名称 網羅検索 (Part 5) | Offset: 24000
[2026-08-14 16:42:23] [INFO] [sparql_collector] [1-5. タイトル・名称 網羅検索 (Part 5)] Sub-fetch (limit=1000, progress=25000件〜) ...
[2026-08-14 16:42:26] [INFO] [sparql_collector] [1-5. タイトル・名称 網羅検索 (Part 5)] Got 834 new items. (累計: 25834件) [2.83s]
[2026-08-14 16:42:26] [INFO] [logger] [STATS] FETCH | Count: 834 | Time: 2.83s | Info: 1-5. タイトル・名称 網羅検索 (Part 5) | Offset: 25000
[2026-08-14 16:42:26] [INFO] [sparql_collector] [1-5. タイトル・名称 網羅検索 (Part 5)] 最終バッチ到達（全データ取得完了）。
[2026-08-14 16:42:27] [INFO] [sparql_collector] --- [開始] 1-6. タイトル・名称 網羅検索 (Part 6) (全件網羅 (上限なし)) ---
[2026-08-14 16:42:27] [INFO] [sparql_collector] [1-6. タイトル・名称 網羅検索 (Part 6)] Sub-fetch (limit=1000, progress=0件〜) ...
[2026-08-14 16:42:27] [INFO] [sparql_collector] [1-6. タイトル・名称 網羅検索 (Part 6)] Got 1000 new items. (累計: 1000件) [0.15s]
[2026-08-14 16:42:27] [INFO] [logger] [STATS] FETCH | Count: 1000 | Time: 0.15s | Info: 1-6. タイトル・名称 網羅検索 (Part 6) | Offset: 0
[2026-08-14 16:42:28] [INFO] [sparql_collector] [1-6. タイトル・名称 網羅検索 (Part 6)] Sub-fetch (limit=1000, progress=1000件〜) ...
[2026-08-14 16:42:28] [INFO] [sparql_collector] [1-6. タイトル・名称 網羅検索 (Part 6)] Got 1000 new items. (累計: 2000件) [0.20s]
[2026-08-14 16:42:28] [INFO] [logger] [STATS] FETCH | Count: 1000 | Time: 0.20s | Info: 1-6. タイトル・名称 網羅検索 (Part 6) | Offset: 1000
[2026-08-14 16:42:29] [INFO] [sparql_collector] [1-6. タイトル・名称 網羅検索 (Part 6)] Sub-fetch (limit=1000, progress=2000件〜) ...
[2026-08-14 16:42:29] [INFO] [sparql_collector] [1-6. タイトル・名称 網羅検索 (Part 6)] Got 1000 new items. (累計: 3000件) [0.35s]
[2026-08-14 16:42:29] [INFO] [logger] [STATS] FETCH | Count: 1000 | Time: 0.35s | Info: 1-6. タイトル・名称 網羅検索 (Part 6) | Offset: 2000
[2026-08-14 16:42:29] [INFO] [sparql_collector] [1-6. タイトル・名称 網羅検索 (Part 6)] Sub-fetch (limit=1000, progress=3000件〜) ...
[2026-08-14 16:42:30] [INFO] [sparql_collector] [1-6. タイトル・名称 網羅検索 (Part 6)] Got 1000 new items. (累計: 4000件) [0.44s]
[2026-08-14 16:42:30] [INFO] [logger] [STATS] FETCH | Count: 1000 | Time: 0.44s | Info: 1-6. タイトル・名称 網羅検索 (Part 6) | Offset: 3000
[2026-08-14 16:42:30] [INFO] [sparql_collector] [1-6. タイトル・名称 網羅検索 (Part 6)] Sub-fetch (limit=1000, progress=4000件〜) ...
[2026-08-14 16:42:31] [INFO] [sparql_collector] [1-6. タイトル・名称 網羅検索 (Part 6)] Got 1000 new items. (累計: 5000件) [0.48s]
[2026-08-14 16:42:31] [INFO] [logger] [STATS] FETCH | Count: 1000 | Time: 0.48s | Info: 1-6. タイトル・名称 網羅検索 (Part 6) | Offset: 4000
[2026-08-14 16:42:31] [INFO] [sparql_collector] [1-6. タイトル・名称 網羅検索 (Part 6)] Sub-fetch (limit=1000, progress=5000件〜) ...
[2026-08-14 16:42:32] [INFO] [sparql_collector] [1-6. タイトル・名称 網羅検索 (Part 6)] Got 1000 new items. (累計: 6000件) [0.58s]
[2026-08-14 16:42:32] [INFO] [logger] [STATS] FETCH | Count: 1000 | Time: 0.58s | Info: 1-6. タイトル・名称 網羅検索 (Part 6) | Offset: 5000
[2026-08-14 16:42:32] [INFO] [sparql_collector] [1-6. タイトル・名称 網羅検索 (Part 6)] Sub-fetch (limit=1000, progress=6000件〜) ...
[2026-08-14 16:42:33] [INFO] [sparql_collector] [1-6. タイトル・名称 網羅検索 (Part 6)] Got 1000 new items. (累計: 7000件) [0.61s]
[2026-08-14 16:42:33] [INFO] [logger] [STATS] FETCH | Count: 1000 | Time: 0.61s | Info: 1-6. タイトル・名称 網羅検索 (Part 6) | Offset: 6000
[2026-08-14 16:42:34] [INFO] [sparql_collector] [1-6. タイトル・名称 網羅検索 (Part 6)] Sub-fetch (limit=1000, progress=7000件〜) ...
[2026-08-14 16:42:34] [INFO] [sparql_collector] [1-6. タイトル・名称 網羅検索 (Part 6)] Got 1000 new items. (累計: 8000件) [0.72s]
[2026-08-14 16:42:34] [INFO] [logger] [STATS] FETCH | Count: 1000 | Time: 0.72s | Info: 1-6. タイトル・名称 網羅検索 (Part 6) | Offset: 7000
[2026-08-14 16:42:35] [INFO] [sparql_collector] [1-6. タイトル・名称 網羅検索 (Part 6)] Sub-fetch (limit=1000, progress=8000件〜) ...
[2026-08-14 16:42:36] [INFO] [sparql_collector] [1-6. タイトル・名称 網羅検索 (Part 6)] Got 1000 new items. (累計: 9000件) [0.98s]
[2026-08-14 16:42:36] [INFO] [logger] [STATS] FETCH | Count: 1000 | Time: 0.98s | Info: 1-6. タイトル・名称 網羅検索 (Part 6) | Offset: 8000
[2026-08-14 16:42:36] [INFO] [sparql_collector] [1-6. タイトル・名称 網羅検索 (Part 6)] Sub-fetch (limit=1000, progress=9000件〜) ...
[2026-08-14 16:42:37] [INFO] [sparql_collector] [1-6. タイトル・名称 網羅検索 (Part 6)] Got 1000 new items. (累計: 10000件) [1.04s]
[2026-08-14 16:42:37] [INFO] [logger] [STATS] FETCH | Count: 1000 | Time: 1.04s | Info: 1-6. タイトル・名称 網羅検索 (Part 6) | Offset: 9000
[2026-08-14 16:42:38] [INFO] [sparql_collector] [1-6. タイトル・名称 網羅検索 (Part 6)] Sub-fetch (limit=1000, progress=10000件〜) ...
[2026-08-14 16:42:39] [INFO] [sparql_collector] [1-6. タイトル・名称 網羅検索 (Part 6)] Got 1000 new items. (累計: 11000件) [1.07s]
[2026-08-14 16:42:39] [INFO] [logger] [STATS] FETCH | Count: 1000 | Time: 1.07s | Info: 1-6. タイトル・名称 網羅検索 (Part 6) | Offset: 10000
[2026-08-14 16:42:39] [INFO] [sparql_collector] [1-6. タイトル・名称 網羅検索 (Part 6)] Sub-fetch (limit=1000, progress=11000件〜) ...
[2026-08-14 16:42:40] [INFO] [sparql_collector] [1-6. タイトル・名称 網羅検索 (Part 6)] Got 1000 new items. (累計: 12000件) [1.09s]
[2026-08-14 16:42:40] [INFO] [logger] [STATS] FETCH | Count: 1000 | Time: 1.09s | Info: 1-6. タイトル・名称 網羅検索 (Part 6) | Offset: 11000
[2026-08-14 16:42:41] [INFO] [sparql_collector] [1-6. タイトル・名称 網羅検索 (Part 6)] Sub-fetch (limit=1000, progress=12000件〜) ...
[2026-08-14 16:42:42] [INFO] [sparql_collector] [1-6. タイトル・名称 網羅検索 (Part 6)] Got 1000 new items. (累計: 13000件) [1.16s]
[2026-08-14 16:42:42] [INFO] [logger] [STATS] FETCH | Count: 1000 | Time: 1.16s | Info: 1-6. タイトル・名称 網羅検索 (Part 6) | Offset: 12000
[2026-08-14 16:42:43] [INFO] [sparql_collector] [1-6. タイトル・名称 網羅検索 (Part 6)] Sub-fetch (limit=1000, progress=13000件〜) ...
[2026-08-14 16:42:44] [INFO] [sparql_collector] [1-6. タイトル・名称 網羅検索 (Part 6)] Got 1000 new items. (累計: 14000件) [1.27s]
[2026-08-14 16:42:44] [INFO] [logger] [STATS] FETCH | Count: 1000 | Time: 1.27s | Info: 1-6. タイトル・名称 網羅検索 (Part 6) | Offset: 13000
[2026-08-14 16:42:44] [INFO] [sparql_collector] [1-6. タイトル・名称 網羅検索 (Part 6)] Sub-fetch (limit=1000, progress=14000件〜) ...
[2026-08-14 16:42:46] [INFO] [sparql_collector] [1-6. タイトル・名称 網羅検索 (Part 6)] Got 1000 new items. (累計: 15000件) [1.22s]
[2026-08-14 16:42:46] [INFO] [logger] [STATS] FETCH | Count: 1000 | Time: 1.22s | Info: 1-6. タイトル・名称 網羅検索 (Part 6) | Offset: 14000
[2026-08-14 16:42:46] [INFO] [sparql_collector] [1-6. タイトル・名称 網羅検索 (Part 6)] Sub-fetch (limit=1000, progress=15000件〜) ...
[2026-08-14 16:42:47] [INFO] [sparql_collector] [1-6. タイトル・名称 網羅検索 (Part 6)] Got 1000 new items. (累計: 16000件) [1.25s]
[2026-08-14 16:42:47] [INFO] [logger] [STATS] FETCH | Count: 1000 | Time: 1.25s | Info: 1-6. タイトル・名称 網羅検索 (Part 6) | Offset: 15000
[2026-08-14 16:42:48] [INFO] [sparql_collector] [1-6. タイトル・名称 網羅検索 (Part 6)] Sub-fetch (limit=1000, progress=16000件〜) ...
[2026-08-14 16:42:49] [INFO] [sparql_collector] [1-6. タイトル・名称 網羅検索 (Part 6)] Got 1000 new items. (累計: 17000件) [1.32s]
[2026-08-14 16:42:49] [INFO] [logger] [STATS] FETCH | Count: 1000 | Time: 1.32s | Info: 1-6. タイトル・名称 網羅検索 (Part 6) | Offset: 16000
[2026-08-14 16:42:50] [INFO] [sparql_collector] [1-6. タイトル・名称 網羅検索 (Part 6)] Sub-fetch (limit=1000, progress=17000件〜) ...
[2026-08-14 16:42:51] [INFO] [sparql_collector] [1-6. タイトル・名称 網羅検索 (Part 6)] Got 1000 new items. (累計: 18000件) [1.35s]
[2026-08-14 16:42:51] [INFO] [logger] [STATS] FETCH | Count: 1000 | Time: 1.35s | Info: 1-6. タイトル・名称 網羅検索 (Part 6) | Offset: 17000
[2026-08-14 16:42:52] [INFO] [sparql_collector] [1-6. タイトル・名称 網羅検索 (Part 6)] Sub-fetch (limit=1000, progress=18000件〜) ...
[2026-08-14 16:42:53] [INFO] [sparql_collector] [1-6. タイトル・名称 網羅検索 (Part 6)] Got 1000 new items. (累計: 19000件) [1.37s]
[2026-08-14 16:42:53] [INFO] [logger] [STATS] FETCH | Count: 1000 | Time: 1.37s | Info: 1-6. タイトル・名称 網羅検索 (Part 6) | Offset: 18000
[2026-08-14 16:42:53] [INFO] [sparql_collector] [1-6. タイトル・名称 網羅検索 (Part 6)] Sub-fetch (limit=1000, progress=19000件〜) ...
[2026-08-14 16:42:55] [INFO] [sparql_collector] [1-6. タイトル・名称 網羅検索 (Part 6)] Got 1000 new items. (累計: 20000件) [1.39s]
[2026-08-14 16:42:55] [INFO] [logger] [STATS] FETCH | Count: 1000 | Time: 1.39s | Info: 1-6. タイトル・名称 網羅検索 (Part 6) | Offset: 19000
[2026-08-14 16:42:55] [INFO] [sparql_collector] [1-6. タイトル・名称 網羅検索 (Part 6)] Sub-fetch (limit=1000, progress=20000件〜) ...
[2026-08-14 16:42:57] [INFO] [sparql_collector] [1-6. タイトル・名称 網羅検索 (Part 6)] Got 1000 new items. (累計: 21000件) [1.53s]
[2026-08-14 16:42:57] [INFO] [logger] [STATS] FETCH | Count: 1000 | Time: 1.53s | Info: 1-6. タイトル・名称 網羅検索 (Part 6) | Offset: 20000
[2026-08-14 16:42:57] [INFO] [sparql_collector] [1-6. タイトル・名称 網羅検索 (Part 6)] Sub-fetch (limit=1000, progress=21000件〜) ...
[2026-08-14 16:42:59] [INFO] [sparql_collector] [1-6. タイトル・名称 網羅検索 (Part 6)] Got 1000 new items. (累計: 22000件) [1.53s]
[2026-08-14 16:42:59] [INFO] [logger] [STATS] FETCH | Count: 1000 | Time: 1.53s | Info: 1-6. タイトル・名称 網羅検索 (Part 6) | Offset: 21000
[2026-08-14 16:42:59] [INFO] [sparql_collector] [1-6. タイトル・名称 網羅検索 (Part 6)] Sub-fetch (limit=1000, progress=22000件〜) ...
[2026-08-14 16:43:01] [INFO] [sparql_collector] [1-6. タイトル・名称 網羅検索 (Part 6)] Got 1000 new items. (累計: 23000件) [1.53s]
[2026-08-14 16:43:01] [INFO] [logger] [STATS] FETCH | Count: 1000 | Time: 1.53s | Info: 1-6. タイトル・名称 網羅検索 (Part 6) | Offset: 22000
[2026-08-14 16:43:01] [INFO] [sparql_collector] [1-6. タイトル・名称 網羅検索 (Part 6)] Sub-fetch (limit=1000, progress=23000件〜) ...
[2026-08-14 16:43:03] [INFO] [sparql_collector] [1-6. タイトル・名称 網羅検索 (Part 6)] Got 1000 new items. (累計: 24000件) [1.53s]
[2026-08-14 16:43:03] [INFO] [logger] [STATS] FETCH | Count: 1000 | Time: 1.53s | Info: 1-6. タイトル・名称 網羅検索 (Part 6) | Offset: 23000
[2026-08-14 16:43:03] [INFO] [sparql_collector] [1-6. タイトル・名称 網羅検索 (Part 6)] Sub-fetch (limit=1000, progress=24000件〜) ...
[2026-08-14 16:43:05] [INFO] [sparql_collector] [1-6. タイトル・名称 網羅検索 (Part 6)] Got 1000 new items. (累計: 25000件) [1.72s]
[2026-08-14 16:43:05] [INFO] [logger] [STATS] FETCH | Count: 1000 | Time: 1.72s | Info: 1-6. タイトル・名称 網羅検索 (Part 6) | Offset: 24000
[2026-08-14 16:43:06] [INFO] [sparql_collector] [1-6. タイトル・名称 網羅検索 (Part 6)] Sub-fetch (limit=1000, progress=25000件〜) ...
[2026-08-14 16:43:07] [INFO] [sparql_collector] [1-6. タイトル・名称 網羅検索 (Part 6)] Got 1000 new items. (累計: 26000件) [1.63s]
[2026-08-14 16:43:07] [INFO] [logger] [STATS] FETCH | Count: 1000 | Time: 1.63s | Info: 1-6. タイトル・名称 網羅検索 (Part 6) | Offset: 25000
[2026-08-14 16:43:08] [INFO] [sparql_collector] [1-6. タイトル・名称 網羅検索 (Part 6)] Sub-fetch (limit=1000, progress=26000件〜) ...
[2026-08-14 16:43:10] [INFO] [sparql_collector] [1-6. タイトル・名称 網羅検索 (Part 6)] Got 1000 new items. (累計: 27000件) [1.71s]
[2026-08-14 16:43:10] [INFO] [logger] [STATS] FETCH | Count: 1000 | Time: 1.71s | Info: 1-6. タイトル・名称 網羅検索 (Part 6) | Offset: 26000
[2026-08-14 16:43:10] [INFO] [sparql_collector] [1-6. タイトル・名称 網羅検索 (Part 6)] Sub-fetch (limit=1000, progress=27000件〜) ...
[2026-08-14 16:43:12] [INFO] [sparql_collector] [1-6. タイトル・名称 網羅検索 (Part 6)] Got 1000 new items. (累計: 28000件) [1.75s]
[2026-08-14 16:43:12] [INFO] [logger] [STATS] FETCH | Count: 1000 | Time: 1.75s | Info: 1-6. タイトル・名称 網羅検索 (Part 6) | Offset: 27000
[2026-08-14 16:43:12] [INFO] [sparql_collector] [1-6. タイトル・名称 網羅検索 (Part 6)] Sub-fetch (limit=1000, progress=28000件〜) ...
[2026-08-14 16:43:14] [INFO] [sparql_collector] [1-6. タイトル・名称 網羅検索 (Part 6)] Got 1000 new items. (累計: 29000件) [1.81s]
[2026-08-14 16:43:14] [INFO] [logger] [STATS] FETCH | Count: 1000 | Time: 1.81s | Info: 1-6. タイトル・名称 網羅検索 (Part 6) | Offset: 28000
[2026-08-14 16:43:15] [INFO] [sparql_collector] [1-6. タイトル・名称 網羅検索 (Part 6)] Sub-fetch (limit=1000, progress=29000件〜) ...
[2026-08-14 16:43:16] [INFO] [sparql_collector] [1-6. タイトル・名称 網羅検索 (Part 6)] Got 1000 new items. (累計: 30000件) [1.85s]
[2026-08-14 16:43:16] [INFO] [logger] [STATS] FETCH | Count: 1000 | Time: 1.85s | Info: 1-6. タイトル・名称 網羅検索 (Part 6) | Offset: 29000
[2026-08-14 16:43:17] [INFO] [sparql_collector] [1-6. タイトル・名称 網羅検索 (Part 6)] Sub-fetch (limit=1000, progress=30000件〜) ...
[2026-08-14 16:43:19] [INFO] [sparql_collector] [1-6. タイトル・名称 網羅検索 (Part 6)] Got 1000 new items. (累計: 31000件) [1.89s]
[2026-08-14 16:43:19] [INFO] [logger] [STATS] FETCH | Count: 1000 | Time: 1.89s | Info: 1-6. タイトル・名称 網羅検索 (Part 6) | Offset: 30000
[2026-08-14 16:43:19] [INFO] [sparql_collector] [1-6. タイトル・名称 網羅検索 (Part 6)] Sub-fetch (limit=1000, progress=31000件〜) ...
[2026-08-14 16:43:21] [INFO] [sparql_collector] [1-6. タイトル・名称 網羅検索 (Part 6)] Got 1000 new items. (累計: 32000件) [1.93s]
[2026-08-14 16:43:21] [INFO] [logger] [STATS] FETCH | Count: 1000 | Time: 1.93s | Info: 1-6. タイトル・名称 網羅検索 (Part 6) | Offset: 31000
[2026-08-14 16:43:22] [INFO] [sparql_collector] [1-6. タイトル・名称 網羅検索 (Part 6)] Sub-fetch (limit=1000, progress=32000件〜) ...
[2026-08-14 16:43:24] [INFO] [sparql_collector] [1-6. タイトル・名称 網羅検索 (Part 6)] Got 1000 new items. (累計: 33000件) [2.00s]
[2026-08-14 16:43:24] [INFO] [logger] [STATS] FETCH | Count: 1000 | Time: 2.00s | Info: 1-6. タイトル・名称 網羅検索 (Part 6) | Offset: 32000
[2026-08-14 16:43:24] [INFO] [sparql_collector] [1-6. タイトル・名称 網羅検索 (Part 6)] Sub-fetch (limit=1000, progress=33000件〜) ...
[2026-08-14 16:43:26] [INFO] [sparql_collector] [1-6. タイトル・名称 網羅検索 (Part 6)] Got 1000 new items. (累計: 34000件) [2.04s]
[2026-08-14 16:43:26] [INFO] [logger] [STATS] FETCH | Count: 1000 | Time: 2.04s | Info: 1-6. タイトル・名称 網羅検索 (Part 6) | Offset: 33000
[2026-08-14 16:43:27] [INFO] [sparql_collector] [1-6. タイトル・名称 網羅検索 (Part 6)] Sub-fetch (limit=1000, progress=34000件〜) ...
[2026-08-14 16:43:29] [INFO] [sparql_collector] [1-6. タイトル・名称 網羅検索 (Part 6)] Got 1000 new items. (累計: 35000件) [2.12s]
[2026-08-14 16:43:29] [INFO] [logger] [STATS] FETCH | Count: 1000 | Time: 2.12s | Info: 1-6. タイトル・名称 網羅検索 (Part 6) | Offset: 34000
[2026-08-14 16:43:30] [INFO] [sparql_collector] [1-6. タイトル・名称 網羅検索 (Part 6)] Sub-fetch (limit=1000, progress=35000件〜) ...
[2026-08-14 16:43:32] [INFO] [sparql_collector] [1-6. タイトル・名称 網羅検索 (Part 6)] Got 1000 new items. (累計: 36000件) [2.16s]
[2026-08-14 16:43:32] [INFO] [logger] [STATS] FETCH | Count: 1000 | Time: 2.16s | Info: 1-6. タイトル・名称 網羅検索 (Part 6) | Offset: 35000
[2026-08-14 16:43:32] [INFO] [sparql_collector] [1-6. タイトル・名称 網羅検索 (Part 6)] Sub-fetch (limit=1000, progress=36000件〜) ...
[2026-08-14 16:43:34] [INFO] [sparql_collector] [1-6. タイトル・名称 網羅検索 (Part 6)] Got 1000 new items. (累計: 37000件) [2.22s]
[2026-08-14 16:43:34] [INFO] [logger] [STATS] FETCH | Count: 1000 | Time: 2.22s | Info: 1-6. タイトル・名称 網羅検索 (Part 6) | Offset: 36000
[2026-08-14 16:43:35] [INFO] [sparql_collector] [1-6. タイトル・名称 網羅検索 (Part 6)] Sub-fetch (limit=1000, progress=37000件〜) ...
[2026-08-14 16:43:37] [INFO] [sparql_collector] [1-6. タイトル・名称 網羅検索 (Part 6)] Got 1000 new items. (累計: 38000件) [2.29s]
[2026-08-14 16:43:37] [INFO] [logger] [STATS] FETCH | Count: 1000 | Time: 2.29s | Info: 1-6. タイトル・名称 網羅検索 (Part 6) | Offset: 37000
[2026-08-14 16:43:38] [INFO] [sparql_collector] [1-6. タイトル・名称 網羅検索 (Part 6)] Sub-fetch (limit=1000, progress=38000件〜) ...
[2026-08-14 16:43:40] [INFO] [sparql_collector] [1-6. タイトル・名称 網羅検索 (Part 6)] Got 1000 new items. (累計: 39000件) [2.37s]
[2026-08-14 16:43:40] [INFO] [logger] [STATS] FETCH | Count: 1000 | Time: 2.37s | Info: 1-6. タイトル・名称 網羅検索 (Part 6) | Offset: 38000
[2026-08-14 16:43:41] [INFO] [sparql_collector] [1-6. タイトル・名称 網羅検索 (Part 6)] Sub-fetch (limit=1000, progress=39000件〜) ...
[2026-08-14 16:43:43] [INFO] [sparql_collector] [1-6. タイトル・名称 網羅検索 (Part 6)] Got 1000 new items. (累計: 40000件) [2.61s]
[2026-08-14 16:43:43] [INFO] [logger] [STATS] FETCH | Count: 1000 | Time: 2.61s | Info: 1-6. タイトル・名称 網羅検索 (Part 6) | Offset: 39000
[2026-08-14 16:43:44] [INFO] [sparql_collector] [1-6. タイトル・名称 網羅検索 (Part 6)] Sub-fetch (limit=1000, progress=40000件〜) ...
[2026-08-14 16:43:46] [INFO] [sparql_collector] [1-6. タイトル・名称 網羅検索 (Part 6)] Got 1000 new items. (累計: 41000件) [2.79s]
[2026-08-14 16:43:46] [INFO] [logger] [STATS] FETCH | Count: 1000 | Time: 2.79s | Info: 1-6. タイトル・名称 網羅検索 (Part 6) | Offset: 40000
[2026-08-14 16:43:47] [INFO] [sparql_collector] [1-6. タイトル・名称 網羅検索 (Part 6)] Sub-fetch (limit=1000, progress=41000件〜) ...
[2026-08-14 16:43:50] [INFO] [sparql_collector] [1-6. タイトル・名称 網羅検索 (Part 6)] Got 1000 new items. (累計: 42000件) [2.94s]
[2026-08-14 16:43:50] [INFO] [logger] [STATS] FETCH | Count: 1000 | Time: 2.94s | Info: 1-6. タイトル・名称 網羅検索 (Part 6) | Offset: 41000
[2026-08-14 16:43:50] [INFO] [sparql_collector] [1-6. タイトル・名称 網羅検索 (Part 6)] Sub-fetch (limit=1000, progress=42000件〜) ...
[2026-08-14 16:43:53] [INFO] [sparql_collector] [1-6. タイトル・名称 網羅検索 (Part 6)] Got 1000 new items. (累計: 43000件) [3.03s]
[2026-08-14 16:43:53] [INFO] [logger] [STATS] FETCH | Count: 1000 | Time: 3.03s | Info: 1-6. タイトル・名称 網羅検索 (Part 6) | Offset: 42000
[2026-08-14 16:43:54] [INFO] [sparql_collector] [1-6. タイトル・名称 網羅検索 (Part 6)] Sub-fetch (limit=1000, progress=43000件〜) ...
[2026-08-14 16:43:57] [INFO] [sparql_collector] [1-6. タイトル・名称 網羅検索 (Part 6)] Got 1000 new items. (累計: 44000件) [3.08s]
[2026-08-14 16:43:57] [INFO] [logger] [STATS] FETCH | Count: 1000 | Time: 3.08s | Info: 1-6. タイトル・名称 網羅検索 (Part 6) | Offset: 43000
[2026-08-14 16:43:58] [INFO] [sparql_collector] [1-6. タイトル・名称 網羅検索 (Part 6)] Sub-fetch (limit=1000, progress=44000件〜) ...
[2026-08-14 16:44:03] [INFO] [sparql_collector] [1-6. タイトル・名称 網羅検索 (Part 6)] Got 1000 new items. (累計: 45000件) [5.36s]
[2026-08-14 16:44:03] [INFO] [logger] [STATS] FETCH | Count: 1000 | Time: 5.36s | Info: 1-6. タイトル・名称 網羅検索 (Part 6) | Offset: 44000
[2026-08-14 16:44:03] [INFO] [sparql_collector] [1-6. タイトル・名称 網羅検索 (Part 6)] Sub-fetch (limit=1000, progress=45000件〜) ...
[2026-08-14 16:44:09] [INFO] [sparql_collector] [1-6. タイトル・名称 網羅検索 (Part 6)] Got 53 new items. (累計: 45053件) [5.21s]
[2026-08-14 16:44:09] [INFO] [logger] [STATS] FETCH | Count: 53 | Time: 5.21s | Info: 1-6. タイトル・名称 網羅検索 (Part 6) | Offset: 45000
[2026-08-14 16:44:09] [INFO] [sparql_collector] [1-6. タイトル・名称 網羅検索 (Part 6)] 最終バッチ到達（全データ取得完了）。
[2026-08-14 16:44:10] [INFO] [sparql_collector] --- [開始] 1-7. タイトル・名称 網羅検索 (Part 7) (全件網羅 (上限なし)) ---
[2026-08-14 16:44:10] [INFO] [sparql_collector] [1-7. タイトル・名称 網羅検索 (Part 7)] Sub-fetch (limit=1000, progress=0件〜) ...
[2026-08-14 16:44:10] [INFO] [sparql_collector] [1-7. タイトル・名称 網羅検索 (Part 7)] Got 1000 new items. (累計: 1000件) [0.13s]
[2026-08-14 16:44:10] [INFO] [logger] [STATS] FETCH | Count: 1000 | Time: 0.13s | Info: 1-7. タイトル・名称 網羅検索 (Part 7) | Offset: 0
[2026-08-14 16:44:11] [INFO] [sparql_collector] [1-7. タイトル・名称 網羅検索 (Part 7)] Sub-fetch (limit=1000, progress=1000件〜) ...
[2026-08-14 16:44:11] [INFO] [sparql_collector] [1-7. タイトル・名称 網羅検索 (Part 7)] Got 1000 new items. (累計: 2000件) [0.17s]
[2026-08-14 16:44:11] [INFO] [logger] [STATS] FETCH | Count: 1000 | Time: 0.17s | Info: 1-7. タイトル・名称 網羅検索 (Part 7) | Offset: 1000
[2026-08-14 16:44:11] [INFO] [sparql_collector] [1-7. タイトル・名称 網羅検索 (Part 7)] Sub-fetch (limit=1000, progress=2000件〜) ...
[2026-08-14 16:44:12] [INFO] [sparql_collector] [1-7. タイトル・名称 網羅検索 (Part 7)] Got 1000 new items. (累計: 3000件) [0.21s]
[2026-08-14 16:44:12] [INFO] [logger] [STATS] FETCH | Count: 1000 | Time: 0.21s | Info: 1-7. タイトル・名称 網羅検索 (Part 7) | Offset: 2000
[2026-08-14 16:44:12] [INFO] [sparql_collector] [1-7. タイトル・名称 網羅検索 (Part 7)] Sub-fetch (limit=1000, progress=3000件〜) ...
[2026-08-14 16:44:12] [INFO] [sparql_collector] [1-7. タイトル・名称 網羅検索 (Part 7)] Got 1000 new items. (累計: 4000件) [0.29s]
[2026-08-14 16:44:12] [INFO] [logger] [STATS] FETCH | Count: 1000 | Time: 0.29s | Info: 1-7. タイトル・名称 網羅検索 (Part 7) | Offset: 3000
[2026-08-14 16:44:13] [INFO] [sparql_collector] [1-7. タイトル・名称 網羅検索 (Part 7)] Sub-fetch (limit=1000, progress=4000件〜) ...
[2026-08-14 16:44:13] [INFO] [sparql_collector] [1-7. タイトル・名称 網羅検索 (Part 7)] Got 1000 new items. (累計: 5000件) [0.38s]
[2026-08-14 16:44:13] [INFO] [logger] [STATS] FETCH | Count: 1000 | Time: 0.38s | Info: 1-7. タイトル・名称 網羅検索 (Part 7) | Offset: 4000
[2026-08-14 16:44:14] [INFO] [sparql_collector] [1-7. タイトル・名称 網羅検索 (Part 7)] Sub-fetch (limit=1000, progress=5000件〜) ...
[2026-08-14 16:44:14] [INFO] [sparql_collector] [1-7. タイトル・名称 網羅検索 (Part 7)] Got 1000 new items. (累計: 6000件) [0.41s]
[2026-08-14 16:44:14] [INFO] [logger] [STATS] FETCH | Count: 1000 | Time: 0.41s | Info: 1-7. タイトル・名称 網羅検索 (Part 7) | Offset: 5000
[2026-08-14 16:44:15] [INFO] [sparql_collector] [1-7. タイトル・名称 網羅検索 (Part 7)] Sub-fetch (limit=1000, progress=6000件〜) ...
[2026-08-14 16:44:15] [INFO] [sparql_collector] [1-7. タイトル・名称 網羅検索 (Part 7)] Got 1000 new items. (累計: 7000件) [0.49s]
[2026-08-14 16:44:15] [INFO] [logger] [STATS] FETCH | Count: 1000 | Time: 0.49s | Info: 1-7. タイトル・名称 網羅検索 (Part 7) | Offset: 6000
[2026-08-14 16:44:16] [INFO] [sparql_collector] [1-7. タイトル・名称 網羅検索 (Part 7)] Sub-fetch (limit=1000, progress=7000件〜) ...
[2026-08-14 16:44:16] [INFO] [sparql_collector] [1-7. タイトル・名称 網羅検索 (Part 7)] Got 1000 new items. (累計: 8000件) [0.53s]
[2026-08-14 16:44:16] [INFO] [logger] [STATS] FETCH | Count: 1000 | Time: 0.53s | Info: 1-7. タイトル・名称 網羅検索 (Part 7) | Offset: 7000
[2026-08-14 16:44:17] [INFO] [sparql_collector] [1-7. タイトル・名称 網羅検索 (Part 7)] Sub-fetch (limit=1000, progress=8000件〜) ...
[2026-08-14 16:44:17] [INFO] [sparql_collector] [1-7. タイトル・名称 網羅検索 (Part 7)] Got 1000 new items. (累計: 9000件) [0.58s]
[2026-08-14 16:44:17] [INFO] [logger] [STATS] FETCH | Count: 1000 | Time: 0.58s | Info: 1-7. タイトル・名称 網羅検索 (Part 7) | Offset: 8000
[2026-08-14 16:44:18] [INFO] [sparql_collector] [1-7. タイトル・名称 網羅検索 (Part 7)] Sub-fetch (limit=1000, progress=9000件〜) ...
[2026-08-14 16:44:18] [INFO] [sparql_collector] [1-7. タイトル・名称 網羅検索 (Part 7)] Got 1000 new items. (累計: 10000件) [0.61s]
[2026-08-14 16:44:18] [INFO] [logger] [STATS] FETCH | Count: 1000 | Time: 0.61s | Info: 1-7. タイトル・名称 網羅検索 (Part 7) | Offset: 9000
[2026-08-14 16:44:19] [INFO] [sparql_collector] [1-7. タイトル・名称 網羅検索 (Part 7)] Sub-fetch (limit=1000, progress=10000件〜) ...
[2026-08-14 16:44:20] [INFO] [sparql_collector] [1-7. タイトル・名称 網羅検索 (Part 7)] Got 1000 new items. (累計: 11000件) [0.67s]
[2026-08-14 16:44:20] [INFO] [logger] [STATS] FETCH | Count: 1000 | Time: 0.67s | Info: 1-7. タイトル・名称 網羅検索 (Part 7) | Offset: 10000
[2026-08-14 16:44:20] [INFO] [sparql_collector] [1-7. タイトル・名称 網羅検索 (Part 7)] Sub-fetch (limit=1000, progress=11000件〜) ...
[2026-08-14 16:44:21] [INFO] [sparql_collector] [1-7. タイトル・名称 網羅検索 (Part 7)] Got 1000 new items. (累計: 12000件) [0.69s]
[2026-08-14 16:44:21] [INFO] [logger] [STATS] FETCH | Count: 1000 | Time: 0.69s | Info: 1-7. タイトル・名称 網羅検索 (Part 7) | Offset: 11000
[2026-08-14 16:44:21] [INFO] [sparql_collector] [1-7. タイトル・名称 網羅検索 (Part 7)] Sub-fetch (limit=1000, progress=12000件〜) ...
[2026-08-14 16:44:22] [INFO] [sparql_collector] [1-7. タイトル・名称 網羅検索 (Part 7)] Got 1000 new items. (累計: 13000件) [0.71s]
[2026-08-14 16:44:22] [INFO] [logger] [STATS] FETCH | Count: 1000 | Time: 0.71s | Info: 1-7. タイトル・名称 網羅検索 (Part 7) | Offset: 12000
[2026-08-14 16:44:23] [INFO] [sparql_collector] [1-7. タイトル・名称 網羅検索 (Part 7)] Sub-fetch (limit=1000, progress=13000件〜) ...
[2026-08-14 16:44:23] [INFO] [sparql_collector] [1-7. タイトル・名称 網羅検索 (Part 7)] Got 1000 new items. (累計: 14000件) [0.79s]
[2026-08-14 16:44:23] [INFO] [logger] [STATS] FETCH | Count: 1000 | Time: 0.79s | Info: 1-7. タイトル・名称 網羅検索 (Part 7) | Offset: 13000
[2026-08-14 16:44:24] [INFO] [sparql_collector] [1-7. タイトル・名称 網羅検索 (Part 7)] Sub-fetch (limit=1000, progress=14000件〜) ...
[2026-08-14 16:44:25] [INFO] [sparql_collector] [1-7. タイトル・名称 網羅検索 (Part 7)] Got 1000 new items. (累計: 15000件) [0.85s]
[2026-08-14 16:44:25] [INFO] [logger] [STATS] FETCH | Count: 1000 | Time: 0.85s | Info: 1-7. タイトル・名称 網羅検索 (Part 7) | Offset: 14000
[2026-08-14 16:44:25] [INFO] [sparql_collector] [1-7. タイトル・名称 網羅検索 (Part 7)] Sub-fetch (limit=1000, progress=15000件〜) ...
[2026-08-14 16:44:26] [INFO] [sparql_collector] [1-7. タイトル・名称 網羅検索 (Part 7)] Got 1000 new items. (累計: 16000件) [0.90s]
[2026-08-14 16:44:26] [INFO] [logger] [STATS] FETCH | Count: 1000 | Time: 0.90s | Info: 1-7. タイトル・名称 網羅検索 (Part 7) | Offset: 15000
[2026-08-14 16:44:27] [INFO] [sparql_collector] [1-7. タイトル・名称 網羅検索 (Part 7)] Sub-fetch (limit=1000, progress=16000件〜) ...
[2026-08-14 16:44:28] [INFO] [sparql_collector] [1-7. タイトル・名称 網羅検索 (Part 7)] Got 1000 new items. (累計: 17000件) [0.96s]
[2026-08-14 16:44:28] [INFO] [logger] [STATS] FETCH | Count: 1000 | Time: 0.96s | Info: 1-7. タイトル・名称 網羅検索 (Part 7) | Offset: 16000
[2026-08-14 16:44:28] [INFO] [sparql_collector] [1-7. タイトル・名称 網羅検索 (Part 7)] Sub-fetch (limit=1000, progress=17000件〜) ...
[2026-08-14 16:44:29] [INFO] [sparql_collector] [1-7. タイトル・名称 網羅検索 (Part 7)] Got 1000 new items. (累計: 18000件) [1.06s]
[2026-08-14 16:44:29] [INFO] [logger] [STATS] FETCH | Count: 1000 | Time: 1.06s | Info: 1-7. タイトル・名称 網羅検索 (Part 7) | Offset: 17000
[2026-08-14 16:44:30] [INFO] [sparql_collector] [1-7. タイトル・名称 網羅検索 (Part 7)] Sub-fetch (limit=1000, progress=18000件〜) ...
[2026-08-14 16:44:31] [INFO] [sparql_collector] [1-7. タイトル・名称 網羅検索 (Part 7)] Got 1000 new items. (累計: 19000件) [1.16s]
[2026-08-14 16:44:31] [INFO] [logger] [STATS] FETCH | Count: 1000 | Time: 1.16s | Info: 1-7. タイトル・名称 網羅検索 (Part 7) | Offset: 18000
[2026-08-14 16:44:31] [INFO] [sparql_collector] [1-7. タイトル・名称 網羅検索 (Part 7)] Sub-fetch (limit=1000, progress=19000件〜) ...
[2026-08-14 16:44:33] [INFO] [sparql_collector] [1-7. タイトル・名称 網羅検索 (Part 7)] Got 1000 new items. (累計: 20000件) [1.32s]
[2026-08-14 16:44:33] [INFO] [logger] [STATS] FETCH | Count: 1000 | Time: 1.32s | Info: 1-7. タイトル・名称 網羅検索 (Part 7) | Offset: 19000
[2026-08-14 16:44:33] [INFO] [sparql_collector] [1-7. タイトル・名称 網羅検索 (Part 7)] Sub-fetch (limit=1000, progress=20000件〜) ...
[2026-08-14 16:44:34] [INFO] [sparql_collector] [1-7. タイトル・名称 網羅検索 (Part 7)] Got 1000 new items. (累計: 21000件) [1.33s]
[2026-08-14 16:44:34] [INFO] [logger] [STATS] FETCH | Count: 1000 | Time: 1.33s | Info: 1-7. タイトル・名称 網羅検索 (Part 7) | Offset: 20000
[2026-08-14 16:44:35] [INFO] [sparql_collector] [1-7. タイトル・名称 網羅検索 (Part 7)] Sub-fetch (limit=1000, progress=21000件〜) ...
[2026-08-14 16:44:36] [INFO] [sparql_collector] [1-7. タイトル・名称 網羅検索 (Part 7)] Got 1000 new items. (累計: 22000件) [1.34s]
[2026-08-14 16:44:36] [INFO] [logger] [STATS] FETCH | Count: 1000 | Time: 1.34s | Info: 1-7. タイトル・名称 網羅検索 (Part 7) | Offset: 21000
[2026-08-14 16:44:37] [INFO] [sparql_collector] [1-7. タイトル・名称 網羅検索 (Part 7)] Sub-fetch (limit=1000, progress=22000件〜) ...
[2026-08-14 16:44:38] [INFO] [sparql_collector] [1-7. タイトル・名称 網羅検索 (Part 7)] Got 1000 new items. (累計: 23000件) [1.39s]
[2026-08-14 16:44:38] [INFO] [logger] [STATS] FETCH | Count: 1000 | Time: 1.39s | Info: 1-7. タイトル・名称 網羅検索 (Part 7) | Offset: 22000
[2026-08-14 16:44:39] [INFO] [sparql_collector] [1-7. タイトル・名称 網羅検索 (Part 7)] Sub-fetch (limit=1000, progress=23000件〜) ...
[2026-08-14 16:44:40] [INFO] [sparql_collector] [1-7. タイトル・名称 網羅検索 (Part 7)] Got 1000 new items. (累計: 24000件) [1.43s]
[2026-08-14 16:44:40] [INFO] [logger] [STATS] FETCH | Count: 1000 | Time: 1.43s | Info: 1-7. タイトル・名称 網羅検索 (Part 7) | Offset: 23000
[2026-08-14 16:44:41] [INFO] [sparql_collector] [1-7. タイトル・名称 網羅検索 (Part 7)] Sub-fetch (limit=1000, progress=24000件〜) ...
[2026-08-14 16:44:43] [INFO] [sparql_collector] [1-7. タイトル・名称 網羅検索 (Part 7)] Got 944 new items. (累計: 24944件) [2.69s]
[2026-08-14 16:44:43] [INFO] [logger] [STATS] FETCH | Count: 944 | Time: 2.69s | Info: 1-7. タイトル・名称 網羅検索 (Part 7) | Offset: 24000
[2026-08-17 15:45:00] [INFO] [sparql_collector] --- [開始] 1-1. タイトル・名称 網羅検索 (Part 1) (全件網羅 (上限なし)) ---
[2026-08-17 15:45:00] [INFO] [sparql_collector] [1-1. タイトル・名称 網羅検索 (Part 1)] Sub-fetch (limit=1000, progress=0件〜) ...
[2026-08-17 15:45:02] [INFO] [sparql_collector] [1-1. タイトル・名称 網羅検索 (Part 1)] Got 1000 new items. (累計: 1000件) [1.73s]
[2026-08-17 15:45:02] [INFO] [logger] [STATS] FETCH | Count: 1000 | Time: 1.73s | Info: 1-1. タイトル・名称 網羅検索 (Part 1) | Offset: 0
[2026-08-17 15:45:02] [INFO] [sparql_collector] [1-1. タイトル・名称 網羅検索 (Part 1)] Sub-fetch (limit=1000, progress=1000件〜) ...
[2026-08-17 15:45:03] [INFO] [sparql_collector] [1-1. タイトル・名称 網羅検索 (Part 1)] Got 620 new items. (累計: 1620件) [0.90s]
[2026-08-17 15:45:03] [INFO] [logger] [STATS] FETCH | Count: 620 | Time: 0.90s | Info: 1-1. タイトル・名称 網羅検索 (Part 1) | Offset: 1000
[2026-08-17 15:45:03] [INFO] [sparql_collector] [1-1. タイトル・名称 網羅検索 (Part 1)] 最終バッチ到達（全データ取得完了）。
[2026-08-17 15:45:04] [INFO] [sparql_collector] --- [開始] 1-2. タイトル・名称 網羅検索 (Part 2) (全件網羅 (上限なし)) ---
[2026-08-17 15:45:04] [INFO] [sparql_collector] [1-2. タイトル・名称 網羅検索 (Part 2)] Sub-fetch (limit=1000, progress=0件〜) ...
[2026-08-17 15:45:05] [INFO] [sparql_collector] [1-2. タイトル・名称 網羅検索 (Part 2)] Got 638 new items. (累計: 638件) [0.36s]
[2026-08-17 15:45:05] [INFO] [logger] [STATS] FETCH | Count: 638 | Time: 0.36s | Info: 1-2. タイトル・名称 網羅検索 (Part 2) | Offset: 0
[2026-08-17 15:45:05] [INFO] [sparql_collector] [1-2. タイトル・名称 網羅検索 (Part 2)] 最終バッチ到達（全データ取得完了）。
[2026-08-17 15:45:06] [INFO] [sparql_collector] --- [開始] 1-3. タイトル・名称 網羅検索 (Part 3) (全件網羅 (上限なし)) ---
[2026-08-17 15:45:06] [INFO] [sparql_collector] [1-3. タイトル・名称 網羅検索 (Part 3)] Sub-fetch (limit=1000, progress=0件〜) ...
[2026-08-17 15:45:07] [INFO] [sparql_collector] [1-3. タイトル・名称 網羅検索 (Part 3)] Got 1000 new items. (累計: 1000件) [0.49s]
[2026-08-17 15:45:07] [INFO] [logger] [STATS] FETCH | Count: 1000 | Time: 0.49s | Info: 1-3. タイトル・名称 網羅検索 (Part 3) | Offset: 0
[2026-08-17 15:45:07] [INFO] [sparql_collector] [1-3. タイトル・名称 網羅検索 (Part 3)] Sub-fetch (limit=1000, progress=1000件〜) ...
[2026-08-17 15:45:08] [INFO] [sparql_collector] [1-3. タイトル・名称 網羅検索 (Part 3)] Got 1000 new items. (累計: 2000件) [0.39s]
[2026-08-17 15:45:08] [INFO] [logger] [STATS] FETCH | Count: 1000 | Time: 0.39s | Info: 1-3. タイトル・名称 網羅検索 (Part 3) | Offset: 1000
[2026-08-17 15:45:08] [INFO] [sparql_collector] [1-3. タイトル・名称 網羅検索 (Part 3)] Sub-fetch (limit=1000, progress=2000件〜) ...
[2026-08-17 15:45:09] [INFO] [sparql_collector] [1-3. タイトル・名称 網羅検索 (Part 3)] Got 1000 new items. (累計: 3000件) [0.45s]
[2026-08-17 15:45:09] [INFO] [logger] [STATS] FETCH | Count: 1000 | Time: 0.45s | Info: 1-3. タイトル・名称 網羅検索 (Part 3) | Offset: 2000
[2026-08-17 15:45:09] [INFO] [sparql_collector] [1-3. タイトル・名称 網羅検索 (Part 3)] Sub-fetch (limit=1000, progress=3000件〜) ...
[2026-08-17 15:45:10] [INFO] [sparql_collector] [1-3. タイトル・名称 網羅検索 (Part 3)] Got 1000 new items. (累計: 4000件) [0.63s]
[2026-08-17 15:45:10] [INFO] [logger] [STATS] FETCH | Count: 1000 | Time: 0.63s | Info: 1-3. タイトル・名称 網羅検索 (Part 3) | Offset: 3000
[2026-08-17 15:45:10] [INFO] [sparql_collector] [1-3. タイトル・名称 網羅検索 (Part 3)] Sub-fetch (limit=1000, progress=4000件〜) ...
[2026-08-17 15:45:11] [INFO] [sparql_collector] [1-3. タイトル・名称 網羅検索 (Part 3)] Got 1000 new items. (累計: 5000件) [0.62s]
[2026-08-17 15:45:11] [INFO] [logger] [STATS] FETCH | Count: 1000 | Time: 0.62s | Info: 1-3. タイトル・名称 網羅検索 (Part 3) | Offset: 4000
[2026-08-17 15:45:11] [INFO] [sparql_collector] [1-3. タイトル・名称 網羅検索 (Part 3)] Sub-fetch (limit=1000, progress=5000件〜) ...
[2026-08-17 15:45:12] [INFO] [sparql_collector] [1-3. タイトル・名称 網羅検索 (Part 3)] Got 1000 new items. (累計: 6000件) [0.75s]
[2026-08-17 15:45:12] [INFO] [logger] [STATS] FETCH | Count: 1000 | Time: 0.75s | Info: 1-3. タイトル・名称 網羅検索 (Part 3) | Offset: 5000
[2026-08-17 15:45:13] [INFO] [sparql_collector] [1-3. タイトル・名称 網羅検索 (Part 3)] Sub-fetch (limit=1000, progress=6000件〜) ...
[2026-08-17 15:45:13] [INFO] [sparql_collector] [1-3. タイトル・名称 網羅検索 (Part 3)] Got 1000 new items. (累計: 7000件) [0.74s]
[2026-08-17 15:45:13] [INFO] [logger] [STATS] FETCH | Count: 1000 | Time: 0.74s | Info: 1-3. タイトル・名称 網羅検索 (Part 3) | Offset: 6000
[2026-08-17 15:45:14] [INFO] [sparql_collector] [1-3. タイトル・名称 網羅検索 (Part 3)] Sub-fetch (limit=1000, progress=7000件〜) ...
[2026-08-17 15:45:15] [INFO] [sparql_collector] [1-3. タイトル・名称 網羅検索 (Part 3)] Got 1000 new items. (累計: 8000件) [1.09s]
[2026-08-17 15:45:15] [INFO] [logger] [STATS] FETCH | Count: 1000 | Time: 1.09s | Info: 1-3. タイトル・名称 網羅検索 (Part 3) | Offset: 7000
[2026-08-17 15:45:15] [INFO] [sparql_collector] [1-3. タイトル・名称 網羅検索 (Part 3)] Sub-fetch (limit=1000, progress=8000件〜) ...
[2026-08-17 15:45:16] [INFO] [sparql_collector] [1-3. タイトル・名称 網羅検索 (Part 3)] Got 107 new items. (累計: 8107件) [0.83s]
[2026-08-17 15:45:16] [INFO] [logger] [STATS] FETCH | Count: 107 | Time: 0.83s | Info: 1-3. タイトル・名称 網羅検索 (Part 3) | Offset: 8000
[2026-08-17 15:45:16] [INFO] [sparql_collector] [1-3. タイトル・名称 網羅検索 (Part 3)] 最終バッチ到達（全データ取得完了）。
[2026-08-17 15:45:18] [INFO] [sparql_collector] --- [開始] 2A-1. 主題エンティティ (schema:about) 網羅検索 (Part 1) (全件網羅 (上限なし)) ---
[2026-08-17 15:45:18] [INFO] [sparql_collector] [2A-1. 主題エンティティ (schema:about) 網羅検索 (Part 1)] Sub-fetch (limit=1000, progress=0件〜) ...
[2026-08-17 15:45:18] [INFO] [sparql_collector] [2A-1. 主題エンティティ (schema:about) 網羅検索 (Part 1)] Got 1000 new items. (累計: 1000件) [0.63s]
[2026-08-17 15:45:18] [INFO] [logger] [STATS] FETCH | Count: 1000 | Time: 0.63s | Info: 2A-1. 主題エンティティ (schema:about) 網羅検索 (Part 1) | Offset: 0
[2026-08-17 15:45:19] [INFO] [sparql_collector] [2A-1. 主題エンティティ (schema:about) 網羅検索 (Part 1)] Sub-fetch (limit=1000, progress=1000件〜) ...
[2026-08-17 15:45:20] [INFO] [sparql_collector] [2A-1. 主題エンティティ (schema:about) 網羅検索 (Part 1)] Got 418 new items. (累計: 1418件) [0.64s]
[2026-08-17 15:45:20] [INFO] [logger] [STATS] FETCH | Count: 418 | Time: 0.64s | Info: 2A-1. 主題エンティティ (schema:about) 網羅検索 (Part 1) | Offset: 1000
[2026-08-17 15:45:20] [INFO] [sparql_collector] [2A-1. 主題エンティティ (schema:about) 網羅検索 (Part 1)] 最終バッチ到達（全データ取得完了）。
[2026-08-17 15:45:21] [INFO] [sparql_collector] --- [開始] 2A-2. 主題エンティティ (schema:about) 網羅検索 (Part 2) (全件網羅 (上限なし)) ---
[2026-08-17 15:45:21] [INFO] [sparql_collector] [2A-2. 主題エンティティ (schema:about) 網羅検索 (Part 2)] Sub-fetch (limit=1000, progress=0件〜) ...
[2026-08-17 15:45:21] [INFO] [sparql_collector] [2A-2. 主題エンティティ (schema:about) 網羅検索 (Part 2)] Got 57 new items. (累計: 57件) [0.13s]
[2026-08-17 15:45:21] [INFO] [logger] [STATS] FETCH | Count: 57 | Time: 0.13s | Info: 2A-2. 主題エンティティ (schema:about) 網羅検索 (Part 2) | Offset: 0
[2026-08-17 15:45:21] [INFO] [sparql_collector] [2A-2. 主題エンティティ (schema:about) 網羅検索 (Part 2)] 最終バッチ到達（全データ取得完了）。
[2026-08-17 15:45:23] [INFO] [sparql_collector] --- [開始] 2A-3. 主題エンティティ (schema:about) 網羅検索 (Part 3) (全件網羅 (上限なし)) ---
[2026-08-17 15:45:23] [INFO] [sparql_collector] [2A-3. 主題エンティティ (schema:about) 網羅検索 (Part 3)] Sub-fetch (limit=1000, progress=0件〜) ...
[2026-08-17 15:45:23] [INFO] [sparql_collector] [2A-3. 主題エンティティ (schema:about) 網羅検索 (Part 3)] Got 603 new items. (累計: 603件) [0.36s]
[2026-08-17 15:45:23] [INFO] [logger] [STATS] FETCH | Count: 603 | Time: 0.36s | Info: 2A-3. 主題エンティティ (schema:about) 網羅検索 (Part 3) | Offset: 0
[2026-08-17 15:45:23] [INFO] [sparql_collector] [2A-3. 主題エンティティ (schema:about) 網羅検索 (Part 3)] 最終バッチ到達（全データ取得完了）。
[2026-08-17 15:45:25] [INFO] [sparql_collector] --- [開始] 2B-1. キーワード・件名 (keywords / subject) 網羅検索 (Part 1) (全件網羅 (上限なし)) ---
[2026-08-17 15:45:25] [INFO] [sparql_collector] [2B-1. キーワード・件名 (keywords / subject) 網羅検索 (Part 1)] Sub-fetch (limit=1000, progress=0件〜) ...
[2026-08-17 15:45:25] [INFO] [sparql_collector] [2B-1. キーワード・件名 (keywords / subject) 網羅検索 (Part 1)] Done (データ上限達成・これ以上結果なし).
[2026-08-17 15:45:26] [INFO] [sparql_collector] --- [開始] 2B-2. キーワード・件名 (keywords / subject) 網羅検索 (Part 2) (全件網羅 (上限なし)) ---
[2026-08-17 15:45:26] [INFO] [sparql_collector] [2B-2. キーワード・件名 (keywords / subject) 網羅検索 (Part 2)] Sub-fetch (limit=1000, progress=0件〜) ...
[2026-08-17 15:45:26] [INFO] [sparql_collector] [2B-2. キーワード・件名 (keywords / subject) 網羅検索 (Part 2)] Done (データ上限達成・これ以上結果なし).
[2026-08-17 15:45:28] [INFO] [sparql_collector] --- [開始] 2B-3. キーワード・件名 (keywords / subject) 網羅検索 (Part 3) (全件網羅 (上限なし)) ---
[2026-08-17 15:45:28] [INFO] [sparql_collector] [2B-3. キーワード・件名 (keywords / subject) 網羅検索 (Part 3)] Sub-fetch (limit=1000, progress=0件〜) ...
[2026-08-17 15:45:28] [INFO] [sparql_collector] [2B-3. キーワード・件名 (keywords / subject) 網羅検索 (Part 3)] Done (データ上限達成・これ以上結果なし).
[2026-08-17 15:45:29] [INFO] [sparql_collector] --- [開始] 3. 説明文 (description) 網羅検索 (全件網羅 (上限なし)) ---
[2026-08-17 15:45:29] [INFO] [sparql_collector] [3. 説明文 (description) 網羅検索] Sub-fetch (limit=1000, progress=0件〜) ...
[2026-08-17 15:45:30] [INFO] [sparql_collector] [3. 説明文 (description) 網羅検索] Got 1000 new items. (累計: 1000件) [0.73s]
[2026-08-17 15:45:30] [INFO] [logger] [STATS] FETCH | Count: 1000 | Time: 0.73s | Info: 3. 説明文 (description) 網羅検索 | Offset: 0
[2026-08-17 15:45:31] [INFO] [sparql_collector] [3. 説明文 (description) 網羅検索] Sub-fetch (limit=1000, progress=1000件〜) ...
[2026-08-17 15:45:31] [INFO] [sparql_collector] [3. 説明文 (description) 網羅検索] Got 1000 new items. (累計: 2000件) [0.42s]
[2026-08-17 15:45:31] [INFO] [logger] [STATS] FETCH | Count: 1000 | Time: 0.42s | Info: 3. 説明文 (description) 網羅検索 | Offset: 1000
[2026-08-17 15:45:32] [INFO] [sparql_collector] [3. 説明文 (description) 網羅検索] Sub-fetch (limit=1000, progress=2000件〜) ...
[2026-08-17 15:45:32] [INFO] [sparql_collector] [3. 説明文 (description) 網羅検索] Got 1000 new items. (累計: 3000件) [0.40s]
[2026-08-17 15:45:32] [INFO] [logger] [STATS] FETCH | Count: 1000 | Time: 0.40s | Info: 3. 説明文 (description) 網羅検索 | Offset: 2000
[2026-08-17 15:45:33] [INFO] [sparql_collector] [3. 説明文 (description) 網羅検索] Sub-fetch (limit=1000, progress=3000件〜) ...
[2026-08-17 15:45:33] [INFO] [sparql_collector] [3. 説明文 (description) 網羅検索] Got 1000 new items. (累計: 4000件) [0.48s]
[2026-08-17 15:45:33] [INFO] [logger] [STATS] FETCH | Count: 1000 | Time: 0.48s | Info: 3. 説明文 (description) 網羅検索 | Offset: 3000
[2026-08-17 15:45:33] [INFO] [sparql_collector] [3. 説明文 (description) 網羅検索] Sub-fetch (limit=1000, progress=4000件〜) ...
[2026-08-17 15:45:34] [INFO] [sparql_collector] [3. 説明文 (description) 網羅検索] Got 1000 new items. (累計: 5000件) [0.70s]
[2026-08-17 15:45:34] [INFO] [logger] [STATS] FETCH | Count: 1000 | Time: 0.70s | Info: 3. 説明文 (description) 網羅検索 | Offset: 4000
[2026-08-17 15:45:35] [INFO] [sparql_collector] [3. 説明文 (description) 網羅検索] Sub-fetch (limit=1000, progress=5000件〜) ...
[2026-08-17 15:45:35] [INFO] [sparql_collector] [3. 説明文 (description) 網羅検索] Got 1000 new items. (累計: 6000件) [0.54s]
[2026-08-17 15:45:35] [INFO] [logger] [STATS] FETCH | Count: 1000 | Time: 0.54s | Info: 3. 説明文 (description) 網羅検索 | Offset: 5000
[2026-08-17 15:45:36] [INFO] [sparql_collector] [3. 説明文 (description) 網羅検索] Sub-fetch (limit=1000, progress=6000件〜) ...
[2026-08-17 15:45:36] [INFO] [sparql_collector] [3. 説明文 (description) 網羅検索] Got 761 new items. (累計: 6761件) [0.52s]
[2026-08-17 15:45:36] [INFO] [logger] [STATS] FETCH | Count: 761 | Time: 0.52s | Info: 3. 説明文 (description) 網羅検索 | Offset: 6000
[2026-08-17 15:45:36] [INFO] [sparql_collector] [3. 説明文 (description) 網羅検索] 最終バッチ到達（全データ取得完了）。
[2026-08-17 15:45:41] [INFO] [sparql_collector] --- [開始] 2B-1. キーワード・件名 (keywords / subject) 網羅検索 (Part 1) (再試行) (全件網羅 (上限なし)) ---
[2026-08-17 15:45:41] [INFO] [sparql_collector] [2B-1. キーワード・件名 (keywords / subject) 網羅検索 (Part 1) (再試行)] Sub-fetch (limit=1000, progress=0件〜) ...
[2026-08-17 15:45:41] [INFO] [sparql_collector] [2B-1. キーワード・件名 (keywords / subject) 網羅検索 (Part 1) (再試行)] Done (データ上限達成・これ以上結果なし).
[2026-08-17 15:45:42] [INFO] [sparql_collector] --- [開始] 2B-2. キーワード・件名 (keywords / subject) 網羅検索 (Part 2) (再試行) (全件網羅 (上限なし)) ---
[2026-08-17 15:45:42] [INFO] [sparql_collector] [2B-2. キーワード・件名 (keywords / subject) 網羅検索 (Part 2) (再試行)] Sub-fetch (limit=1000, progress=0件〜) ...
[2026-08-17 15:45:42] [INFO] [sparql_collector] [2B-2. キーワード・件名 (keywords / subject) 網羅検索 (Part 2) (再試行)] Done (データ上限達成・これ以上結果なし).
[2026-08-17 15:45:44] [INFO] [sparql_collector] --- [開始] 2B-3. キーワード・件名 (keywords / subject) 網羅検索 (Part 3) (再試行) (全件網羅 (上限なし)) ---
[2026-08-17 15:45:44] [INFO] [sparql_collector] [2B-3. キーワード・件名 (keywords / subject) 網羅検索 (Part 3) (再試行)] Sub-fetch (limit=1000, progress=0件〜) ...
[2026-08-17 15:45:44] [INFO] [sparql_collector] [2B-3. キーワード・件名 (keywords / subject) 網羅検索 (Part 3) (再試行)] Done (データ上限達成・これ以上結果なし).
[2026-08-17 15:45:46] [INFO] [sparql_collector] --- [深層メタデータ一括構築開始 (BuildMetadata.py準拠)] 全 16646 件 ---
[2026-08-17 15:45:46] [INFO] [sparql_collector] 進捗: 20 / 16646 件 処理完了
[2026-08-17 15:45:47] [INFO] [sparql_collector] 進捗: 40 / 16646 件 処理完了
[2026-08-17 15:45:48] [INFO] [sparql_collector] 進捗: 60 / 16646 件 処理完了
[2026-08-17 15:45:49] [INFO] [sparql_collector] 進捗: 80 / 16646 件 処理完了
[2026-08-17 15:45:50] [INFO] [sparql_collector] 進捗: 100 / 16646 件 処理完了
[2026-08-17 15:45:51] [INFO] [sparql_collector] 進捗: 120 / 16646 件 処理完了
[2026-08-17 15:45:54] [INFO] [sparql_collector] 進捗: 140 / 16646 件 処理完了
[2026-08-17 15:45:56] [INFO] [sparql_collector] 進捗: 160 / 16646 件 処理完了
[2026-08-17 15:45:57] [INFO] [sparql_collector] 進捗: 180 / 16646 件 処理完了
[2026-08-17 15:45:58] [INFO] [sparql_collector] 進捗: 200 / 16646 件 処理完了
[2026-08-17 15:46:29] [WARNING] [sparql_collector] [504負荷検知] 全 20 件のグラフ取得で遅延発生。小分け分割へ移行します...
[2026-08-17 15:46:29] [INFO] [sparql_collector] -> チャンク分割小分け取得 (20 件 ➔ 10 件 + 10 件)
[2026-08-17 15:47:00] [WARNING] [sparql_collector] [504負荷検知] 全 10 件のグラフ取得で遅延発生。小分け分割へ移行します...
[2026-08-17 15:47:00] [INFO] [sparql_collector] -> チャンク分割小分け取得 (10 件 ➔ 5 件 + 5 件)
[2026-08-17 15:47:30] [WARNING] [sparql_collector] [504負荷検知] 全 5 件のグラフ取得で遅延発生。小分け分割へ移行します...
[2026-08-17 15:47:30] [INFO] [sparql_collector] -> チャンク分割小分け取得 (5 件 ➔ 2 件 + 3 件)
[2026-08-17 15:48:00] [WARNING] [sparql_collector] [504負荷検知] 全 3 件のグラフ取得で遅延発生。小分け分割へ移行します...
[2026-08-17 15:48:00] [INFO] [sparql_collector] -> チャンク分割小分け取得 (3 件 ➔ 1 件 + 2 件)
[2026-08-17 15:48:30] [WARNING] [sparql_collector] [504負荷検知] 全 1 件のグラフ取得で遅延発生。小分け分割へ移行します...
[2026-08-17 15:49:00] [WARNING] [sparql_collector] [504負荷検知] 全 2 件のグラフ取得で遅延発生。小分け分割へ移行します...
[2026-08-17 15:49:00] [INFO] [sparql_collector] -> チャンク分割小分け取得 (2 件 ➔ 1 件 + 1 件)
[2026-08-17 15:49:30] [WARNING] [sparql_collector] [504負荷検知] 全 1 件のグラフ取得で遅延発生。小分け分割へ移行します...
[2026-08-17 15:49:31] [INFO] [sparql_collector] 進捗: 220 / 16646 件 処理完了
[2026-08-17 16:58:12] [INFO] [sparql_collector] --- [開始] 1-1. タイトル・名称 網羅検索 (Part 1) (全件網羅 (上限なし)) ---
[2026-08-17 16:58:12] [INFO] [sparql_collector] [1-1. タイトル・名称 網羅検索 (Part 1)] Sub-fetch (limit=1000, progress=0件〜) ...
[2026-08-17 16:58:12] [INFO] [sparql_collector] [1-1. タイトル・名称 網羅検索 (Part 1)] Got 188 new items. (累計: 188件) [0.36s]
[2026-08-17 16:58:12] [INFO] [logger] [STATS] FETCH | Count: 188 | Time: 0.36s | Info: 1-1. タイトル・名称 網羅検索 (Part 1) | Offset: 0
[2026-08-17 16:58:12] [INFO] [sparql_collector] [1-1. タイトル・名称 網羅検索 (Part 1)] 最終バッチ到達（全データ取得完了）。
[2026-08-17 16:58:14] [INFO] [sparql_collector] --- [開始] 1-2. タイトル・名称 網羅検索 (Part 2) (全件網羅 (上限なし)) ---
[2026-08-17 16:58:14] [INFO] [sparql_collector] [1-2. タイトル・名称 網羅検索 (Part 2)] Sub-fetch (limit=1000, progress=0件〜) ...
[2026-08-17 16:58:14] [INFO] [sparql_collector] [1-2. タイトル・名称 網羅検索 (Part 2)] Got 604 new items. (累計: 604件) [0.21s]
[2026-08-17 16:58:14] [INFO] [logger] [STATS] FETCH | Count: 604 | Time: 0.21s | Info: 1-2. タイトル・名称 網羅検索 (Part 2) | Offset: 0
[2026-08-17 16:58:14] [INFO] [sparql_collector] [1-2. タイトル・名称 網羅検索 (Part 2)] 最終バッチ到達（全データ取得完了）。
[2026-08-17 16:58:16] [INFO] [sparql_collector] --- [開始] 1-3. タイトル・名称 網羅検索 (Part 3) (全件網羅 (上限なし)) ---
[2026-08-17 16:58:16] [INFO] [sparql_collector] [1-3. タイトル・名称 網羅検索 (Part 3)] Sub-fetch (limit=1000, progress=0件〜) ...
[2026-08-17 16:58:16] [INFO] [sparql_collector] [1-3. タイトル・名称 網羅検索 (Part 3)] Got 1000 new items. (累計: 1000件) [0.17s]
[2026-08-17 16:58:16] [INFO] [logger] [STATS] FETCH | Count: 1000 | Time: 0.17s | Info: 1-3. タイトル・名称 網羅検索 (Part 3) | Offset: 0
[2026-08-17 16:58:16] [INFO] [sparql_collector] [1-3. タイトル・名称 網羅検索 (Part 3)] Sub-fetch (limit=1000, progress=1000件〜) ...
[2026-08-17 16:58:16] [INFO] [sparql_collector] [1-3. タイトル・名称 網羅検索 (Part 3)] Got 1000 new items. (累計: 2000件) [0.21s]
[2026-08-17 16:58:16] [INFO] [logger] [STATS] FETCH | Count: 1000 | Time: 0.21s | Info: 1-3. タイトル・名称 網羅検索 (Part 3) | Offset: 1000
[2026-08-17 16:58:17] [INFO] [sparql_collector] [1-3. タイトル・名称 網羅検索 (Part 3)] Sub-fetch (limit=1000, progress=2000件〜) ...
[2026-08-17 16:58:17] [INFO] [sparql_collector] [1-3. タイトル・名称 網羅検索 (Part 3)] Got 1000 new items. (累計: 3000件) [0.25s]
[2026-08-17 16:58:17] [INFO] [logger] [STATS] FETCH | Count: 1000 | Time: 0.25s | Info: 1-3. タイトル・名称 網羅検索 (Part 3) | Offset: 2000
[2026-08-17 16:58:18] [INFO] [sparql_collector] [1-3. タイトル・名称 網羅検索 (Part 3)] Sub-fetch (limit=1000, progress=3000件〜) ...
[2026-08-17 16:58:18] [INFO] [sparql_collector] [1-3. タイトル・名称 網羅検索 (Part 3)] Got 1000 new items. (累計: 4000件) [0.32s]
[2026-08-17 16:58:18] [INFO] [logger] [STATS] FETCH | Count: 1000 | Time: 0.32s | Info: 1-3. タイトル・名称 網羅検索 (Part 3) | Offset: 3000
[2026-08-17 16:58:19] [INFO] [sparql_collector] [1-3. タイトル・名称 網羅検索 (Part 3)] Sub-fetch (limit=1000, progress=4000件〜) ...
[2026-08-17 16:58:19] [INFO] [sparql_collector] [1-3. タイトル・名称 網羅検索 (Part 3)] Got 1000 new items. (累計: 5000件) [0.41s]
[2026-08-17 16:58:19] [INFO] [logger] [STATS] FETCH | Count: 1000 | Time: 0.41s | Info: 1-3. タイトル・名称 網羅検索 (Part 3) | Offset: 4000
[2026-08-17 16:58:19] [INFO] [sparql_collector] [1-3. タイトル・名称 網羅検索 (Part 3)] Sub-fetch (limit=1000, progress=5000件〜) ...
[2026-08-17 16:58:20] [INFO] [sparql_collector] [1-3. タイトル・名称 網羅検索 (Part 3)] Got 1000 new items. (累計: 6000件) [0.47s]
[2026-08-17 16:58:20] [INFO] [logger] [STATS] FETCH | Count: 1000 | Time: 0.47s | Info: 1-3. タイトル・名称 網羅検索 (Part 3) | Offset: 5000
[2026-08-17 16:58:20] [INFO] [sparql_collector] [1-3. タイトル・名称 網羅検索 (Part 3)] Sub-fetch (limit=1000, progress=6000件〜) ...
[2026-08-17 16:58:21] [INFO] [sparql_collector] [1-3. タイトル・名称 網羅検索 (Part 3)] Got 1000 new items. (累計: 7000件) [0.53s]
[2026-08-17 16:58:21] [INFO] [logger] [STATS] FETCH | Count: 1000 | Time: 0.53s | Info: 1-3. タイトル・名称 網羅検索 (Part 3) | Offset: 6000
[2026-08-17 16:58:21] [INFO] [sparql_collector] [1-3. タイトル・名称 網羅検索 (Part 3)] Sub-fetch (limit=1000, progress=7000件〜) ...
[2026-08-17 16:58:22] [INFO] [sparql_collector] [1-3. タイトル・名称 網羅検索 (Part 3)] Got 662 new items. (累計: 7662件) [0.99s]
[2026-08-17 16:58:22] [INFO] [logger] [STATS] FETCH | Count: 662 | Time: 0.99s | Info: 1-3. タイトル・名称 網羅検索 (Part 3) | Offset: 7000
[2026-08-17 16:58:22] [INFO] [sparql_collector] [1-3. タイトル・名称 網羅検索 (Part 3)] 最終バッチ到達（全データ取得完了）。
[2026-08-17 16:58:24] [INFO] [sparql_collector] --- [開始] 2A-1. 主題エンティティ (schema:about) 網羅検索 (Part 1) (全件網羅 (上限なし)) ---
[2026-08-17 16:58:24] [INFO] [sparql_collector] [2A-1. 主題エンティティ (schema:about) 網羅検索 (Part 1)] Sub-fetch (limit=1000, progress=0件〜) ...
[2026-08-17 16:58:24] [INFO] [sparql_collector] [2A-1. 主題エンティティ (schema:about) 網羅検索 (Part 1)] Got 33 new items. (累計: 33件) [0.16s]
[2026-08-17 16:58:24] [INFO] [logger] [STATS] FETCH | Count: 33 | Time: 0.16s | Info: 2A-1. 主題エンティティ (schema:about) 網羅検索 (Part 1) | Offset: 0
[2026-08-17 16:58:24] [INFO] [sparql_collector] [2A-1. 主題エンティティ (schema:about) 網羅検索 (Part 1)] 最終バッチ到達（全データ取得完了）。
[2026-08-17 16:58:26] [INFO] [sparql_collector] --- [開始] 2A-2. 主題エンティティ (schema:about) 網羅検索 (Part 2) (全件網羅 (上限なし)) ---
[2026-08-17 16:58:26] [INFO] [sparql_collector] [2A-2. 主題エンティティ (schema:about) 網羅検索 (Part 2)] Sub-fetch (limit=1000, progress=0件〜) ...
[2026-08-17 16:58:26] [INFO] [sparql_collector] [2A-2. 主題エンティティ (schema:about) 網羅検索 (Part 2)] Got 57 new items. (累計: 57件) [0.13s]
[2026-08-17 16:58:26] [INFO] [logger] [STATS] FETCH | Count: 57 | Time: 0.13s | Info: 2A-2. 主題エンティティ (schema:about) 網羅検索 (Part 2) | Offset: 0
[2026-08-17 16:58:26] [INFO] [sparql_collector] [2A-2. 主題エンティティ (schema:about) 網羅検索 (Part 2)] 最終バッチ到達（全データ取得完了）。
[2026-08-17 16:58:27] [INFO] [sparql_collector] --- [開始] 2A-3. 主題エンティティ (schema:about) 網羅検索 (Part 3) (全件網羅 (上限なし)) ---
[2026-08-17 16:58:27] [INFO] [sparql_collector] [2A-3. 主題エンティティ (schema:about) 網羅検索 (Part 3)] Sub-fetch (limit=1000, progress=0件〜) ...
[2026-08-17 16:58:28] [INFO] [sparql_collector] [2A-3. 主題エンティティ (schema:about) 網羅検索 (Part 3)] Got 602 new items. (累計: 602件) [0.26s]
[2026-08-17 16:58:28] [INFO] [logger] [STATS] FETCH | Count: 602 | Time: 0.26s | Info: 2A-3. 主題エンティティ (schema:about) 網羅検索 (Part 3) | Offset: 0
[2026-08-17 16:58:28] [INFO] [sparql_collector] [2A-3. 主題エンティティ (schema:about) 網羅検索 (Part 3)] 最終バッチ到達（全データ取得完了）。
[2026-08-17 16:58:29] [INFO] [sparql_collector] --- [開始] 2B-1. キーワード・件名 (keywords / subject) 網羅検索 (Part 1) (全件網羅 (上限なし)) ---
[2026-08-17 16:58:29] [INFO] [sparql_collector] [2B-1. キーワード・件名 (keywords / subject) 網羅検索 (Part 1)] Sub-fetch (limit=1000, progress=0件〜) ...
[2026-08-17 16:58:29] [INFO] [sparql_collector] [2B-1. キーワード・件名 (keywords / subject) 網羅検索 (Part 1)] Done (データ上限達成・これ以上結果なし).
[2026-08-17 16:58:31] [INFO] [sparql_collector] --- [開始] 2B-2. キーワード・件名 (keywords / subject) 網羅検索 (Part 2) (全件網羅 (上限なし)) ---
[2026-08-17 16:58:31] [INFO] [sparql_collector] [2B-2. キーワード・件名 (keywords / subject) 網羅検索 (Part 2)] Sub-fetch (limit=1000, progress=0件〜) ...
[2026-08-17 16:58:31] [INFO] [sparql_collector] [2B-2. キーワード・件名 (keywords / subject) 網羅検索 (Part 2)] Done (データ上限達成・これ以上結果なし).
[2026-08-17 16:58:32] [INFO] [sparql_collector] --- [開始] 2B-3. キーワード・件名 (keywords / subject) 網羅検索 (Part 3) (全件網羅 (上限なし)) ---
[2026-08-17 16:58:32] [INFO] [sparql_collector] [2B-3. キーワード・件名 (keywords / subject) 網羅検索 (Part 3)] Sub-fetch (limit=1000, progress=0件〜) ...
[2026-08-17 16:58:32] [INFO] [sparql_collector] [2B-3. キーワード・件名 (keywords / subject) 網羅検索 (Part 3)] Done (データ上限達成・これ以上結果なし).
[2026-08-17 16:58:34] [INFO] [sparql_collector] --- [開始] 3. 説明文 (description) 網羅検索 (全件網羅 (上限なし)) ---
[2026-08-17 16:58:34] [INFO] [sparql_collector] [3. 説明文 (description) 網羅検索] Sub-fetch (limit=1000, progress=0件〜) ...
[2026-08-17 16:58:34] [INFO] [sparql_collector] [3. 説明文 (description) 網羅検索] Got 253 new items. (累計: 253件) [0.13s]
[2026-08-17 16:58:34] [INFO] [logger] [STATS] FETCH | Count: 253 | Time: 0.13s | Info: 3. 説明文 (description) 網羅検索 | Offset: 0
[2026-08-17 16:58:34] [INFO] [sparql_collector] [3. 説明文 (description) 網羅検索] 最終バッチ到達（全データ取得完了）。
[2026-08-17 16:58:39] [INFO] [sparql_collector] --- [開始] 2B-1. キーワード・件名 (keywords / subject) 網羅検索 (Part 1) (再試行) (全件網羅 (上限なし)) ---
[2026-08-17 16:58:39] [INFO] [sparql_collector] [2B-1. キーワード・件名 (keywords / subject) 網羅検索 (Part 1) (再試行)] Sub-fetch (limit=1000, progress=0件〜) ...
[2026-08-17 16:58:39] [INFO] [sparql_collector] [2B-1. キーワード・件名 (keywords / subject) 網羅検索 (Part 1) (再試行)] Done (データ上限達成・これ以上結果なし).
[2026-08-17 16:58:40] [INFO] [sparql_collector] --- [開始] 2B-2. キーワード・件名 (keywords / subject) 網羅検索 (Part 2) (再試行) (全件網羅 (上限なし)) ---
[2026-08-17 16:58:40] [INFO] [sparql_collector] [2B-2. キーワード・件名 (keywords / subject) 網羅検索 (Part 2) (再試行)] Sub-fetch (limit=1000, progress=0件〜) ...
[2026-08-17 16:58:40] [INFO] [sparql_collector] [2B-2. キーワード・件名 (keywords / subject) 網羅検索 (Part 2) (再試行)] Done (データ上限達成・これ以上結果なし).
[2026-08-17 16:58:42] [INFO] [sparql_collector] --- [開始] 2B-3. キーワード・件名 (keywords / subject) 網羅検索 (Part 3) (再試行) (全件網羅 (上限なし)) ---
[2026-08-17 16:58:42] [INFO] [sparql_collector] [2B-3. キーワード・件名 (keywords / subject) 網羅検索 (Part 3) (再試行)] Sub-fetch (limit=1000, progress=0件〜) ...
[2026-08-17 16:58:42] [INFO] [sparql_collector] [2B-3. キーワード・件名 (keywords / subject) 網羅検索 (Part 3) (再試行)] Done (データ上限達成・これ以上結果なし).
[2026-08-17 16:58:43] [INFO] [sparql_collector] --- [深層メタデータ一括構築開始 (BuildMetadata.py準拠)] 全 8851 件 (batch_size=10) ---
[2026-08-17 16:58:43] [INFO] [sparql_collector] 進捗: 10 / 8851 件 処理完了
[2026-08-17 16:58:45] [INFO] [sparql_collector] 進捗: 20 / 8851 件 処理完了
[2026-08-17 16:58:47] [INFO] [sparql_collector] 進捗: 30 / 8851 件 処理完了
[2026-08-17 16:58:50] [INFO] [sparql_collector] 進捗: 40 / 8851 件 処理完了
[2026-08-17 16:58:52] [INFO] [sparql_collector] 進捗: 50 / 8851 件 処理完了
[2026-08-17 16:58:54] [INFO] [sparql_collector] 進捗: 60 / 8851 件 処理完了
[2026-08-17 16:58:56] [INFO] [sparql_collector] 進捗: 70 / 8851 件 処理完了
[2026-08-17 16:58:58] [INFO] [sparql_collector] 進捗: 80 / 8851 件 処理完了
[2026-08-17 16:59:00] [INFO] [sparql_collector] 進捗: 90 / 8851 件 処理完了
[2026-08-17 16:59:02] [INFO] [sparql_collector] 進捗: 100 / 8851 件 処理完了
[2026-08-17 16:59:04] [INFO] [sparql_collector] 進捗: 110 / 8851 件 処理完了
[2026-08-17 16:59:06] [INFO] [sparql_collector] 進捗: 120 / 8851 件 処理完了
[2026-08-17 16:59:08] [INFO] [sparql_collector] 進捗: 130 / 8851 件 処理完了
[2026-08-17 16:59:11] [INFO] [sparql_collector] 進捗: 140 / 8851 件 処理完了
[2026-08-17 16:59:13] [INFO] [sparql_collector] 進捗: 150 / 8851 件 処理完了
[2026-08-17 16:59:15] [INFO] [sparql_collector] 進捗: 160 / 8851 件 処理完了
[2026-08-17 16:59:17] [INFO] [sparql_collector] 進捗: 170 / 8851 件 処理完了
[2026-08-17 16:59:19] [INFO] [sparql_collector] 進捗: 180 / 8851 件 処理完了
[2026-08-17 16:59:21] [INFO] [sparql_collector] 進捗: 190 / 8851 件 処理完了
[2026-08-17 16:59:23] [INFO] [sparql_collector] 進捗: 200 / 8851 件 処理完了
[2026-08-17 16:59:25] [INFO] [sparql_collector] 進捗: 210 / 8851 件 処理完了
[2026-08-17 16:59:27] [INFO] [sparql_collector] 進捗: 220 / 8851 件 処理完了
[2026-08-17 16:59:29] [INFO] [sparql_collector] 進捗: 230 / 8851 件 処理完了
[2026-08-17 16:59:31] [INFO] [sparql_collector] 進捗: 240 / 8851 件 処理完了
[2026-08-17 16:59:33] [INFO] [sparql_collector] 進捗: 250 / 8851 件 処理完了
[2026-08-17 16:59:35] [INFO] [sparql_collector] 進捗: 260 / 8851 件 処理完了
[2026-08-17 16:59:37] [INFO] [sparql_collector] 進捗: 270 / 8851 件 処理完了
[2026-08-17 16:59:40] [INFO] [sparql_collector] 進捗: 280 / 8851 件 処理完了
[2026-08-17 16:59:42] [INFO] [sparql_collector] 進捗: 290 / 8851 件 処理完了
[2026-08-17 16:59:44] [INFO] [sparql_collector] 進捗: 300 / 8851 件 処理完了
[2026-08-17 16:59:46] [INFO] [sparql_collector] 進捗: 310 / 8851 件 処理完了
[2026-08-17 16:59:48] [INFO] [sparql_collector] 進捗: 320 / 8851 件 処理完了
[2026-08-17 16:59:50] [INFO] [sparql_collector] 進捗: 330 / 8851 件 処理完了
[2026-08-17 16:59:52] [INFO] [sparql_collector] 進捗: 340 / 8851 件 処理完了
[2026-08-17 16:59:54] [INFO] [sparql_collector] 進捗: 350 / 8851 件 処理完了
[2026-08-17 16:59:56] [INFO] [sparql_collector] 進捗: 360 / 8851 件 処理完了
[2026-08-17 16:59:58] [INFO] [sparql_collector] 進捗: 370 / 8851 件 処理完了
[2026-08-17 17:00:01] [INFO] [sparql_collector] 進捗: 380 / 8851 件 処理完了
[2026-08-17 17:00:03] [INFO] [sparql_collector] 進捗: 390 / 8851 件 処理完了
[2026-08-17 17:00:05] [INFO] [sparql_collector] 進捗: 400 / 8851 件 処理完了
[2026-08-17 17:00:07] [INFO] [sparql_collector] 進捗: 410 / 8851 件 処理完了
[2026-08-17 17:00:09] [INFO] [sparql_collector] 進捗: 420 / 8851 件 処理完了
[2026-08-17 17:00:11] [INFO] [sparql_collector] 進捗: 430 / 8851 件 処理完了
[2026-08-17 17:00:13] [INFO] [sparql_collector] 進捗: 440 / 8851 件 処理完了
[2026-08-17 17:00:15] [INFO] [sparql_collector] 進捗: 450 / 8851 件 処理完了
[2026-08-17 17:00:17] [INFO] [sparql_collector] 進捗: 460 / 8851 件 処理完了
[2026-08-17 17:00:19] [INFO] [sparql_collector] 進捗: 470 / 8851 件 処理完了
[2026-08-17 17:00:21] [INFO] [sparql_collector] 進捗: 480 / 8851 件 処理完了
[2026-08-17 17:00:23] [INFO] [sparql_collector] 進捗: 490 / 8851 件 処理完了
[2026-08-17 17:00:25] [INFO] [sparql_collector] 進捗: 500 / 8851 件 処理完了
[2026-08-17 17:00:27] [INFO] [sparql_collector] 進捗: 510 / 8851 件 処理完了
[2026-08-17 17:00:59] [WARNING] [sparql_collector] [504負荷検知] 全 10 件のグラフ取得で遅延発生。3秒クールダウン後に小分け分割へ移行します...
[2026-08-17 17:01:02] [INFO] [sparql_collector] -> チャンク分割小分け取得 (10 件 ➔ 5 件 + 5 件)
[2026-08-17 17:01:33] [WARNING] [sparql_collector] [504負荷検知] 全 5 件のグラフ取得で遅延発生。3秒クールダウン後に小分け分割へ移行します...
[2026-08-17 17:01:36] [INFO] [sparql_collector] -> チャンク分割小分け取得 (5 件 ➔ 2 件 + 3 件)
[2026-08-17 17:02:06] [WARNING] [sparql_collector] [504負荷検知] 全 2 件のグラフ取得で遅延発生。3秒クールダウン後に小分け分割へ移行します...
[2026-08-17 17:02:09] [INFO] [sparql_collector] -> チャンク分割小分け取得 (2 件 ➔ 1 件 + 1 件)
[2026-08-17 17:02:40] [WARNING] [sparql_collector] [504負荷検知] 全 1 件のグラフ取得で遅延発生。3秒クールダウン後に小分け分割へ移行します...
[2026-08-17 17:02:43] [INFO] [sparql_collector] -> 単体直下トリプル簡易取得フォールバック: <https://jpsearch.go.jp/data/Showa_magazine-180001084>
[2026-08-17 17:02:47] [INFO] [sparql_collector] 進捗: 520 / 8851 件 処理完了
[2026-08-17 17:02:49] [INFO] [sparql_collector] 進捗: 530 / 8851 件 処理完了
[2026-08-17 17:02:51] [INFO] [sparql_collector] 進捗: 540 / 8851 件 処理完了
[2026-08-17 17:02:53] [INFO] [sparql_collector] 進捗: 550 / 8851 件 処理完了
[2026-08-17 17:02:55] [INFO] [sparql_collector] 進捗: 560 / 8851 件 処理完了
[2026-08-17 17:02:58] [INFO] [sparql_collector] 進捗: 570 / 8851 件 処理完了
[2026-08-17 17:03:00] [INFO] [sparql_collector] 進捗: 580 / 8851 件 処理完了
[2026-08-17 17:03:02] [INFO] [sparql_collector] 進捗: 590 / 8851 件 処理完了
[2026-08-17 17:03:04] [INFO] [sparql_collector] 進捗: 600 / 8851 件 処理完了
[2026-08-17 17:03:06] [INFO] [sparql_collector] 進捗: 610 / 8851 件 処理完了
[2026-08-17 17:03:08] [INFO] [sparql_collector] 進捗: 620 / 8851 件 処理完了
[2026-08-17 17:03:11] [INFO] [sparql_collector] 進捗: 630 / 8851 件 処理完了
[2026-08-17 17:03:13] [INFO] [sparql_collector] 進捗: 640 / 8851 件 処理完了
[2026-08-17 17:03:15] [INFO] [sparql_collector] 進捗: 650 / 8851 件 処理完了
[2026-08-17 17:03:17] [INFO] [sparql_collector] 進捗: 660 / 8851 件 処理完了
[2026-08-17 17:03:19] [INFO] [sparql_collector] 進捗: 670 / 8851 件 処理完了
[2026-08-17 17:03:22] [INFO] [sparql_collector] 進捗: 680 / 8851 件 処理完了
[2026-08-17 17:03:24] [INFO] [sparql_collector] 進捗: 690 / 8851 件 処理完了
[2026-08-17 17:03:26] [INFO] [sparql_collector] 進捗: 700 / 8851 件 処理完了
[2026-08-17 17:03:28] [INFO] [sparql_collector] 進捗: 710 / 8851 件 処理完了
[2026-08-17 17:03:30] [INFO] [sparql_collector] 進捗: 720 / 8851 件 処理完了
[2026-08-17 17:03:33] [INFO] [sparql_collector] 進捗: 730 / 8851 件 処理完了
[2026-08-17 17:03:35] [INFO] [sparql_collector] 進捗: 740 / 8851 件 処理完了
[2026-08-17 17:03:37] [INFO] [sparql_collector] 進捗: 750 / 8851 件 処理完了
[2026-08-17 17:03:39] [INFO] [sparql_collector] 進捗: 760 / 8851 件 処理完了
[2026-08-17 17:03:42] [INFO] [sparql_collector] 進捗: 770 / 8851 件 処理完了
[2026-08-17 17:03:44] [INFO] [sparql_collector] 進捗: 780 / 8851 件 処理完了
[2026-08-17 17:03:46] [INFO] [sparql_collector] 進捗: 790 / 8851 件 処理完了
[2026-08-17 17:03:48] [INFO] [sparql_collector] 進捗: 800 / 8851 件 処理完了
[2026-08-17 17:03:50] [INFO] [sparql_collector] 進捗: 810 / 8851 件 処理完了
[2026-08-17 17:03:53] [INFO] [sparql_collector] 進捗: 820 / 8851 件 処理完了
[2026-08-17 17:03:55] [INFO] [sparql_collector] 進捗: 830 / 8851 件 処理完了
[2026-08-17 17:03:57] [INFO] [sparql_collector] 進捗: 840 / 8851 件 処理完了
[2026-08-17 17:03:59] [INFO] [sparql_collector] 進捗: 850 / 8851 件 処理完了
[2026-08-17 17:04:02] [INFO] [sparql_collector] 進捗: 860 / 8851 件 処理完了
[2026-08-17 17:04:04] [INFO] [sparql_collector] 進捗: 870 / 8851 件 処理完了
[2026-08-17 17:04:06] [INFO] [sparql_collector] 進捗: 880 / 8851 件 処理完了
[2026-08-17 17:04:08] [INFO] [sparql_collector] 進捗: 890 / 8851 件 処理完了
[2026-08-17 17:04:10] [INFO] [sparql_collector] 進捗: 900 / 8851 件 処理完了
[2026-08-17 17:04:12] [INFO] [sparql_collector] 進捗: 910 / 8851 件 処理完了
[2026-08-17 17:04:14] [INFO] [sparql_collector] 進捗: 920 / 8851 件 処理完了
[2026-08-17 17:04:17] [INFO] [sparql_collector] 進捗: 930 / 8851 件 処理完了
[2026-08-17 17:04:19] [INFO] [sparql_collector] 進捗: 940 / 8851 件 処理完了
[2026-08-17 17:04:21] [INFO] [sparql_collector] 進捗: 950 / 8851 件 処理完了
[2026-08-17 17:04:23] [INFO] [sparql_collector] 進捗: 960 / 8851 件 処理完了
[2026-08-17 17:04:25] [INFO] [sparql_collector] 進捗: 970 / 8851 件 処理完了
[2026-08-17 17:04:27] [INFO] [sparql_collector] 進捗: 980 / 8851 件 処理完了
[2026-08-17 17:04:29] [INFO] [sparql_collector] 進捗: 990 / 8851 件 処理完了
[2026-08-17 17:04:31] [INFO] [sparql_collector] 進捗: 1000 / 8851 件 処理完了
[2026-08-17 17:04:33] [INFO] [sparql_collector] 進捗: 1010 / 8851 件 処理完了
[2026-08-17 17:04:35] [INFO] [sparql_collector] 進捗: 1020 / 8851 件 処理完了
[2026-08-17 17:04:37] [INFO] [sparql_collector] 進捗: 1030 / 8851 件 処理完了
[2026-08-17 17:04:40] [INFO] [sparql_collector] 進捗: 1040 / 8851 件 処理完了
[2026-08-17 17:04:42] [INFO] [sparql_collector] 進捗: 1050 / 8851 件 処理完了
[2026-08-17 17:04:44] [INFO] [sparql_collector] 進捗: 1060 / 8851 件 処理完了
[2026-08-17 17:04:46] [INFO] [sparql_collector] 進捗: 1070 / 8851 件 処理完了
[2026-08-17 17:04:48] [INFO] [sparql_collector] 進捗: 1080 / 8851 件 処理完了
[2026-08-17 17:04:50] [INFO] [sparql_collector] 進捗: 1090 / 8851 件 処理完了
[2026-08-17 17:04:52] [INFO] [sparql_collector] 進捗: 1100 / 8851 件 処理完了
[2026-08-17 17:04:54] [INFO] [sparql_collector] 進捗: 1110 / 8851 件 処理完了
[2026-08-17 17:04:56] [INFO] [sparql_collector] 進捗: 1120 / 8851 件 処理完了
[2026-08-17 17:04:58] [INFO] [sparql_collector] 進捗: 1130 / 8851 件 処理完了
[2026-08-17 17:05:01] [INFO] [sparql_collector] 進捗: 1140 / 8851 件 処理完了
[2026-08-17 17:05:03] [INFO] [sparql_collector] 進捗: 1150 / 8851 件 処理完了
[2026-08-17 17:05:05] [INFO] [sparql_collector] 進捗: 1160 / 8851 件 処理完了
[2026-08-17 17:05:08] [INFO] [sparql_collector] 進捗: 1170 / 8851 件 処理完了
[2026-08-17 17:05:10] [INFO] [sparql_collector] 進捗: 1180 / 8851 件 処理完了
[2026-08-17 17:05:12] [INFO] [sparql_collector] 進捗: 1190 / 8851 件 処理完了
[2026-08-17 17:05:14] [INFO] [sparql_collector] 進捗: 1200 / 8851 件 処理完了
[2026-08-17 17:05:16] [INFO] [sparql_collector] 進捗: 1210 / 8851 件 処理完了
[2026-08-17 17:05:19] [INFO] [sparql_collector] 進捗: 1220 / 8851 件 処理完了
[2026-08-17 17:05:21] [INFO] [sparql_collector] 進捗: 1230 / 8851 件 処理完了
[2026-08-17 17:05:23] [INFO] [sparql_collector] 進捗: 1240 / 8851 件 処理完了
[2026-08-17 17:05:25] [INFO] [sparql_collector] 進捗: 1250 / 8851 件 処理完了
[2026-08-17 17:05:28] [INFO] [sparql_collector] 進捗: 1260 / 8851 件 処理完了
[2026-08-17 17:05:30] [INFO] [sparql_collector] 進捗: 1270 / 8851 件 処理完了
[2026-08-17 17:05:32] [INFO] [sparql_collector] 進捗: 1280 / 8851 件 処理完了
[2026-08-17 17:05:34] [INFO] [sparql_collector] 進捗: 1290 / 8851 件 処理完了
[2026-08-17 17:05:37] [INFO] [sparql_collector] 進捗: 1300 / 8851 件 処理完了
[2026-08-17 17:05:39] [INFO] [sparql_collector] 進捗: 1310 / 8851 件 処理完了
[2026-08-17 17:05:41] [INFO] [sparql_collector] 進捗: 1320 / 8851 件 処理完了
[2026-08-17 17:05:43] [INFO] [sparql_collector] 進捗: 1330 / 8851 件 処理完了
[2026-08-17 17:05:46] [INFO] [sparql_collector] 進捗: 1340 / 8851 件 処理完了
[2026-08-17 17:05:48] [INFO] [sparql_collector] 進捗: 1350 / 8851 件 処理完了
[2026-08-17 17:05:50] [INFO] [sparql_collector] 進捗: 1360 / 8851 件 処理完了
[2026-08-17 17:05:52] [INFO] [sparql_collector] 進捗: 1370 / 8851 件 処理完了
[2026-08-17 17:05:55] [INFO] [sparql_collector] 進捗: 1380 / 8851 件 処理完了
[2026-08-17 17:05:57] [INFO] [sparql_collector] 進捗: 1390 / 8851 件 処理完了
[2026-08-17 17:05:59] [INFO] [sparql_collector] 進捗: 1400 / 8851 件 処理完了
[2026-08-17 17:06:01] [INFO] [sparql_collector] 進捗: 1410 / 8851 件 処理完了
[2026-08-17 17:06:04] [INFO] [sparql_collector] 進捗: 1420 / 8851 件 処理完了
[2026-08-17 17:06:06] [INFO] [sparql_collector] 進捗: 1430 / 8851 件 処理完了
[2026-08-17 17:06:08] [INFO] [sparql_collector] 進捗: 1440 / 8851 件 処理完了
[2026-08-17 17:06:10] [INFO] [sparql_collector] 進捗: 1450 / 8851 件 処理完了
[2026-08-17 17:06:13] [INFO] [sparql_collector] 進捗: 1460 / 8851 件 処理完了
[2026-08-17 17:06:15] [INFO] [sparql_collector] 進捗: 1470 / 8851 件 処理完了
[2026-08-17 17:06:17] [INFO] [sparql_collector] 進捗: 1480 / 8851 件 処理完了
[2026-08-17 17:06:20] [INFO] [sparql_collector] 進捗: 1490 / 8851 件 処理完了
[2026-08-17 17:06:22] [INFO] [sparql_collector] 進捗: 1500 / 8851 件 処理完了
[2026-08-17 17:06:24] [INFO] [sparql_collector] 進捗: 1510 / 8851 件 処理完了
[2026-08-17 17:06:26] [INFO] [sparql_collector] 進捗: 1520 / 8851 件 処理完了
[2026-08-17 17:06:29] [INFO] [sparql_collector] 進捗: 1530 / 8851 件 処理完了
[2026-08-17 17:06:31] [INFO] [sparql_collector] 進捗: 1540 / 8851 件 処理完了
[2026-08-17 17:06:33] [INFO] [sparql_collector] 進捗: 1550 / 8851 件 処理完了
[2026-08-17 17:06:35] [INFO] [sparql_collector] 進捗: 1560 / 8851 件 処理完了
[2026-08-17 17:06:38] [INFO] [sparql_collector] 進捗: 1570 / 8851 件 処理完了
[2026-08-17 17:06:40] [INFO] [sparql_collector] 進捗: 1580 / 8851 件 処理完了
[2026-08-17 17:06:42] [INFO] [sparql_collector] 進捗: 1590 / 8851 件 処理完了
[2026-08-17 17:06:45] [INFO] [sparql_collector] 進捗: 1600 / 8851 件 処理完了
[2026-08-17 17:06:47] [INFO] [sparql_collector] 進捗: 1610 / 8851 件 処理完了
[2026-08-17 17:06:49] [INFO] [sparql_collector] 進捗: 1620 / 8851 件 処理完了
[2026-08-17 17:06:51] [INFO] [sparql_collector] 進捗: 1630 / 8851 件 処理完了
[2026-08-17 17:06:53] [INFO] [sparql_collector] 進捗: 1640 / 8851 件 処理完了
[2026-08-17 17:06:56] [INFO] [sparql_collector] 進捗: 1650 / 8851 件 処理完了
[2026-08-17 17:06:58] [INFO] [sparql_collector] 進捗: 1660 / 8851 件 処理完了
[2026-08-17 17:07:00] [INFO] [sparql_collector] 進捗: 1670 / 8851 件 処理完了
[2026-08-17 17:07:02] [INFO] [sparql_collector] 進捗: 1680 / 8851 件 処理完了
[2026-08-17 17:07:05] [INFO] [sparql_collector] 進捗: 1690 / 8851 件 処理完了
[2026-08-17 17:07:07] [INFO] [sparql_collector] 進捗: 1700 / 8851 件 処理完了
[2026-08-17 17:07:09] [INFO] [sparql_collector] 進捗: 1710 / 8851 件 処理完了
[2026-08-17 17:07:11] [INFO] [sparql_collector] 進捗: 1720 / 8851 件 処理完了
[2026-08-17 17:07:14] [INFO] [sparql_collector] 進捗: 1730 / 8851 件 処理完了
[2026-08-17 17:07:16] [INFO] [sparql_collector] 進捗: 1740 / 8851 件 処理完了
[2026-08-17 17:07:18] [INFO] [sparql_collector] 進捗: 1750 / 8851 件 処理完了
[2026-08-17 17:07:20] [INFO] [sparql_collector] 進捗: 1760 / 8851 件 処理完了
[2026-08-17 17:07:23] [INFO] [sparql_collector] 進捗: 1770 / 8851 件 処理完了
[2026-08-17 17:07:25] [INFO] [sparql_collector] 進捗: 1780 / 8851 件 処理完了
[2026-08-17 17:07:27] [INFO] [sparql_collector] 進捗: 1790 / 8851 件 処理完了
[2026-08-17 17:07:29] [INFO] [sparql_collector] 進捗: 1800 / 8851 件 処理完了
[2026-08-17 17:07:32] [INFO] [sparql_collector] 進捗: 1810 / 8851 件 処理完了
[2026-08-17 17:07:34] [INFO] [sparql_collector] 進捗: 1820 / 8851 件 処理完了
[2026-08-17 17:07:36] [INFO] [sparql_collector] 進捗: 1830 / 8851 件 処理完了
[2026-08-17 17:07:38] [INFO] [sparql_collector] 進捗: 1840 / 8851 件 処理完了
[2026-08-17 17:07:41] [INFO] [sparql_collector] 進捗: 1850 / 8851 件 処理完了
[2026-08-17 17:07:43] [INFO] [sparql_collector] 進捗: 1860 / 8851 件 処理完了
[2026-08-17 17:07:45] [INFO] [sparql_collector] 進捗: 1870 / 8851 件 処理完了
[2026-08-17 17:07:47] [INFO] [sparql_collector] 進捗: 1880 / 8851 件 処理完了
[2026-08-17 17:07:50] [INFO] [sparql_collector] 進捗: 1890 / 8851 件 処理完了
[2026-08-17 17:07:52] [INFO] [sparql_collector] 進捗: 1900 / 8851 件 処理完了
[2026-08-17 17:07:54] [INFO] [sparql_collector] 進捗: 1910 / 8851 件 処理完了
[2026-08-17 17:07:56] [INFO] [sparql_collector] 進捗: 1920 / 8851 件 処理完了
[2026-08-17 17:07:59] [INFO] [sparql_collector] 進捗: 1930 / 8851 件 処理完了
[2026-08-17 17:08:01] [INFO] [sparql_collector] 進捗: 1940 / 8851 件 処理完了
[2026-08-17 17:08:03] [INFO] [sparql_collector] 進捗: 1950 / 8851 件 処理完了
[2026-08-17 17:08:05] [INFO] [sparql_collector] 進捗: 1960 / 8851 件 処理完了
[2026-08-17 17:08:07] [INFO] [sparql_collector] 進捗: 1970 / 8851 件 処理完了
[2026-08-17 17:08:10] [INFO] [sparql_collector] 進捗: 1980 / 8851 件 処理完了
[2026-08-17 17:08:12] [INFO] [sparql_collector] 進捗: 1990 / 8851 件 処理完了
[2026-08-17 17:08:14] [INFO] [sparql_collector] 進捗: 2000 / 8851 件 処理完了
[2026-08-17 17:08:16] [INFO] [sparql_collector] 進捗: 2010 / 8851 件 処理完了
[2026-08-17 17:08:19] [INFO] [sparql_collector] 進捗: 2020 / 8851 件 処理完了
[2026-08-17 17:08:21] [INFO] [sparql_collector] 進捗: 2030 / 8851 件 処理完了
[2026-08-17 17:08:23] [INFO] [sparql_collector] 進捗: 2040 / 8851 件 処理完了
[2026-08-17 17:08:25] [INFO] [sparql_collector] 進捗: 2050 / 8851 件 処理完了
[2026-08-17 17:08:28] [INFO] [sparql_collector] 進捗: 2060 / 8851 件 処理完了
[2026-08-17 17:08:30] [INFO] [sparql_collector] 進捗: 2070 / 8851 件 処理完了
[2026-08-17 17:08:32] [INFO] [sparql_collector] 進捗: 2080 / 8851 件 処理完了
[2026-08-17 17:08:34] [INFO] [sparql_collector] 進捗: 2090 / 8851 件 処理完了
[2026-08-17 17:08:37] [INFO] [sparql_collector] 進捗: 2100 / 8851 件 処理完了
[2026-08-17 17:08:39] [INFO] [sparql_collector] 進捗: 2110 / 8851 件 処理完了
[2026-08-17 17:08:41] [INFO] [sparql_collector] 進捗: 2120 / 8851 件 処理完了
[2026-08-17 17:08:43] [INFO] [sparql_collector] 進捗: 2130 / 8851 件 処理完了
[2026-08-17 17:08:46] [INFO] [sparql_collector] 進捗: 2140 / 8851 件 処理完了
[2026-08-17 17:08:48] [INFO] [sparql_collector] 進捗: 2150 / 8851 件 処理完了
[2026-08-17 17:08:50] [INFO] [sparql_collector] 進捗: 2160 / 8851 件 処理完了
[2026-08-17 17:08:52] [INFO] [sparql_collector] 進捗: 2170 / 8851 件 処理完了
[2026-08-17 17:08:54] [INFO] [sparql_collector] 進捗: 2180 / 8851 件 処理完了
[2026-08-17 17:08:57] [INFO] [sparql_collector] 進捗: 2190 / 8851 件 処理完了
[2026-08-17 17:08:59] [INFO] [sparql_collector] 進捗: 2200 / 8851 件 処理完了
[2026-08-17 17:09:01] [INFO] [sparql_collector] 進捗: 2210 / 8851 件 処理完了
[2026-08-17 17:09:03] [INFO] [sparql_collector] 進捗: 2220 / 8851 件 処理完了
[2026-08-17 17:09:06] [INFO] [sparql_collector] 進捗: 2230 / 8851 件 処理完了
[2026-08-17 17:09:08] [INFO] [sparql_collector] 進捗: 2240 / 8851 件 処理完了
[2026-08-17 17:09:10] [INFO] [sparql_collector] 進捗: 2250 / 8851 件 処理完了
[2026-08-17 17:09:12] [INFO] [sparql_collector] 進捗: 2260 / 8851 件 処理完了
[2026-08-17 17:09:15] [INFO] [sparql_collector] 進捗: 2270 / 8851 件 処理完了
[2026-08-17 17:09:17] [INFO] [sparql_collector] 進捗: 2280 / 8851 件 処理完了
[2026-08-17 17:09:19] [INFO] [sparql_collector] 進捗: 2290 / 8851 件 処理完了
[2026-08-17 17:09:21] [INFO] [sparql_collector] 進捗: 2300 / 8851 件 処理完了
[2026-08-17 17:09:23] [INFO] [sparql_collector] 進捗: 2310 / 8851 件 処理完了
[2026-08-17 17:09:26] [INFO] [sparql_collector] 進捗: 2320 / 8851 件 処理完了
[2026-08-17 17:09:28] [INFO] [sparql_collector] 進捗: 2330 / 8851 件 処理完了
[2026-08-17 17:09:30] [INFO] [sparql_collector] 進捗: 2340 / 8851 件 処理完了
[2026-08-17 17:09:32] [INFO] [sparql_collector] 進捗: 2350 / 8851 件 処理完了
[2026-08-17 17:09:35] [INFO] [sparql_collector] 進捗: 2360 / 8851 件 処理完了
[2026-08-17 17:09:37] [INFO] [sparql_collector] 進捗: 2370 / 8851 件 処理完了
[2026-08-17 17:09:39] [INFO] [sparql_collector] 進捗: 2380 / 8851 件 処理完了
[2026-08-17 17:09:41] [INFO] [sparql_collector] 進捗: 2390 / 8851 件 処理完了
[2026-08-17 17:09:44] [INFO] [sparql_collector] 進捗: 2400 / 8851 件 処理完了
[2026-08-17 17:09:46] [INFO] [sparql_collector] 進捗: 2410 / 8851 件 処理完了
[2026-08-17 17:09:48] [INFO] [sparql_collector] 進捗: 2420 / 8851 件 処理完了
[2026-08-17 17:09:50] [INFO] [sparql_collector] 進捗: 2430 / 8851 件 処理完了
[2026-08-17 17:09:52] [INFO] [sparql_collector] 進捗: 2440 / 8851 件 処理完了
[2026-08-17 17:09:55] [INFO] [sparql_collector] 進捗: 2450 / 8851 件 処理完了
[2026-08-17 17:09:57] [INFO] [sparql_collector] 進捗: 2460 / 8851 件 処理完了
[2026-08-17 17:09:59] [INFO] [sparql_collector] 進捗: 2470 / 8851 件 処理完了
[2026-08-17 17:10:01] [INFO] [sparql_collector] 進捗: 2480 / 8851 件 処理完了
[2026-08-17 17:10:03] [INFO] [sparql_collector] 進捗: 2490 / 8851 件 処理完了
[2026-08-17 17:10:06] [INFO] [sparql_collector] 進捗: 2500 / 8851 件 処理完了
[2026-08-17 17:10:08] [INFO] [sparql_collector] 進捗: 2510 / 8851 件 処理完了
[2026-08-17 17:10:10] [INFO] [sparql_collector] 進捗: 2520 / 8851 件 処理完了
[2026-08-17 17:10:12] [INFO] [sparql_collector] 進捗: 2530 / 8851 件 処理完了
[2026-08-17 17:10:15] [INFO] [sparql_collector] 進捗: 2540 / 8851 件 処理完了
[2026-08-17 17:10:17] [INFO] [sparql_collector] 進捗: 2550 / 8851 件 処理完了
[2026-08-17 17:10:19] [INFO] [sparql_collector] 進捗: 2560 / 8851 件 処理完了
[2026-08-17 17:10:21] [INFO] [sparql_collector] 進捗: 2570 / 8851 件 処理完了
[2026-08-17 17:10:24] [INFO] [sparql_collector] 進捗: 2580 / 8851 件 処理完了
[2026-08-17 17:10:26] [INFO] [sparql_collector] 進捗: 2590 / 8851 件 処理完了
[2026-08-17 17:10:28] [INFO] [sparql_collector] 進捗: 2600 / 8851 件 処理完了
[2026-08-17 17:10:30] [INFO] [sparql_collector] 進捗: 2610 / 8851 件 処理完了
[2026-08-17 17:10:33] [INFO] [sparql_collector] 進捗: 2620 / 8851 件 処理完了
[2026-08-17 17:10:35] [INFO] [sparql_collector] 進捗: 2630 / 8851 件 処理完了
[2026-08-17 17:10:37] [INFO] [sparql_collector] 進捗: 2640 / 8851 件 処理完了
[2026-08-17 17:10:39] [INFO] [sparql_collector] 進捗: 2650 / 8851 件 処理完了
[2026-08-17 17:10:42] [INFO] [sparql_collector] 進捗: 2660 / 8851 件 処理完了
[2026-08-17 17:10:44] [INFO] [sparql_collector] 進捗: 2670 / 8851 件 処理完了
[2026-08-17 17:10:46] [INFO] [sparql_collector] 進捗: 2680 / 8851 件 処理完了
[2026-08-17 17:10:48] [INFO] [sparql_collector] 進捗: 2690 / 8851 件 処理完了
[2026-08-17 17:10:51] [INFO] [sparql_collector] 進捗: 2700 / 8851 件 処理完了
[2026-08-17 17:10:53] [INFO] [sparql_collector] 進捗: 2710 / 8851 件 処理完了
[2026-08-17 17:10:55] [INFO] [sparql_collector] 進捗: 2720 / 8851 件 処理完了
[2026-08-17 17:10:57] [INFO] [sparql_collector] 進捗: 2730 / 8851 件 処理完了
[2026-08-17 17:11:00] [INFO] [sparql_collector] 進捗: 2740 / 8851 件 処理完了
[2026-08-17 17:11:02] [INFO] [sparql_collector] 進捗: 2750 / 8851 件 処理完了
[2026-08-17 17:11:04] [INFO] [sparql_collector] 進捗: 2760 / 8851 件 処理完了
[2026-08-17 17:11:07] [INFO] [sparql_collector] 進捗: 2770 / 8851 件 処理完了
[2026-08-17 17:11:09] [INFO] [sparql_collector] 進捗: 2780 / 8851 件 処理完了
[2026-08-17 17:11:11] [INFO] [sparql_collector] 進捗: 2790 / 8851 件 処理完了
[2026-08-17 17:11:13] [INFO] [sparql_collector] 進捗: 2800 / 8851 件 処理完了
[2026-08-17 17:11:16] [INFO] [sparql_collector] 進捗: 2810 / 8851 件 処理完了
[2026-08-17 17:11:18] [INFO] [sparql_collector] 進捗: 2820 / 8851 件 処理完了
[2026-08-17 17:11:20] [INFO] [sparql_collector] 進捗: 2830 / 8851 件 処理完了
[2026-08-17 17:11:22] [INFO] [sparql_collector] 進捗: 2840 / 8851 件 処理完了
[2026-08-17 17:11:25] [INFO] [sparql_collector] 進捗: 2850 / 8851 件 処理完了
[2026-08-17 17:11:27] [INFO] [sparql_collector] 進捗: 2860 / 8851 件 処理完了
[2026-08-17 17:11:29] [INFO] [sparql_collector] 進捗: 2870 / 8851 件 処理完了
[2026-08-17 17:11:31] [INFO] [sparql_collector] 進捗: 2880 / 8851 件 処理完了
[2026-08-17 17:11:33] [INFO] [sparql_collector] 進捗: 2890 / 8851 件 処理完了
[2026-08-17 17:11:36] [INFO] [sparql_collector] 進捗: 2900 / 8851 件 処理完了
[2026-08-17 17:11:38] [INFO] [sparql_collector] 進捗: 2910 / 8851 件 処理完了
[2026-08-17 17:11:40] [INFO] [sparql_collector] 進捗: 2920 / 8851 件 処理完了
[2026-08-17 17:11:42] [INFO] [sparql_collector] 進捗: 2930 / 8851 件 処理完了
[2026-08-17 17:11:44] [INFO] [sparql_collector] 進捗: 2940 / 8851 件 処理完了
[2026-08-17 17:11:46] [INFO] [sparql_collector] 進捗: 2950 / 8851 件 処理完了
[2026-08-17 17:11:49] [INFO] [sparql_collector] 進捗: 2960 / 8851 件 処理完了
[2026-08-17 17:11:51] [INFO] [sparql_collector] 進捗: 2970 / 8851 件 処理完了
[2026-08-17 17:11:53] [INFO] [sparql_collector] 進捗: 2980 / 8851 件 処理完了
[2026-08-17 17:11:55] [INFO] [sparql_collector] 進捗: 2990 / 8851 件 処理完了
[2026-08-17 17:11:57] [INFO] [sparql_collector] 進捗: 3000 / 8851 件 処理完了
[2026-08-17 17:12:00] [INFO] [sparql_collector] 進捗: 3010 / 8851 件 処理完了
[2026-08-17 17:12:02] [INFO] [sparql_collector] 進捗: 3020 / 8851 件 処理完了
[2026-08-17 17:12:04] [INFO] [sparql_collector] 進捗: 3030 / 8851 件 処理完了
[2026-08-17 17:12:06] [INFO] [sparql_collector] 進捗: 3040 / 8851 件 処理完了
[2026-08-17 17:12:08] [INFO] [sparql_collector] 進捗: 3050 / 8851 件 処理完了
[2026-08-17 17:12:11] [INFO] [sparql_collector] 進捗: 3060 / 8851 件 処理完了
[2026-08-17 17:12:13] [INFO] [sparql_collector] 進捗: 3070 / 8851 件 処理完了
[2026-08-17 17:12:15] [INFO] [sparql_collector] 進捗: 3080 / 8851 件 処理完了
[2026-08-17 17:12:17] [INFO] [sparql_collector] 進捗: 3090 / 8851 件 処理完了
[2026-08-17 17:12:20] [INFO] [sparql_collector] 進捗: 3100 / 8851 件 処理完了
[2026-08-17 17:12:22] [INFO] [sparql_collector] 進捗: 3110 / 8851 件 処理完了
[2026-08-17 17:12:24] [INFO] [sparql_collector] 進捗: 3120 / 8851 件 処理完了
[2026-08-17 17:12:26] [INFO] [sparql_collector] 進捗: 3130 / 8851 件 処理完了
[2026-08-17 17:12:28] [INFO] [sparql_collector] 進捗: 3140 / 8851 件 処理完了
[2026-08-17 17:12:31] [INFO] [sparql_collector] 進捗: 3150 / 8851 件 処理完了
[2026-08-17 17:12:33] [INFO] [sparql_collector] 進捗: 3160 / 8851 件 処理完了
[2026-08-17 17:12:35] [INFO] [sparql_collector] 進捗: 3170 / 8851 件 処理完了
[2026-08-17 17:12:37] [INFO] [sparql_collector] 進捗: 3180 / 8851 件 処理完了
[2026-08-17 17:12:39] [INFO] [sparql_collector] 進捗: 3190 / 8851 件 処理完了
[2026-08-17 17:12:42] [INFO] [sparql_collector] 進捗: 3200 / 8851 件 処理完了
[2026-08-17 17:12:44] [INFO] [sparql_collector] 進捗: 3210 / 8851 件 処理完了
[2026-08-17 17:12:46] [INFO] [sparql_collector] 進捗: 3220 / 8851 件 処理完了
[2026-08-17 17:12:48] [INFO] [sparql_collector] 進捗: 3230 / 8851 件 処理完了
[2026-08-17 17:12:50] [INFO] [sparql_collector] 進捗: 3240 / 8851 件 処理完了
[2026-08-17 17:12:52] [INFO] [sparql_collector] 進捗: 3250 / 8851 件 処理完了
[2026-08-17 17:12:55] [INFO] [sparql_collector] 進捗: 3260 / 8851 件 処理完了
[2026-08-17 17:12:57] [INFO] [sparql_collector] 進捗: 3270 / 8851 件 処理完了
[2026-08-17 17:12:59] [INFO] [sparql_collector] 進捗: 3280 / 8851 件 処理完了
[2026-08-17 17:13:01] [INFO] [sparql_collector] 進捗: 3290 / 8851 件 処理完了
[2026-08-17 17:13:04] [INFO] [sparql_collector] 進捗: 3300 / 8851 件 処理完了
[2026-08-17 17:13:06] [INFO] [sparql_collector] 進捗: 3310 / 8851 件 処理完了
[2026-08-17 17:13:08] [INFO] [sparql_collector] 進捗: 3320 / 8851 件 処理完了
[2026-08-17 17:13:10] [INFO] [sparql_collector] 進捗: 3330 / 8851 件 処理完了
[2026-08-17 17:13:12] [INFO] [sparql_collector] 進捗: 3340 / 8851 件 処理完了
[2026-08-17 17:13:15] [INFO] [sparql_collector] 進捗: 3350 / 8851 件 処理完了
[2026-08-17 17:13:17] [INFO] [sparql_collector] 進捗: 3360 / 8851 件 処理完了
[2026-08-17 17:13:19] [INFO] [sparql_collector] 進捗: 3370 / 8851 件 処理完了
[2026-08-17 17:13:21] [INFO] [sparql_collector] 進捗: 3380 / 8851 件 処理完了
[2026-08-17 17:20:10] [INFO] [sparql_collector] --- [開始] 1-1. タイトル・名称 網羅検索 (Part 1) (全件網羅 (上限なし)) ---
[2026-08-17 17:20:10] [INFO] [sparql_collector] [1-1. タイトル・名称 網羅検索 (Part 1)] Sub-fetch (limit=1000, progress=0件〜) ...
[2026-08-17 17:20:10] [INFO] [sparql_collector] [1-1. タイトル・名称 網羅検索 (Part 1)] Got 191 new items. (累計: 191件) [0.16s]
[2026-08-17 17:20:10] [INFO] [logger] [STATS] FETCH | Count: 191 | Time: 0.16s | Info: 1-1. タイトル・名称 網羅検索 (Part 1) | Offset: 0
[2026-08-17 17:20:10] [INFO] [sparql_collector] [1-1. タイトル・名称 網羅検索 (Part 1)] 最終バッチ到達（全データ取得完了）。
[2026-08-17 17:20:11] [INFO] [sparql_collector] --- [開始] 1-2. タイトル・名称 網羅検索 (Part 2) (全件網羅 (上限なし)) ---
[2026-08-17 17:20:11] [INFO] [sparql_collector] [1-2. タイトル・名称 網羅検索 (Part 2)] Sub-fetch (limit=1000, progress=0件〜) ...
[2026-08-17 17:20:11] [INFO] [sparql_collector] [1-2. タイトル・名称 網羅検索 (Part 2)] Got 1000 new items. (累計: 1000件) [0.16s]
[2026-08-17 17:20:11] [INFO] [logger] [STATS] FETCH | Count: 1000 | Time: 0.16s | Info: 1-2. タイトル・名称 網羅検索 (Part 2) | Offset: 0
[2026-08-17 17:20:12] [INFO] [sparql_collector] [1-2. タイトル・名称 網羅検索 (Part 2)] Sub-fetch (limit=1000, progress=1000件〜) ...
[2026-08-17 17:20:12] [INFO] [sparql_collector] [1-2. タイトル・名称 網羅検索 (Part 2)] Got 1000 new items. (累計: 2000件) [0.19s]
[2026-08-17 17:20:12] [INFO] [logger] [STATS] FETCH | Count: 1000 | Time: 0.19s | Info: 1-2. タイトル・名称 網羅検索 (Part 2) | Offset: 1000
[2026-08-17 17:20:13] [INFO] [sparql_collector] [1-2. タイトル・名称 網羅検索 (Part 2)] Sub-fetch (limit=1000, progress=2000件〜) ...
[2026-08-17 17:20:13] [INFO] [sparql_collector] [1-2. タイトル・名称 網羅検索 (Part 2)] Got 1000 new items. (累計: 3000件) [0.25s]
[2026-08-17 17:20:13] [INFO] [logger] [STATS] FETCH | Count: 1000 | Time: 0.25s | Info: 1-2. タイトル・名称 網羅検索 (Part 2) | Offset: 2000
[2026-08-17 17:20:13] [INFO] [sparql_collector] [1-2. タイトル・名称 網羅検索 (Part 2)] Sub-fetch (limit=1000, progress=3000件〜) ...
[2026-08-17 17:20:14] [INFO] [sparql_collector] [1-2. タイトル・名称 網羅検索 (Part 2)] Got 1000 new items. (累計: 4000件) [0.29s]
[2026-08-17 17:20:14] [INFO] [logger] [STATS] FETCH | Count: 1000 | Time: 0.29s | Info: 1-2. タイトル・名称 網羅検索 (Part 2) | Offset: 3000
[2026-08-17 17:20:14] [INFO] [sparql_collector] [1-2. タイトル・名称 網羅検索 (Part 2)] Sub-fetch (limit=1000, progress=4000件〜) ...
[2026-08-17 17:20:14] [INFO] [sparql_collector] [1-2. タイトル・名称 網羅検索 (Part 2)] Got 1000 new items. (累計: 5000件) [0.39s]
[2026-08-17 17:20:14] [INFO] [logger] [STATS] FETCH | Count: 1000 | Time: 0.39s | Info: 1-2. タイトル・名称 網羅検索 (Part 2) | Offset: 4000
[2026-08-17 17:20:15] [INFO] [sparql_collector] [1-2. タイトル・名称 網羅検索 (Part 2)] Sub-fetch (limit=1000, progress=5000件〜) ...
[2026-08-17 17:20:15] [INFO] [sparql_collector] [1-2. タイトル・名称 網羅検索 (Part 2)] Got 1000 new items. (累計: 6000件) [0.44s]
[2026-08-17 17:20:15] [INFO] [logger] [STATS] FETCH | Count: 1000 | Time: 0.44s | Info: 1-2. タイトル・名称 網羅検索 (Part 2) | Offset: 5000
[2026-08-17 17:20:16] [INFO] [sparql_collector] [1-2. タイトル・名称 網羅検索 (Part 2)] Sub-fetch (limit=1000, progress=6000件〜) ...
[2026-08-17 17:20:16] [INFO] [sparql_collector] [1-2. タイトル・名称 網羅検索 (Part 2)] Got 1000 new items. (累計: 7000件) [0.47s]
[2026-08-17 17:20:16] [INFO] [logger] [STATS] FETCH | Count: 1000 | Time: 0.47s | Info: 1-2. タイトル・名称 網羅検索 (Part 2) | Offset: 6000
[2026-08-17 17:20:17] [INFO] [sparql_collector] [1-2. タイトル・名称 網羅検索 (Part 2)] Sub-fetch (limit=1000, progress=7000件〜) ...
[2026-08-17 17:20:18] [INFO] [sparql_collector] [1-2. タイトル・名称 網羅検索 (Part 2)] Got 748 new items. (累計: 7748件) [0.83s]
[2026-08-17 17:20:18] [INFO] [logger] [STATS] FETCH | Count: 748 | Time: 0.83s | Info: 1-2. タイトル・名称 網羅検索 (Part 2) | Offset: 7000
[2026-08-17 17:20:18] [INFO] [sparql_collector] [1-2. タイトル・名称 網羅検索 (Part 2)] 最終バッチ到達（全データ取得完了）。
[2026-08-17 17:20:19] [INFO] [sparql_collector] --- [開始] 1-3. タイトル・名称 網羅検索 (Part 3) (全件網羅 (上限なし)) ---
[2026-08-17 17:20:19] [INFO] [sparql_collector] [1-3. タイトル・名称 網羅検索 (Part 3)] Sub-fetch (limit=1000, progress=0件〜) ...
[2026-08-17 17:20:19] [INFO] [sparql_collector] [1-3. タイトル・名称 網羅検索 (Part 3)] Got 614 new items. (累計: 614件) [0.20s]
[2026-08-17 17:20:19] [INFO] [logger] [STATS] FETCH | Count: 614 | Time: 0.20s | Info: 1-3. タイトル・名称 網羅検索 (Part 3) | Offset: 0
[2026-08-17 17:20:19] [INFO] [sparql_collector] [1-3. タイトル・名称 網羅検索 (Part 3)] 最終バッチ到達（全データ取得完了）。
[2026-08-17 17:20:21] [INFO] [sparql_collector] --- [開始] 2A-1. 主題エンティティ (schema:about) 網羅検索 (Part 1) (全件網羅 (上限なし)) ---
[2026-08-17 17:20:21] [INFO] [sparql_collector] [2A-1. 主題エンティティ (schema:about) 網羅検索 (Part 1)] Sub-fetch (limit=1000, progress=0件〜) ...
[2026-08-17 17:20:21] [INFO] [sparql_collector] [2A-1. 主題エンティティ (schema:about) 網羅検索 (Part 1)] Got 33 new items. (累計: 33件) [0.24s]
[2026-08-17 17:20:21] [INFO] [logger] [STATS] FETCH | Count: 33 | Time: 0.24s | Info: 2A-1. 主題エンティティ (schema:about) 網羅検索 (Part 1) | Offset: 0
[2026-08-17 17:20:21] [INFO] [sparql_collector] [2A-1. 主題エンティティ (schema:about) 網羅検索 (Part 1)] 最終バッチ到達（全データ取得完了）。
[2026-08-17 17:20:23] [INFO] [sparql_collector] --- [開始] 2A-2. 主題エンティティ (schema:about) 網羅検索 (Part 2) (全件網羅 (上限なし)) ---
[2026-08-17 17:20:23] [INFO] [sparql_collector] [2A-2. 主題エンティティ (schema:about) 網羅検索 (Part 2)] Sub-fetch (limit=1000, progress=0件〜) ...
[2026-08-17 17:20:23] [INFO] [sparql_collector] [2A-2. 主題エンティティ (schema:about) 網羅検索 (Part 2)] Got 603 new items. (累計: 603件) [0.25s]
[2026-08-17 17:20:23] [INFO] [logger] [STATS] FETCH | Count: 603 | Time: 0.25s | Info: 2A-2. 主題エンティティ (schema:about) 網羅検索 (Part 2) | Offset: 0
[2026-08-17 17:20:23] [INFO] [sparql_collector] [2A-2. 主題エンティティ (schema:about) 網羅検索 (Part 2)] 最終バッチ到達（全データ取得完了）。
[2026-08-17 17:20:24] [INFO] [sparql_collector] --- [開始] 2A-3. 主題エンティティ (schema:about) 網羅検索 (Part 3) (全件網羅 (上限なし)) ---
[2026-08-17 17:20:24] [INFO] [sparql_collector] [2A-3. 主題エンティティ (schema:about) 網羅検索 (Part 3)] Sub-fetch (limit=1000, progress=0件〜) ...
[2026-08-17 17:20:25] [INFO] [sparql_collector] [2A-3. 主題エンティティ (schema:about) 網羅検索 (Part 3)] Got 57 new items. (累計: 57件) [0.13s]
[2026-08-17 17:20:25] [INFO] [logger] [STATS] FETCH | Count: 57 | Time: 0.13s | Info: 2A-3. 主題エンティティ (schema:about) 網羅検索 (Part 3) | Offset: 0
[2026-08-17 17:20:25] [INFO] [sparql_collector] [2A-3. 主題エンティティ (schema:about) 網羅検索 (Part 3)] 最終バッチ到達（全データ取得完了）。
[2026-08-17 17:20:26] [INFO] [sparql_collector] --- [開始] 2B-1. キーワード・件名 (keywords / subject) 網羅検索 (Part 1) (全件網羅 (上限なし)) ---
[2026-08-17 17:20:26] [INFO] [sparql_collector] [2B-1. キーワード・件名 (keywords / subject) 網羅検索 (Part 1)] Sub-fetch (limit=1000, progress=0件〜) ...
[2026-08-17 17:20:26] [INFO] [sparql_collector] [2B-1. キーワード・件名 (keywords / subject) 網羅検索 (Part 1)] Done (データ上限達成・これ以上結果なし).
[2026-08-17 17:20:28] [INFO] [sparql_collector] --- [開始] 2B-2. キーワード・件名 (keywords / subject) 網羅検索 (Part 2) (全件網羅 (上限なし)) ---
[2026-08-17 17:20:28] [INFO] [sparql_collector] [2B-2. キーワード・件名 (keywords / subject) 網羅検索 (Part 2)] Sub-fetch (limit=1000, progress=0件〜) ...
[2026-08-17 17:20:28] [INFO] [sparql_collector] [2B-2. キーワード・件名 (keywords / subject) 網羅検索 (Part 2)] Done (データ上限達成・これ以上結果なし).
[2026-08-17 17:20:29] [INFO] [sparql_collector] --- [開始] 2B-3. キーワード・件名 (keywords / subject) 網羅検索 (Part 3) (全件網羅 (上限なし)) ---
[2026-08-17 17:20:29] [INFO] [sparql_collector] [2B-3. キーワード・件名 (keywords / subject) 網羅検索 (Part 3)] Sub-fetch (limit=1000, progress=0件〜) ...
[2026-08-17 17:20:29] [INFO] [sparql_collector] [2B-3. キーワード・件名 (keywords / subject) 網羅検索 (Part 3)] Done (データ上限達成・これ以上結果なし).
[2026-08-17 17:20:31] [INFO] [sparql_collector] --- [開始] 3. 説明文 (description) 網羅検索 (全件網羅 (上限なし)) ---
[2026-08-17 17:20:31] [INFO] [sparql_collector] [3. 説明文 (description) 網羅検索] Sub-fetch (limit=1000, progress=0件〜) ...
[2026-08-17 17:20:31] [INFO] [sparql_collector] [3. 説明文 (description) 網羅検索] Got 253 new items. (累計: 253件) [0.12s]
[2026-08-17 17:20:31] [INFO] [logger] [STATS] FETCH | Count: 253 | Time: 0.12s | Info: 3. 説明文 (description) 網羅検索 | Offset: 0
[2026-08-17 17:20:31] [INFO] [sparql_collector] [3. 説明文 (description) 網羅検索] 最終バッチ到達（全データ取得完了）。
[2026-08-17 17:20:36] [INFO] [sparql_collector] --- [開始] 2B-1. キーワード・件名 (keywords / subject) 網羅検索 (Part 1) (再試行) (全件網羅 (上限なし)) ---
[2026-08-17 17:20:36] [INFO] [sparql_collector] [2B-1. キーワード・件名 (keywords / subject) 網羅検索 (Part 1) (再試行)] Sub-fetch (limit=1000, progress=0件〜) ...
[2026-08-17 17:20:36] [INFO] [sparql_collector] [2B-1. キーワード・件名 (keywords / subject) 網羅検索 (Part 1) (再試行)] Done (データ上限達成・これ以上結果なし).
[2026-08-17 17:20:37] [INFO] [sparql_collector] --- [開始] 2B-2. キーワード・件名 (keywords / subject) 網羅検索 (Part 2) (再試行) (全件網羅 (上限なし)) ---
[2026-08-17 17:20:37] [INFO] [sparql_collector] [2B-2. キーワード・件名 (keywords / subject) 網羅検索 (Part 2) (再試行)] Sub-fetch (limit=1000, progress=0件〜) ...
[2026-08-17 17:20:37] [INFO] [sparql_collector] [2B-2. キーワード・件名 (keywords / subject) 網羅検索 (Part 2) (再試行)] Done (データ上限達成・これ以上結果なし).
[2026-08-17 17:20:39] [INFO] [sparql_collector] --- [開始] 2B-3. キーワード・件名 (keywords / subject) 網羅検索 (Part 3) (再試行) (全件網羅 (上限なし)) ---
[2026-08-17 17:20:39] [INFO] [sparql_collector] [2B-3. キーワード・件名 (keywords / subject) 網羅検索 (Part 3) (再試行)] Sub-fetch (limit=1000, progress=0件〜) ...
[2026-08-17 17:20:39] [INFO] [sparql_collector] [2B-3. キーワード・件名 (keywords / subject) 網羅検索 (Part 3) (再試行)] Done (データ上限達成・これ以上結果なし).
[2026-08-17 17:20:40] [INFO] [sparql_collector] --- [深層メタデータ一括構築開始 (BuildMetadata.py準拠)] 全 8,948 件 (batch_size=10) ---
[2026-08-17 17:20:40] [INFO] [sparql_collector] 進捗: 10 / 8,948 件 処理完了
[2026-08-17 17:20:42] [INFO] [sparql_collector] 進捗: 20 / 8,948 件 処理完了
[2026-08-17 17:20:44] [INFO] [sparql_collector] 進捗: 30 / 8,948 件 処理完了
[2026-08-17 17:20:47] [INFO] [sparql_collector] 進捗: 40 / 8,948 件 処理完了
[2026-08-17 17:20:49] [INFO] [sparql_collector] 進捗: 50 / 8,948 件 処理完了
[2026-08-17 17:20:51] [INFO] [sparql_collector] 進捗: 60 / 8,948 件 処理完了
[2026-08-17 17:20:53] [INFO] [sparql_collector] 進捗: 70 / 8,948 件 処理完了
[2026-08-17 17:20:55] [INFO] [sparql_collector] 進捗: 80 / 8,948 件 処理完了
[2026-08-17 17:20:57] [INFO] [sparql_collector] 進捗: 90 / 8,948 件 処理完了
[2026-08-17 17:20:59] [INFO] [sparql_collector] 進捗: 100 / 8,948 件 処理完了
[2026-08-17 17:21:01] [INFO] [sparql_collector] 進捗: 110 / 8,948 件 処理完了
[2026-08-17 17:21:03] [INFO] [sparql_collector] 進捗: 120 / 8,948 件 処理完了
[2026-08-17 17:21:05] [INFO] [sparql_collector] 進捗: 130 / 8,948 件 処理完了
[2026-08-17 17:21:08] [INFO] [sparql_collector] 進捗: 140 / 8,948 件 処理完了
[2026-08-17 17:21:10] [INFO] [sparql_collector] 進捗: 150 / 8,948 件 処理完了
[2026-08-17 17:21:12] [INFO] [sparql_collector] 進捗: 160 / 8,948 件 処理完了
[2026-08-17 17:21:14] [INFO] [sparql_collector] 進捗: 170 / 8,948 件 処理完了
[2026-08-17 17:21:16] [INFO] [sparql_collector] 進捗: 180 / 8,948 件 処理完了
[2026-08-17 17:21:18] [INFO] [sparql_collector] 進捗: 190 / 8,948 件 処理完了
[2026-08-17 17:21:20] [INFO] [sparql_collector] 進捗: 200 / 8,948 件 処理完了
[2026-08-17 17:21:22] [INFO] [sparql_collector] 進捗: 210 / 8,948 件 処理完了
[2026-08-17 17:21:24] [INFO] [sparql_collector] 進捗: 220 / 8,948 件 処理完了
[2026-08-17 17:21:26] [INFO] [sparql_collector] 進捗: 230 / 8,948 件 処理完了
[2026-08-17 17:21:28] [INFO] [sparql_collector] 進捗: 240 / 8,948 件 処理完了
[2026-08-17 17:21:30] [INFO] [sparql_collector] 進捗: 250 / 8,948 件 処理完了
[2026-08-17 17:21:32] [INFO] [sparql_collector] 進捗: 260 / 8,948 件 処理完了
[2026-08-17 17:21:34] [INFO] [sparql_collector] 進捗: 270 / 8,948 件 処理完了
[2026-08-17 17:21:36] [INFO] [sparql_collector] 進捗: 280 / 8,948 件 処理完了
[2026-08-17 17:21:39] [INFO] [sparql_collector] 進捗: 290 / 8,948 件 処理完了
[2026-08-17 17:21:41] [INFO] [sparql_collector] 進捗: 300 / 8,948 件 処理完了
[2026-08-17 17:21:43] [INFO] [sparql_collector] 進捗: 310 / 8,948 件 処理完了
[2026-08-17 17:21:45] [INFO] [sparql_collector] 進捗: 320 / 8,948 件 処理完了
[2026-08-17 17:21:47] [INFO] [sparql_collector] 進捗: 330 / 8,948 件 処理完了
[2026-08-17 17:21:49] [INFO] [sparql_collector] 進捗: 340 / 8,948 件 処理完了
[2026-08-17 17:21:51] [INFO] [sparql_collector] 進捗: 350 / 8,948 件 処理完了
[2026-08-17 17:21:53] [INFO] [sparql_collector] 進捗: 360 / 8,948 件 処理完了
[2026-08-17 17:21:55] [INFO] [sparql_collector] 進捗: 370 / 8,948 件 処理完了
[2026-08-17 17:21:57] [INFO] [sparql_collector] 進捗: 380 / 8,948 件 処理完了
[2026-08-17 17:21:59] [INFO] [sparql_collector] 進捗: 390 / 8,948 件 処理完了
[2026-08-17 17:22:01] [INFO] [sparql_collector] 進捗: 400 / 8,948 件 処理完了
[2026-08-17 17:22:03] [INFO] [sparql_collector] 進捗: 410 / 8,948 件 処理完了
[2026-08-17 17:22:06] [INFO] [sparql_collector] 進捗: 420 / 8,948 件 処理完了
[2026-08-17 17:22:08] [INFO] [sparql_collector] 進捗: 430 / 8,948 件 処理完了
[2026-08-17 17:22:10] [INFO] [sparql_collector] 進捗: 440 / 8,948 件 処理完了
[2026-08-17 17:22:12] [INFO] [sparql_collector] 進捗: 450 / 8,948 件 処理完了
[2026-08-17 17:22:14] [INFO] [sparql_collector] 進捗: 460 / 8,948 件 処理完了
[2026-08-17 17:22:16] [INFO] [sparql_collector] 進捗: 470 / 8,948 件 処理完了
[2026-08-17 17:22:18] [INFO] [sparql_collector] 進捗: 480 / 8,948 件 処理完了
[2026-08-17 17:22:20] [INFO] [sparql_collector] 進捗: 490 / 8,948 件 処理完了
[2026-08-17 17:22:22] [INFO] [sparql_collector] 進捗: 500 / 8,948 件 処理完了
[2026-08-17 17:22:24] [INFO] [sparql_collector] 進捗: 510 / 8,948 件 処理完了
[2026-08-17 17:22:56] [WARNING] [sparql_collector] [504負荷検知] 全 10 件のグラフ取得で遅延発生。3秒クールダウン後に小分け分割へ移行します...
[2026-08-17 17:22:59] [INFO] [sparql_collector] -> チャンク分割小分け取得 (10 件 ➔ 5 件 + 5 件)
[2026-08-17 17:23:29] [WARNING] [sparql_collector] [504負荷検知] 全 5 件のグラフ取得で遅延発生。3秒クールダウン後に小分け分割へ移行します...
[2026-08-17 17:23:32] [INFO] [sparql_collector] -> チャンク分割小分け取得 (5 件 ➔ 2 件 + 3 件)
[2026-08-17 17:24:02] [WARNING] [sparql_collector] [504負荷検知] 全 2 件のグラフ取得で遅延発生。3秒クールダウン後に小分け分割へ移行します...
[2026-08-17 17:24:05] [INFO] [sparql_collector] -> チャンク分割小分け取得 (2 件 ➔ 1 件 + 1 件)
[2026-08-17 17:24:36] [WARNING] [sparql_collector] [504負荷検知] 全 1 件のグラフ取得で遅延発生。3秒クールダウン後に小分け分割へ移行します...
[2026-08-17 17:24:39] [INFO] [sparql_collector] -> 単体直下トリプル簡易取得フォールバック: <https://jpsearch.go.jp/data/Showa_magazine-180001084>
[2026-08-17 17:24:44] [INFO] [sparql_collector] 進捗: 520 / 8,948 件 処理完了
[2026-08-17 17:24:46] [INFO] [sparql_collector] 進捗: 530 / 8,948 件 処理完了
[2026-08-17 17:24:48] [INFO] [sparql_collector] 進捗: 540 / 8,948 件 処理完了
[2026-08-17 17:24:50] [INFO] [sparql_collector] 進捗: 550 / 8,948 件 処理完了
[2026-08-17 17:24:52] [INFO] [sparql_collector] 進捗: 560 / 8,948 件 処理完了
[2026-08-17 17:24:54] [INFO] [sparql_collector] 進捗: 570 / 8,948 件 処理完了
[2026-08-17 17:24:56] [INFO] [sparql_collector] 進捗: 580 / 8,948 件 処理完了
[2026-08-17 17:24:58] [INFO] [sparql_collector] 進捗: 590 / 8,948 件 処理完了
[2026-08-17 17:25:01] [INFO] [sparql_collector] 進捗: 600 / 8,948 件 処理完了
[2026-08-17 17:25:03] [INFO] [sparql_collector] 進捗: 610 / 8,948 件 処理完了
[2026-08-17 17:25:05] [INFO] [sparql_collector] 進捗: 620 / 8,948 件 処理完了
[2026-08-17 17:25:07] [INFO] [sparql_collector] 進捗: 630 / 8,948 件 処理完了
[2026-08-17 17:25:09] [INFO] [sparql_collector] 進捗: 640 / 8,948 件 処理完了
[2026-08-17 17:25:11] [INFO] [sparql_collector] 進捗: 650 / 8,948 件 処理完了
[2026-08-17 17:25:13] [INFO] [sparql_collector] 進捗: 660 / 8,948 件 処理完了
[2026-08-17 17:25:15] [INFO] [sparql_collector] 進捗: 670 / 8,948 件 処理完了
[2026-08-17 17:25:18] [INFO] [sparql_collector] 進捗: 680 / 8,948 件 処理完了
[2026-08-17 17:25:20] [INFO] [sparql_collector] 進捗: 690 / 8,948 件 処理完了
[2026-08-17 17:25:22] [INFO] [sparql_collector] 進捗: 700 / 8,948 件 処理完了
[2026-08-17 17:25:24] [INFO] [sparql_collector] 進捗: 710 / 8,948 件 処理完了
[2026-08-17 17:25:26] [INFO] [sparql_collector] 進捗: 720 / 8,948 件 処理完了
[2026-08-17 17:25:28] [INFO] [sparql_collector] 進捗: 730 / 8,948 件 処理完了
[2026-08-17 17:25:30] [INFO] [sparql_collector] 進捗: 740 / 8,948 件 処理完了
[2026-08-17 17:25:32] [INFO] [sparql_collector] 進捗: 750 / 8,948 件 処理完了
[2026-08-17 17:25:35] [INFO] [sparql_collector] 進捗: 760 / 8,948 件 処理完了
[2026-08-17 17:25:37] [INFO] [sparql_collector] 進捗: 770 / 8,948 件 処理完了
[2026-08-17 17:25:39] [INFO] [sparql_collector] 進捗: 780 / 8,948 件 処理完了
[2026-08-17 17:25:41] [INFO] [sparql_collector] 進捗: 790 / 8,948 件 処理完了
[2026-08-17 17:25:43] [INFO] [sparql_collector] 進捗: 800 / 8,948 件 処理完了
[2026-08-17 17:25:45] [INFO] [sparql_collector] 進捗: 810 / 8,948 件 処理完了
[2026-08-17 17:25:48] [INFO] [sparql_collector] 進捗: 820 / 8,948 件 処理完了
[2026-08-17 17:25:50] [INFO] [sparql_collector] 進捗: 830 / 8,948 件 処理完了
[2026-08-17 17:25:52] [INFO] [sparql_collector] 進捗: 840 / 8,948 件 処理完了
[2026-08-17 17:25:54] [INFO] [sparql_collector] 進捗: 850 / 8,948 件 処理完了
[2026-08-17 17:25:56] [INFO] [sparql_collector] 進捗: 860 / 8,948 件 処理完了
[2026-08-17 17:25:58] [INFO] [sparql_collector] 進捗: 870 / 8,948 件 処理完了
[2026-08-17 17:26:00] [INFO] [sparql_collector] 進捗: 880 / 8,948 件 処理完了
[2026-08-17 17:26:02] [INFO] [sparql_collector] 進捗: 890 / 8,948 件 処理完了
[2026-08-17 17:26:04] [INFO] [sparql_collector] 進捗: 900 / 8,948 件 処理完了
[2026-08-17 17:26:06] [INFO] [sparql_collector] 進捗: 910 / 8,948 件 処理完了
[2026-08-17 17:26:08] [INFO] [sparql_collector] 進捗: 920 / 8,948 件 処理完了
[2026-08-17 17:26:10] [INFO] [sparql_collector] 進捗: 930 / 8,948 件 処理完了
[2026-08-17 17:26:13] [INFO] [sparql_collector] 進捗: 940 / 8,948 件 処理完了
[2026-08-17 17:26:15] [INFO] [sparql_collector] 進捗: 950 / 8,948 件 処理完了
[2026-08-17 17:26:17] [INFO] [sparql_collector] 進捗: 960 / 8,948 件 処理完了
[2026-08-17 17:26:19] [INFO] [sparql_collector] 進捗: 970 / 8,948 件 処理完了
[2026-08-17 17:26:21] [INFO] [sparql_collector] 進捗: 980 / 8,948 件 処理完了
[2026-08-17 17:26:23] [INFO] [sparql_collector] 進捗: 990 / 8,948 件 処理完了
[2026-08-17 17:26:25] [INFO] [sparql_collector] 進捗: 1,000 / 8,948 件 処理完了
[2026-08-17 17:26:27] [INFO] [sparql_collector] 進捗: 1,010 / 8,948 件 処理完了
[2026-08-17 17:26:29] [INFO] [sparql_collector] 進捗: 1,020 / 8,948 件 処理完了
[2026-08-17 17:26:31] [INFO] [sparql_collector] 進捗: 1,030 / 8,948 件 処理完了
[2026-08-17 17:26:33] [INFO] [sparql_collector] 進捗: 1,040 / 8,948 件 処理完了
[2026-08-17 17:26:35] [INFO] [sparql_collector] 進捗: 1,050 / 8,948 件 処理完了
[2026-08-17 17:26:37] [INFO] [sparql_collector] 進捗: 1,060 / 8,948 件 処理完了
[2026-08-17 17:26:39] [INFO] [sparql_collector] 進捗: 1,070 / 8,948 件 処理完了
[2026-08-17 17:26:41] [INFO] [sparql_collector] 進捗: 1,080 / 8,948 件 処理完了
[2026-08-17 17:26:44] [INFO] [sparql_collector] 進捗: 1,090 / 8,948 件 処理完了
[2026-08-17 17:26:46] [INFO] [sparql_collector] 進捗: 1,100 / 8,948 件 処理完了
[2026-08-17 17:26:48] [INFO] [sparql_collector] 進捗: 1,110 / 8,948 件 処理完了
[2026-08-17 17:26:50] [INFO] [sparql_collector] 進捗: 1,120 / 8,948 件 処理完了
[2026-08-17 17:26:52] [INFO] [sparql_collector] 進捗: 1,130 / 8,948 件 処理完了
[2026-08-17 17:26:54] [INFO] [sparql_collector] 進捗: 1,140 / 8,948 件 処理完了
[2026-08-17 17:26:56] [INFO] [sparql_collector] 進捗: 1,150 / 8,948 件 処理完了
[2026-08-17 17:26:59] [INFO] [sparql_collector] 進捗: 1,160 / 8,948 件 処理完了
[2026-08-17 17:27:01] [INFO] [sparql_collector] 進捗: 1,170 / 8,948 件 処理完了
[2026-08-17 17:27:03] [INFO] [sparql_collector] 進捗: 1,180 / 8,948 件 処理完了
[2026-08-17 17:27:05] [INFO] [sparql_collector] 進捗: 1,190 / 8,948 件 処理完了
[2026-08-17 17:27:07] [INFO] [sparql_collector] 進捗: 1,200 / 8,948 件 処理完了
[2026-08-17 17:27:09] [INFO] [sparql_collector] 進捗: 1,210 / 8,948 件 処理完了
[2026-08-17 17:27:12] [INFO] [sparql_collector] 進捗: 1,220 / 8,948 件 処理完了
[2026-08-17 17:27:14] [INFO] [sparql_collector] 進捗: 1,230 / 8,948 件 処理完了
[2026-08-17 17:27:16] [INFO] [sparql_collector] 進捗: 1,240 / 8,948 件 処理完了
[2026-08-17 17:27:18] [INFO] [sparql_collector] 進捗: 1,250 / 8,948 件 処理完了
[2026-08-17 17:27:20] [INFO] [sparql_collector] 進捗: 1,260 / 8,948 件 処理完了
[2026-08-17 17:27:22] [INFO] [sparql_collector] 進捗: 1,270 / 8,948 件 処理完了
[2026-08-17 17:27:25] [INFO] [sparql_collector] 進捗: 1,280 / 8,948 件 処理完了
[2026-08-17 17:27:27] [INFO] [sparql_collector] 進捗: 1,290 / 8,948 件 処理完了
[2026-08-17 17:27:29] [INFO] [sparql_collector] 進捗: 1,300 / 8,948 件 処理完了
[2026-08-17 17:27:31] [INFO] [sparql_collector] 進捗: 1,310 / 8,948 件 処理完了
[2026-08-17 17:27:33] [INFO] [sparql_collector] 進捗: 1,320 / 8,948 件 処理完了
[2026-08-17 17:27:36] [INFO] [sparql_collector] 進捗: 1,330 / 8,948 件 処理完了
[2026-08-17 17:27:38] [INFO] [sparql_collector] 進捗: 1,340 / 8,948 件 処理完了
[2026-08-17 17:27:40] [INFO] [sparql_collector] 進捗: 1,350 / 8,948 件 処理完了
[2026-08-17 17:27:42] [INFO] [sparql_collector] 進捗: 1,360 / 8,948 件 処理完了
[2026-08-17 17:27:44] [INFO] [sparql_collector] 進捗: 1,370 / 8,948 件 処理完了
[2026-08-17 17:27:46] [INFO] [sparql_collector] 進捗: 1,380 / 8,948 件 処理完了
[2026-08-17 17:27:49] [INFO] [sparql_collector] 進捗: 1,390 / 8,948 件 処理完了
[2026-08-17 17:27:51] [INFO] [sparql_collector] 進捗: 1,400 / 8,948 件 処理完了
[2026-08-17 17:27:53] [INFO] [sparql_collector] 進捗: 1,410 / 8,948 件 処理完了
[2026-08-17 17:27:55] [INFO] [sparql_collector] 進捗: 1,420 / 8,948 件 処理完了
[2026-08-17 17:27:57] [INFO] [sparql_collector] 進捗: 1,430 / 8,948 件 処理完了
[2026-08-17 17:27:59] [INFO] [sparql_collector] 進捗: 1,440 / 8,948 件 処理完了
[2026-08-17 17:28:02] [INFO] [sparql_collector] 進捗: 1,450 / 8,948 件 処理完了
[2026-08-17 17:28:04] [INFO] [sparql_collector] 進捗: 1,460 / 8,948 件 処理完了
[2026-08-17 17:28:06] [INFO] [sparql_collector] 進捗: 1,470 / 8,948 件 処理完了
[2026-08-17 17:28:08] [INFO] [sparql_collector] 進捗: 1,480 / 8,948 件 処理完了
[2026-08-17 17:28:10] [INFO] [sparql_collector] 進捗: 1,490 / 8,948 件 処理完了
[2026-08-17 17:28:13] [INFO] [sparql_collector] 進捗: 1,500 / 8,948 件 処理完了
[2026-08-17 17:28:15] [INFO] [sparql_collector] 進捗: 1,510 / 8,948 件 処理完了
[2026-08-17 17:28:17] [INFO] [sparql_collector] 進捗: 1,520 / 8,948 件 処理完了
[2026-08-17 17:28:19] [INFO] [sparql_collector] 進捗: 1,530 / 8,948 件 処理完了
[2026-08-17 17:28:21] [INFO] [sparql_collector] 進捗: 1,540 / 8,948 件 処理完了
[2026-08-17 17:28:23] [INFO] [sparql_collector] 進捗: 1,550 / 8,948 件 処理完了
[2026-08-17 17:28:26] [INFO] [sparql_collector] 進捗: 1,560 / 8,948 件 処理完了
[2026-08-17 17:28:28] [INFO] [sparql_collector] 進捗: 1,570 / 8,948 件 処理完了
[2026-08-17 17:28:30] [INFO] [sparql_collector] 進捗: 1,580 / 8,948 件 処理完了
[2026-08-17 17:28:32] [INFO] [sparql_collector] 進捗: 1,590 / 8,948 件 処理完了
[2026-08-17 17:28:34] [INFO] [sparql_collector] 進捗: 1,600 / 8,948 件 処理完了
[2026-08-17 17:28:37] [INFO] [sparql_collector] 進捗: 1,610 / 8,948 件 処理完了
[2026-08-17 17:28:39] [INFO] [sparql_collector] 進捗: 1,620 / 8,948 件 処理完了
[2026-08-17 17:28:41] [INFO] [sparql_collector] 進捗: 1,630 / 8,948 件 処理完了
[2026-08-17 17:28:43] [INFO] [sparql_collector] 進捗: 1,640 / 8,948 件 処理完了
[2026-08-17 17:28:45] [INFO] [sparql_collector] 進捗: 1,650 / 8,948 件 処理完了
[2026-08-17 17:28:47] [INFO] [sparql_collector] 進捗: 1,660 / 8,948 件 処理完了
[2026-08-17 17:28:50] [INFO] [sparql_collector] 進捗: 1,670 / 8,948 件 処理完了
[2026-08-17 17:28:52] [INFO] [sparql_collector] 進捗: 1,680 / 8,948 件 処理完了
[2026-08-17 17:28:54] [INFO] [sparql_collector] 進捗: 1,690 / 8,948 件 処理完了
[2026-08-17 17:28:56] [INFO] [sparql_collector] 進捗: 1,700 / 8,948 件 処理完了
[2026-08-17 17:28:58] [INFO] [sparql_collector] 進捗: 1,710 / 8,948 件 処理完了
[2026-08-17 17:29:01] [INFO] [sparql_collector] 進捗: 1,720 / 8,948 件 処理完了
[2026-08-17 17:29:03] [INFO] [sparql_collector] 進捗: 1,730 / 8,948 件 処理完了
[2026-08-17 17:29:05] [INFO] [sparql_collector] 進捗: 1,740 / 8,948 件 処理完了
[2026-08-17 17:29:07] [INFO] [sparql_collector] 進捗: 1,750 / 8,948 件 処理完了
[2026-08-17 17:29:09] [INFO] [sparql_collector] 進捗: 1,760 / 8,948 件 処理完了
[2026-08-17 17:29:11] [INFO] [sparql_collector] 進捗: 1,770 / 8,948 件 処理完了
[2026-08-17 17:29:14] [INFO] [sparql_collector] 進捗: 1,780 / 8,948 件 処理完了
[2026-08-17 17:29:16] [INFO] [sparql_collector] 進捗: 1,790 / 8,948 件 処理完了
[2026-08-17 17:29:18] [INFO] [sparql_collector] 進捗: 1,800 / 8,948 件 処理完了
[2026-08-17 17:29:20] [INFO] [sparql_collector] 進捗: 1,810 / 8,948 件 処理完了
[2026-08-17 17:29:22] [INFO] [sparql_collector] 進捗: 1,820 / 8,948 件 処理完了
[2026-08-17 17:29:24] [INFO] [sparql_collector] 進捗: 1,830 / 8,948 件 処理完了
[2026-08-17 17:29:27] [INFO] [sparql_collector] 進捗: 1,840 / 8,948 件 処理完了
[2026-08-17 17:29:29] [INFO] [sparql_collector] 進捗: 1,850 / 8,948 件 処理完了
[2026-08-17 17:29:31] [INFO] [sparql_collector] 進捗: 1,860 / 8,948 件 処理完了
[2026-08-17 17:29:33] [INFO] [sparql_collector] 進捗: 1,870 / 8,948 件 処理完了
[2026-08-17 17:29:35] [INFO] [sparql_collector] 進捗: 1,880 / 8,948 件 処理完了
[2026-08-17 17:29:37] [INFO] [sparql_collector] 進捗: 1,890 / 8,948 件 処理完了
[2026-08-17 17:29:40] [INFO] [sparql_collector] 進捗: 1,900 / 8,948 件 処理完了
[2026-08-17 17:29:42] [INFO] [sparql_collector] 進捗: 1,910 / 8,948 件 処理完了
[2026-08-17 17:29:44] [INFO] [sparql_collector] 進捗: 1,920 / 8,948 件 処理完了
[2026-08-17 17:29:46] [INFO] [sparql_collector] 進捗: 1,930 / 8,948 件 処理完了
[2026-08-17 17:29:48] [INFO] [sparql_collector] 進捗: 1,940 / 8,948 件 処理完了
[2026-08-17 17:29:51] [INFO] [sparql_collector] 進捗: 1,950 / 8,948 件 処理完了
[2026-08-17 17:29:53] [INFO] [sparql_collector] 進捗: 1,960 / 8,948 件 処理完了
[2026-08-17 17:29:55] [INFO] [sparql_collector] 進捗: 1,970 / 8,948 件 処理完了
[2026-08-17 17:29:57] [INFO] [sparql_collector] 進捗: 1,980 / 8,948 件 処理完了
[2026-08-17 17:29:59] [INFO] [sparql_collector] 進捗: 1,990 / 8,948 件 処理完了
[2026-08-17 17:30:02] [INFO] [sparql_collector] 進捗: 2,000 / 8,948 件 処理完了
[2026-08-17 17:30:04] [INFO] [sparql_collector] 進捗: 2,010 / 8,948 件 処理完了
[2026-08-17 17:30:06] [INFO] [sparql_collector] 進捗: 2,020 / 8,948 件 処理完了
[2026-08-17 17:30:08] [INFO] [sparql_collector] 進捗: 2,030 / 8,948 件 処理完了
[2026-08-17 17:30:10] [INFO] [sparql_collector] 進捗: 2,040 / 8,948 件 処理完了
[2026-08-17 17:30:12] [INFO] [sparql_collector] 進捗: 2,050 / 8,948 件 処理完了
[2026-08-17 17:30:15] [INFO] [sparql_collector] 進捗: 2,060 / 8,948 件 処理完了
[2026-08-17 17:30:17] [INFO] [sparql_collector] 進捗: 2,070 / 8,948 件 処理完了
[2026-08-17 17:30:19] [INFO] [sparql_collector] 進捗: 2,080 / 8,948 件 処理完了
[2026-08-17 17:30:21] [INFO] [sparql_collector] 進捗: 2,090 / 8,948 件 処理完了
[2026-08-17 17:30:23] [INFO] [sparql_collector] 進捗: 2,100 / 8,948 件 処理完了
[2026-08-17 17:30:26] [INFO] [sparql_collector] 進捗: 2,110 / 8,948 件 処理完了
[2026-08-17 17:30:28] [INFO] [sparql_collector] 進捗: 2,120 / 8,948 件 処理完了
[2026-08-17 17:30:30] [INFO] [sparql_collector] 進捗: 2,130 / 8,948 件 処理完了
[2026-08-17 17:30:32] [INFO] [sparql_collector] 進捗: 2,140 / 8,948 件 処理完了
[2026-08-17 17:30:34] [INFO] [sparql_collector] 進捗: 2,150 / 8,948 件 処理完了
[2026-08-17 17:30:36] [INFO] [sparql_collector] 進捗: 2,160 / 8,948 件 処理完了
[2026-08-17 17:30:39] [INFO] [sparql_collector] 進捗: 2,170 / 8,948 件 処理完了
[2026-08-17 17:30:41] [INFO] [sparql_collector] 進捗: 2,180 / 8,948 件 処理完了
[2026-08-17 17:30:43] [INFO] [sparql_collector] 進捗: 2,190 / 8,948 件 処理完了
[2026-08-17 17:30:45] [INFO] [sparql_collector] 進捗: 2,200 / 8,948 件 処理完了
[2026-08-17 17:30:47] [INFO] [sparql_collector] 進捗: 2,210 / 8,948 件 処理完了
[2026-08-17 17:30:49] [INFO] [sparql_collector] 進捗: 2,220 / 8,948 件 処理完了
[2026-08-17 17:30:52] [INFO] [sparql_collector] 進捗: 2,230 / 8,948 件 処理完了
[2026-08-17 17:30:54] [INFO] [sparql_collector] 進捗: 2,240 / 8,948 件 処理完了
[2026-08-17 17:30:56] [INFO] [sparql_collector] 進捗: 2,250 / 8,948 件 処理完了
[2026-08-17 17:30:58] [INFO] [sparql_collector] 進捗: 2,260 / 8,948 件 処理完了
[2026-08-17 17:31:00] [INFO] [sparql_collector] 進捗: 2,270 / 8,948 件 処理完了
[2026-08-17 17:31:03] [INFO] [sparql_collector] 進捗: 2,280 / 8,948 件 処理完了
[2026-08-17 17:31:05] [INFO] [sparql_collector] 進捗: 2,290 / 8,948 件 処理完了
[2026-08-17 17:31:07] [INFO] [sparql_collector] 進捗: 2,300 / 8,948 件 処理完了
[2026-08-17 17:31:09] [INFO] [sparql_collector] 進捗: 2,310 / 8,948 件 処理完了
[2026-08-17 17:31:11] [INFO] [sparql_collector] 進捗: 2,320 / 8,948 件 処理完了
[2026-08-17 17:31:14] [INFO] [sparql_collector] 進捗: 2,330 / 8,948 件 処理完了
[2026-08-17 17:31:16] [INFO] [sparql_collector] 進捗: 2,340 / 8,948 件 処理完了
[2026-08-17 17:31:18] [INFO] [sparql_collector] 進捗: 2,350 / 8,948 件 処理完了
[2026-08-17 17:31:20] [INFO] [sparql_collector] 進捗: 2,360 / 8,948 件 処理完了
[2026-08-17 17:31:22] [INFO] [sparql_collector] 進捗: 2,370 / 8,948 件 処理完了
[2026-08-17 17:31:25] [INFO] [sparql_collector] 進捗: 2,380 / 8,948 件 処理完了
[2026-08-17 17:31:27] [INFO] [sparql_collector] 進捗: 2,390 / 8,948 件 処理完了
[2026-08-17 17:31:29] [INFO] [sparql_collector] 進捗: 2,400 / 8,948 件 処理完了
[2026-08-17 17:31:31] [INFO] [sparql_collector] 進捗: 2,410 / 8,948 件 処理完了
[2026-08-17 17:31:33] [INFO] [sparql_collector] 進捗: 2,420 / 8,948 件 処理完了
[2026-08-17 17:31:35] [INFO] [sparql_collector] 進捗: 2,430 / 8,948 件 処理完了
[2026-08-17 17:31:38] [INFO] [sparql_collector] 進捗: 2,440 / 8,948 件 処理完了
[2026-08-17 17:31:40] [INFO] [sparql_collector] 進捗: 2,450 / 8,948 件 処理完了
[2026-08-17 17:31:42] [INFO] [sparql_collector] 進捗: 2,460 / 8,948 件 処理完了
[2026-08-17 17:31:44] [INFO] [sparql_collector] 進捗: 2,470 / 8,948 件 処理完了
[2026-08-17 17:31:46] [INFO] [sparql_collector] 進捗: 2,480 / 8,948 件 処理完了
[2026-08-17 17:31:48] [INFO] [sparql_collector] 進捗: 2,490 / 8,948 件 処理完了
[2026-08-17 17:31:51] [INFO] [sparql_collector] 進捗: 2,500 / 8,948 件 処理完了
[2026-08-17 17:31:53] [INFO] [sparql_collector] 進捗: 2,510 / 8,948 件 処理完了
[2026-08-17 17:31:55] [INFO] [sparql_collector] 進捗: 2,520 / 8,948 件 処理完了
[2026-08-17 17:31:57] [INFO] [sparql_collector] 進捗: 2,530 / 8,948 件 処理完了
[2026-08-17 17:31:59] [INFO] [sparql_collector] 進捗: 2,540 / 8,948 件 処理完了
[2026-08-17 17:32:02] [INFO] [sparql_collector] 進捗: 2,550 / 8,948 件 処理完了
[2026-08-17 17:32:04] [INFO] [sparql_collector] 進捗: 2,560 / 8,948 件 処理完了
[2026-08-17 17:32:06] [INFO] [sparql_collector] 進捗: 2,570 / 8,948 件 処理完了
[2026-08-17 17:32:08] [INFO] [sparql_collector] 進捗: 2,580 / 8,948 件 処理完了
[2026-08-17 17:32:10] [INFO] [sparql_collector] 進捗: 2,590 / 8,948 件 処理完了
[2026-08-17 17:32:13] [INFO] [sparql_collector] 進捗: 2,600 / 8,948 件 処理完了
[2026-08-17 17:32:15] [INFO] [sparql_collector] 進捗: 2,610 / 8,948 件 処理完了
[2026-08-17 17:32:17] [INFO] [sparql_collector] 進捗: 2,620 / 8,948 件 処理完了
[2026-08-17 17:32:19] [INFO] [sparql_collector] 進捗: 2,630 / 8,948 件 処理完了
[2026-08-17 17:32:21] [INFO] [sparql_collector] 進捗: 2,640 / 8,948 件 処理完了
[2026-08-17 17:32:24] [INFO] [sparql_collector] 進捗: 2,650 / 8,948 件 処理完了
[2026-08-17 17:32:26] [INFO] [sparql_collector] 進捗: 2,660 / 8,948 件 処理完了
[2026-08-17 17:32:28] [INFO] [sparql_collector] 進捗: 2,670 / 8,948 件 処理完了
[2026-08-17 17:32:30] [INFO] [sparql_collector] 進捗: 2,680 / 8,948 件 処理完了
[2026-08-17 17:32:32] [INFO] [sparql_collector] 進捗: 2,690 / 8,948 件 処理完了
[2026-08-17 17:32:35] [INFO] [sparql_collector] 進捗: 2,700 / 8,948 件 処理完了
[2026-08-17 17:32:37] [INFO] [sparql_collector] 進捗: 2,710 / 8,948 件 処理完了
[2026-08-17 17:32:39] [INFO] [sparql_collector] 進捗: 2,720 / 8,948 件 処理完了
[2026-08-17 17:32:41] [INFO] [sparql_collector] 進捗: 2,730 / 8,948 件 処理完了
[2026-08-17 17:32:43] [INFO] [sparql_collector] 進捗: 2,740 / 8,948 件 処理完了
[2026-08-17 17:32:46] [INFO] [sparql_collector] 進捗: 2,750 / 8,948 件 処理完了
[2026-08-17 17:32:48] [INFO] [sparql_collector] 進捗: 2,760 / 8,948 件 処理完了
[2026-08-17 17:32:50] [INFO] [sparql_collector] 進捗: 2,770 / 8,948 件 処理完了
[2026-08-17 17:32:52] [INFO] [sparql_collector] 進捗: 2,780 / 8,948 件 処理完了
[2026-08-17 17:32:54] [INFO] [sparql_collector] 進捗: 2,790 / 8,948 件 処理完了
[2026-08-17 17:32:56] [INFO] [sparql_collector] 進捗: 2,800 / 8,948 件 処理完了
[2026-08-17 17:32:59] [INFO] [sparql_collector] 進捗: 2,810 / 8,948 件 処理完了
[2026-08-17 17:33:01] [INFO] [sparql_collector] 進捗: 2,820 / 8,948 件 処理完了
[2026-08-17 17:33:03] [INFO] [sparql_collector] 進捗: 2,830 / 8,948 件 処理完了
[2026-08-17 17:33:05] [INFO] [sparql_collector] 進捗: 2,840 / 8,948 件 処理完了
[2026-08-17 17:33:07] [INFO] [sparql_collector] 進捗: 2,850 / 8,948 件 処理完了
[2026-08-17 17:33:10] [INFO] [sparql_collector] 進捗: 2,860 / 8,948 件 処理完了
[2026-08-17 17:33:12] [INFO] [sparql_collector] 進捗: 2,870 / 8,948 件 処理完了
[2026-08-17 17:33:14] [INFO] [sparql_collector] 進捗: 2,880 / 8,948 件 処理完了
[2026-08-17 17:33:16] [INFO] [sparql_collector] 進捗: 2,890 / 8,948 件 処理完了
[2026-08-17 17:33:18] [INFO] [sparql_collector] 進捗: 2,900 / 8,948 件 処理完了
[2026-08-17 17:33:20] [INFO] [sparql_collector] 進捗: 2,910 / 8,948 件 処理完了
[2026-08-17 17:33:23] [INFO] [sparql_collector] 進捗: 2,920 / 8,948 件 処理完了
[2026-08-17 17:33:25] [INFO] [sparql_collector] 進捗: 2,930 / 8,948 件 処理完了
[2026-08-17 17:33:27] [INFO] [sparql_collector] 進捗: 2,940 / 8,948 件 処理完了
[2026-08-17 17:33:29] [INFO] [sparql_collector] 進捗: 2,950 / 8,948 件 処理完了
[2026-08-17 17:33:31] [INFO] [sparql_collector] 進捗: 2,960 / 8,948 件 処理完了
[2026-08-17 17:33:33] [INFO] [sparql_collector] 進捗: 2,970 / 8,948 件 処理完了
[2026-08-17 17:33:36] [INFO] [sparql_collector] 進捗: 2,980 / 8,948 件 処理完了
[2026-08-17 17:33:38] [INFO] [sparql_collector] 進捗: 2,990 / 8,948 件 処理完了
[2026-08-17 17:33:40] [INFO] [sparql_collector] 進捗: 3,000 / 8,948 件 処理完了
[2026-08-17 17:33:42] [INFO] [sparql_collector] 進捗: 3,010 / 8,948 件 処理完了
[2026-08-17 17:33:44] [INFO] [sparql_collector] 進捗: 3,020 / 8,948 件 処理完了
[2026-08-17 17:33:46] [INFO] [sparql_collector] 進捗: 3,030 / 8,948 件 処理完了
[2026-08-17 17:33:49] [INFO] [sparql_collector] 進捗: 3,040 / 8,948 件 処理完了
[2026-08-17 17:33:51] [INFO] [sparql_collector] 進捗: 3,050 / 8,948 件 処理完了
[2026-08-17 17:33:53] [INFO] [sparql_collector] 進捗: 3,060 / 8,948 件 処理完了
[2026-08-17 17:33:55] [INFO] [sparql_collector] 進捗: 3,070 / 8,948 件 処理完了
[2026-08-17 17:33:57] [INFO] [sparql_collector] 進捗: 3,080 / 8,948 件 処理完了
[2026-08-17 17:33:59] [INFO] [sparql_collector] 進捗: 3,090 / 8,948 件 処理完了
[2026-08-17 17:34:02] [INFO] [sparql_collector] 進捗: 3,100 / 8,948 件 処理完了
[2026-08-17 17:34:04] [INFO] [sparql_collector] 進捗: 3,110 / 8,948 件 処理完了
[2026-08-17 17:34:06] [INFO] [sparql_collector] 進捗: 3,120 / 8,948 件 処理完了
[2026-08-17 17:34:08] [INFO] [sparql_collector] 進捗: 3,130 / 8,948 件 処理完了
[2026-08-17 17:34:10] [INFO] [sparql_collector] 進捗: 3,140 / 8,948 件 処理完了
[2026-08-17 17:34:12] [INFO] [sparql_collector] 進捗: 3,150 / 8,948 件 処理完了
[2026-08-17 17:34:14] [INFO] [sparql_collector] 進捗: 3,160 / 8,948 件 処理完了
[2026-08-17 17:34:17] [INFO] [sparql_collector] 進捗: 3,170 / 8,948 件 処理完了
[2026-08-17 17:34:19] [INFO] [sparql_collector] 進捗: 3,180 / 8,948 件 処理完了
[2026-08-17 17:34:21] [INFO] [sparql_collector] 進捗: 3,190 / 8,948 件 処理完了
[2026-08-17 17:34:23] [INFO] [sparql_collector] 進捗: 3,200 / 8,948 件 処理完了
[2026-08-17 17:34:25] [INFO] [sparql_collector] 進捗: 3,210 / 8,948 件 処理完了
[2026-08-17 17:34:27] [INFO] [sparql_collector] 進捗: 3,220 / 8,948 件 処理完了
[2026-08-17 17:34:30] [INFO] [sparql_collector] 進捗: 3,230 / 8,948 件 処理完了
[2026-08-17 17:34:32] [INFO] [sparql_collector] 進捗: 3,240 / 8,948 件 処理完了
[2026-08-17 17:34:34] [INFO] [sparql_collector] 進捗: 3,250 / 8,948 件 処理完了
[2026-08-17 17:34:36] [INFO] [sparql_collector] 進捗: 3,260 / 8,948 件 処理完了
[2026-08-17 17:34:38] [INFO] [sparql_collector] 進捗: 3,270 / 8,948 件 処理完了
[2026-08-17 17:34:40] [INFO] [sparql_collector] 進捗: 3,280 / 8,948 件 処理完了
[2026-08-17 17:34:43] [INFO] [sparql_collector] 進捗: 3,290 / 8,948 件 処理完了
[2026-08-17 17:34:45] [INFO] [sparql_collector] 進捗: 3,300 / 8,948 件 処理完了
[2026-08-17 17:34:47] [INFO] [sparql_collector] 進捗: 3,310 / 8,948 件 処理完了
[2026-08-17 17:34:49] [INFO] [sparql_collector] 進捗: 3,320 / 8,948 件 処理完了
[2026-08-17 17:34:51] [INFO] [sparql_collector] 進捗: 3,330 / 8,948 件 処理完了
[2026-08-17 17:34:53] [INFO] [sparql_collector] 進捗: 3,340 / 8,948 件 処理完了
[2026-08-17 17:34:55] [INFO] [sparql_collector] 進捗: 3,350 / 8,948 件 処理完了
[2026-08-17 17:34:58] [INFO] [sparql_collector] 進捗: 3,360 / 8,948 件 処理完了
[2026-08-17 17:35:00] [INFO] [sparql_collector] 進捗: 3,370 / 8,948 件 処理完了
[2026-08-17 17:35:02] [INFO] [sparql_collector] 進捗: 3,380 / 8,948 件 処理完了
[2026-08-17 17:35:04] [INFO] [sparql_collector] 進捗: 3,390 / 8,948 件 処理完了
[2026-08-17 17:35:06] [INFO] [sparql_collector] 進捗: 3,400 / 8,948 件 処理完了
[2026-08-17 17:35:09] [INFO] [sparql_collector] 進捗: 3,410 / 8,948 件 処理完了
[2026-08-17 17:35:11] [INFO] [sparql_collector] 進捗: 3,420 / 8,948 件 処理完了
[2026-08-17 17:35:13] [INFO] [sparql_collector] 進捗: 3,430 / 8,948 件 処理完了
[2026-08-17 17:35:15] [INFO] [sparql_collector] 進捗: 3,440 / 8,948 件 処理完了
[2026-08-17 17:35:17] [INFO] [sparql_collector] 進捗: 3,450 / 8,948 件 処理完了
[2026-08-17 17:35:20] [INFO] [sparql_collector] 進捗: 3,460 / 8,948 件 処理完了
[2026-08-17 17:35:22] [INFO] [sparql_collector] 進捗: 3,470 / 8,948 件 処理完了
[2026-08-17 17:35:24] [INFO] [sparql_collector] 進捗: 3,480 / 8,948 件 処理完了
[2026-08-17 17:35:26] [INFO] [sparql_collector] 進捗: 3,490 / 8,948 件 処理完了
[2026-08-17 17:35:28] [INFO] [sparql_collector] 進捗: 3,500 / 8,948 件 処理完了
[2026-08-17 17:35:31] [INFO] [sparql_collector] 進捗: 3,510 / 8,948 件 処理完了
[2026-08-17 17:35:33] [INFO] [sparql_collector] 進捗: 3,520 / 8,948 件 処理完了
[2026-08-17 17:35:35] [INFO] [sparql_collector] 進捗: 3,530 / 8,948 件 処理完了
[2026-08-17 17:35:37] [INFO] [sparql_collector] 進捗: 3,540 / 8,948 件 処理完了
[2026-08-17 17:35:39] [INFO] [sparql_collector] 進捗: 3,550 / 8,948 件 処理完了
[2026-08-17 17:35:42] [INFO] [sparql_collector] 進捗: 3,560 / 8,948 件 処理完了
[2026-08-17 17:35:44] [INFO] [sparql_collector] 進捗: 3,570 / 8,948 件 処理完了
[2026-08-17 17:35:46] [INFO] [sparql_collector] 進捗: 3,580 / 8,948 件 処理完了
[2026-08-17 17:35:48] [INFO] [sparql_collector] 進捗: 3,590 / 8,948 件 処理完了
[2026-08-17 17:35:50] [INFO] [sparql_collector] 進捗: 3,600 / 8,948 件 処理完了
[2026-08-17 17:35:53] [INFO] [sparql_collector] 進捗: 3,610 / 8,948 件 処理完了
[2026-08-17 17:35:55] [INFO] [sparql_collector] 進捗: 3,620 / 8,948 件 処理完了
[2026-08-17 17:35:57] [INFO] [sparql_collector] 進捗: 3,630 / 8,948 件 処理完了
[2026-08-17 17:35:59] [INFO] [sparql_collector] 進捗: 3,640 / 8,948 件 処理完了
[2026-08-17 17:36:01] [INFO] [sparql_collector] 進捗: 3,650 / 8,948 件 処理完了
[2026-08-17 17:36:04] [INFO] [sparql_collector] 進捗: 3,660 / 8,948 件 処理完了
[2026-08-17 17:36:06] [INFO] [sparql_collector] 進捗: 3,670 / 8,948 件 処理完了
[2026-08-17 17:36:08] [INFO] [sparql_collector] 進捗: 3,680 / 8,948 件 処理完了
[2026-08-17 17:36:10] [INFO] [sparql_collector] 進捗: 3,690 / 8,948 件 処理完了
[2026-08-17 17:36:12] [INFO] [sparql_collector] 進捗: 3,700 / 8,948 件 処理完了
[2026-08-17 17:36:15] [INFO] [sparql_collector] 進捗: 3,710 / 8,948 件 処理完了
[2026-08-17 17:36:17] [INFO] [sparql_collector] 進捗: 3,720 / 8,948 件 処理完了
[2026-08-17 17:36:19] [INFO] [sparql_collector] 進捗: 3,730 / 8,948 件 処理完了
[2026-08-17 17:36:21] [INFO] [sparql_collector] 進捗: 3,740 / 8,948 件 処理完了
[2026-08-17 17:36:23] [INFO] [sparql_collector] 進捗: 3,750 / 8,948 件 処理完了
[2026-08-17 17:36:26] [INFO] [sparql_collector] 進捗: 3,760 / 8,948 件 処理完了
[2026-08-17 17:36:28] [INFO] [sparql_collector] 進捗: 3,770 / 8,948 件 処理完了
[2026-08-17 17:36:30] [INFO] [sparql_collector] 進捗: 3,780 / 8,948 件 処理完了
[2026-08-17 17:36:32] [INFO] [sparql_collector] 進捗: 3,790 / 8,948 件 処理完了
[2026-08-17 17:36:35] [INFO] [sparql_collector] 進捗: 3,800 / 8,948 件 処理完了
[2026-08-17 17:36:37] [INFO] [sparql_collector] 進捗: 3,810 / 8,948 件 処理完了
[2026-08-17 17:36:39] [INFO] [sparql_collector] 進捗: 3,820 / 8,948 件 処理完了
[2026-08-17 17:36:41] [INFO] [sparql_collector] 進捗: 3,830 / 8,948 件 処理完了
[2026-08-17 17:36:43] [INFO] [sparql_collector] 進捗: 3,840 / 8,948 件 処理完了
[2026-08-17 17:36:45] [INFO] [sparql_collector] 進捗: 3,850 / 8,948 件 処理完了
[2026-08-17 17:36:48] [INFO] [sparql_collector] 進捗: 3,860 / 8,948 件 処理完了
[2026-08-17 17:36:50] [INFO] [sparql_collector] 進捗: 3,870 / 8,948 件 処理完了
[2026-08-17 17:36:52] [INFO] [sparql_collector] 進捗: 3,880 / 8,948 件 処理完了
[2026-08-17 17:36:54] [INFO] [sparql_collector] 進捗: 3,890 / 8,948 件 処理完了
[2026-08-17 17:36:56] [INFO] [sparql_collector] 進捗: 3,900 / 8,948 件 処理完了
[2026-08-17 17:36:59] [INFO] [sparql_collector] 進捗: 3,910 / 8,948 件 処理完了
[2026-08-17 17:37:01] [INFO] [sparql_collector] 進捗: 3,920 / 8,948 件 処理完了
[2026-08-17 17:37:03] [INFO] [sparql_collector] 進捗: 3,930 / 8,948 件 処理完了
[2026-08-17 17:37:05] [INFO] [sparql_collector] 進捗: 3,940 / 8,948 件 処理完了
[2026-08-17 17:37:07] [INFO] [sparql_collector] 進捗: 3,950 / 8,948 件 処理完了
[2026-08-17 17:37:09] [INFO] [sparql_collector] 進捗: 3,960 / 8,948 件 処理完了
[2026-08-17 17:37:12] [INFO] [sparql_collector] 進捗: 3,970 / 8,948 件 処理完了
[2026-08-17 17:37:14] [INFO] [sparql_collector] 進捗: 3,980 / 8,948 件 処理完了
[2026-08-17 17:37:16] [INFO] [sparql_collector] 進捗: 3,990 / 8,948 件 処理完了
[2026-08-17 17:37:18] [INFO] [sparql_collector] 進捗: 4,000 / 8,948 件 処理完了
[2026-08-17 17:37:20] [INFO] [sparql_collector] 進捗: 4,010 / 8,948 件 処理完了
[2026-08-17 17:37:23] [INFO] [sparql_collector] 進捗: 4,020 / 8,948 件 処理完了
[2026-08-17 17:37:25] [INFO] [sparql_collector] 進捗: 4,030 / 8,948 件 処理完了
[2026-08-17 17:37:27] [INFO] [sparql_collector] 進捗: 4,040 / 8,948 件 処理完了
[2026-08-17 17:37:29] [INFO] [sparql_collector] 進捗: 4,050 / 8,948 件 処理完了
[2026-08-17 17:37:31] [INFO] [sparql_collector] 進捗: 4,060 / 8,948 件 処理完了
[2026-08-17 17:37:33] [INFO] [sparql_collector] 進捗: 4,070 / 8,948 件 処理完了
[2026-08-17 17:37:35] [INFO] [sparql_collector] 進捗: 4,080 / 8,948 件 処理完了
[2026-08-17 17:37:37] [INFO] [sparql_collector] 進捗: 4,090 / 8,948 件 処理完了
[2026-08-17 17:37:39] [INFO] [sparql_collector] 進捗: 4,100 / 8,948 件 処理完了
[2026-08-17 17:37:42] [INFO] [sparql_collector] 進捗: 4,110 / 8,948 件 処理完了
[2026-08-17 17:37:44] [INFO] [sparql_collector] 進捗: 4,120 / 8,948 件 処理完了
[2026-08-17 17:37:46] [INFO] [sparql_collector] 進捗: 4,130 / 8,948 件 処理完了
[2026-08-17 17:37:49] [INFO] [sparql_collector] 進捗: 4,140 / 8,948 件 処理完了
[2026-08-17 17:37:51] [INFO] [sparql_collector] 進捗: 4,150 / 8,948 件 処理完了
[2026-08-17 17:37:53] [INFO] [sparql_collector] 進捗: 4,160 / 8,948 件 処理完了
[2026-08-17 17:37:56] [INFO] [sparql_collector] 進捗: 4,170 / 8,948 件 処理完了
[2026-08-17 17:37:59] [INFO] [sparql_collector] 進捗: 4,180 / 8,948 件 処理完了
[2026-08-17 17:38:01] [INFO] [sparql_collector] 進捗: 4,190 / 8,948 件 処理完了
[2026-08-17 17:38:03] [INFO] [sparql_collector] 進捗: 4,200 / 8,948 件 処理完了
[2026-08-17 17:38:06] [INFO] [sparql_collector] 進捗: 4,210 / 8,948 件 処理完了
[2026-08-17 17:38:08] [INFO] [sparql_collector] 進捗: 4,220 / 8,948 件 処理完了
[2026-08-17 17:38:11] [INFO] [sparql_collector] 進捗: 4,230 / 8,948 件 処理完了
[2026-08-17 17:38:13] [INFO] [sparql_collector] 進捗: 4,240 / 8,948 件 処理完了
[2026-08-17 17:38:16] [INFO] [sparql_collector] 進捗: 4,250 / 8,948 件 処理完了
[2026-08-17 17:38:18] [INFO] [sparql_collector] 進捗: 4,260 / 8,948 件 処理完了
[2026-08-17 17:38:20] [INFO] [sparql_collector] 進捗: 4,270 / 8,948 件 処理完了
[2026-08-17 17:38:23] [INFO] [sparql_collector] 進捗: 4,280 / 8,948 件 処理完了
[2026-08-17 17:38:25] [INFO] [sparql_collector] 進捗: 4,290 / 8,948 件 処理完了
[2026-08-17 17:38:28] [INFO] [sparql_collector] 進捗: 4,300 / 8,948 件 処理完了
[2026-08-17 17:38:30] [INFO] [sparql_collector] 進捗: 4,310 / 8,948 件 処理完了
[2026-08-17 17:38:32] [INFO] [sparql_collector] 進捗: 4,320 / 8,948 件 処理完了
[2026-08-17 17:38:35] [INFO] [sparql_collector] 進捗: 4,330 / 8,948 件 処理完了
[2026-08-17 17:38:37] [INFO] [sparql_collector] 進捗: 4,340 / 8,948 件 処理完了
[2026-08-17 17:38:39] [INFO] [sparql_collector] 進捗: 4,350 / 8,948 件 処理完了
[2026-08-17 17:38:42] [INFO] [sparql_collector] 進捗: 4,360 / 8,948 件 処理完了
[2026-08-17 17:38:44] [INFO] [sparql_collector] 進捗: 4,370 / 8,948 件 処理完了
[2026-08-17 17:38:46] [INFO] [sparql_collector] 進捗: 4,380 / 8,948 件 処理完了
[2026-08-17 17:38:48] [INFO] [sparql_collector] 進捗: 4,390 / 8,948 件 処理完了
[2026-08-17 17:38:51] [INFO] [sparql_collector] 進捗: 4,400 / 8,948 件 処理完了
[2026-08-17 17:38:53] [INFO] [sparql_collector] 進捗: 4,410 / 8,948 件 処理完了
[2026-08-17 17:38:55] [INFO] [sparql_collector] 進捗: 4,420 / 8,948 件 処理完了
[2026-08-17 17:38:57] [INFO] [sparql_collector] 進捗: 4,430 / 8,948 件 処理完了
[2026-08-17 17:39:00] [INFO] [sparql_collector] 進捗: 4,440 / 8,948 件 処理完了
[2026-08-17 17:39:02] [INFO] [sparql_collector] 進捗: 4,450 / 8,948 件 処理完了
[2026-08-17 17:39:04] [INFO] [sparql_collector] 進捗: 4,460 / 8,948 件 処理完了
[2026-08-17 17:39:07] [INFO] [sparql_collector] 進捗: 4,470 / 8,948 件 処理完了
[2026-08-17 17:39:09] [INFO] [sparql_collector] 進捗: 4,480 / 8,948 件 処理完了
[2026-08-17 17:39:11] [INFO] [sparql_collector] 進捗: 4,490 / 8,948 件 処理完了
[2026-08-17 17:39:13] [INFO] [sparql_collector] 進捗: 4,500 / 8,948 件 処理完了
[2026-08-17 17:39:16] [INFO] [sparql_collector] 進捗: 4,510 / 8,948 件 処理完了
[2026-08-17 17:39:18] [INFO] [sparql_collector] 進捗: 4,520 / 8,948 件 処理完了
[2026-08-17 17:39:20] [INFO] [sparql_collector] 進捗: 4,530 / 8,948 件 処理完了
[2026-08-17 17:39:23] [INFO] [sparql_collector] 進捗: 4,540 / 8,948 件 処理完了
[2026-08-17 17:39:25] [INFO] [sparql_collector] 進捗: 4,550 / 8,948 件 処理完了
[2026-08-17 17:39:27] [INFO] [sparql_collector] 進捗: 4,560 / 8,948 件 処理完了
[2026-08-17 17:39:29] [INFO] [sparql_collector] 進捗: 4,570 / 8,948 件 処理完了
[2026-08-17 17:39:32] [INFO] [sparql_collector] 進捗: 4,580 / 8,948 件 処理完了
[2026-08-17 17:39:34] [INFO] [sparql_collector] 進捗: 4,590 / 8,948 件 処理完了
[2026-08-17 17:39:36] [INFO] [sparql_collector] 進捗: 4,600 / 8,948 件 処理完了
[2026-08-17 17:39:38] [INFO] [sparql_collector] 進捗: 4,610 / 8,948 件 処理完了
[2026-08-17 17:39:41] [INFO] [sparql_collector] 進捗: 4,620 / 8,948 件 処理完了
[2026-08-17 17:39:43] [INFO] [sparql_collector] 進捗: 4,630 / 8,948 件 処理完了
[2026-08-17 17:39:45] [INFO] [sparql_collector] 進捗: 4,640 / 8,948 件 処理完了
[2026-08-17 17:39:47] [INFO] [sparql_collector] 進捗: 4,650 / 8,948 件 処理完了
[2026-08-17 17:39:50] [INFO] [sparql_collector] 進捗: 4,660 / 8,948 件 処理完了
[2026-08-17 17:39:52] [INFO] [sparql_collector] 進捗: 4,670 / 8,948 件 処理完了
[2026-08-17 17:39:54] [INFO] [sparql_collector] 進捗: 4,680 / 8,948 件 処理完了
[2026-08-17 17:39:56] [INFO] [sparql_collector] 進捗: 4,690 / 8,948 件 処理完了
[2026-08-17 17:39:59] [INFO] [sparql_collector] 進捗: 4,700 / 8,948 件 処理完了
[2026-08-17 17:40:01] [INFO] [sparql_collector] 進捗: 4,710 / 8,948 件 処理完了
[2026-08-17 17:40:03] [INFO] [sparql_collector] 進捗: 4,720 / 8,948 件 処理完了
[2026-08-17 17:40:06] [INFO] [sparql_collector] 進捗: 4,730 / 8,948 件 処理完了
[2026-08-17 17:40:08] [INFO] [sparql_collector] 進捗: 4,740 / 8,948 件 処理完了
[2026-08-17 17:40:10] [INFO] [sparql_collector] 進捗: 4,750 / 8,948 件 処理完了
[2026-08-17 17:40:12] [INFO] [sparql_collector] 進捗: 4,760 / 8,948 件 処理完了
[2026-08-17 17:40:15] [INFO] [sparql_collector] 進捗: 4,770 / 8,948 件 処理完了
[2026-08-17 17:40:17] [INFO] [sparql_collector] 進捗: 4,780 / 8,948 件 処理完了
[2026-08-17 17:40:19] [INFO] [sparql_collector] 進捗: 4,790 / 8,948 件 処理完了
[2026-08-17 17:40:22] [INFO] [sparql_collector] 進捗: 4,800 / 8,948 件 処理完了
[2026-08-17 17:40:24] [INFO] [sparql_collector] 進捗: 4,810 / 8,948 件 処理完了
[2026-08-17 17:40:26] [INFO] [sparql_collector] 進捗: 4,820 / 8,948 件 処理完了
[2026-08-17 17:40:28] [INFO] [sparql_collector] 進捗: 4,830 / 8,948 件 処理完了
[2026-08-17 17:40:30] [INFO] [sparql_collector] 進捗: 4,840 / 8,948 件 処理完了
[2026-08-17 17:40:33] [INFO] [sparql_collector] 進捗: 4,850 / 8,948 件 処理完了
[2026-08-17 17:40:35] [INFO] [sparql_collector] 進捗: 4,860 / 8,948 件 処理完了
[2026-08-17 17:40:37] [INFO] [sparql_collector] 進捗: 4,870 / 8,948 件 処理完了
[2026-08-17 17:40:40] [INFO] [sparql_collector] 進捗: 4,880 / 8,948 件 処理完了
[2026-08-17 17:40:42] [INFO] [sparql_collector] 進捗: 4,890 / 8,948 件 処理完了
[2026-08-17 17:40:44] [INFO] [sparql_collector] 進捗: 4,900 / 8,948 件 処理完了
[2026-08-17 17:40:46] [INFO] [sparql_collector] 進捗: 4,910 / 8,948 件 処理完了
[2026-08-17 17:40:49] [INFO] [sparql_collector] 進捗: 4,920 / 8,948 件 処理完了
[2026-08-17 17:40:51] [INFO] [sparql_collector] 進捗: 4,930 / 8,948 件 処理完了
[2026-08-17 17:40:53] [INFO] [sparql_collector] 進捗: 4,940 / 8,948 件 処理完了
[2026-08-17 17:40:56] [INFO] [sparql_collector] 進捗: 4,950 / 8,948 件 処理完了
[2026-08-17 17:40:58] [INFO] [sparql_collector] 進捗: 4,960 / 8,948 件 処理完了
[2026-08-17 17:41:00] [INFO] [sparql_collector] 進捗: 4,970 / 8,948 件 処理完了
[2026-08-17 17:41:02] [INFO] [sparql_collector] 進捗: 4,980 / 8,948 件 処理完了
[2026-08-17 17:41:04] [INFO] [sparql_collector] 進捗: 4,990 / 8,948 件 処理完了
[2026-08-17 17:41:07] [INFO] [sparql_collector] 進捗: 5,000 / 8,948 件 処理完了
[2026-08-17 17:41:09] [INFO] [sparql_collector] 進捗: 5,010 / 8,948 件 処理完了
[2026-08-17 17:41:11] [INFO] [sparql_collector] 進捗: 5,020 / 8,948 件 処理完了
[2026-08-17 17:41:13] [INFO] [sparql_collector] 進捗: 5,030 / 8,948 件 処理完了
[2026-08-17 17:41:16] [INFO] [sparql_collector] 進捗: 5,040 / 8,948 件 処理完了
[2026-08-17 17:41:18] [INFO] [sparql_collector] 進捗: 5,050 / 8,948 件 処理完了
[2026-08-17 17:41:20] [INFO] [sparql_collector] 進捗: 5,060 / 8,948 件 処理完了
[2026-08-17 17:41:22] [INFO] [sparql_collector] 進捗: 5,070 / 8,948 件 処理完了
[2026-08-17 17:41:25] [INFO] [sparql_collector] 進捗: 5,080 / 8,948 件 処理完了
[2026-08-17 17:41:27] [INFO] [sparql_collector] 進捗: 5,090 / 8,948 件 処理完了
[2026-08-17 17:41:29] [INFO] [sparql_collector] 進捗: 5,100 / 8,948 件 処理完了
[2026-08-17 17:41:31] [INFO] [sparql_collector] 進捗: 5,110 / 8,948 件 処理完了
[2026-08-17 17:41:34] [INFO] [sparql_collector] 進捗: 5,120 / 8,948 件 処理完了
[2026-08-17 17:41:36] [INFO] [sparql_collector] 進捗: 5,130 / 8,948 件 処理完了
[2026-08-17 17:41:38] [INFO] [sparql_collector] 進捗: 5,140 / 8,948 件 処理完了
[2026-08-17 17:41:41] [INFO] [sparql_collector] 進捗: 5,150 / 8,948 件 処理完了
[2026-08-17 17:41:43] [INFO] [sparql_collector] 進捗: 5,160 / 8,948 件 処理完了
[2026-08-17 17:41:45] [INFO] [sparql_collector] 進捗: 5,170 / 8,948 件 処理完了
[2026-08-17 17:41:48] [INFO] [sparql_collector] 進捗: 5,180 / 8,948 件 処理完了
[2026-08-17 17:41:50] [INFO] [sparql_collector] 進捗: 5,190 / 8,948 件 処理完了
[2026-08-17 17:41:52] [INFO] [sparql_collector] 進捗: 5,200 / 8,948 件 処理完了
[2026-08-17 17:41:54] [INFO] [sparql_collector] 進捗: 5,210 / 8,948 件 処理完了
[2026-08-17 17:41:57] [INFO] [sparql_collector] 進捗: 5,220 / 8,948 件 処理完了
[2026-08-17 17:41:59] [INFO] [sparql_collector] 進捗: 5,230 / 8,948 件 処理完了
[2026-08-17 17:42:01] [INFO] [sparql_collector] 進捗: 5,240 / 8,948 件 処理完了
[2026-08-17 17:42:04] [INFO] [sparql_collector] 進捗: 5,250 / 8,948 件 処理完了
[2026-08-17 17:42:06] [INFO] [sparql_collector] 進捗: 5,260 / 8,948 件 処理完了
[2026-08-17 17:42:08] [INFO] [sparql_collector] 進捗: 5,270 / 8,948 件 処理完了
[2026-08-17 17:42:10] [INFO] [sparql_collector] 進捗: 5,280 / 8,948 件 処理完了
[2026-08-17 17:42:13] [INFO] [sparql_collector] 進捗: 5,290 / 8,948 件 処理完了
[2026-08-17 17:42:15] [INFO] [sparql_collector] 進捗: 5,300 / 8,948 件 処理完了
[2026-08-17 17:42:18] [INFO] [sparql_collector] 進捗: 5,310 / 8,948 件 処理完了
[2026-08-17 17:42:20] [INFO] [sparql_collector] 進捗: 5,320 / 8,948 件 処理完了
[2026-08-17 17:42:22] [INFO] [sparql_collector] 進捗: 5,330 / 8,948 件 処理完了
[2026-08-17 17:42:25] [INFO] [sparql_collector] 進捗: 5,340 / 8,948 件 処理完了
[2026-08-17 17:42:27] [INFO] [sparql_collector] 進捗: 5,350 / 8,948 件 処理完了
[2026-08-17 17:42:30] [INFO] [sparql_collector] 進捗: 5,360 / 8,948 件 処理完了
[2026-08-17 17:42:32] [INFO] [sparql_collector] 進捗: 5,370 / 8,948 件 処理完了
[2026-08-17 17:42:34] [INFO] [sparql_collector] 進捗: 5,380 / 8,948 件 処理完了
[2026-08-17 17:42:37] [INFO] [sparql_collector] 進捗: 5,390 / 8,948 件 処理完了
[2026-08-17 17:42:39] [INFO] [sparql_collector] 進捗: 5,400 / 8,948 件 処理完了
[2026-08-17 17:42:42] [INFO] [sparql_collector] 進捗: 5,410 / 8,948 件 処理完了
[2026-08-17 17:42:44] [INFO] [sparql_collector] 進捗: 5,420 / 8,948 件 処理完了
[2026-08-17 17:42:47] [INFO] [sparql_collector] 進捗: 5,430 / 8,948 件 処理完了
[2026-08-17 17:42:49] [INFO] [sparql_collector] 進捗: 5,440 / 8,948 件 処理完了
[2026-08-17 17:42:52] [INFO] [sparql_collector] 進捗: 5,450 / 8,948 件 処理完了
[2026-08-17 17:42:54] [INFO] [sparql_collector] 進捗: 5,460 / 8,948 件 処理完了
[2026-08-17 17:42:57] [INFO] [sparql_collector] 進捗: 5,470 / 8,948 件 処理完了
[2026-08-17 17:43:00] [INFO] [sparql_collector] 進捗: 5,480 / 8,948 件 処理完了
[2026-08-17 17:43:02] [INFO] [sparql_collector] 進捗: 5,490 / 8,948 件 処理完了
[2026-08-17 17:43:05] [INFO] [sparql_collector] 進捗: 5,500 / 8,948 件 処理完了
[2026-08-17 17:43:07] [INFO] [sparql_collector] 進捗: 5,510 / 8,948 件 処理完了
[2026-08-17 17:43:10] [INFO] [sparql_collector] 進捗: 5,520 / 8,948 件 処理完了
[2026-08-17 17:43:13] [INFO] [sparql_collector] 進捗: 5,530 / 8,948 件 処理完了
[2026-08-17 17:43:15] [INFO] [sparql_collector] 進捗: 5,540 / 8,948 件 処理完了
[2026-08-17 17:43:17] [INFO] [sparql_collector] 進捗: 5,550 / 8,948 件 処理完了
[2026-08-17 17:43:19] [INFO] [sparql_collector] 進捗: 5,560 / 8,948 件 処理完了
[2026-08-17 17:43:21] [INFO] [sparql_collector] 進捗: 5,570 / 8,948 件 処理完了
[2026-08-17 17:43:24] [INFO] [sparql_collector] 進捗: 5,580 / 8,948 件 処理完了
[2026-08-17 17:43:26] [INFO] [sparql_collector] 進捗: 5,590 / 8,948 件 処理完了
[2026-08-17 17:43:28] [INFO] [sparql_collector] 進捗: 5,600 / 8,948 件 処理完了
[2026-08-17 17:43:31] [INFO] [sparql_collector] 進捗: 5,610 / 8,948 件 処理完了
[2026-08-17 17:43:33] [INFO] [sparql_collector] 進捗: 5,620 / 8,948 件 処理完了
[2026-08-17 17:43:36] [INFO] [sparql_collector] 進捗: 5,630 / 8,948 件 処理完了
[2026-08-17 17:43:38] [INFO] [sparql_collector] 進捗: 5,640 / 8,948 件 処理完了
[2026-08-17 17:43:40] [INFO] [sparql_collector] 進捗: 5,650 / 8,948 件 処理完了
[2026-08-17 17:43:42] [INFO] [sparql_collector] 進捗: 5,660 / 8,948 件 処理完了
[2026-08-17 17:43:44] [INFO] [sparql_collector] 進捗: 5,670 / 8,948 件 処理完了
[2026-08-17 17:43:47] [INFO] [sparql_collector] 進捗: 5,680 / 8,948 件 処理完了
[2026-08-17 17:43:49] [INFO] [sparql_collector] 進捗: 5,690 / 8,948 件 処理完了
[2026-08-17 17:43:51] [INFO] [sparql_collector] 進捗: 5,700 / 8,948 件 処理完了
[2026-08-17 17:43:54] [INFO] [sparql_collector] 進捗: 5,710 / 8,948 件 処理完了
[2026-08-17 17:43:56] [INFO] [sparql_collector] 進捗: 5,720 / 8,948 件 処理完了
[2026-08-17 17:43:59] [INFO] [sparql_collector] 進捗: 5,730 / 8,948 件 処理完了
[2026-08-17 17:44:01] [INFO] [sparql_collector] 進捗: 5,740 / 8,948 件 処理完了
[2026-08-17 17:44:03] [INFO] [sparql_collector] 進捗: 5,750 / 8,948 件 処理完了
[2026-08-17 17:44:06] [INFO] [sparql_collector] 進捗: 5,760 / 8,948 件 処理完了
[2026-08-17 17:44:08] [INFO] [sparql_collector] 進捗: 5,770 / 8,948 件 処理完了
[2026-08-17 17:44:11] [INFO] [sparql_collector] 進捗: 5,780 / 8,948 件 処理完了
[2026-08-17 17:44:13] [INFO] [sparql_collector] 進捗: 5,790 / 8,948 件 処理完了
[2026-08-17 17:44:15] [INFO] [sparql_collector] 進捗: 5,800 / 8,948 件 処理完了
[2026-08-17 17:44:18] [INFO] [sparql_collector] 進捗: 5,810 / 8,948 件 処理完了
[2026-08-17 17:44:20] [INFO] [sparql_collector] 進捗: 5,820 / 8,948 件 処理完了
[2026-08-17 17:44:23] [INFO] [sparql_collector] 進捗: 5,830 / 8,948 件 処理完了
[2026-08-17 17:44:25] [INFO] [sparql_collector] 進捗: 5,840 / 8,948 件 処理完了
[2026-08-17 17:44:27] [INFO] [sparql_collector] 進捗: 5,850 / 8,948 件 処理完了
[2026-08-17 17:44:29] [INFO] [sparql_collector] 進捗: 5,860 / 8,948 件 処理完了
[2026-08-17 17:44:31] [INFO] [sparql_collector] 進捗: 5,870 / 8,948 件 処理完了
[2026-08-17 17:44:34] [INFO] [sparql_collector] 進捗: 5,880 / 8,948 件 処理完了
[2026-08-17 17:44:36] [INFO] [sparql_collector] 進捗: 5,890 / 8,948 件 処理完了
[2026-08-17 17:44:38] [INFO] [sparql_collector] 進捗: 5,900 / 8,948 件 処理完了
[2026-08-17 17:44:40] [INFO] [sparql_collector] 進捗: 5,910 / 8,948 件 処理完了
[2026-08-17 17:44:43] [INFO] [sparql_collector] 進捗: 5,920 / 8,948 件 処理完了
[2026-08-17 17:44:45] [INFO] [sparql_collector] 進捗: 5,930 / 8,948 件 処理完了
[2026-08-17 17:44:47] [INFO] [sparql_collector] 進捗: 5,940 / 8,948 件 処理完了
[2026-08-17 17:44:49] [INFO] [sparql_collector] 進捗: 5,950 / 8,948 件 処理完了
[2026-08-17 17:44:51] [INFO] [sparql_collector] 進捗: 5,960 / 8,948 件 処理完了
[2026-08-17 17:44:54] [INFO] [sparql_collector] 進捗: 5,970 / 8,948 件 処理完了
[2026-08-17 17:44:56] [INFO] [sparql_collector] 進捗: 5,980 / 8,948 件 処理完了
[2026-08-17 17:44:58] [INFO] [sparql_collector] 進捗: 5,990 / 8,948 件 処理完了
[2026-08-17 17:45:01] [INFO] [sparql_collector] 進捗: 6,000 / 8,948 件 処理完了
[2026-08-17 17:45:03] [INFO] [sparql_collector] 進捗: 6,010 / 8,948 件 処理完了
[2026-08-17 17:45:05] [INFO] [sparql_collector] 進捗: 6,020 / 8,948 件 処理完了
[2026-08-17 17:45:07] [INFO] [sparql_collector] 進捗: 6,030 / 8,948 件 処理完了
[2026-08-17 17:45:09] [INFO] [sparql_collector] 進捗: 6,040 / 8,948 件 処理完了
[2026-08-17 17:45:11] [INFO] [sparql_collector] 進捗: 6,050 / 8,948 件 処理完了
[2026-08-17 17:45:13] [INFO] [sparql_collector] 進捗: 6,060 / 8,948 件 処理完了
[2026-08-17 17:45:15] [INFO] [sparql_collector] 進捗: 6,070 / 8,948 件 処理完了
[2026-08-17 17:45:17] [INFO] [sparql_collector] 進捗: 6,080 / 8,948 件 処理完了
[2026-08-17 17:45:20] [INFO] [sparql_collector] 進捗: 6,090 / 8,948 件 処理完了
[2026-08-17 17:45:22] [INFO] [sparql_collector] 進捗: 6,100 / 8,948 件 処理完了
[2026-08-17 17:45:24] [INFO] [sparql_collector] 進捗: 6,110 / 8,948 件 処理完了
[2026-08-17 17:45:26] [INFO] [sparql_collector] 進捗: 6,120 / 8,948 件 処理完了
[2026-08-17 17:45:28] [INFO] [sparql_collector] 進捗: 6,130 / 8,948 件 処理完了
[2026-08-17 17:45:30] [INFO] [sparql_collector] 進捗: 6,140 / 8,948 件 処理完了
[2026-08-17 17:45:32] [INFO] [sparql_collector] 進捗: 6,150 / 8,948 件 処理完了
[2026-08-17 17:45:34] [INFO] [sparql_collector] 進捗: 6,160 / 8,948 件 処理完了
[2026-08-17 17:45:37] [INFO] [sparql_collector] 進捗: 6,170 / 8,948 件 処理完了
[2026-08-17 17:45:39] [INFO] [sparql_collector] 進捗: 6,180 / 8,948 件 処理完了
[2026-08-17 17:45:41] [INFO] [sparql_collector] 進捗: 6,190 / 8,948 件 処理完了
[2026-08-17 17:45:43] [INFO] [sparql_collector] 進捗: 6,200 / 8,948 件 処理完了
[2026-08-17 17:45:45] [INFO] [sparql_collector] 進捗: 6,210 / 8,948 件 処理完了
[2026-08-17 17:45:48] [INFO] [sparql_collector] 進捗: 6,220 / 8,948 件 処理完了
[2026-08-17 17:45:50] [INFO] [sparql_collector] 進捗: 6,230 / 8,948 件 処理完了
[2026-08-17 17:45:52] [INFO] [sparql_collector] 進捗: 6,240 / 8,948 件 処理完了
[2026-08-17 17:45:54] [INFO] [sparql_collector] 進捗: 6,250 / 8,948 件 処理完了
[2026-08-17 17:45:56] [INFO] [sparql_collector] 進捗: 6,260 / 8,948 件 処理完了
[2026-08-17 17:45:58] [INFO] [sparql_collector] 進捗: 6,270 / 8,948 件 処理完了
[2026-08-17 17:46:00] [INFO] [sparql_collector] 進捗: 6,280 / 8,948 件 処理完了
[2026-08-17 17:46:03] [INFO] [sparql_collector] 進捗: 6,290 / 8,948 件 処理完了
[2026-08-17 17:46:05] [INFO] [sparql_collector] 進捗: 6,300 / 8,948 件 処理完了
[2026-08-17 17:46:07] [INFO] [sparql_collector] 進捗: 6,310 / 8,948 件 処理完了
[2026-08-17 17:46:09] [INFO] [sparql_collector] 進捗: 6,320 / 8,948 件 処理完了
[2026-08-17 17:46:11] [INFO] [sparql_collector] 進捗: 6,330 / 8,948 件 処理完了
[2026-08-17 17:46:13] [INFO] [sparql_collector] 進捗: 6,340 / 8,948 件 処理完了
[2026-08-17 17:46:16] [INFO] [sparql_collector] 進捗: 6,350 / 8,948 件 処理完了
[2026-08-17 17:46:18] [INFO] [sparql_collector] 進捗: 6,360 / 8,948 件 処理完了
[2026-08-17 17:46:20] [INFO] [sparql_collector] 進捗: 6,370 / 8,948 件 処理完了
[2026-08-17 17:46:22] [INFO] [sparql_collector] 進捗: 6,380 / 8,948 件 処理完了
[2026-08-17 17:46:24] [INFO] [sparql_collector] 進捗: 6,390 / 8,948 件 処理完了
[2026-08-17 17:46:26] [INFO] [sparql_collector] 進捗: 6,400 / 8,948 件 処理完了
[2026-08-17 17:46:28] [INFO] [sparql_collector] 進捗: 6,410 / 8,948 件 処理完了
[2026-08-17 17:46:30] [INFO] [sparql_collector] 進捗: 6,420 / 8,948 件 処理完了
[2026-08-17 17:46:32] [INFO] [sparql_collector] 進捗: 6,430 / 8,948 件 処理完了
[2026-08-17 17:46:35] [INFO] [sparql_collector] 進捗: 6,440 / 8,948 件 処理完了
[2026-08-17 17:46:37] [INFO] [sparql_collector] 進捗: 6,450 / 8,948 件 処理完了
[2026-08-17 17:46:39] [INFO] [sparql_collector] 進捗: 6,460 / 8,948 件 処理完了
[2026-08-17 17:46:41] [INFO] [sparql_collector] 進捗: 6,470 / 8,948 件 処理完了
[2026-08-17 17:46:43] [INFO] [sparql_collector] 進捗: 6,480 / 8,948 件 処理完了
[2026-08-17 17:46:46] [INFO] [sparql_collector] 進捗: 6,490 / 8,948 件 処理完了
[2026-08-17 17:46:48] [INFO] [sparql_collector] 進捗: 6,500 / 8,948 件 処理完了
[2026-08-17 17:46:51] [INFO] [sparql_collector] 進捗: 6,510 / 8,948 件 処理完了
[2026-08-17 17:46:53] [INFO] [sparql_collector] 進捗: 6,520 / 8,948 件 処理完了
[2026-08-17 17:46:55] [INFO] [sparql_collector] 進捗: 6,530 / 8,948 件 処理完了
[2026-08-17 17:46:58] [INFO] [sparql_collector] 進捗: 6,540 / 8,948 件 処理完了
[2026-08-17 17:47:00] [INFO] [sparql_collector] 進捗: 6,550 / 8,948 件 処理完了
[2026-08-17 17:47:02] [INFO] [sparql_collector] 進捗: 6,560 / 8,948 件 処理完了
[2026-08-17 17:47:04] [INFO] [sparql_collector] 進捗: 6,570 / 8,948 件 処理完了
[2026-08-17 17:47:06] [INFO] [sparql_collector] 進捗: 6,580 / 8,948 件 処理完了
[2026-08-17 17:47:09] [INFO] [sparql_collector] 進捗: 6,590 / 8,948 件 処理完了
[2026-08-17 17:47:11] [INFO] [sparql_collector] 進捗: 6,600 / 8,948 件 処理完了
[2026-08-17 17:47:13] [INFO] [sparql_collector] 進捗: 6,610 / 8,948 件 処理完了
[2026-08-17 17:47:15] [INFO] [sparql_collector] 進捗: 6,620 / 8,948 件 処理完了
[2026-08-17 17:47:17] [INFO] [sparql_collector] 進捗: 6,630 / 8,948 件 処理完了
[2026-08-17 17:47:19] [INFO] [sparql_collector] 進捗: 6,640 / 8,948 件 処理完了
[2026-08-17 17:47:21] [INFO] [sparql_collector] 進捗: 6,650 / 8,948 件 処理完了
[2026-08-17 17:47:23] [INFO] [sparql_collector] 進捗: 6,660 / 8,948 件 処理完了
[2026-08-17 17:47:25] [INFO] [sparql_collector] 進捗: 6,670 / 8,948 件 処理完了
[2026-08-17 17:47:28] [INFO] [sparql_collector] 進捗: 6,680 / 8,948 件 処理完了
[2026-08-17 17:47:30] [INFO] [sparql_collector] 進捗: 6,690 / 8,948 件 処理完了
[2026-08-17 17:47:32] [INFO] [sparql_collector] 進捗: 6,700 / 8,948 件 処理完了
[2026-08-17 17:47:34] [INFO] [sparql_collector] 進捗: 6,710 / 8,948 件 処理完了
[2026-08-17 17:47:36] [INFO] [sparql_collector] 進捗: 6,720 / 8,948 件 処理完了
[2026-08-17 17:47:38] [INFO] [sparql_collector] 進捗: 6,730 / 8,948 件 処理完了
[2026-08-17 17:47:40] [INFO] [sparql_collector] 進捗: 6,740 / 8,948 件 処理完了
[2026-08-17 17:47:42] [INFO] [sparql_collector] 進捗: 6,750 / 8,948 件 処理完了
[2026-08-17 17:47:45] [INFO] [sparql_collector] 進捗: 6,760 / 8,948 件 処理完了
[2026-08-17 17:47:47] [INFO] [sparql_collector] 進捗: 6,770 / 8,948 件 処理完了
[2026-08-17 17:47:49] [INFO] [sparql_collector] 進捗: 6,780 / 8,948 件 処理完了
[2026-08-17 17:47:51] [INFO] [sparql_collector] 進捗: 6,790 / 8,948 件 処理完了
[2026-08-17 17:47:53] [INFO] [sparql_collector] 進捗: 6,800 / 8,948 件 処理完了
[2026-08-17 17:47:55] [INFO] [sparql_collector] 進捗: 6,810 / 8,948 件 処理完了
[2026-08-17 17:47:57] [INFO] [sparql_collector] 進捗: 6,820 / 8,948 件 処理完了
[2026-08-17 17:47:59] [INFO] [sparql_collector] 進捗: 6,830 / 8,948 件 処理完了
[2026-08-17 17:48:02] [INFO] [sparql_collector] 進捗: 6,840 / 8,948 件 処理完了
[2026-08-17 17:48:04] [INFO] [sparql_collector] 進捗: 6,850 / 8,948 件 処理完了
[2026-08-17 17:48:06] [INFO] [sparql_collector] 進捗: 6,860 / 8,948 件 処理完了
[2026-08-17 17:48:08] [INFO] [sparql_collector] 進捗: 6,870 / 8,948 件 処理完了
[2026-08-17 17:48:10] [INFO] [sparql_collector] 進捗: 6,880 / 8,948 件 処理完了
[2026-08-17 17:48:12] [INFO] [sparql_collector] 進捗: 6,890 / 8,948 件 処理完了
[2026-08-17 17:48:14] [INFO] [sparql_collector] 進捗: 6,900 / 8,948 件 処理完了
[2026-08-17 17:48:16] [INFO] [sparql_collector] 進捗: 6,910 / 8,948 件 処理完了
[2026-08-17 17:48:18] [INFO] [sparql_collector] 進捗: 6,920 / 8,948 件 処理完了
[2026-08-17 17:48:21] [INFO] [sparql_collector] 進捗: 6,930 / 8,948 件 処理完了
[2026-08-17 17:48:23] [INFO] [sparql_collector] 進捗: 6,940 / 8,948 件 処理完了
[2026-08-17 17:48:25] [INFO] [sparql_collector] 進捗: 6,950 / 8,948 件 処理完了
[2026-08-17 17:48:27] [INFO] [sparql_collector] 進捗: 6,960 / 8,948 件 処理完了
[2026-08-17 17:48:29] [INFO] [sparql_collector] 進捗: 6,970 / 8,948 件 処理完了
[2026-08-17 17:48:31] [INFO] [sparql_collector] 進捗: 6,980 / 8,948 件 処理完了
[2026-08-17 17:48:33] [INFO] [sparql_collector] 進捗: 6,990 / 8,948 件 処理完了
[2026-08-17 17:48:35] [INFO] [sparql_collector] 進捗: 7,000 / 8,948 件 処理完了
[2026-08-17 17:48:37] [INFO] [sparql_collector] 進捗: 7,010 / 8,948 件 処理完了
[2026-08-17 17:48:39] [INFO] [sparql_collector] 進捗: 7,020 / 8,948 件 処理完了
[2026-08-17 17:48:42] [INFO] [sparql_collector] 進捗: 7,030 / 8,948 件 処理完了
[2026-08-17 17:48:44] [INFO] [sparql_collector] 進捗: 7,040 / 8,948 件 処理完了
[2026-08-17 17:48:46] [INFO] [sparql_collector] 進捗: 7,050 / 8,948 件 処理完了
[2026-08-17 17:48:48] [INFO] [sparql_collector] 進捗: 7,060 / 8,948 件 処理完了
[2026-08-17 17:48:50] [INFO] [sparql_collector] 進捗: 7,070 / 8,948 件 処理完了
[2026-08-17 17:48:52] [INFO] [sparql_collector] 進捗: 7,080 / 8,948 件 処理完了
[2026-08-17 17:48:54] [INFO] [sparql_collector] 進捗: 7,090 / 8,948 件 処理完了
[2026-08-17 17:48:56] [INFO] [sparql_collector] 進捗: 7,100 / 8,948 件 処理完了
[2026-08-17 17:48:58] [INFO] [sparql_collector] 進捗: 7,110 / 8,948 件 処理完了
[2026-08-17 17:49:00] [INFO] [sparql_collector] 進捗: 7,120 / 8,948 件 処理完了
[2026-08-17 17:49:02] [INFO] [sparql_collector] 進捗: 7,130 / 8,948 件 処理完了
[2026-08-17 17:49:05] [INFO] [sparql_collector] 進捗: 7,140 / 8,948 件 処理完了
[2026-08-17 17:49:07] [INFO] [sparql_collector] 進捗: 7,150 / 8,948 件 処理完了
[2026-08-17 17:49:09] [INFO] [sparql_collector] 進捗: 7,160 / 8,948 件 処理完了
[2026-08-17 17:49:11] [INFO] [sparql_collector] 進捗: 7,170 / 8,948 件 処理完了
[2026-08-17 17:49:13] [INFO] [sparql_collector] 進捗: 7,180 / 8,948 件 処理完了
[2026-08-17 17:49:15] [INFO] [sparql_collector] 進捗: 7,190 / 8,948 件 処理完了
[2026-08-17 17:49:17] [INFO] [sparql_collector] 進捗: 7,200 / 8,948 件 処理完了
[2026-08-17 17:49:19] [INFO] [sparql_collector] 進捗: 7,210 / 8,948 件 処理完了
[2026-08-17 17:49:22] [INFO] [sparql_collector] 進捗: 7,220 / 8,948 件 処理完了
[2026-08-17 17:49:24] [INFO] [sparql_collector] 進捗: 7,230 / 8,948 件 処理完了
[2026-08-17 17:49:26] [INFO] [sparql_collector] 進捗: 7,240 / 8,948 件 処理完了
[2026-08-17 17:49:28] [INFO] [sparql_collector] 進捗: 7,250 / 8,948 件 処理完了
[2026-08-17 17:49:30] [INFO] [sparql_collector] 進捗: 7,260 / 8,948 件 処理完了
[2026-08-17 17:49:32] [INFO] [sparql_collector] 進捗: 7,270 / 8,948 件 処理完了
[2026-08-17 17:49:35] [INFO] [sparql_collector] 進捗: 7,280 / 8,948 件 処理完了
[2026-08-17 17:49:37] [INFO] [sparql_collector] 進捗: 7,290 / 8,948 件 処理完了
[2026-08-17 17:49:39] [INFO] [sparql_collector] 進捗: 7,300 / 8,948 件 処理完了
[2026-08-17 17:49:41] [INFO] [sparql_collector] 進捗: 7,310 / 8,948 件 処理完了
[2026-08-17 17:49:43] [INFO] [sparql_collector] 進捗: 7,320 / 8,948 件 処理完了
[2026-08-17 17:49:45] [INFO] [sparql_collector] 進捗: 7,330 / 8,948 件 処理完了
[2026-08-17 17:49:47] [INFO] [sparql_collector] 進捗: 7,340 / 8,948 件 処理完了
[2026-08-17 17:49:49] [INFO] [sparql_collector] 進捗: 7,350 / 8,948 件 処理完了
[2026-08-17 17:49:51] [INFO] [sparql_collector] 進捗: 7,360 / 8,948 件 処理完了
[2026-08-17 17:49:53] [INFO] [sparql_collector] 進捗: 7,370 / 8,948 件 処理完了
[2026-08-17 17:49:55] [INFO] [sparql_collector] 進捗: 7,380 / 8,948 件 処理完了
[2026-08-17 17:49:57] [INFO] [sparql_collector] 進捗: 7,390 / 8,948 件 処理完了
[2026-08-17 17:49:59] [INFO] [sparql_collector] 進捗: 7,400 / 8,948 件 処理完了
[2026-08-17 17:50:02] [INFO] [sparql_collector] 進捗: 7,410 / 8,948 件 処理完了
[2026-08-17 17:50:04] [INFO] [sparql_collector] 進捗: 7,420 / 8,948 件 処理完了
[2026-08-17 17:50:06] [INFO] [sparql_collector] 進捗: 7,430 / 8,948 件 処理完了
[2026-08-17 17:50:08] [INFO] [sparql_collector] 進捗: 7,440 / 8,948 件 処理完了
[2026-08-17 17:50:10] [INFO] [sparql_collector] 進捗: 7,450 / 8,948 件 処理完了
[2026-08-17 17:50:12] [INFO] [sparql_collector] 進捗: 7,460 / 8,948 件 処理完了
[2026-08-17 17:50:14] [INFO] [sparql_collector] 進捗: 7,470 / 8,948 件 処理完了
[2026-08-17 17:50:16] [INFO] [sparql_collector] 進捗: 7,480 / 8,948 件 処理完了
[2026-08-17 17:50:18] [INFO] [sparql_collector] 進捗: 7,490 / 8,948 件 処理完了
[2026-08-17 17:50:20] [INFO] [sparql_collector] 進捗: 7,500 / 8,948 件 処理完了
[2026-08-17 17:50:22] [INFO] [sparql_collector] 進捗: 7,510 / 8,948 件 処理完了
[2026-08-17 17:50:25] [INFO] [sparql_collector] 進捗: 7,520 / 8,948 件 処理完了
[2026-08-17 17:50:27] [INFO] [sparql_collector] 進捗: 7,530 / 8,948 件 処理完了
[2026-08-17 17:50:29] [INFO] [sparql_collector] 進捗: 7,540 / 8,948 件 処理完了
[2026-08-17 17:50:31] [INFO] [sparql_collector] 進捗: 7,550 / 8,948 件 処理完了
[2026-08-17 17:50:33] [INFO] [sparql_collector] 進捗: 7,560 / 8,948 件 処理完了
[2026-08-17 17:50:35] [INFO] [sparql_collector] 進捗: 7,570 / 8,948 件 処理完了
[2026-08-17 17:50:37] [INFO] [sparql_collector] 進捗: 7,580 / 8,948 件 処理完了
[2026-08-17 17:50:39] [INFO] [sparql_collector] 進捗: 7,590 / 8,948 件 処理完了
[2026-08-17 17:50:41] [INFO] [sparql_collector] 進捗: 7,600 / 8,948 件 処理完了
[2026-08-17 17:50:44] [INFO] [sparql_collector] 進捗: 7,610 / 8,948 件 処理完了
[2026-08-17 17:50:46] [INFO] [sparql_collector] 進捗: 7,620 / 8,948 件 処理完了
[2026-08-17 17:50:48] [INFO] [sparql_collector] 進捗: 7,630 / 8,948 件 処理完了
[2026-08-17 17:50:50] [INFO] [sparql_collector] 進捗: 7,640 / 8,948 件 処理完了
[2026-08-17 17:50:52] [INFO] [sparql_collector] 進捗: 7,650 / 8,948 件 処理完了
[2026-08-17 17:50:54] [INFO] [sparql_collector] 進捗: 7,660 / 8,948 件 処理完了
[2026-08-17 17:50:56] [INFO] [sparql_collector] 進捗: 7,670 / 8,948 件 処理完了
[2026-08-17 17:50:59] [INFO] [sparql_collector] 進捗: 7,680 / 8,948 件 処理完了
[2026-08-17 17:51:01] [INFO] [sparql_collector] 進捗: 7,690 / 8,948 件 処理完了
[2026-08-17 17:51:03] [INFO] [sparql_collector] 進捗: 7,700 / 8,948 件 処理完了
[2026-08-17 17:51:05] [INFO] [sparql_collector] 進捗: 7,710 / 8,948 件 処理完了
[2026-08-17 17:51:07] [INFO] [sparql_collector] 進捗: 7,720 / 8,948 件 処理完了
[2026-08-17 17:51:09] [INFO] [sparql_collector] 進捗: 7,730 / 8,948 件 処理完了
[2026-08-17 17:51:11] [INFO] [sparql_collector] 進捗: 7,740 / 8,948 件 処理完了
[2026-08-17 17:51:13] [INFO] [sparql_collector] 進捗: 7,750 / 8,948 件 処理完了
[2026-08-17 17:51:15] [INFO] [sparql_collector] 進捗: 7,760 / 8,948 件 処理完了
[2026-08-17 17:51:18] [INFO] [sparql_collector] 進捗: 7,770 / 8,948 件 処理完了
[2026-08-17 17:51:20] [INFO] [sparql_collector] 進捗: 7,780 / 8,948 件 処理完了
[2026-08-17 17:51:22] [INFO] [sparql_collector] 進捗: 7,790 / 8,948 件 処理完了
[2026-08-17 17:51:24] [INFO] [sparql_collector] 進捗: 7,800 / 8,948 件 処理完了
[2026-08-17 17:51:26] [INFO] [sparql_collector] 進捗: 7,810 / 8,948 件 処理完了
[2026-08-17 17:51:28] [INFO] [sparql_collector] 進捗: 7,820 / 8,948 件 処理完了
[2026-08-17 17:51:30] [INFO] [sparql_collector] 進捗: 7,830 / 8,948 件 処理完了
[2026-08-17 17:51:33] [INFO] [sparql_collector] 進捗: 7,840 / 8,948 件 処理完了
[2026-08-17 17:51:35] [INFO] [sparql_collector] 進捗: 7,850 / 8,948 件 処理完了
[2026-08-17 17:51:37] [INFO] [sparql_collector] 進捗: 7,860 / 8,948 件 処理完了
[2026-08-17 17:51:39] [INFO] [sparql_collector] 進捗: 7,870 / 8,948 件 処理完了
[2026-08-17 17:51:41] [INFO] [sparql_collector] 進捗: 7,880 / 8,948 件 処理完了
[2026-08-17 17:51:43] [INFO] [sparql_collector] 進捗: 7,890 / 8,948 件 処理完了
[2026-08-17 17:51:45] [INFO] [sparql_collector] 進捗: 7,900 / 8,948 件 処理完了
[2026-08-17 17:51:47] [INFO] [sparql_collector] 進捗: 7,910 / 8,948 件 処理完了
[2026-08-17 17:51:49] [INFO] [sparql_collector] 進捗: 7,920 / 8,948 件 処理完了
[2026-08-17 17:51:52] [INFO] [sparql_collector] 進捗: 7,930 / 8,948 件 処理完了
[2026-08-17 17:51:54] [INFO] [sparql_collector] 進捗: 7,940 / 8,948 件 処理完了
[2026-08-17 17:51:56] [INFO] [sparql_collector] 進捗: 7,950 / 8,948 件 処理完了
[2026-08-17 17:51:58] [INFO] [sparql_collector] 進捗: 7,960 / 8,948 件 処理完了
[2026-08-17 17:52:00] [INFO] [sparql_collector] 進捗: 7,970 / 8,948 件 処理完了
[2026-08-17 17:52:03] [INFO] [sparql_collector] 進捗: 7,980 / 8,948 件 処理完了
[2026-08-17 17:52:05] [INFO] [sparql_collector] 進捗: 7,990 / 8,948 件 処理完了
[2026-08-17 17:52:07] [INFO] [sparql_collector] 進捗: 8,000 / 8,948 件 処理完了
[2026-08-17 17:52:09] [INFO] [sparql_collector] 進捗: 8,010 / 8,948 件 処理完了
[2026-08-17 17:52:11] [INFO] [sparql_collector] 進捗: 8,020 / 8,948 件 処理完了
[2026-08-17 17:52:13] [INFO] [sparql_collector] 進捗: 8,030 / 8,948 件 処理完了
[2026-08-17 17:52:15] [INFO] [sparql_collector] 進捗: 8,040 / 8,948 件 処理完了
[2026-08-17 17:52:18] [INFO] [sparql_collector] 進捗: 8,050 / 8,948 件 処理完了
[2026-08-17 17:52:20] [INFO] [sparql_collector] 進捗: 8,060 / 8,948 件 処理完了
[2026-08-17 17:52:22] [INFO] [sparql_collector] 進捗: 8,070 / 8,948 件 処理完了
[2026-08-17 17:52:24] [INFO] [sparql_collector] 進捗: 8,080 / 8,948 件 処理完了
[2026-08-17 17:52:26] [INFO] [sparql_collector] 進捗: 8,090 / 8,948 件 処理完了
[2026-08-17 17:52:28] [INFO] [sparql_collector] 進捗: 8,100 / 8,948 件 処理完了
[2026-08-17 17:52:30] [INFO] [sparql_collector] 進捗: 8,110 / 8,948 件 処理完了
[2026-08-17 17:52:32] [INFO] [sparql_collector] 進捗: 8,120 / 8,948 件 処理完了
[2026-08-17 17:52:34] [INFO] [sparql_collector] 進捗: 8,130 / 8,948 件 処理完了
[2026-08-17 17:52:36] [INFO] [sparql_collector] 進捗: 8,140 / 8,948 件 処理完了
[2026-08-17 17:52:38] [INFO] [sparql_collector] 進捗: 8,150 / 8,948 件 処理完了
[2026-08-17 17:52:41] [INFO] [sparql_collector] 進捗: 8,160 / 8,948 件 処理完了
[2026-08-17 17:52:43] [INFO] [sparql_collector] 進捗: 8,170 / 8,948 件 処理完了
[2026-08-17 17:52:45] [INFO] [sparql_collector] 進捗: 8,180 / 8,948 件 処理完了
[2026-08-17 17:53:14] [INFO] [sparql_collector] 進捗: 8,190 / 8,948 件 処理完了
[2026-08-17 17:53:24] [INFO] [sparql_collector] 進捗: 8,200 / 8,948 件 処理完了
[2026-08-17 17:53:37] [INFO] [sparql_collector] 進捗: 8,210 / 8,948 件 処理完了
[2026-08-17 17:53:52] [INFO] [sparql_collector] 進捗: 8,220 / 8,948 件 処理完了
[2026-08-17 17:54:05] [INFO] [sparql_collector] 進捗: 8,230 / 8,948 件 処理完了
[2026-08-17 17:54:22] [INFO] [sparql_collector] 進捗: 8,240 / 8,948 件 処理完了
[2026-08-17 17:54:41] [INFO] [sparql_collector] 進捗: 8,250 / 8,948 件 処理完了
[2026-08-17 17:54:58] [INFO] [sparql_collector] 進捗: 8,260 / 8,948 件 処理完了
[2026-08-17 17:55:24] [INFO] [sparql_collector] 進捗: 8,270 / 8,948 件 処理完了
[2026-08-17 17:55:43] [INFO] [sparql_collector] 進捗: 8,280 / 8,948 件 処理完了
[2026-08-17 17:55:56] [INFO] [sparql_collector] 進捗: 8,290 / 8,948 件 処理完了
[2026-08-17 17:56:14] [INFO] [sparql_collector] 進捗: 8,300 / 8,948 件 処理完了
[2026-08-17 17:56:31] [INFO] [sparql_collector] 進捗: 8,310 / 8,948 件 処理完了
[2026-08-17 17:56:35] [INFO] [sparql_collector] 進捗: 8,320 / 8,948 件 処理完了
[2026-08-17 17:56:37] [INFO] [sparql_collector] 進捗: 8,330 / 8,948 件 処理完了
[2026-08-17 17:56:39] [INFO] [sparql_collector] 進捗: 8,340 / 8,948 件 処理完了
[2026-08-17 17:56:41] [INFO] [sparql_collector] 進捗: 8,350 / 8,948 件 処理完了
[2026-08-17 17:56:43] [INFO] [sparql_collector] 進捗: 8,360 / 8,948 件 処理完了
[2026-08-17 17:56:45] [INFO] [sparql_collector] 進捗: 8,370 / 8,948 件 処理完了
[2026-08-17 17:56:48] [INFO] [sparql_collector] 進捗: 8,380 / 8,948 件 処理完了
[2026-08-17 17:56:50] [INFO] [sparql_collector] 進捗: 8,390 / 8,948 件 処理完了
[2026-08-17 17:56:52] [INFO] [sparql_collector] 進捗: 8,400 / 8,948 件 処理完了
[2026-08-17 17:56:54] [INFO] [sparql_collector] 進捗: 8,410 / 8,948 件 処理完了
[2026-08-17 17:56:56] [INFO] [sparql_collector] 進捗: 8,420 / 8,948 件 処理完了
[2026-08-17 17:56:58] [INFO] [sparql_collector] 進捗: 8,430 / 8,948 件 処理完了
[2026-08-17 17:57:00] [INFO] [sparql_collector] 進捗: 8,440 / 8,948 件 処理完了
[2026-08-17 17:57:02] [INFO] [sparql_collector] 進捗: 8,450 / 8,948 件 処理完了
[2026-08-17 17:57:05] [INFO] [sparql_collector] 進捗: 8,460 / 8,948 件 処理完了
[2026-08-17 17:57:07] [INFO] [sparql_collector] 進捗: 8,470 / 8,948 件 処理完了
[2026-08-17 17:57:09] [INFO] [sparql_collector] 進捗: 8,480 / 8,948 件 処理完了
[2026-08-17 17:57:11] [INFO] [sparql_collector] 進捗: 8,490 / 8,948 件 処理完了
[2026-08-17 17:57:13] [INFO] [sparql_collector] 進捗: 8,500 / 8,948 件 処理完了
[2026-08-17 17:57:16] [INFO] [sparql_collector] 進捗: 8,510 / 8,948 件 処理完了
[2026-08-17 17:57:18] [INFO] [sparql_collector] 進捗: 8,520 / 8,948 件 処理完了
[2026-08-17 17:57:20] [INFO] [sparql_collector] 進捗: 8,530 / 8,948 件 処理完了
[2026-08-17 17:57:22] [INFO] [sparql_collector] 進捗: 8,540 / 8,948 件 処理完了
[2026-08-17 17:57:25] [INFO] [sparql_collector] 進捗: 8,550 / 8,948 件 処理完了
[2026-08-17 17:57:27] [INFO] [sparql_collector] 進捗: 8,560 / 8,948 件 処理完了
[2026-08-17 17:57:29] [INFO] [sparql_collector] 進捗: 8,570 / 8,948 件 処理完了
[2026-08-17 17:57:31] [INFO] [sparql_collector] 進捗: 8,580 / 8,948 件 処理完了
[2026-08-17 17:57:33] [INFO] [sparql_collector] 進捗: 8,590 / 8,948 件 処理完了
[2026-08-17 17:57:35] [INFO] [sparql_collector] 進捗: 8,600 / 8,948 件 処理完了
[2026-08-17 17:57:37] [INFO] [sparql_collector] 進捗: 8,610 / 8,948 件 処理完了
[2026-08-17 17:57:39] [INFO] [sparql_collector] 進捗: 8,620 / 8,948 件 処理完了
[2026-08-17 17:57:41] [INFO] [sparql_collector] 進捗: 8,630 / 8,948 件 処理完了
[2026-08-17 17:57:43] [INFO] [sparql_collector] 進捗: 8,640 / 8,948 件 処理完了
[2026-08-17 17:57:45] [INFO] [sparql_collector] 進捗: 8,650 / 8,948 件 処理完了
[2026-08-17 17:57:47] [INFO] [sparql_collector] 進捗: 8,660 / 8,948 件 処理完了
[2026-08-17 17:57:49] [INFO] [sparql_collector] 進捗: 8,670 / 8,948 件 処理完了
[2026-08-17 17:57:51] [INFO] [sparql_collector] 進捗: 8,680 / 8,948 件 処理完了
[2026-08-17 17:57:53] [INFO] [sparql_collector] 進捗: 8,690 / 8,948 件 処理完了
[2026-08-17 17:57:55] [INFO] [sparql_collector] 進捗: 8,700 / 8,948 件 処理完了
[2026-08-17 17:57:57] [INFO] [sparql_collector] 進捗: 8,710 / 8,948 件 処理完了
[2026-08-17 17:57:59] [INFO] [sparql_collector] 進捗: 8,720 / 8,948 件 処理完了
[2026-08-17 17:58:01] [INFO] [sparql_collector] 進捗: 8,730 / 8,948 件 処理完了
[2026-08-17 17:58:03] [INFO] [sparql_collector] 進捗: 8,740 / 8,948 件 処理完了
[2026-08-17 17:58:06] [INFO] [sparql_collector] 進捗: 8,750 / 8,948 件 処理完了
[2026-08-17 17:58:08] [INFO] [sparql_collector] 進捗: 8,760 / 8,948 件 処理完了
[2026-08-17 17:58:10] [INFO] [sparql_collector] 進捗: 8,770 / 8,948 件 処理完了
[2026-08-17 17:58:12] [INFO] [sparql_collector] 進捗: 8,780 / 8,948 件 処理完了
[2026-08-17 17:58:14] [INFO] [sparql_collector] 進捗: 8,790 / 8,948 件 処理完了
[2026-08-17 17:58:16] [INFO] [sparql_collector] 進捗: 8,800 / 8,948 件 処理完了
[2026-08-17 17:58:18] [INFO] [sparql_collector] 進捗: 8,810 / 8,948 件 処理完了
[2026-08-17 17:58:20] [INFO] [sparql_collector] 進捗: 8,820 / 8,948 件 処理完了
[2026-08-17 17:58:22] [INFO] [sparql_collector] 進捗: 8,830 / 8,948 件 処理完了
[2026-08-17 17:58:24] [INFO] [sparql_collector] 進捗: 8,840 / 8,948 件 処理完了
[2026-08-17 17:58:26] [INFO] [sparql_collector] 進捗: 8,850 / 8,948 件 処理完了
[2026-08-17 17:58:28] [INFO] [sparql_collector] 進捗: 8,860 / 8,948 件 処理完了
[2026-08-17 17:58:30] [INFO] [sparql_collector] 進捗: 8,870 / 8,948 件 処理完了
[2026-08-17 17:58:32] [INFO] [sparql_collector] 進捗: 8,880 / 8,948 件 処理完了
[2026-08-17 17:58:34] [INFO] [sparql_collector] 進捗: 8,890 / 8,948 件 処理完了
[2026-08-17 17:58:38] [INFO] [sparql_collector] 進捗: 8,900 / 8,948 件 処理完了
[2026-08-17 17:58:40] [INFO] [sparql_collector] 進捗: 8,910 / 8,948 件 処理完了
[2026-08-17 17:58:42] [INFO] [sparql_collector] 進捗: 8,920 / 8,948 件 処理完了
[2026-08-17 17:58:45] [INFO] [sparql_collector] 進捗: 8,930 / 8,948 件 処理完了
[2026-08-17 17:58:48] [INFO] [sparql_collector] 進捗: 8,940 / 8,948 件 処理完了
[2026-08-17 17:58:50] [INFO] [sparql_collector] 進捗: 8,948 / 8,948 件 処理完了
[2026-08-17 17:58:52] [INFO] [sparql_collector] --- [自動完全性検証 ＆ 欠損リカバリーフェーズ開始] ---
[2026-08-17 17:58:52] [INFO] [sparql_collector] [整合性チェック合格] 全 8,948 件のメタデータが正常に取得されています。
